  <i name="3121008">
  <i name="effect">
    <i name="0">
      <i name="origin">
        <i name="x" value="79"/>
        <i name="y" value="120"/>
      </i>
      <i name="delay" value="60"/>
      <i name="image" value="3121008.effect.0.png"/>
    </i>
    <i name="1">
      <i name="origin">
        <i name="x" value="96"/>
        <i name="y" value="131"/>
      </i>
      <i name="delay" value="60"/>
      <i name="image" value="3121008.effect.1.png"/>
    </i>
    <i name="2">
      <i name="origin">
        <i name="x" value="100"/>
        <i name="y" value="139"/>
      </i>
      <i name="delay" value="60"/>
      <i name="image" value="3121008.effect.2.png"/>
    </i>
    <i name="3">
      <i name="origin">
        <i name="x" value="99"/>
        <i name="y" value="132"/>
      </i>
      <i name="delay" value="60"/>
      <i name="image" value="3121008.effect.3.png"/>
    </i>
    <i name="4">
      <i name="origin">
        <i name="x" value="99"/>
        <i name="y" value="140"/>
      </i>
      <i name="delay" value="60"/>
      <i name="image" value="3121008.effect.4.png"/>
    </i>
    <i name="5">
      <i name="origin">
        <i name="x" value="98"/>
        <i name="y" value="141"/>
      </i>
      <i name="delay" value="60"/>
      <i name="image" value="3121008.effect.5.png"/>
    </i>
    <i name="6">
      <i name="origin">
        <i name="x" value="93"/>
        <i name="y" value="135"/>
      </i>
      <i name="delay" value="60"/>
      <i name="image" value="3121008.effect.6.png"/>
    </i>
    <i name="7">
      <i name="origin">
        <i name="x" value="87"/>
        <i name="y" value="132"/>
      </i>
      <i name="delay" value="60"/>
      <i name="image" value="3121008.effect.7.png"/>
    </i>
    <i name="8">
      <i name="origin">
        <i name="x" value="80"/>
        <i name="y" value="128"/>
      </i>
      <i name="delay" value="60"/>
      <i name="image" value="3121008.effect.8.png"/>
    </i>
    <i name="9">
      <i name="origin">
        <i name="x" value="72"/>
        <i name="y" value="114"/>
      </i>
      <i name="delay" value="60"/>
      <i name="image" value="3121008.effect.9.png"/>
    </i>
    <i name="10">
      <i name="origin">
        <i name="x" value="76"/>
        <i name="y" value="105"/>
      </i>
      <i name="delay" value="60"/>
      <i name="image" value="3121008.effect.10.png"/>
    </i>
    <i name="11">
      <i name="origin">
        <i name="x" value="81"/>
        <i name="y" value="110"/>
      </i>
      <i name="delay" value="60"/>
      <i name="image" value="3121008.effect.11.png"/>
    </i>
    <i name="12">
      <i name="origin">
        <i name="x" value="62"/>
        <i name="y" value="97"/>
      </i>
      <i name="delay" value="60"/>
      <i name="image" value="3121008.effect.12.png"/>
    </i>
    <i name="13">
      <i name="origin">
        <i name="x" value="68"/>
        <i name="y" value="101"/>
      </i>
      <i name="delay" value="60"/>
      <i name="image" value="3121008.effect.13.png"/>
    </i>
    <i name="14">
      <i name="origin">
        <i name="x" value="72"/>
        <i name="y" value="92"/>
      </i>
      <i name="delay" value="60"/>
      <i name="image" value="3121008.effect.14.png"/>
    </i>
  </i>
  </i>
