  <i name="1300002">
  <i name="hit">
    <i name="0">
      <i name="0">
        <i name="origin">
          <i name="x" value="47"/>
          <i name="y" value="49"/>
        </i>
        <i name="delay" value="50"/>
        <i name="image" value="1300002.hit.0.0.png"/>
      </i>
      <i name="1">
        <i name="origin">
          <i name="x" value="53"/>
          <i name="y" value="57"/>
        </i>
        <i name="delay" value="50"/>
        <i name="image" value="1300002.hit.0.1.png"/>
      </i>
      <i name="2">
        <i name="origin">
          <i name="x" value="55"/>
          <i name="y" value="53"/>
        </i>
        <i name="delay" value="50"/>
        <i name="image" value="1300002.hit.0.2.png"/>
      </i>
    </i>
  </i>
  </i>
