<i>
<s name="stand0"><f name="0" delay="180" ><p name="stand0"  origin_x="14" origin_y="27" lt_x="-14" lt_y="-27" rb_x="16" rb_y="1" image="stand0.0.png"/></f><f name="1" delay="180" ><p name="stand0"  origin_x="13" origin_y="26" lt_x="-13" lt_y="-26" rb_x="17" rb_y="2" image="stand0.1.png"/></f><f name="2" delay="180" ><p name="stand0"  origin_x="12" origin_y="27" lt_x="-12" lt_y="-27" rb_x="18" rb_y="1" image="stand0.2.png"/></f><f name="3" delay="180" ><p name="stand0"  origin_x="13" origin_y="26" lt_x="-13" lt_y="-26" rb_x="17" rb_y="1" image="stand0.3.png"/></f></s>
<s name="stand1"><f name="0" delay="180" ><p name="stand1"  origin_x="14" origin_y="27" lt_x="-15" lt_y="-28" rb_x="17" rb_y="0" image="stand1.0.png"/></f><f name="1" delay="180" ><p name="stand1"  origin_x="15" origin_y="26" lt_x="-15" lt_y="-28" rb_x="17" rb_y="0" image="stand1.1.png"/></f><f name="2" delay="180" ><p name="stand1"  origin_x="15" origin_y="25" lt_x="-15" lt_y="-28" rb_x="17" rb_y="0" image="stand1.2.png"/></f><f name="3" delay="180" ><p name="stand1"  origin_x="14" origin_y="27" lt_x="-15" lt_y="-28" rb_x="17" rb_y="0" image="stand1.3.png"/></f><f name="4" delay="180" ><p name="stand1"  origin_x="13" origin_y="28" lt_x="-15" lt_y="-28" rb_x="17" rb_y="0" image="stand1.4.png"/></f></s>
<s name="hungry"><f name="0" delay="180" ><p name="hungry"  origin_x="17" origin_y="42" lt_x="-17" lt_y="-41" rb_x="19" rb_y="1" image="hungry.0.png"/></f><f name="1" delay="180" ><p name="hungry"  origin_x="14" origin_y="41" lt_x="-17" lt_y="-41" rb_x="19" rb_y="1" image="hungry.1.png"/></f><f name="2" delay="180" ><p name="hungry"  origin_x="10" origin_y="40" lt_x="-17" lt_y="-41" rb_x="20" rb_y="0" image="hungry.2.png"/></f><f name="3" delay="180" ><p name="hungry"  origin_x="11" origin_y="40" lt_x="-17" lt_y="-41" rb_x="19" rb_y="0" image="hungry.3.png"/></f><f name="4" delay="180" ><p name="hungry"  origin_x="12" origin_y="40" lt_x="-17" lt_y="-41" rb_x="18" rb_y="0" image="hungry.4.png"/></f><f name="5" delay="180" ><p name="hungry"  origin_x="14" origin_y="41" lt_x="-17" lt_y="-41" rb_x="18" rb_y="0" image="hungry.5.png"/></f><f name="6" delay="180" ><p name="hungry"  origin_x="16" origin_y="41" lt_x="-17" lt_y="-41" rb_x="17" rb_y="0" image="hungry.6.png"/></f><f name="7" delay="180" ><p name="hungry"  origin_x="16" origin_y="42" lt_x="-17" lt_y="-41" rb_x="17" rb_y="0" image="hungry.7.png"/></f></s>
<s name="move"><f name="0" delay="180" ><p name="move"  origin_x="14" origin_y="27" lt_x="-14" lt_y="-27" rb_x="16" rb_y="1" image="move.0.png"/></f><f name="1" delay="180" ><p name="move"  origin_x="15" origin_y="25" lt_x="-15" lt_y="-25" rb_x="17" rb_y="0" image="move.1.png"/></f><f name="2" delay="180" ><p name="move"  origin_x="14" origin_y="32" lt_x="-14" lt_y="-32" rb_x="14" rb_y="0" image="move.2.png"/></f><f name="3" delay="180" ><p name="move"  origin_x="14" origin_y="33" z="0" lt_x="-14" lt_y="-33" rb_x="14" rb_y="0" image="move.3.png"/></f><f name="4" delay="180" ><p name="move"  origin_x="15" origin_y="35" z="0" lt_x="-15" lt_y="-35" rb_x="16" rb_y="0" image="move.4.png"/></f><f name="5" delay="180" ><p name="move"  origin_x="14" origin_y="32" z="0" lt_x="-14" lt_y="-32" rb_x="16" rb_y="0" image="move.5.png"/></f></s>
<s name="jump"><f name="0" delay="240" ><p name="jump"  origin_x="16" origin_y="31" lt_x="-16" lt_y="-31" rb_x="12" rb_y="0" image="jump.0.png"/></f></s>
<s name="sit"><f name="0" delay="1500" ><p name="sit"  origin_x="22" origin_y="50" lt_x="-22" lt_y="-51" rb_x="27" rb_y="1" image="sit.0.png"/></f><f name="1" delay="180" ><p name="sit"  origin_x="22" origin_y="49" lt_x="-22" lt_y="-49" rb_x="27" rb_y="1" image="sit.1.png"/></f><f name="2" delay="180" ><p name="sit"  origin_x="22" origin_y="50" lt_x="-22" lt_y="-49" rb_x="27" rb_y="1" image="sit.2.png"/></f><f name="3" delay="180" ><p name="sit"  origin_x="22" origin_y="51" z="0" lt_x="-22" lt_y="-49" rb_x="27" rb_y="1" image="sit.3.png"/></f><f name="4" delay="1000" ><p name="sit"  origin_x="22" origin_y="50" lt_x="-22" lt_y="-51" rb_x="27" rb_y="1" image="sit.4.png"/></f><f name="5" ><p name="pointer"  pointer="sit/1"/></f><f name="6" ><p name="pointer"  pointer="sit/2"/></f><f name="7" ><p name="pointer"  pointer="sit/3"/></f></s>
<s name="chat"><f name="0" delay="240" ><p name="chat"  origin_x="14" origin_y="27" lt_x="-16" lt_y="-29" rb_x="18" rb_y="0" image="chat.0.png"/></f><f name="1" delay="240" ><p name="chat"  origin_x="13" origin_y="28" lt_x="-16" lt_y="-29" rb_x="18" rb_y="0" image="chat.1.png"/></f><f name="2" delay="240" ><p name="chat"  origin_x="12" origin_y="27" lt_x="-16" lt_y="-29" rb_x="18" rb_y="0" image="chat.2.png"/></f><f name="3" ><p name="chat"  origin_x="13" origin_y="28" lt_x="-16" lt_y="-29" rb_x="18" rb_y="0" image="chat.3.png"/></f><f name="4" ><p name="chat"  origin_x="14" origin_y="27" lt_x="-16" lt_y="-29" rb_x="18" rb_y="0" image="chat.4.png"/></f><f name="5" ><p name="chat"  origin_x="15" origin_y="29" lt_x="-16" lt_y="-29" rb_x="18" rb_y="0" image="chat.5.png"/></f><f name="6" ><p name="chat"  origin_x="16" origin_y="28" lt_x="-16" lt_y="-29" rb_x="18" rb_y="0" image="chat.6.png"/></f><f name="7" ><p name="chat"  origin_x="15" origin_y="29" rb_x="18" rb_y="0" lt_x="-16" lt_y="-29" image="chat.7.png"/></f><f name="8" ><p name="pointer"  pointer="chat/0"/></f><f name="9" ><p name="pointer"  pointer="chat/1"/></f><f name="10" ><p name="pointer"  pointer="chat/2"/></f><f name="11" ><p name="pointer"  pointer="chat/3"/></f><f name="12" ><p name="pointer"  pointer="chat/4"/></f><f name="13" ><p name="pointer"  pointer="chat/5"/></f><f name="14" ><p name="pointer"  pointer="chat/6"/></f><f name="15" ><p name="pointer"  pointer="chat/7"/></f></s>
<s name="angry"><f name="0" delay="500" ><p name="angry"  origin_x="14" origin_y="27" lt_x="-14" lt_y="-27" rb_x="16" rb_y="0" image="angry.0.png"/></f><f name="1" delay="160" ><p name="angry"  origin_x="19" origin_y="34" lt_x="-16" lt_y="-32" rb_x="18" rb_y="0" image="angry.1.png"/></f><f name="2" delay="160" ><p name="angry"  origin_x="19" origin_y="34" z="0" lt_x="-19" lt_y="-34" rb_x="19" rb_y="0" image="angry.2.png"/></f><f name="3" delay="160" ><p name="angry"  origin_x="27" origin_y="47" lt_x="-27" lt_y="-46" rb_x="23" rb_y="0" image="angry.3.png"/></f><f name="4" delay="160" ><p name="angry"  origin_x="32" origin_y="46" lt_x="-20" lt_y="-46" rb_x="24" rb_y="-8" image="angry.4.png"/></f><f name="5" delay="160" ><p name="angry"  origin_x="35" origin_y="41" lt_x="-21" lt_y="-36" rb_x="21" rb_y="0" image="angry.5.png"/></f><f name="6" delay="160" ><p name="angry"  origin_x="36" origin_y="42" lt_x="-21" lt_y="-38" rb_x="21" rb_y="0" image="angry.6.png"/></f><f name="7" delay="160" ><p name="angry"  origin_x="20" origin_y="47" lt_x="-20" lt_y="-47" rb_x="21" rb_y="0" image="angry.7.png"/></f><f name="8" delay="160" ><p name="angry"  origin_x="20" origin_y="47" lt_x="-20" lt_y="-47" rb_x="21" rb_y="0" image="angry.8.png"/></f><f name="9" delay="160" ><p name="angry"  origin_x="20" origin_y="47" lt_x="-20" lt_y="-47" rb_x="21" rb_y="0" image="angry.9.png"/></f><f name="10" delay="160" ><p name="angry"  origin_x="20" origin_y="47" lt_x="-20" lt_y="-47" rb_x="21" rb_y="0" image="angry.10.png"/></f><f name="11" delay="160" ><p name="angry"  origin_x="20" origin_y="47" lt_x="-20" lt_y="-47" rb_x="21" rb_y="0" image="angry.11.png"/></f><f name="12" delay="160" ><p name="angry"  origin_x="20" origin_y="47" lt_x="-20" lt_y="-44" rb_x="21" rb_y="0" image="angry.12.png"/></f><f name="13" delay="160" ><p name="angry"  origin_x="20" origin_y="47" lt_x="-20" lt_y="-45" rb_x="21" rb_y="0" image="angry.13.png"/></f><f name="14" delay="200" ><p name="angry"  origin_x="20" origin_y="47" lt_x="-20" lt_y="-45" rb_x="22" rb_y="0" image="angry.14.png"/></f><f name="15" delay="160" ><p name="angry"  origin_x="27" origin_y="40" lt_x="-23" lt_y="-40" rb_x="22" rb_y="0" image="angry.15.png"/></f><f name="16" delay="160" ><p name="angry"  origin_x="32" origin_y="40" lt_x="-21" lt_y="-36" rb_x="22" rb_y="0" image="angry.16.png"/></f><f name="17" delay="160" ><p name="angry"  origin_x="36" origin_y="42" lt_x="-17" lt_y="-32" rb_x="16" rb_y="0" image="angry.17.png"/></f></s>
<s name="hang"><f name="0" ><p name="hang"  origin_x="16" origin_y="34" lt_x="-16" lt_y="-34" rb_x="15" rb_y="-6" z="0" image="hang.0.png"/></f></s>
<s name="cry"><f name="0" delay="1000" ><p name="cry"  origin_x="13" origin_y="27" lt_x="-15" lt_y="-28" rb_x="19" rb_y="-1" image="cry.0.png"/></f><f name="1" delay="180" ><p name="cry"  origin_x="13" origin_y="27" lt_x="-15" lt_y="-28" rb_x="19" rb_y="-1" image="cry.1.png"/></f><f name="2" delay="180" ><p name="cry"  origin_x="16" origin_y="28" lt_x="-15" lt_y="-28" rb_x="19" rb_y="-1" image="cry.2.png"/></f><f name="3" delay="180" ><p name="cry"  origin_x="19" origin_y="27" lt_x="-15" lt_y="-28" rb_x="19" rb_y="-1" image="cry.3.png"/></f><f name="4" delay="180" ><p name="cry"  origin_x="22" origin_y="28" lt_x="-15" lt_y="-28" rb_x="19" rb_y="-1" image="cry.4.png"/></f><f name="5" delay="180" ><p name="cry"  origin_x="22" origin_y="27" lt_x="-15" lt_y="-28" rb_x="19" rb_y="-1" image="cry.5.png"/></f><f name="6" delay="180" ><p name="cry"  origin_x="22" origin_y="28" lt_x="-15" lt_y="-28" rb_x="19" rb_y="-1" image="cry.6.png"/></f><f name="7" ><p name="pointer"  pointer="cry/1"/></f><f name="8" ><p name="pointer"  pointer="cry/2"/></f><f name="9" ><p name="pointer"  pointer="cry/3"/></f><f name="10" ><p name="pointer"  pointer="cry/4"/></f><f name="11" ><p name="pointer"  pointer="cry/5"/></f><f name="12" ><p name="pointer"  pointer="cry/6"/></f></s>
<s name="sleep"><f name="0" delay="960" ><p name="sleep"  origin_x="21" origin_y="24" lt_x="-21" lt_y="-41" rb_x="25" rb_y="1" image="sleep.0.png"/></f><f name="1" delay="240" ><p name="sleep"  origin_x="21" origin_y="31" lt_x="-21" lt_y="-41" rb_x="25" rb_y="1" image="sleep.1.png"/></f><f name="2" delay="240" ><p name="sleep"  origin_x="21" origin_y="38" lt_x="-21" lt_y="-41" rb_x="25" rb_y="1" image="sleep.2.png"/></f><f name="3" delay="240" ><p name="sleep"  origin_x="21" origin_y="45" lt_x="-21" lt_y="-41" rb_x="25" rb_y="1" image="sleep.3.png"/></f><f name="4" delay="240" ><p name="sleep"  origin_x="21" origin_y="45" lt_x="-21" lt_y="-41" rb_x="25" rb_y="1" image="sleep.4.png"/></f><f name="5" delay="240" ><p name="sleep"  origin_x="21" origin_y="46" lt_x="-21" lt_y="-41" rb_x="25" rb_y="1" image="sleep.5.png"/></f><f name="6" ><p name="pointer"  pointer="sleep/0"/></f><f name="7" ><p name="pointer"  pointer="sleep/1"/></f><f name="8" ><p name="pointer"  pointer="sleep/2"/></f><f name="9" ><p name="pointer"  pointer="sleep/3"/></f><f name="10" ><p name="pointer"  pointer="sleep/4"/></f><f name="11" ><p name="pointer"  pointer="sleep/5"/></f></s>
<s name="eat"><f name="0" delay="200" ><p name="eat"  origin_x="22" origin_y="36" lt_x="-26" lt_y="-39" rb_x="18" rb_y="0" image="eat.0.png"/></f><f name="1" delay="200" ><p name="eat"  origin_x="26" origin_y="39" z="0" lt_x="-26" lt_y="-39" rb_x="18" rb_y="0" image="eat.1.png"/></f><f name="2" ><p name="pointer"  pointer="eat/0"/></f><f name="3" ><p name="pointer"  pointer="eat/1"/></f><f name="4" ><p name="pointer"  pointer="eat/0"/></f><f name="5" ><p name="pointer"  pointer="eat/1"/></f></s>
<s name="fly"><f name="0" delay="180" ><p name="fly"  origin_x="19" origin_y="27" lt_x="-16" lt_y="-32" rb_x="18" rb_y="0" image="fly.0.png"/></f><f name="1" delay="180" ><p name="fly"  origin_x="21" origin_y="28" lt_x="-15" lt_y="-28" rb_x="17" rb_y="0" image="fly.1.png"/></f><f name="2" delay="180" ><p name="fly"  origin_x="22" origin_y="32" lt_x="-16" lt_y="-25" rb_x="19" rb_y="0" image="fly.2.png"/></f><f name="3" delay="180" ><p name="fly"  origin_x="22" origin_y="32" lt_x="-16" lt_y="-32" rb_x="15" rb_y="0" image="fly.3.png"/></f></s>
<s name="love"><f name="0" delay="180" ><p name="love"  origin_x="20" origin_y="36" lt_x="-23" lt_y="-40" rb_x="29" rb_y="0" image="love.0.png"/></f><f name="1" delay="180" ><p name="love"  origin_x="22" origin_y="39" lt_x="-23" lt_y="-40" rb_x="29" rb_y="0" image="love.1.png"/></f><f name="2" delay="180" ><p name="love"  origin_x="25" origin_y="40" lt_x="-23" lt_y="-40" rb_x="29" rb_y="0" image="love.2.png"/></f><f name="3" delay="180" ><p name="love"  origin_x="25" origin_y="40" lt_x="-23" lt_y="-40" rb_x="29" rb_y="0" image="love.3.png"/></f><f name="4" ><p name="pointer"  pointer="love/0"/></f><f name="5" ><p name="pointer"  pointer="love/1"/></f><f name="6" ><p name="pointer"  pointer="love/2"/></f><f name="7" ><p name="pointer"  pointer="love/3"/></f><f name="8" ><p name="pointer"  pointer="love/0"/></f><f name="9" ><p name="pointer"  pointer="love/1"/></f><f name="10" ><p name="pointer"  pointer="love/2"/></f><f name="11" ><p name="pointer"  pointer="love/3"/></f><f name="12" ><p name="pointer"  pointer="love/0"/></f><f name="13" ><p name="pointer"  pointer="love/1"/></f><f name="14" ><p name="pointer"  pointer="love/2"/></f><f name="15" ><p name="pointer"  pointer="love/3"/></f></s>
<s name="merong"><f name="0" delay="1200" ><p name="merong"  origin_x="14" origin_y="27" lt_x="-14" lt_y="-27" rb_x="16" rb_y="1" image="merong.0.png"/></f><f name="1" delay="180" ><p name="merong"  origin_x="13" origin_y="29" lt_x="-13" lt_y="-29" rb_x="13" rb_y="1" image="merong.1.png"/></f><f name="2" delay="180" ><p name="merong"  origin_x="14" origin_y="30" lt_x="-14" lt_y="-30" rb_x="14" rb_y="1" image="merong.2.png"/></f><f name="3" delay="180" ><p name="merong"  origin_x="28" origin_y="28" lt_x="-18" lt_y="-28" rb_x="17" rb_y="1" image="merong.3.png"/></f><f name="4" delay="180" ><p name="merong"  origin_x="31" origin_y="31" lt_x="-18" lt_y="-28" rb_x="17" rb_y="1" image="merong.4.png"/></f><f name="5" delay="1000" ><p name="merong"  origin_x="34" origin_y="33" lt_x="-18" lt_y="-28" rb_x="17" rb_y="1" image="merong.5.png"/></f><f name="6" delay="180" ><p name="merong"  origin_x="35" origin_y="33" lt_x="-18" lt_y="-28" rb_x="17" rb_y="1" image="merong.6.png"/></f></s>
<s name="what"><f name="0" delay="1000" ><p name="what"  origin_x="14" origin_y="35" lt_x="-14" lt_y="-36" rb_x="30" rb_y="0" image="what.0.png"/></f><f name="1" delay="180" ><p name="what"  origin_x="14" origin_y="35" lt_x="-14" lt_y="-36" rb_x="30" rb_y="0" image="what.1.png"/></f><f name="2" delay="180" ><p name="what"  origin_x="14" origin_y="35" lt_x="-14" lt_y="-36" rb_x="30" rb_y="0" image="what.2.png"/></f><f name="3" delay="180" ><p name="what"  origin_x="14" origin_y="35" lt_x="-14" lt_y="-36" rb_x="30" rb_y="0" image="what.3.png"/></f><f name="4" ><p name="pointer"  pointer="what/2"/></f><f name="5" ><p name="pointer"  pointer="what/1"/></f><f name="6" delay="180" ><p name="what"  origin_x="14" origin_y="35" lt_x="-14" lt_y="-36" rb_x="30" rb_y="0" image="what.6.png"/></f><f name="7" ><p name="pointer"  pointer="what/1"/></f><f name="8" ><p name="pointer"  pointer="what/2"/></f><f name="9" ><p name="pointer"  pointer="what/3"/></f></s>
<s name="stunned"><f name="0" delay="1000" ><p name="stunned"  origin_x="12" origin_y="34" lt_x="-14" lt_y="-39" rb_x="23" rb_y="1" image="stunned.0.png"/></f><f name="1" delay="160" ><p name="stunned"  origin_x="12" origin_y="36" z="0" lt_x="-14" lt_y="-39" rb_x="23" rb_y="1" image="stunned.1.png"/></f><f name="2" delay="160" ><p name="stunned"  origin_x="12" origin_y="37" z="0" lt_x="-14" lt_y="-39" rb_x="23" rb_y="1" image="stunned.2.png"/></f><f name="3" delay="160" ><p name="stunned"  origin_x="12" origin_y="38" z="0" lt_x="-14" lt_y="-39" rb_x="23" rb_y="1" image="stunned.3.png"/></f><f name="4" delay="160" ><p name="stunned"  origin_x="12" origin_y="34" lt_x="-14" lt_y="-39" rb_x="23" rb_y="1" image="stunned.4.png"/></f><f name="5" ><p name="pointer"  pointer="stunned/1"/></f><f name="6" ><p name="pointer"  pointer="stunned/2"/></f><f name="7" ><p name="pointer"  pointer="stunned/3"/></f><f name="8" ><p name="pointer"  pointer="stunned/4"/></f><f name="9" ><p name="pointer"  pointer="stunned/1"/></f><f name="10" ><p name="pointer"  pointer="stunned/2"/></f><f name="11" ><p name="pointer"  pointer="stunned/3"/></f></s>
<s name="change"><f name="0" delay="180" ><p name="change"  origin_x="14" origin_y="27" lt_x="-14" lt_y="-27" rb_x="16" rb_y="1" image="change.0.png"/></f><f name="1" delay="180" ><p name="change"  origin_x="15" origin_y="25" z="0" lt_x="-15" lt_y="-25" rb_x="17" rb_y="1" image="change.1.png"/></f><f name="2" delay="180" ><p name="change"  origin_x="16" origin_y="24" lt_x="-16" lt_y="-24" rb_x="18" rb_y="1" image="change.2.png"/></f><f name="3" delay="180" ><p name="change"  origin_x="13" origin_y="36" lt_x="-13" lt_y="-36" rb_x="15" rb_y="0" image="change.3.png"/></f><f name="4" delay="180" ><p name="change"  origin_x="17" origin_y="42" lt_x="-17" lt_y="-42" rb_x="19" rb_y="-5" image="change.4.png"/></f><f name="5" delay="180" ><p name="change"  origin_x="17" origin_y="43" lt_x="-17" lt_y="-43" rb_x="19" rb_y="-5" image="change.5.png"/></f><f name="6" delay="180" ><p name="change"  origin_x="24" origin_y="51" lt_x="-23" lt_y="-52" rb_x="24" rb_y="-9" image="change.6.png"/></f><f name="7" delay="180" ><p name="change"  origin_x="29" origin_y="54" lt_x="-22" lt_y="-49" rb_x="27" rb_y="0" image="change.7.png"/></f><f name="8" delay="180" ><p name="change"  origin_x="32" origin_y="55" lt_x="-24" lt_y="-51" rb_x="27" rb_y="0" image="change.8.png"/></f><f name="9" delay="180" ><p name="change"  origin_x="33" origin_y="56" lt_x="-32" lt_y="-48" rb_x="31" rb_y="0" image="change.9.png"/></f><f name="10" delay="180" ><p name="change"  origin_x="20" origin_y="42" lt_x="-20" lt_y="-42" rb_x="26" rb_y="1" image="change.10.png"/></f><f name="11" delay="180" ><p name="change"  origin_x="20" origin_y="42" lt_x="-20" lt_y="-42" rb_x="26" rb_y="0" image="change.11.png"/></f><f name="12" delay="180" ><p name="change"  origin_x="21" origin_y="39" lt_x="-22" lt_y="-39" rb_x="26" rb_y="1" image="change.12.png"/></f><f name="13" delay="180" ><p name="change"  origin_x="22" origin_y="38" lt_x="-22" lt_y="-38" rb_x="28" rb_y="1" image="change.13.png"/></f><f name="14" delay="180" ><p name="change"  origin_x="19" origin_y="50" lt_x="-19" lt_y="-50" rb_x="25" rb_y="-5" image="change.14.png"/></f><f name="15" delay="180" ><p name="change"  origin_x="19" origin_y="52" lt_x="-19" lt_y="-52" rb_x="25" rb_y="-7" image="change.15.png"/></f><f name="16" delay="180" ><p name="change"  origin_x="22" origin_y="38" lt_x="-23" lt_y="-38" rb_x="28" rb_y="1" image="change.16.png"/></f><f name="17" delay="180" ><p name="change"  origin_x="21" origin_y="39" lt_x="-21" lt_y="-39" rb_x="27" rb_y="0" image="change.17.png"/></f><f name="18" delay="180" ><p name="change"  origin_x="20" origin_y="42" lt_x="-20" lt_y="-42" rb_x="26" rb_y="0" image="change.18.png"/></f><f name="19" delay="180" ><p name="change"  origin_x="20" origin_y="41" lt_x="-20" lt_y="-42" rb_x="26" rb_y="0" image="change.19.png"/></f><f name="20" delay="180" ><p name="change"  origin_x="20" origin_y="40" lt_x="-20" lt_y="-42" rb_x="26" rb_y="0" image="change.20.png"/></f><f name="21" delay="180" ><p name="change"  origin_x="20" origin_y="41" lt_x="-20" lt_y="-42" rb_x="26" rb_y="0" image="change.21.png"/></f><f name="22" delay="180" ><p name="change"  origin_x="20" origin_y="42" lt_x="-20" lt_y="-42" rb_x="26" rb_y="0" image="change.22.png"/></f><f name="23" delay="180" ><p name="change"  origin_x="20" origin_y="41" lt_x="-20" lt_y="-42" rb_x="26" rb_y="0" image="change.23.png"/></f><f name="24" delay="180" ><p name="change"  origin_x="22" origin_y="38" lt_x="-23" lt_y="-38" rb_x="26" rb_y="0" image="change.24.png"/></f><f name="25" delay="180" ><p name="change"  origin_x="19" origin_y="52" lt_x="-19" lt_y="-52" rb_x="25" rb_y="-7" image="change.25.png"/></f><f name="26" delay="180" ><p name="change"  origin_x="24" origin_y="51" lt_x="-18" lt_y="-50" rb_x="23" rb_y="-9" image="change.26.png"/></f><f name="27" delay="180" ><p name="change"  origin_x="29" origin_y="54" lt_x="-20" lt_y="-42" rb_x="23" rb_y="-9" image="change.27.png"/></f><f name="28" delay="180" ><p name="change"  origin_x="32" origin_y="55" lt_x="-20" lt_y="-42" rb_x="24" rb_y="-9" image="change.28.png"/></f><f name="29" delay="180" ><p name="change"  origin_x="15" origin_y="25" lt_x="-15" lt_y="-25" rb_x="17" rb_y="1" image="change.29.png"/></f></s>
<s name="dung"><f name="0" delay="240" ><p name="dung"  origin_x="15" origin_y="29" lt_x="-16" lt_y="-30" rb_x="18" rb_y="0" image="dung.0.png"/></f><f name="1" delay="240" ><p name="dung"  origin_x="16" origin_y="30" lt_x="-16" lt_y="-30" rb_x="18" rb_y="0" image="dung.1.png"/></f><f name="2" ><p name="pointer"  pointer="dung/0"/></f><f name="3" ><p name="pointer"  pointer="dung/1"/></f><f name="4" ><p name="pointer"  pointer="dung/0"/></f><f name="5" ><p name="pointer"  pointer="dung/1"/></f><f name="6" ><p name="pointer"  pointer="dung/0"/></f><f name="7" ><p name="pointer"  pointer="dung/1"/></f></s>
</i>
