<i>
<s name="walk1"><f name="0" ><p name="walk1"  origin_x="50" origin_y="20" hand_x="23" hand_y="-11" z="weapon" image="walk1.0.weapon.png"/></f><f name="1" ><p name="walk1"  origin_x="48" origin_y="28" hand_x="15" hand_y="-3" z="weapon" image="walk1.1.weapon.png"/></f><f name="2" ><p name="walk1"  origin_x="50" origin_y="20" hand_x="23" hand_y="-10" z="weapon" image="walk1.2.weapon.png"/></f><f name="3" ><p name="walk1"  origin_x="48" origin_y="25" hand_x="16" hand_y="-14" z="weapon" image="walk1.3.weapon.png"/></f></s>
<s name="stand1"><f name="0" ><p name="stand1"  origin_x="48" origin_y="29" hand_x="12" hand_y="-18" z="weapon" image="stand1.0.weapon.png"/></f><f name="1" ><p name="stand1"  origin_x="48" origin_y="29" hand_x="12" hand_y="-18" z="weapon" image="stand1.1.weapon.png"/></f><f name="2" ><p name="stand1"  origin_x="48" origin_y="29" hand_x="12" hand_y="-18" z="weapon" image="stand1.2.weapon.png"/></f></s>
<s name="alert"><f name="0" ><p name="alert"  origin_x="44" origin_y="47" hand_x="16" hand_y="10" z="weaponOverHand" image="alert.0.weapon.png"/></f><f name="1" ><p name="alert"  origin_x="45" origin_y="47" hand_x="15" hand_y="9" z="weaponOverHand" image="alert.1.weapon.png"/></f><f name="2" ><p name="alert"  origin_x="46" origin_y="47" hand_x="16" hand_y="8" z="weaponOverHand" image="alert.2.weapon.png"/></f></s>
<s name="swingO1"><f name="0" ><p name="swingO1"  origin_x="50" origin_y="8" hand_x="-26" hand_y="2" z="weaponBelowBody" image="swingO1.0.weapon.png"/></f><f name="1" ><p name="swingO1"  origin_x="48" origin_y="25" hand_x="-16" hand_y="-14" z="weaponBelowBody" image="swingO1.1.weapon.png"/></f><f name="2" ><p name="swingO1"  origin_x="23" origin_y="48" hand_x="-12" hand_y="18" z="weapon" image="swingO1.2.weapon.png"/></f></s>
<s name="swingO2"><f name="0" ><p name="swingO2"  origin_x="36" origin_y="42" hand_x="-11" hand_y="5" z="weaponBelowBody" image="swingO2.0.weapon.png"/></f><f name="1" ><p name="swingO2"  origin_x="29" origin_y="48" hand_x="-18" hand_y="26" z="weaponBelowBody" image="swingO2.1.weapon.png"/></f><f name="2" ><p name="swingO2"  origin_x="40" origin_y="36" hand_x="-10" hand_y="-5" z="weapon" image="swingO2.2.weapon.png"/></f></s>
<s name="swingO3"><f name="0" ><p name="swingO3"  origin_x="29" origin_y="48" hand_x="-18" hand_y="15" z="weapon" image="swingO3.0.weapon.png"/></f><f name="1" ><p name="swingO3"  origin_x="49" origin_y="9" hand_x="22" hand_y="1" z="weaponOverBody" image="swingO3.1.weapon.png"/></f><f name="2" ><p name="swingO3"  origin_x="50" origin_y="20" hand_x="-36" hand_y="-11" z="weaponBelowBody" image="swingO3.2.weapon.png"/></f></s>
<s name="swingOF"><f name="0" ><p name="swingOF"  origin_x="32" origin_y="24" hand_x="3" hand_y="5" z="weapon" image="swingOF.0.weapon.png"/></f><f name="1" ><p name="swingOF"  origin_x="23" origin_y="48" hand_x="-10" hand_y="15" z="backWeapon" image="swingOF.1.weapon.png"/></f><f name="2" ><p name="swingOF"  origin_x="48" origin_y="23" hand_x="-32" hand_y="16" z="weaponBelowBody" image="swingOF.2.weapon.png"/></f><f name="3" ><p name="swingOF"  origin_x="48" origin_y="29" hand_x="-21" hand_y="-3" z="weaponBelowBody" image="swingOF.3.weapon.png"/></f></s>
<s name="stabO1"><f name="0" ><p name="stabO1"  origin_x="50" origin_y="18" hand_x="23" hand_y="-10" z="weapon" image="stabO1.0.weapon.png"/></f><f name="1" ><p name="stabO1"  origin_x="49" origin_y="21" hand_x="23" hand_y="-11" z="weapon" image="stabO1.1.weapon.png"/></f></s>
<s name="stabO2"><f name="0" ><p name="stabO2"  origin_x="48" origin_y="28" hand_x="15" hand_y="-6" z="weaponBelowArm" image="stabO2.0.weapon.png"/></f><f name="1" ><p name="stabO2"  origin_x="49" origin_y="21" hand_x="23" hand_y="-12" z="weapon" image="stabO2.1.weapon.png"/></f></s>
<s name="stabOF"><f name="0" ><p name="stabOF"  origin_x="50" origin_y="20" hand_x="23" hand_y="-11" z="weapon" image="stabOF.0.weapon.png"/></f><f name="1" ><p name="stabOF"  origin_x="50" origin_y="16" hand_x="-11" hand_y="-4" z="weapon" image="stabOF.1.weapon.png"/></f><f name="2" ><p name="stabOF"  origin_x="49" origin_y="12" hand_x="28" hand_y="11" z="weapon" image="stabOF.2.weapon.png"/></f></s>
<s name="proneStab"><f name="0" ><p name="proneStab"  origin_x="49" origin_y="9" hand_x="34" hand_y="0" z="weaponBelowArm" image="proneStab.0.weapon.png"/></f><f name="1" ><p name="proneStab"  origin_x="49" origin_y="9" hand_x="33" hand_y="1" z="weaponBelowArm" image="proneStab.1.weapon.png"/></f></s>
<s name="fly"><f name="0" ><p name="fly"  origin_x="15" origin_y="50" hand_x="13" hand_y="-1" z="weaponOverArm" image="fly.0.weapon.png"/></f><f name="1" ><p name="fly"  origin_x="14" origin_y="50" hand_x="12" hand_y="0" z="weaponOverArm" image="fly.1.weapon.png"/></f></s>
<s name="jump"><f name="0" ><p name="jump"  origin_x="14" origin_y="50" hand_x="13" hand_y="-1" z="weaponOverArm" image="jump.0.weapon.png"/></f></s>
<s name="prone"><f name="0" ><p name="pointer"  pointer="proneStab/0/weapon"/></f></s>
<s name="heal"><f name="0" ><p name="pointer"  pointer="alert/1/weapon"/></f><f name="1" ><p name="pointer"  pointer="swingO2/1/weapon"/></f><f name="2" ><p name="pointer"  pointer="swingO2/0/weapon"/></f></s>
<s name="sit"><f name="0" ><p name="sit"  origin_x="20" origin_y="49" hand_x="-34" hand_y="26" z="weaponOverArm" image="sit.0.weapon.png"/></f></s>
</i>
