<i name="5000020">
<i name="stand0">
<i name="0">
<i name="origin">
<i name="x" value="11"/>
<i name="y" value="44"/>
</i>
<i name="image" value="5000020.stand0.0.png"/>
</i>
<i name="1">
<i name="pointer" value="5000020/stand0/0"/>
</i>
<i name="2">
<i name="pointer" value="5000020/stand0/0"/>
</i>
<i name="3">
<i name="pointer" value="5000020/stand0/0"/>
</i>
</i>
<i name="stand1">
<i name="0">
<i name="origin">
<i name="x" value="11"/>
<i name="y" value="45"/>
</i>
<i name="image" value="5000020.stand1.0.png"/>
</i>
<i name="1">
<i name="origin">
<i name="x" value="11"/>
<i name="y" value="44"/>
</i>
<i name="image" value="5000020.stand1.1.png"/>
</i>
<i name="2">
<i name="origin">
<i name="x" value="11"/>
<i name="y" value="43"/>
</i>
<i name="image" value="5000020.stand1.2.png"/>
</i>
<i name="3">
<i name="origin">
<i name="x" value="11"/>
<i name="y" value="42"/>
</i>
<i name="image" value="5000020.stand1.3.png"/>
</i>
<i name="4">
<i name="pointer" value="5000020/stand1/2"/>
</i>
<i name="5">
<i name="pointer" value="5000020/stand1/1"/>
</i>
</i>
<i name="rest0">
<i name="0">
<i name="origin">
<i name="x" value="12"/>
<i name="y" value="39"/>
</i>
<i name="image" value="5000020.rest0.0.png"/>
</i>
<i name="1">
<i name="pointer" value="5000020/rest0/0"/>
</i>
<i name="2">
<i name="pointer" value="5000020/rest0/0"/>
</i>
</i>
<i name="charming">
<i name="0">
<i name="origin">
<i name="x" value="12"/>
<i name="y" value="43"/>
</i>
<i name="image" value="5000020.charming.0.png"/>
</i>
<i name="1">
<i name="origin">
<i name="x" value="12"/>
<i name="y" value="42"/>
</i>
<i name="image" value="5000020.charming.1.png"/>
</i>
<i name="2">
<i name="pointer" value="5000020/charming/1"/>
</i>
<i name="3">
<i name="pointer" value="5000020/charming/1"/>
</i>
<i name="4">
<i name="pointer" value="5000020/charming/1"/>
</i>
<i name="5">
<i name="pointer" value="5000020/charming/0"/>
</i>
</i>
<i name="move">
<i name="0">
<i name="origin">
<i name="x" value="13"/>
<i name="y" value="44"/>
</i>
<i name="image" value="5000020.move.0.png"/>
</i>
<i name="1">
<i name="origin">
<i name="x" value="13"/>
<i name="y" value="43"/>
</i>
<i name="image" value="5000020.move.1.png"/>
</i>
<i name="2">
<i name="pointer" value="5000020/move/0"/>
</i>
<i name="3">
<i name="origin">
<i name="x" value="13"/>
<i name="y" value="43"/>
</i>
<i name="image" value="5000020.move.3.png"/>
</i>
</i>
<i name="jump">
<i name="0">
<i name="origin">
<i name="x" value="17"/>
<i name="y" value="53"/>
</i>
<i name="image" value="5000020.jump.0.png"/>
</i>
</i>
<i name="hungry">
<i name="0">
<i name="origin">
<i name="x" value="12"/>
<i name="y" value="39"/>
</i>
<i name="image" value="5000020.hungry.0.png"/>
</i>
</i>
<i name="angry">
<i name="0">
<i name="origin">
<i name="x" value="11"/>
<i name="y" value="45"/>
</i>
<i name="image" value="5000020.angry.0.png"/>
</i>
<i name="1">
<i name="origin">
<i name="x" value="11"/>
<i name="y" value="47"/>
</i>
<i name="image" value="5000020.angry.1.png"/>
</i>
<i name="2">
<i name="origin">
<i name="x" value="23"/>
<i name="y" value="39"/>
</i>
<i name="image" value="5000020.angry.2.png"/>
</i>
</i>
<i name="chat">
<i name="0">
<i name="origin">
<i name="x" value="11"/>
<i name="y" value="44"/>
</i>
<i name="image" value="5000020.chat.0.png"/>
</i>
</i>
<i name="hang">
<i name="0">
<i name="origin">
<i name="x" value="-3"/>
<i name="y" value="49"/>
</i>
<i name="image" value="5000020.hang.0.png"/>
</i>
</i>
<i name="rise">
<i name="0">
<i name="origin">
<i name="x" value="11"/>
<i name="y" value="44"/>
</i>
<i name="image" value="5000020.rise.0.png"/>
</i>
</i>
<i name="sit">
<i name="0">
<i name="origin">
<i name="x" value="12"/>
<i name="y" value="39"/>
</i>
<i name="image" value="5000020.sit.0.png"/>
</i>
</i>
<i name="dung">
<i name="0">
<i name="origin">
<i name="x" value="12"/>
<i name="y" value="42"/>
</i>
<i name="image" value="5000020.dung.0.png"/>
</i>
</i>
<i name="cry">
<i name="0">
<i name="origin">
<i name="x" value="11"/>
<i name="y" value="42"/>
</i>
<i name="image" value="5000020.cry.0.png"/>
</i>
<i name="1">
<i name="pointer" value="5000020/cry/0"/>
</i>
<i name="2">
<i name="pointer" value="5000020/cry/0"/>
</i>
<i name="3">
<i name="pointer" value="5000020/cry/0"/>
</i>
</i>
<i name="love">
<i name="0">
<i name="origin">
<i name="x" value="12"/>
<i name="y" value="43"/>
</i>
<i name="image" value="5000020.love.0.png"/>
</i>
<i name="1">
<i name="pointer" value="5000020/love/0"/>
</i>
<i name="2">
<i name="pointer" value="5000020/love/0"/>
</i>
<i name="3">
<i name="pointer" value="5000020/love/0"/>
</i>
</i>
<i name="dance">
<i name="0">
<i name="origin">
<i name="x" value="12"/>
<i name="y" value="44"/>
</i>
<i name="image" value="5000020.dance.0.png"/>
</i>
<i name="1">
<i name="origin">
<i name="x" value="12"/>
<i name="y" value="42"/>
</i>
<i name="image" value="5000020.dance.1.png"/>
</i>
<i name="2">
<i name="origin">
<i name="x" value="13"/>
<i name="y" value="41"/>
</i>
<i name="image" value="5000020.dance.2.png"/>
</i>
<i name="3">
<i name="origin">
<i name="x" value="12"/>
<i name="y" value="44"/>
</i>
<i name="image" value="5000020.dance.3.png"/>
</i>
<i name="4">
<i name="origin">
<i name="x" value="11"/>
<i name="y" value="43"/>
</i>
<i name="image" value="5000020.dance.4.png"/>
</i>
<i name="5">
<i name="origin">
<i name="x" value="10"/>
<i name="y" value="42"/>
</i>
<i name="image" value="5000020.dance.5.png"/>
</i>
<i name="6">
<i name="pointer" value="5000020/dance/4"/>
</i>
<i name="7">
<i name="pointer" value="5000020/dance/3"/>
</i>
<i name="8">
<i name="pointer" value="5000020/dance/2"/>
</i>
<i name="9">
<i name="pointer" value="5000020/dance/1"/>
</i>
<i name="10">
<i name="pointer" value="5000020/dance/0"/>
</i>
<i name="11">
<i name="pointer" value="5000020/dance/1"/>
</i>
<i name="12">
<i name="pointer" value="5000020/dance/2"/>
</i>
<i name="13">
<i name="pointer" value="5000020/dance/3"/>
</i>
<i name="14">
<i name="pointer" value="5000020/dance/4"/>
</i>
<i name="15">
<i name="pointer" value="5000020/dance/5"/>
</i>
<i name="16">
<i name="pointer" value="5000020/dance/4"/>
</i>
<i name="17">
<i name="pointer" value="5000020/dance/3"/>
</i>
<i name="18">
<i name="pointer" value="5000020/dance/4"/>
</i>
<i name="19">
<i name="pointer" value="5000020/dance/5"/>
</i>
</i>
<i name="sleep">
<i name="0">
<i name="origin">
<i name="x" value="21"/>
<i name="y" value="25"/>
</i>
<i name="image" value="5000020.sleep.0.png"/>
</i>
<i name="1">
<i name="pointer" value="5000020/sleep/0"/>
</i>
<i name="2">
<i name="pointer" value="5000020/sleep/0"/>
</i>
<i name="3">
<i name="pointer" value="5000020/sleep/0"/>
</i>
<i name="4">
<i name="pointer" value="5000020/sleep/0"/>
</i>
<i name="5">
<i name="pointer" value="5000020/sleep/0"/>
</i>
<i name="6">
<i name="pointer" value="5000020/sleep/0"/>
</i>
<i name="7">
<i name="pointer" value="5000020/sleep/0"/>
</i>
<i name="8">
<i name="pointer" value="5000020/sleep/0"/>
</i>
<i name="9">
<i name="pointer" value="5000020/sleep/0"/>
</i>
</i>
<i name="eat">
<i name="0">
<i name="origin">
<i name="x" value="12"/>
<i name="y" value="43"/>
</i>
<i name="image" value="5000020.eat.0.png"/>
</i>
</i>
<i name="fly">
<i name="0">
<i name="origin">
<i name="x" value="17"/>
<i name="y" value="53"/>
</i>
<i name="image" value="5000020.fly.0.png"/>
</i>
<i name="1">
<i name="origin">
<i name="x" value="17"/>
<i name="y" value="52"/>
</i>
<i name="image" value="5000020.fly.1.png"/>
</i>
</i>
</i>