<i>
<s name="info"><f name="icon" ><p name="info"  image="info.icon.png"/></f><f name="iconRaw" ><p name="info"  origin_x="0" origin_y="34" image="info.iconRaw.png"/></f><p name="reqJob" v="0"/></s>
<s name="walk2"><f name="0" ><p name="46"  origin_x="5" origin_y="5" navel_x="13" navel_y="30" z="weaponOverArm" image="46.walk2.0.weapon.png"/></f><f name="1" ><p name="46"  origin_x="13" origin_y="5" navel_x="6" navel_y="28" z="weaponOverArm" image="46.walk2.1.weapon.png"/></f><f name="2" ><p name="pointer"  pointer="46/walk2/0/weapon"/></f><f name="3" ><p name="46"  origin_x="11" origin_y="5" navel_x="6" navel_y="30" z="weaponOverArm" image="46.walk2.3.weapon.png"/></f></s>
<s name="stand2"><f name="0" ><p name="46"  origin_x="10" origin_y="5" navel_x="8" navel_y="28" z="weaponOverArm" image="46.stand2.0.weapon.png"/></f><f name="1" ><p name="46"  origin_x="10" origin_y="5" navel_x="7" navel_y="29" z="weaponOverArm" image="46.stand2.1.weapon.png"/></f><f name="2" ><p name="46"  origin_x="10" origin_y="5" navel_x="7" navel_y="28" z="weaponOverArm" image="46.stand2.2.weapon.png"/></f></s>
<s name="alert"><f name="0" ><p name="46"  origin_x="12" origin_y="5" navel_x="26" navel_y="12" z="weaponBelowArm" image="46.alert.0.weapon.png"/></f><f name="1" ><p name="46"  origin_x="12" origin_y="5" navel_x="26" navel_y="10" z="weaponBelowArm" image="46.alert.1.weapon.png"/></f><f name="2" ><p name="46"  origin_x="12" origin_y="5" navel_x="26" navel_y="8" z="weaponBelowArm" image="46.alert.2.weapon.png"/></f></s>
<s name="swingT1"><f name="0" ><p name="46"  origin_x="11" origin_y="5" navel_x="-13" navel_y="40" z="weaponBelowArm" image="46.swingT1.0.weapon.png"/></f><f name="1" ><p name="46"  origin_x="11" origin_y="5" navel_x="15" navel_y="65" z="weaponBelowArm" image="46.swingT1.1.weapon.png"/></f><f name="2" ><p name="46"  origin_x="11" origin_y="5" navel_x="51" navel_y="-5" z="weapon" image="46.swingT1.2.weapon.png"/></f></s>
<s name="stabT1"><f name="0" ><p name="46"  origin_x="12" origin_y="5" navel_x="17" navel_y="6" z="weapon" image="46.stabT1.0.weapon.png"/></f><f name="1" ><p name="46"  origin_x="12" origin_y="5" navel_x="18" navel_y="6" z="weapon" image="46.stabT1.1.weapon.png"/></f><f name="2" ><p name="46"  origin_x="12" origin_y="5" navel_x="39" navel_y="8" z="weapon" image="46.stabT1.2.weapon.png"/></f></s>
<s name="shoot2"><f name="0" ><p name="46"  origin_x="13" origin_y="5" navel_x="25" navel_y="16" z="weapon" image="46.shoot2.0.weapon.png"/></f><f name="1" ><p name="pointer"  pointer="46/shoot2/0/weapon"/></f><f name="2" ><p name="pointer"  pointer="46/shoot2/0/weapon"/></f><f name="3" ><p name="pointer"  pointer="46/shoot2/0/weapon"/></f><f name="4" ><p name="46"  origin_x="13" origin_y="5" navel_x="23" navel_y="14" z="weapon" image="46.shoot2.4.weapon.png"/></f></s>
<s name="proneStab"><f name="0" ><p name="46"  origin_x="5" origin_y="3" navel_x="40" navel_y="13" z="weaponBelowArm" image="46.proneStab.0.weapon.png"/></f><f name="1" ><p name="46"  origin_x="5" origin_y="3" navel_x="55" navel_y="12" z="weaponBelowArm" image="46.proneStab.1.weapon.png"/></f></s>
<s name="prone"><f name="0" ><p name="pointer"  pointer="46/proneStab/0/weapon"/></f></s>
<s name="fly"><f name="0" ><p name="46"  origin_x="13" origin_y="5" navel_x="6" navel_y="37" z="weaponOverArm" image="46.fly.0.weapon.png"/></f><f name="1" ><p name="pointer"  pointer="46/fly/0/weapon"/></f></s>
<s name="jump"><f name="0" ><p name="46"  origin_x="17" origin_y="6" navel_x="0" navel_y="35" z="weaponOverArm" image="46.jump.0.weapon.png"/></f></s>
<s name="ladder"><f name="0" ><p name="46"  origin_x="12" origin_y="5" navel_x="8" navel_y="27" z="backWeaponOverShield" image="46.ladder.0.weapon.png"/></f><f name="1" ><p name="46"  origin_x="12" origin_y="5" navel_x="7" navel_y="27" z="backWeaponOverShield" image="46.ladder.1.weapon.png"/></f></s>
<s name="rope"><f name="0" ><p name="46"  origin_x="12" origin_y="5" navel_x="8" navel_y="27" z="backWeaponOverShield" image="46.rope.0.weapon.png"/></f><f name="1" ><p name="46"  origin_x="12" origin_y="5" navel_x="7" navel_y="28" z="backWeaponOverShield" image="46.rope.1.weapon.png"/></f></s>
</i>
