<i>
<s name="info"><f name="icon" ><p name="info"  image="info.icon.png"/></f><f name="iconRaw" ><p name="info"  origin_x="-2" origin_y="32" image="info.iconRaw.png"/></f><p name="reqJob" v="2"/></s>
<s name="walk1"><f name="0" ><p name="walk1"  origin_x="25" origin_y="7" hand_x="11" hand_y="4" z="weapon" image="walk1.0.weapon.png"/></f><f name="1" ><p name="walk1"  origin_x="25" origin_y="7" hand_x="8" hand_y="9" z="weapon" image="walk1.1.weapon.png"/></f><f name="2" ><p name="walk1"  origin_x="25" origin_y="7" hand_x="11" hand_y="5" z="weapon" image="walk1.2.weapon.png"/></f><f name="3" ><p name="walk1"  origin_x="25" origin_y="7" hand_x="12" hand_y="3" z="weapon" image="walk1.3.weapon.png"/></f></s>
<s name="stand1"><f name="0" ><p name="stand1"  origin_x="25" origin_y="7" hand_x="10" hand_y="2" z="weapon" image="stand1.0.weapon.png"/></f><f name="1" ><p name="pointer"  pointer="stand1/0/weapon"/></f><f name="2" ><p name="pointer"  pointer="stand1/0/weapon"/></f></s>
<s name="alert"><f name="0" ><p name="alert"  origin_x="23" origin_y="10" hand_x="22" hand_y="12" z="weaponOverHand" image="alert.0.weapon.png"/></f><f name="1" ><p name="alert"  origin_x="23" origin_y="10" hand_x="21" hand_y="11" z="weaponOverHand" image="alert.1.weapon.png"/></f><f name="2" ><p name="alert"  origin_x="23" origin_y="10" hand_x="22" hand_y="10" z="weaponOverHand" image="alert.2.weapon.png"/></f></s>
<s name="swingO1"><f name="0" ><p name="swingO1"  origin_x="11" origin_y="5" navel_x="13" navel_y="31" z="weaponBelowBody" image="swingO1.0.weapon.png"/></f><f name="1" ><p name="swingO1"  origin_x="11" origin_y="5" navel_x="29" navel_y="5" z="weaponBelowBody" image="swingO1.1.weapon.png"/></f><f name="2" ><p name="swingO1"  origin_x="11" origin_y="5" navel_x="-22" navel_y="55" z="weapon" image="swingO1.2.weapon.png"/></f></s>
<s name="swingO2"><f name="0" ><p name="swingO2"  origin_x="12" origin_y="5" navel_x="13" navel_y="49" z="weaponBelowBody" image="swingO2.0.weapon.png"/></f><f name="1" ><p name="swingO2"  origin_x="12" origin_y="5" navel_x="29" navel_y="43" z="weaponBelowBody" image="swingO2.1.weapon.png"/></f><f name="2" ><p name="swingO2"  origin_x="12" origin_y="5" navel_x="-18" navel_y="26" z="weapon" image="swingO2.2.weapon.png"/></f></s>
<s name="swingO3"><f name="0" ><p name="swingO3"  origin_x="12" origin_y="5" navel_x="-23" navel_y="44" z="weapon" image="swingO3.0.weapon.png"/></f><f name="1" ><p name="swingO3"  origin_x="12" origin_y="5" navel_x="46" navel_y="12" z="weaponOverBody" image="swingO3.1.weapon.png"/></f><f name="2" ><p name="swingO3"  origin_x="12" origin_y="5" navel_x="18" navel_y="9" z="weaponBelowBody" image="swingO3.2.weapon.png"/></f></s>
<s name="stabO1"><f name="0" ><p name="stabO1"  origin_x="12" origin_y="5" navel_x="9" navel_y="7" z="weapon" image="stabO1.0.weapon.png"/></f><f name="1" ><p name="stabO1"  origin_x="12" origin_y="5" navel_x="51" navel_y="21" z="weapon" image="stabO1.1.weapon.png"/></f></s>
<s name="stabO2"><f name="0" ><p name="stabO2"  origin_x="12" origin_y="5" navel_x="15" navel_y="22" z="weapon" image="stabO2.0.weapon.png"/></f><f name="1" ><p name="stabO2"  origin_x="12" origin_y="5" navel_x="49" navel_y="16" z="weapon" image="stabO2.1.weapon.png"/></f></s>
<s name="shoot1"><f name="0" ><p name="shoot1"  origin_x="23" origin_y="10" hand_x="-2" hand_y="25" z="weaponOverHand" image="shoot1.0.weapon.png"/></f><f name="1" ><p name="shoot1"  origin_x="23" origin_y="10" hand_x="13" hand_y="26" z="weaponOverHand" image="shoot1.1.weapon.png"/></f><f name="2" ><p name="shoot1"  origin_x="23" origin_y="10" hand_x="13" hand_y="28" z="weaponOverHand" image="shoot1.2.weapon.png"/></f></s>
<s name="shootF"><f name="0" ><p name="shootF"  origin_x="23" origin_y="10" hand_x="1" hand_y="28" z="weaponOverHand" image="shootF.0.weapon.png"/></f><f name="1" ><p name="shootF"  origin_x="23" origin_y="10" hand_x="19" hand_y="31" z="weaponOverHand" image="shootF.1.weapon.png"/></f><f name="2" ><p name="shootF"  origin_x="23" origin_y="10" hand_x="19" hand_y="33" z="weaponOverHand" image="shootF.2.weapon.png"/></f></s>
<s name="proneStab"><f name="0" ><p name="proneStab"  origin_x="5" origin_y="3" navel_x="41" navel_y="8" z="weaponBelowArm" image="proneStab.0.weapon.png"/></f><f name="1" ><p name="proneStab"  origin_x="5" origin_y="3" navel_x="56" navel_y="8" z="weaponBelowArm" image="proneStab.1.weapon.png"/></f></s>
<s name="prone"><f name="0" ><p name="pointer"  pointer="proneStab/0/weapon"/></f></s>
<s name="heal"><f name="0" ><p name="pointer"  pointer="alert/1/weapon"/></f><f name="1" ><p name="pointer"  pointer="swingO2/1/weapon"/></f><f name="2" ><p name="pointer"  pointer="swingO2/0/weapon"/></f></s>
<s name="fly"><f name="0" ><p name="fly"  origin_x="13" origin_y="5" navel_x="-8" navel_y="38" z="weaponOverArm" image="fly.0.weapon.png"/></f><f name="1" ><p name="pointer"  pointer="fly/0/weapon"/></f></s>
<s name="jump"><f name="0" ><p name="jump"  origin_x="13" origin_y="5" navel_x="-9" navel_y="37" z="weaponOverArm" image="jump.0.weapon.png"/></f></s>
</i>
