<i>
  <s name="walk1">
    <f name="0">
      <p name="weapon"  origin_x="30" origin_y="10" hand_x="0" hand_y="-1" z="weapon" image="33.walk1.0.weapon.png" />
    </f>
    <f name="1">
      <p name="weapon"  origin_x="29" origin_y="15" hand_x="0" hand_y="0" z="weapon" image="33.walk1.1.weapon.png" />
    </f>
    <f name="2">
      <p name="weapon"  pointer="33/walk1/0/weapon"/>
    </f>
    <f name="3">
      <p name="weapon"  origin_x="29" origin_y="12" hand_x="0" hand_y="0" z="weapon" image="33.walk1.3.weapon.png" />
    </f>
  </s>
  <s name="stand1">
    <f name="0">
      <p name="weapon"  origin_x="28" origin_y="13" hand_x="0" hand_y="0" z="weapon" image="33.stand1.0.weapon.png" />
    </f>
    <f name="1">
      <p name="weapon"  pointer="33/stand1/0/weapon" />
    </f>
    <f name="2">
      <p name="weapon"  pointer="33/stand1/0/weapon" />
    </f>
  </s>
  <s name="alert">
    <f name="0">
      <p name="weapon"  origin_x="17" origin_y="17" hand_x="10" hand_y="-1" z="weaponOverHand" image="33.alert.0.weapon.png" />
    </f>
    <f name="1">
      <p name="weapon"  origin_x="17" origin_y="17" hand_x="9" hand_y="-2" z="weaponOverHand" image="33.alert.1.weapon.png" />
    </f>
    <f name="2">
      <p name="weapon"  origin_x="17" origin_y="17" hand_x="10" hand_y="-3" z="weaponOverHand" image="33.alert.2.weapon.png" />
    </f>
  </s>
  <s name="swingO1">
    <f name="0">
      <p name="weapon"  origin_x="6" origin_y="16" navel_x="5" navel_y="0" z="weaponBelowBody" image="33.swingO1.0.weapon.png" />
    </f>
    <f name="1">
      <p name="weapon"  origin_x="9" origin_y="17" navel_x="8" navel_y="-1" z="weaponBelowBody" image="33.swingO1.1.weapon.png" />
    </f>
    <f name="2">
      <p name="weapon"  origin_x="15" origin_y="26" navel_x="-19" navel_y="19" z="weapon" image="33.swingO1.2.weapon.png" />
    </f>
  </s>
  <s name="swingO2">
    <f name="0">
      <p name="weapon"  origin_x="29" origin_y="20" navel_x="17" navel_y="16" z="weaponBelowBody" image="33.swingO2.0.weapon.png" />
    </f>
    <f name="1">
      <p name="weapon"  origin_x="29" origin_y="33" navel_x="21" navel_y="1" z="weaponBelowBody" image="33.swingO2.1.weapon.png" />
    </f>
    <f name="2">
      <p name="weapon"  origin_x="14" origin_y="9" navel_x="-19" navel_y="-1" z="weapon" image="33.swingO2.2.weapon.png" />
    </f>
  </s>
  <s name="swingO3">
    <f name="0">
      <p name="weapon"  origin_x="20" origin_y="15" navel_x="-30" navel_y="11" z="weapon" image="33.swingO3.0.weapon.png" />
    </f>
    <f name="1">
      <p name="weapon"  origin_x="32" origin_y="13" navel_x="20" navel_y="3" z="weaponOverBody" image="33.swingO3.1.weapon.png" />
    </f>
    <f name="2">
      <p name="weapon"  origin_x="0" origin_y="15" navel_x="7" navel_y="1" z="weaponBelowBody" image="33.swingO3.2.weapon.png" />
    </f>
  </s>
  <s name="swingOF">
    <f name="0">
      <p name="weapon"  origin_x="17" origin_y="17" navel_x="-21" navel_y="0" z="weapon" image="33.swingOF.0.weapon.png" />
    </f>
    <f name="1">
      <p name="weapon"  origin_x="22" origin_y="17" navel_x="-5" navel_y="28" z="backWeapon" image="33.swingOF.1.weapon.png" />
    </f>
    <f name="2">
      <p name="weapon"  origin_x="22" origin_y="12" navel_x="-5" navel_y="15" z="weaponBelowBody" image="33.swingOF.2.weapon.png" />
    </f>
    <f name="3">
      <p name="weapon"  origin_x="13" origin_y="28" navel_x="-20" navel_y="14" z="weaponBelowBody" image="33.swingOF.3.weapon.png" />
    </f>
  </s>
  <s name="stabO1">
    <f name="0">
      <p name="weapon"  origin_x="33" origin_y="11" navel_x="-14" navel_y="-3" z="weapon" image="33.stabO1.0.weapon.png" />
    </f>
    <f name="1">
      <p name="weapon"  origin_x="36" origin_y="15" navel_x="26" navel_y="7" z="weapon" image="33.stabO1.1.weapon.png" />
    </f>
  </s>
  <s name="stabO2">
    <f name="0">
      <p name="weapon"  origin_x="9" origin_y="14" navel_x="-11" navel_y="12" z="weaponBelowArm" image="33.stabO2.0.weapon.png" />
    </f>
    <f name="1">
      <p name="weapon"  origin_x="36" origin_y="19" navel_x="23" navel_y="7" z="weapon" image="33.stabO2.1.weapon.png" />
    </f>
  </s>
  <s name="stabOF">
    <f name="0">
      <p name="weapon"  origin_x="13" origin_y="10" navel_x="-7" navel_y="1" z="weaponBelowArm" image="33.stabOF.0.weapon.png" />
    </f>
    <f name="1">
      <p name="weapon"  origin_x="-21" origin_y="14" navel_x="23" navel_y="-6" z="weapon" image="33.stabOF.1.weapon.png" />
    </f>
    <f name="2">
      <p name="weapon"  origin_x="39" origin_y="39" navel_x="23" navel_y="-6" z="weapon" image="33.stabOF.2.weapon.png" />
    </f>
  </s>
  <s name="proneStab">
    <f name="0">
      <p name="weapon"  origin_x="34" origin_y="12" navel_x="9" navel_y="2" z="weaponBelowArm" image="33.proneStab.0.weapon.png" />
    </f>
    <f name="1">
      <p name="weapon"  origin_x="33" origin_y="13" navel_x="25" navel_y="1" z="weaponBelowArm" image="33.proneStab.1.weapon.png" />
    </f>
  </s>
  <s name="prone">
    <f name="0">
      <p name="weapon"  pointer="33/proneStab/0/weapon" />
    </f>
  </s>
  <s name="heal">
    <f name="0">
      <p name="weapon"  pointer="33/alert/1/weapon" />
    </f>
    <f name="1">
      <p name="weapon"  pointer="33/swingO2/1/weapon" />
    </f>
    <f name="2">
      <p name="weapon"  pointer="33/swingO2/0/weapon" />
    </f>
  </s>
  <s name="fly">
    <f name="0">
      <p name="weapon"  origin_x="32" origin_y="13" navel_x="-3" navel_y="9" z="weaponOverArm" image="33.fly.0.weapon.png" />
    </f>
    <f name="1">
      <p name="weapon"  pointer="33/fly/0/weapon" />
    </f>
  </s>
  <s name="jump">
    <f name="0">
      <p name="weapon"  origin_x="33" origin_y="13" navel_x="-4" navel_y="8" z="weaponOverArm" image="33.jump.0.weapon.png" />
    </f>
  </s>
</i>
