  <i name="2301005">
  <i name="effect">
    <i name="0">
      <i name="origin">
        <i name="x" value="47"/>
        <i name="y" value="73"/>
      </i>
      <i name="delay" value="100"/>
      <i name="image" value="2301005.effect.0.png"/>
    </i>
    <i name="1">
      <i name="origin">
        <i name="x" value="60"/>
        <i name="y" value="76"/>
      </i>
      <i name="delay" value="100"/>
      <i name="image" value="2301005.effect.1.png"/>
    </i>
    <i name="2">
      <i name="origin">
        <i name="x" value="51"/>
        <i name="y" value="76"/>
      </i>
      <i name="delay" value="100"/>
      <i name="image" value="2301005.effect.2.png"/>
    </i>
    <i name="3">
      <i name="origin">
        <i name="x" value="54"/>
        <i name="y" value="76"/>
      </i>
      <i name="delay" value="100"/>
      <i name="image" value="2301005.effect.3.png"/>
    </i>
    <i name="4">
      <i name="origin">
        <i name="x" value="79"/>
        <i name="y" value="74"/>
      </i>
      <i name="delay" value="100"/>
      <i name="image" value="2301005.effect.4.png"/>
    </i>
    <i name="5">
      <i name="origin">
        <i name="x" value="103"/>
        <i name="y" value="68"/>
      </i>
      <i name="delay" value="100"/>
      <i name="image" value="2301005.effect.5.png"/>
    </i>
    <i name="6">
      <i name="origin">
        <i name="x" value="103"/>
        <i name="y" value="69"/>
      </i>
      <i name="delay" value="100"/>
      <i name="image" value="2301005.effect.6.png"/>
    </i>
  </i>
  <i name="ball">
    <i name="0">
      <i name="origin">
        <i name="x" value="41"/>
        <i name="y" value="5"/>
      </i>
      <i name="image" value="2301005.ball.0.png"/>
    </i>
    <i name="1">
      <i name="origin">
        <i name="x" value="41"/>
        <i name="y" value="5"/>
      </i>
      <i name="image" value="2301005.ball.1.png"/>
    </i>
    <i name="2">
      <i name="origin">
        <i name="x" value="41"/>
        <i name="y" value="5"/>
      </i>
      <i name="image" value="2301005.ball.2.png"/>
    </i>
  </i>
  <i name="hit">
    <i name="0">
      <i name="0">
        <i name="origin">
          <i name="x" value="57"/>
          <i name="y" value="57"/>
        </i>
        <i name="delay" value="80"/>
        <i name="image" value="2301005.hit.0.0.png"/>
      </i>
      <i name="1">
        <i name="origin">
          <i name="x" value="58"/>
          <i name="y" value="59"/>
        </i>
        <i name="delay" value="80"/>
        <i name="image" value="2301005.hit.0.1.png"/>
      </i>
      <i name="2">
        <i name="origin">
          <i name="x" value="68"/>
          <i name="y" value="68"/>
        </i>
        <i name="delay" value="80"/>
        <i name="image" value="2301005.hit.0.2.png"/>
      </i>
    </i>
  </i>
  </i>
