<i name="5001000">
  <i name="effect">
    <i name="0">
      <i name="origin">
        <i name="x" value="23"/>
        <i name="y" value="12"/>
      </i>
      <i name="delay" value="90"/>
      <i name="image" value="5001000.effect.0.png"/>
    </i>
    <i name="1">
      <i name="origin">
        <i name="x" value="20"/>
        <i name="y" value="12"/>
      </i>
      <i name="delay" value="90"/>
      <i name="image" value="5001000.effect.1.png"/>
    </i>
    <i name="2">
      <i name="origin">
        <i name="x" value="68"/>
        <i name="y" value="59"/>
      </i>
      <i name="delay" value="90"/>
      <i name="image" value="5001000.effect.2.png"/>
    </i>
    <i name="3">
      <i name="origin">
        <i name="x" value="67"/>
        <i name="y" value="59"/>
      </i>
      <i name="delay" value="90"/>
      <i name="image" value="5001000.effect.3.png"/>
    </i>
    <i name="4">
      <i name="origin">
        <i name="x" value="59"/>
        <i name="y" value="64"/>
      </i>
      <i name="delay" value="90"/>
      <i name="image" value="5001000.effect.4.png"/>
    </i>
    <i name="5">
      <i name="origin">
        <i name="x" value="57"/>
        <i name="y" value="64"/>
      </i>
      <i name="delay" value="90"/>
      <i name="image" value="5001000.effect.5.png"/>
    </i>
    <i name="6">
      <i name="origin">
        <i name="x" value="35"/>
        <i name="y" value="64"/>
      </i>
      <i name="delay" value="90"/>
      <i name="image" value="5001000.effect.6.png"/>
    </i>
    <i name="7">
      <i name="origin">
        <i name="x" value="34"/>
        <i name="y" value="63"/>
      </i>
      <i name="delay" value="90"/>
      <i name="image" value="5001000.effect.7.png"/>
    </i>
    <i name="8">
      <i name="origin">
        <i name="x" value="-30"/>
        <i name="y" value="44"/>
      </i>
      <i name="delay" value="90"/>
      <i name="image" value="5001000.effect.8.png"/>
    </i>
  </i>
  <i name="affected">
    <i name="0">
      <i name="origin">
        <i name="x" value="24"/>
        <i name="y" value="84"/>
      </i>
      <i name="delay" value="120"/>
      <i name="image" value="5001000.affected.0.png"/>
    </i>
    <i name="1">
      <i name="origin">
        <i name="x" value="21"/>
        <i name="y" value="84"/>
      </i>
      <i name="delay" value="110"/>
      <i name="image" value="5001000.affected.1.png"/>
    </i>
    <i name="2">
      <i name="origin">
        <i name="x" value="21"/>
        <i name="y" value="86"/>
      </i>
      <i name="delay" value="100"/>
      <i name="image" value="5001000.affected.2.png"/>
    </i>
    <i name="3">
      <i name="origin">
        <i name="x" value="21"/>
        <i name="y" value="86"/>
      </i>
      <i name="delay" value="100"/>
      <i name="image" value="5001000.affected.3.png"/>
    </i>
    <i name="4">
      <i name="origin">
        <i name="x" value="21"/>
        <i name="y" value="86"/>
      </i>
      <i name="delay" value="110"/>
      <i name="image" value="5001000.affected.4.png"/>
    </i>
    <i name="5">
      <i name="origin">
        <i name="x" value="21"/>
        <i name="y" value="86"/>
      </i>
      <i name="delay" value="120"/>
      <i name="image" value="5001000.affected.5.png"/>
    </i>
  </i>
</i>