<i>
<s name="stand0"><f name="0" delay="1200" ><p name="stand0"  origin_x="22" origin_y="36" lt_x="-22" lt_y="-36" rb_x="25" rb_y="0" image="stand0.0.png"/></f><f name="1" delay="60" ><p name="stand0"  origin_x="22" origin_y="36" lt_x="-22" lt_y="-36" rb_x="25" rb_y="0" image="stand0.1.png"/></f><f name="2" delay="60" ><p name="stand0"  origin_x="22" origin_y="36" lt_x="-22" lt_y="-36" rb_x="25" rb_y="0" image="stand0.2.png"/></f></s>
<s name="stand1"><f name="0" delay="200" ><p name="stand1"  origin_x="22" origin_y="36" lt_x="-22" lt_y="-36" rb_x="25" rb_y="0" image="stand1.0.png"/></f><f name="1" delay="100" ><p name="stand1"  origin_x="22" origin_y="36" lt_x="-22" lt_y="-36" rb_x="27" rb_y="0" image="stand1.1.png"/></f><f name="2" delay="200" ><p name="stand1"  origin_x="22" origin_y="36" lt_x="-22" lt_y="-36" rb_x="25" rb_y="0" image="stand1.2.png"/></f><f name="3" delay="100" ><p name="stand1"  origin_x="22" origin_y="36" lt_x="-22" lt_y="-36" rb_x="29" rb_y="0" image="stand1.3.png"/></f><f name="4" delay="200" ><p name="stand1"  origin_x="22" origin_y="36" lt_x="-22" lt_y="-36" rb_x="26" rb_y="0" image="stand1.4.png"/></f><f name="5" delay="100" ><p name="stand1"  origin_x="22" origin_y="36" lt_x="-22" lt_y="-36" rb_x="29" rb_y="0" image="stand1.5.png"/></f><f name="6" delay="200" ><p name="stand1"  origin_x="22" origin_y="36" lt_x="-22" lt_y="-36" rb_x="29" rb_y="0" image="stand1.6.png"/></f><f name="7" delay="100" ><p name="stand1"  origin_x="22" origin_y="36" lt_x="-22" lt_y="-36" rb_x="27" rb_y="0" image="stand1.7.png"/></f></s>
<s name="rest0"><f name="0" delay="150" ><p name="rest0"  origin_x="27" origin_y="28" lt_x="-27" lt_y="-28" rb_x="25" rb_y="0" image="rest0.0.png"/></f><f name="1" delay="150" ><p name="rest0"  origin_x="30" origin_y="28" lt_x="-30" lt_y="-28" rb_x="25" rb_y="0" image="rest0.1.png"/></f><f name="2" delay="150" ><p name="rest0"  origin_x="29" origin_y="28" lt_x="-29" lt_y="-28" rb_x="25" rb_y="0" image="rest0.2.png"/></f><f name="3" delay="150" ><p name="rest0"  origin_x="31" origin_y="28" lt_x="-31" lt_y="-28" rb_x="25" rb_y="0" image="rest0.3.png"/></f><f name="4" delay="150" ><p name="rest0"  origin_x="36" origin_y="28" lt_x="-36" lt_y="-28" rb_x="25" rb_y="0" image="rest0.4.png"/></f><f name="5" delay="150" ><p name="rest0"  origin_x="27" origin_y="28" lt_x="-27" lt_y="-28" rb_x="25" rb_y="0" image="rest0.5.png"/></f><f name="6" ><p name="pointer"  pointer="rest0/0"/></f><f name="7" ><p name="pointer"  pointer="rest0/1"/></f><f name="8" ><p name="pointer"  pointer="rest0/2"/></f><f name="9" ><p name="pointer"  pointer="rest0/3"/></f><f name="10" ><p name="pointer"  pointer="rest0/4"/></f><f name="11" ><p name="pointer"  pointer="rest0/5"/></f></s>
<s name="move"><f name="0" delay="100" ><p name="move"  origin_x="22" origin_y="37" lt_x="-22" lt_y="-37" rb_x="26" rb_y="0" image="move.0.png"/></f><f name="1" delay="100" ><p name="move"  origin_x="22" origin_y="35" lt_x="-22" lt_y="-35" rb_x="25" rb_y="0" image="move.1.png"/></f><f name="2" delay="100" ><p name="move"  origin_x="22" origin_y="36" lt_x="-22" lt_y="-36" rb_x="23" rb_y="0" image="move.2.png"/></f></s>
<s name="jump"><f name="0" ><p name="jump"  origin_x="22" origin_y="36" lt_x="-22" lt_y="-36" rb_x="26" rb_y="0" image="jump.0.png"/></f></s>
<s name="hungry"><f name="0" delay="1200" ><p name="hungry"  origin_x="23" origin_y="33" lt_x="-23" lt_y="-33" rb_x="25" rb_y="0" image="hungry.0.png"/></f></s>
<s name="angry"><f name="0" delay="3000" ><p name="angry"  origin_x="19" origin_y="38" lt_x="-19" lt_y="-38" rb_x="24" rb_y="0" image="angry.0.png"/></f></s>
<s name="chat"><f name="0" delay="200" ><p name="chat"  origin_x="22" origin_y="36" lt_x="-22" lt_y="-36" rb_x="25" rb_y="0" image="chat.0.png"/></f><f name="1" delay="300" ><p name="chat"  origin_x="22" origin_y="36" lt_x="-22" lt_y="-36" rb_x="25" rb_y="0" image="chat.1.png"/></f><f name="2" ><p name="pointer"  pointer="chat/0"/></f><f name="3" ><p name="pointer"  pointer="chat/1"/></f><f name="4" ><p name="pointer"  pointer="chat/0"/></f><f name="5" ><p name="pointer"  pointer="chat/1"/></f><f name="6" ><p name="pointer"  pointer="chat/0"/></f><f name="7" ><p name="pointer"  pointer="chat/1"/></f><f name="8" ><p name="pointer"  pointer="chat/0"/></f><f name="9" ><p name="pointer"  pointer="chat/1"/></f><f name="10" ><p name="pointer"  pointer="chat/0"/></f><f name="11" ><p name="pointer"  pointer="chat/1"/></f><f name="12" delay="1000" ><p name="chat"  origin_x="22" origin_y="36" lt_x="-22" lt_y="-36" rb_x="25" rb_y="0" image="chat.12.png"/></f></s>
<s name="hang"><f name="0" ><p name="hang"  origin_x="19" origin_y="62" lt_x="-19" lt_y="-62" rb_x="14" rb_y="-9" image="hang.0.png"/></f></s>
<s name="rise"><f name="0" delay="4000" ><p name="rise"  origin_x="16" origin_y="44" lt_x="-16" lt_y="-44" rb_x="25" rb_y="0" image="rise.0.png"/></f></s>
<s name="dung"><f name="0" delay="4000" ><p name="dung"  origin_x="23" origin_y="35" lt_x="-23" lt_y="-35" rb_x="22" rb_y="0" image="dung.0.png"/></f></s>
<s name="cry"><f name="0" delay="150" ><p name="cry"  origin_x="23" origin_y="33" lt_x="-23" lt_y="-33" rb_x="25" rb_y="2" image="cry.0.png"/></f><f name="1" delay="150" ><p name="cry"  origin_x="23" origin_y="33" lt_x="-23" lt_y="-33" rb_x="25" rb_y="2" image="cry.1.png"/></f><f name="2" delay="150" ><p name="cry"  origin_x="23" origin_y="33" lt_x="-23" lt_y="-33" rb_x="25" rb_y="2" image="cry.2.png"/></f><f name="3" delay="150" ><p name="cry"  origin_x="23" origin_y="34" lt_x="-23" lt_y="-34" rb_x="25" rb_y="2" image="cry.3.png"/></f><f name="4" ><p name="pointer"  pointer="cry/0"/></f><f name="5" ><p name="pointer"  pointer="cry/1"/></f><f name="6" ><p name="pointer"  pointer="cry/2"/></f><f name="7" ><p name="pointer"  pointer="cry/3"/></f><f name="8" ><p name="pointer"  pointer="cry/0"/></f><f name="9" ><p name="pointer"  pointer="cry/1"/></f><f name="10" ><p name="pointer"  pointer="cry/2"/></f><f name="11" ><p name="pointer"  pointer="cry/3"/></f><f name="12" ><p name="pointer"  pointer="cry/0"/></f><f name="13" ><p name="pointer"  pointer="cry/1"/></f><f name="14" ><p name="pointer"  pointer="cry/2"/></f><f name="15" ><p name="pointer"  pointer="cry/3"/></f><f name="16" ><p name="pointer"  pointer="cry/0"/></f><f name="17" ><p name="pointer"  pointer="cry/1"/></f><f name="18" ><p name="pointer"  pointer="cry/2"/></f><f name="19" ><p name="pointer"  pointer="cry/3"/></f></s>
<s name="alert"><f name="0" delay="3000" ><p name="alert"  origin_x="22" origin_y="36" lt_x="-22" lt_y="-36" rb_x="25" rb_y="0" image="alert.0.png"/></f></s>
<s name="eat"><f name="0" delay="100" ><p name="eat"  origin_x="28" origin_y="29" lt_x="-28" lt_y="-29" rb_x="27" rb_y="2" image="eat.0.png"/></f><f name="1" delay="100" ><p name="eat"  origin_x="31" origin_y="28" lt_x="-31" lt_y="-28" rb_x="27" rb_y="3" image="eat.1.png"/></f><f name="2" ><p name="pointer"  pointer="eat/0"/></f><f name="3" ><p name="pointer"  pointer="eat/1"/></f><f name="4" ><p name="pointer"  pointer="eat/0"/></f><f name="5" ><p name="pointer"  pointer="eat/1"/></f><f name="6" ><p name="pointer"  pointer="eat/0"/></f><f name="7" ><p name="pointer"  pointer="eat/1"/></f><f name="8" ><p name="pointer"  pointer="eat/0"/></f><f name="9" ><p name="pointer"  pointer="eat/1"/></f><f name="10" ><p name="pointer"  pointer="eat/0"/></f><f name="11" delay="400" ><p name="eat"  origin_x="31" origin_y="28" lt_x="-31" lt_y="-28" rb_x="27" rb_y="3" image="eat.11.png"/></f><f name="12" ><p name="pointer"  pointer="eat/0"/></f><f name="13" ><p name="pointer"  pointer="eat/1"/></f><f name="14" ><p name="pointer"  pointer="eat/0"/></f><f name="15" ><p name="pointer"  pointer="eat/1"/></f><f name="16" ><p name="pointer"  pointer="eat/0"/></f><f name="17" ><p name="pointer"  pointer="eat/1"/></f><f name="18" ><p name="pointer"  pointer="eat/0"/></f><f name="19" ><p name="pointer"  pointer="eat/1"/></f><f name="20" ><p name="pointer"  pointer="eat/0"/></f><f name="21" ><p name="pointer"  pointer="eat/1"/></f><f name="22" ><p name="pointer"  pointer="eat/0"/></f><f name="23" ><p name="pointer"  pointer="eat/11"/></f></s>
<s name="love"><f name="0" delay="100" ><p name="love"  origin_x="23" origin_y="42" lt_x="-23" lt_y="-42" rb_x="26" rb_y="0" image="love.0.png"/></f><f name="1" delay="100" ><p name="love"  origin_x="23" origin_y="43" lt_x="-23" lt_y="-43" rb_x="25" rb_y="0" image="love.1.png"/></f><f name="2" delay="100" ><p name="love"  origin_x="23" origin_y="46" lt_x="-23" lt_y="-46" rb_x="25" rb_y="0" image="love.2.png"/></f><f name="3" delay="100" ><p name="love"  origin_x="23" origin_y="47" lt_x="-23" lt_y="-47" rb_x="26" rb_y="0" image="love.3.png"/></f><f name="4" delay="100" ><p name="love"  origin_x="23" origin_y="48" lt_x="-23" lt_y="-48" rb_x="25" rb_y="0" image="love.4.png"/></f><f name="5" delay="100" ><p name="love"  origin_x="23" origin_y="40" lt_x="-23" lt_y="-40" rb_x="25" rb_y="0" image="love.5.png"/></f><f name="6" ><p name="pointer"  pointer="love/0"/></f><f name="7" ><p name="pointer"  pointer="love/1"/></f><f name="8" ><p name="pointer"  pointer="love/2"/></f><f name="9" ><p name="pointer"  pointer="love/3"/></f><f name="10" ><p name="pointer"  pointer="love/4"/></f><f name="11" ><p name="pointer"  pointer="love/5"/></f><f name="12" ><p name="pointer"  pointer="love/0"/></f><f name="13" ><p name="pointer"  pointer="love/1"/></f><f name="14" ><p name="pointer"  pointer="love/2"/></f><f name="15" ><p name="pointer"  pointer="love/3"/></f><f name="16" ><p name="pointer"  pointer="love/4"/></f><f name="17" ><p name="pointer"  pointer="love/5"/></f><f name="18" ><p name="pointer"  pointer="love/0"/></f><f name="19" ><p name="pointer"  pointer="love/1"/></f><f name="20" ><p name="pointer"  pointer="love/2"/></f><f name="21" ><p name="pointer"  pointer="love/3"/></f><f name="22" ><p name="pointer"  pointer="love/4"/></f><f name="23" ><p name="pointer"  pointer="love/5"/></f><f name="24" ><p name="pointer"  pointer="love/0"/></f><f name="25" ><p name="pointer"  pointer="love/1"/></f><f name="26" ><p name="pointer"  pointer="love/2"/></f><f name="27" ><p name="pointer"  pointer="love/3"/></f><f name="28" ><p name="pointer"  pointer="love/4"/></f><f name="29" ><p name="pointer"  pointer="love/5"/></f></s>
<s name="warn"><f name="0" delay="3000" ><p name="warn"  origin_x="19" origin_y="32" lt_x="-21" lt_y="-32" rb_x="29" rb_y="0" image="warn.0.png"/></f></s>
<s name="stunned"><f name="0" delay="3000" ><p name="stunned"  origin_x="22" origin_y="36" lt_x="-22" lt_y="-36" rb_x="25" rb_y="0" image="stunned.0.png"/></f></s>
<s name="irrelevant"><f name="0" delay="3000" ><p name="irrelevant"  origin_x="25" origin_y="33" lt_x="-25" lt_y="-33" rb_x="26" rb_y="0" image="irrelevant.0.png"/></f></s>
<s name="no"><f name="0" delay="3000" ><p name="no"  origin_x="26" origin_y="28" lt_x="-27" lt_y="-28" rb_x="23" rb_y="0" image="no.0.png"/></f></s>
<s name="fly"><f name="0" delay="200" ><p name="fly"  origin_x="22" origin_y="35" lt_x="-20" lt_y="-44" rb_x="16" rb_y="0" image="fly.0.png"/></f><f name="1" delay="200" ><p name="fly"  origin_x="22" origin_y="35" lt_x="-20" lt_y="-44" rb_x="14" rb_y="0" image="fly.1.png"/></f></s>
</i>
