<i name="5000006">
<i name="stand0">
<i name="0">
<i name="origin">
<i name="x" value="20"/>
<i name="y" value="47"/>
</i>
<i name="image" value="5000006.stand0.0.png"/>
</i>
<i name="1">
<i name="pointer" value="5000006/stand0/0"/>
</i>
<i name="2">
<i name="pointer" value="5000006/stand0/0"/>
</i>
</i>
<i name="stand1">
<i name="0">
<i name="origin">
<i name="x" value="20"/>
<i name="y" value="47"/>
</i>
<i name="image" value="5000006.stand1.0.png"/>
</i>
<i name="1">
<i name="origin">
<i name="x" value="20"/>
<i name="y" value="46"/>
</i>
<i name="image" value="5000006.stand1.1.png"/>
</i>
<i name="2">
<i name="origin">
<i name="x" value="20"/>
<i name="y" value="45"/>
</i>
<i name="image" value="5000006.stand1.2.png"/>
</i>
</i>
<i name="hungry">
<i name="0">
<i name="origin">
<i name="x" value="19"/>
<i name="y" value="46"/>
</i>
<i name="image" value="5000006.hungry.0.png"/>
</i>
</i>
<i name="move">
<i name="0">
<i name="origin">
<i name="x" value="20"/>
<i name="y" value="50"/>
</i>
<i name="image" value="5000006.move.0.png"/>
</i>
<i name="1">
<i name="origin">
<i name="x" value="20"/>
<i name="y" value="49"/>
</i>
<i name="image" value="5000006.move.1.png"/>
</i>
<i name="2">
<i name="origin">
<i name="x" value="20"/>
<i name="y" value="48"/>
</i>
<i name="image" value="5000006.move.2.png"/>
</i>
</i>
<i name="jump">
<i name="0">
<i name="origin">
<i name="x" value="20"/>
<i name="y" value="49"/>
</i>
<i name="image" value="5000006.jump.0.png"/>
</i>
</i>
<i name="rest0">
<i name="0">
<i name="origin">
<i name="x" value="19"/>
<i name="y" value="47"/>
</i>
<i name="image" value="5000006.rest0.0.png"/>
</i>
<i name="1">
<i name="pointer" value="5000006/rest0/0"/>
</i>
<i name="2">
<i name="pointer" value="5000006/rest0/0"/>
</i>
</i>
<i name="chat">
<i name="0">
<i name="origin">
<i name="x" value="20"/>
<i name="y" value="48"/>
</i>
<i name="image" value="5000006.chat.0.png"/>
</i>
<i name="1">
<i name="pointer" value="5000006/chat/0"/>
</i>
<i name="2">
<i name="pointer" value="5000006/chat/0"/>
</i>
<i name="3">
<i name="pointer" value="5000006/chat/0"/>
</i>
<i name="4">
<i name="pointer" value="5000006/chat/0"/>
</i>
<i name="5">
<i name="pointer" value="5000006/chat/0"/>
</i>
<i name="6">
<i name="pointer" value="5000006/chat/0"/>
</i>
<i name="7">
<i name="pointer" value="5000006/chat/0"/>
</i>
<i name="8">
<i name="pointer" value="5000006/chat/0"/>
</i>
<i name="9">
<i name="pointer" value="5000006/chat/0"/>
</i>
<i name="10">
<i name="pointer" value="5000006/chat/0"/>
</i>
<i name="11">
<i name="pointer" value="5000006/chat/0"/>
</i>
<i name="12">
<i name="pointer" value="5000006/chat/0"/>
</i>
<i name="13">
<i name="pointer" value="5000006/chat/0"/>
</i>
<i name="14">
<i name="pointer" value="5000006/chat/0"/>
</i>
<i name="15">
<i name="pointer" value="5000006/chat/0"/>
</i>
</i>
<i name="angry">
<i name="0">
<i name="origin">
<i name="x" value="18"/>
<i name="y" value="41"/>
</i>
<i name="image" value="5000006.angry.0.png"/>
</i>
</i>
<i name="hang">
<i name="0">
<i name="origin">
<i name="x" value="11"/>
<i name="y" value="68"/>
</i>
<i name="image" value="5000006.hang.0.png"/>
</i>
</i>
<i name="rise">
<i name="0">
<i name="origin">
<i name="x" value="9"/>
<i name="y" value="55"/>
</i>
<i name="image" value="5000006.rise.0.png"/>
</i>
<i name="1">
<i name="origin">
<i name="x" value="8"/>
<i name="y" value="55"/>
</i>
<i name="image" value="5000006.rise.1.png"/>
</i>
<i name="2">
<i name="pointer" value="5000006/rise/0"/>
</i>
<i name="3">
<i name="pointer" value="5000006/rise/1"/>
</i>
<i name="4">
<i name="pointer" value="5000006/rise/0"/>
</i>
</i>
<i name="prone">
<i name="0">
<i name="origin">
<i name="x" value="20"/>
<i name="y" value="45"/>
</i>
<i name="image" value="5000006.prone.0.png"/>
</i>
<i name="1">
<i name="pointer" value="5000006/prone/0"/>
</i>
<i name="2">
<i name="pointer" value="5000006/prone/0"/>
</i>
<i name="3">
<i name="pointer" value="5000006/prone/0"/>
</i>
<i name="4">
<i name="pointer" value="5000006/prone/0"/>
</i>
<i name="5">
<i name="pointer" value="5000006/prone/0"/>
</i>
<i name="6">
<i name="pointer" value="5000006/prone/0"/>
</i>
<i name="7">
<i name="pointer" value="5000006/prone/0"/>
</i>
</i>
<i name="cry">
<i name="0">
<i name="origin">
<i name="x" value="19"/>
<i name="y" value="47"/>
</i>
<i name="image" value="5000006.cry.0.png"/>
</i>
<i name="1">
<i name="pointer" value="5000006/cry/0"/>
</i>
<i name="2">
<i name="pointer" value="5000006/cry/0"/>
</i>
<i name="3">
<i name="pointer" value="5000006/cry/0"/>
</i>
<i name="4">
<i name="pointer" value="5000006/cry/0"/>
</i>
<i name="5">
<i name="pointer" value="5000006/cry/0"/>
</i>
<i name="6">
<i name="pointer" value="5000006/cry/0"/>
</i>
<i name="7">
<i name="pointer" value="5000006/cry/0"/>
</i>
<i name="8">
<i name="pointer" value="5000006/cry/0"/>
</i>
<i name="9">
<i name="pointer" value="5000006/cry/0"/>
</i>
<i name="10">
<i name="pointer" value="5000006/cry/0"/>
</i>
<i name="11">
<i name="pointer" value="5000006/cry/0"/>
</i>
<i name="12">
<i name="pointer" value="5000006/cry/0"/>
</i>
<i name="13">
<i name="pointer" value="5000006/cry/0"/>
</i>
</i>
<i name="nap">
<i name="0">
<i name="origin">
<i name="x" value="24"/>
<i name="y" value="36"/>
</i>
<i name="image" value="5000006.nap.0.png"/>
</i>
<i name="1">
<i name="pointer" value="5000006/nap/0"/>
</i>
<i name="2">
<i name="pointer" value="5000006/nap/0"/>
</i>
<i name="3">
<i name="pointer" value="5000006/nap/0"/>
</i>
</i>
<i name="dung">
<i name="0">
<i name="origin">
<i name="x" value="20"/>
<i name="y" value="48"/>
</i>
<i name="image" value="5000006.dung.0.png"/>
</i>
</i>
<i name="tedious">
<i name="0">
<i name="origin">
<i name="x" value="19"/>
<i name="y" value="46"/>
</i>
<i name="image" value="5000006.tedious.0.png"/>
</i>
<i name="1">
<i name="origin">
<i name="x" value="24"/>
<i name="y" value="46"/>
</i>
<i name="image" value="5000006.tedious.1.png"/>
</i>
<i name="2">
<i name="pointer" value="5000006/tedious/1"/>
</i>
<i name="3">
<i name="pointer" value="5000006/tedious/1"/>
</i>
<i name="4">
<i name="pointer" value="5000006/tedious/1"/>
</i>
<i name="5">
<i name="pointer" value="5000006/tedious/1"/>
</i>
<i name="6">
<i name="pointer" value="5000006/tedious/1"/>
</i>
<i name="7">
<i name="pointer" value="5000006/tedious/0"/>
</i>
</i>
<i name="hand">
<i name="0">
<i name="origin">
<i name="x" value="21"/>
<i name="y" value="49"/>
</i>
<i name="image" value="5000006.hand.0.png"/>
</i>
</i>
<i name="fly">
<i name="0">
<i name="origin">
<i name="x" value="20"/>
<i name="y" value="47"/>
</i>
<i name="image" value="5000006.fly.0.png"/>
</i>
<i name="1">
<i name="origin">
<i name="x" value="20"/>
<i name="y" value="48"/>
</i>
<i name="image" value="5000006.fly.1.png"/>
</i>
</i>
<i name="eat">
<i name="0">
<i name="origin">
<i name="x" value="20"/>
<i name="y" value="48"/>
</i>
<i name="image" value="5000006.eat.0.png"/>
</i>
</i>
</i>