<i>
<s name="info"><f name="icon" ><p name="info"  image="info.icon.png"/></f><f name="iconRaw" ><p name="info"  origin_x="-4" origin_y="30" image="info.iconRaw.png"/></f><p name="reqJob" v="1"/></s>
<s name="walk1"><f name="0" ><p name="walk1"  origin_x="9" origin_y="7" navel_x="-5" navel_y="-6" z="pants" image="walk1.0.pants.png"/></f><f name="1" ><p name="walk1"  origin_x="9" origin_y="6" navel_x="-2" navel_y="-6" z="pants" image="walk1.1.pants.png"/></f><f name="2" ><p name="walk1"  origin_x="9" origin_y="7" navel_x="-4" navel_y="-6" z="pants" image="walk1.2.pants.png"/></f><f name="3" ><p name="walk1"  origin_x="9" origin_y="6" navel_x="-4" navel_y="-4" z="pants" image="walk1.3.pants.png"/></f></s>
<s name="walk2"><f name="0" ><p name="pointer"  pointer="walk1/0/pants"/></f><f name="1" ><p name="pointer"  pointer="walk1/1/pants"/></f><f name="2" ><p name="pointer"  pointer="walk1/2/pants"/></f><f name="3" ><p name="pointer"  pointer="walk1/3/pants"/></f></s>
<s name="stand1"><f name="0" ><p name="stand1"  origin_x="9" origin_y="6" navel_x="-6" navel_y="-6" z="pants" image="stand1.0.pants.png"/></f><f name="1" ><p name="stand1"  origin_x="9" origin_y="6" navel_x="-5" navel_y="-5" z="pants" image="stand1.1.pants.png"/></f><f name="2" ><p name="stand1"  origin_x="9" origin_y="6" navel_x="-4" navel_y="-6" z="pants" image="stand1.2.pants.png"/></f></s>
<s name="stand2"><f name="0" ><p name="pointer"  pointer="stand1/0/pants"/></f><f name="1" ><p name="pointer"  pointer="stand1/1/pants"/></f><f name="2" ><p name="pointer"  pointer="stand1/2/pants"/></f></s>
<s name="alert"><f name="0" ><p name="alert"  origin_x="10" origin_y="5" navel_x="0" navel_y="-4" z="pants" image="alert.0.pants.png"/></f><f name="1" ><p name="alert"  origin_x="10" origin_y="6" navel_x="-1" navel_y="-5" z="pants" image="alert.1.pants.png"/></f><f name="2" ><p name="alert"  origin_x="9" origin_y="6" navel_x="-1" navel_y="-5" z="pants" image="alert.2.pants.png"/></f></s>
<s name="swingO1"><f name="0" ><p name="swingO1"  origin_x="9" origin_y="6" navel_x="-1" navel_y="-3" z="pants" image="swingO1.0.pants.png"/></f><f name="1" ><p name="swingO1"  origin_x="10" origin_y="6" navel_x="-8" navel_y="-3" z="pants" image="swingO1.1.pants.png"/></f><f name="2" ><p name="swingO1"  origin_x="9" origin_y="6" navel_x="-1" navel_y="-3" z="pants" image="swingO1.2.pants.png"/></f></s>
<s name="swingO2"><f name="0" ><p name="swingO2"  origin_x="10" origin_y="5" navel_x="-4" navel_y="-5" z="pants" image="swingO2.0.pants.png"/></f><f name="1" ><p name="swingO2"  origin_x="10" origin_y="6" navel_x="-2" navel_y="-2" z="pants" image="swingO2.1.pants.png"/></f><f name="2" ><p name="swingO2"  origin_x="9" origin_y="6" navel_x="-2" navel_y="-2" z="pants" image="swingO2.2.pants.png"/></f></s>
<s name="swingO3"><f name="0" ><p name="swingO3"  origin_x="10" origin_y="5" navel_x="-3" navel_y="-2" z="pants" image="swingO3.0.pants.png"/></f><f name="1" ><p name="swingO3"  origin_x="10" origin_y="6" navel_x="-8" navel_y="-1" z="pants" image="swingO3.1.pants.png"/></f><f name="2" ><p name="swingO3"  origin_x="9" origin_y="6" navel_x="-5" navel_y="-3" z="pants" image="swingO3.2.pants.png"/></f></s>
<s name="swingOF"><f name="0" ><p name="swingOF"  origin_x="10" origin_y="5" navel_x="1" navel_y="-3" z="pants" image="swingOF.0.pants.png"/></f><f name="1" ><p name="swingOF"  origin_x="10" origin_y="6" navel_x="-2" navel_y="-3" z="backPants" image="swingOF.1.pants.png"/></f><f name="2" ><p name="swingOF"  origin_x="9" origin_y="6" navel_x="-6" navel_y="0" z="pants" image="swingOF.2.pants.png"/></f><f name="3" ><p name="swingOF"  origin_x="10" origin_y="5" navel_x="6" navel_y="0" z="pants" image="swingOF.3.pants.png"/></f></s>
<s name="swingT1"><f name="0" ><p name="swingT1"  origin_x="10" origin_y="5" navel_x="-3" navel_y="-6" z="pants" image="swingT1.0.pants.png"/></f><f name="1" ><p name="swingT1"  origin_x="10" origin_y="6" navel_x="-3" navel_y="-3" z="pants" image="swingT1.1.pants.png"/></f><f name="2" ><p name="swingT1"  origin_x="9" origin_y="6" navel_x="1" navel_y="-3" z="pants" image="swingT1.2.pants.png"/></f></s>
<s name="swingT2"><f name="0" ><p name="swingT2"  origin_x="10" origin_y="5" navel_x="2" navel_y="-2" z="pants" image="swingT2.0.pants.png"/></f><f name="1" ><p name="swingT2"  origin_x="10" origin_y="6" navel_x="-1" navel_y="-4" z="pants" image="swingT2.1.pants.png"/></f><f name="2" ><p name="swingT2"  origin_x="9" origin_y="6" navel_x="2" navel_y="-2" z="pants" image="swingT2.2.pants.png"/></f></s>
<s name="swingT3"><f name="0" ><p name="swingT3"  origin_x="10" origin_y="5" navel_x="-2" navel_y="-2" z="pants" image="swingT3.0.pants.png"/></f><f name="1" ><p name="swingT3"  origin_x="10" origin_y="6" navel_x="-4" navel_y="-3" z="pants" image="swingT3.1.pants.png"/></f><f name="2" ><p name="swingT3"  origin_x="9" origin_y="6" navel_x="2" navel_y="-3" z="pants" image="swingT3.2.pants.png"/></f></s>
<s name="swingTF"><f name="0" ><p name="swingTF"  origin_x="10" origin_y="5" navel_x="-3" navel_y="-3" z="backPants" image="swingTF.0.pants.png"/></f><f name="1" ><p name="swingTF"  origin_x="10" origin_y="6" navel_x="0" navel_y="-2" z="pants" image="swingTF.1.pants.png"/></f><f name="2" ><p name="swingTF"  origin_x="9" origin_y="6" navel_x="0" navel_y="-3" z="pants" image="swingTF.2.pants.png"/></f><f name="3" ><p name="swingTF"  origin_x="10" origin_y="5" navel_x="2" navel_y="0" z="pants" image="swingTF.3.pants.png"/></f></s>
<s name="swingP1"><f name="0" ><p name="swingP1"  origin_x="10" origin_y="5" navel_x="-2" navel_y="-5" z="pants" image="swingP1.0.pants.png"/></f><f name="1" ><p name="swingP1"  origin_x="10" origin_y="6" navel_x="-3" navel_y="-2" z="pants" image="swingP1.1.pants.png"/></f><f name="2" ><p name="swingP1"  origin_x="9" origin_y="6" navel_x="1" navel_y="-2" z="pants" image="swingP1.2.pants.png"/></f></s>
<s name="swingP2"><f name="0" ><p name="swingP2"  origin_x="10" origin_y="5" navel_x="-1" navel_y="-4" z="pants" image="swingP2.0.pants.png"/></f><f name="1" ><p name="swingP2"  origin_x="10" origin_y="6" navel_x="-3" navel_y="-2" z="pants" image="swingP2.1.pants.png"/></f><f name="2" ><p name="swingP2"  origin_x="9" origin_y="6" navel_x="1" navel_y="-2" z="pants" image="swingP2.2.pants.png"/></f></s>
<s name="swingPF"><f name="0" ><p name="swingPF"  origin_x="10" origin_y="5" navel_x="0" navel_y="-3" z="pants" image="swingPF.0.pants.png"/></f><f name="1" ><p name="swingPF"  origin_x="10" origin_y="6" navel_x="2" navel_y="-4" z="pants" image="swingPF.1.pants.png"/></f><f name="2" ><p name="swingPF"  origin_x="9" origin_y="6" navel_x="5" navel_y="-4" z="pants" image="swingPF.2.pants.png"/></f><f name="3" ><p name="swingPF"  origin_x="9" origin_y="6" navel_x="1" navel_y="-1" z="pants" image="swingPF.3.pants.png"/></f></s>
<s name="stabO1"><f name="0" ><p name="stabO1"  origin_x="10" origin_y="5" navel_x="4" navel_y="-3" z="pants" image="stabO1.0.pants.png"/></f><f name="1" ><p name="stabO1"  origin_x="10" origin_y="6" navel_x="0" navel_y="-1" z="pants" image="stabO1.1.pants.png"/></f></s>
<s name="stabO2"><f name="0" ><p name="stabO2"  origin_x="10" origin_y="5" navel_x="-1" navel_y="-4" z="pants" image="stabO2.0.pants.png"/></f><f name="1" ><p name="stabO2"  origin_x="10" origin_y="6" navel_x="-2" navel_y="-2" z="pants" image="stabO2.1.pants.png"/></f></s>
<s name="stabOF"><f name="0" ><p name="stabOF"  origin_x="10" origin_y="5" navel_x="0" navel_y="-4" z="pants" image="stabOF.0.pants.png"/></f><f name="1" ><p name="stabOF"  origin_x="10" origin_y="6" navel_x="4" navel_y="-4" z="pants" image="stabOF.1.pants.png"/></f><f name="2" ><p name="stabOF"  origin_x="10" origin_y="6" navel_x="1" navel_y="-1" z="pants" image="stabOF.2.pants.png"/></f></s>
<s name="stabT1"><f name="0" ><p name="stabT1"  origin_x="10" origin_y="5" navel_x="1" navel_y="-2" z="pants" image="stabT1.0.pants.png"/></f><f name="1" ><p name="stabT1"  origin_x="10" origin_y="6" navel_x="-6" navel_y="-2" z="pants" image="stabT1.1.pants.png"/></f><f name="2" ><p name="stabT1"  origin_x="9" origin_y="6" navel_x="3" navel_y="-3" z="pants" image="stabT1.2.pants.png"/></f></s>
<s name="stabT2"><f name="0" ><p name="stabT2"  origin_x="10" origin_y="5" navel_x="-1" navel_y="-1" z="pants" image="stabT2.0.pants.png"/></f><f name="1" ><p name="stabT2"  origin_x="10" origin_y="6" navel_x="-2" navel_y="1" z="pants" image="stabT2.1.pants.png"/></f><f name="2" ><p name="stabT2"  origin_x="9" origin_y="6" navel_x="3" navel_y="-3" z="pants" image="stabT2.2.pants.png"/></f></s>
<s name="stabTF"><f name="0" ><p name="pointer"  pointer="swingPF/0/pants"/></f><f name="1" ><p name="pointer"  pointer="swingPF/1/pants"/></f><f name="2" ><p name="stabTF"  origin_x="9" origin_y="6" navel_x="5" navel_y="-4" z="pants" image="stabTF.2.pants.png"/></f><f name="3" ><p name="pointer"  pointer="stabT1/2/pants"/></f></s>
<s name="shoot1"><f name="0" ><p name="shoot1"  origin_x="10" origin_y="5" navel_x="-2" navel_y="-4" z="pants" image="shoot1.0.pants.png"/></f><f name="1" ><p name="pointer"  pointer="shoot1/0/pants"/></f><f name="2" ><p name="pointer"  pointer="shoot1/0/pants"/></f></s>
<s name="shoot2"><f name="0" ><p name="shoot2"  origin_x="10" origin_y="5" navel_x="-4" navel_y="-3" z="pants" image="shoot2.0.pants.png"/></f><f name="1" ><p name="pointer"  pointer="shoot2/0/pants"/></f><f name="2" ><p name="pointer"  pointer="shoot2/0/pants"/></f><f name="3" ><p name="pointer"  pointer="shoot2/0/pants"/></f><f name="4" ><p name="pointer"  pointer="shoot2/0/pants"/></f></s>
<s name="shootF"><f name="0" ><p name="shootF"  origin_x="10" origin_y="5" navel_x="3" navel_y="-4" z="pants" image="shootF.0.pants.png"/></f><f name="1" ><p name="shootF"  origin_x="10" origin_y="5" navel_x="4" navel_y="-4" z="pants" image="shootF.1.pants.png"/></f><f name="2" ><p name="pointer"  pointer="shootF/1/pants"/></f></s>
<s name="proneStab"><f name="0" ><p name="proneStab"  origin_x="10" origin_y="5" navel_x="-5" navel_y="7" z="pants" image="proneStab.0.pants.png"/></f><f name="1" ><p name="pointer"  pointer="proneStab/0/pants"/></f></s>
<s name="prone"><f name="0" ><p name="pointer"  pointer="proneStab/0/pants"/></f></s>
<s name="heal"><f name="0" ><p name="pointer"  pointer="alert/1/pants"/></f><f name="1" ><p name="pointer"  pointer="swingO2/1/pants"/></f><f name="2" ><p name="pointer"  pointer="swingO2/0/pants"/></f></s>
<s name="fly"><f name="0" ><p name="fly"  origin_x="10" origin_y="5" navel_x="-5" navel_y="-4" z="pants" image="fly.0.pants.png"/></f><f name="1" ><p name="fly"  origin_x="10" origin_y="6" navel_x="-5" navel_y="-3" z="pants" image="fly.1.pants.png"/></f></s>
<s name="jump"><f name="0" ><p name="jump"  origin_x="10" origin_y="5" navel_x="-1" navel_y="-4" z="pants" image="jump.0.pants.png"/></f></s>
<s name="sit"><f name="0" ><p name="sit"  origin_x="10" origin_y="5" navel_x="1" navel_y="-4" z="pants" image="sit.0.pants.png"/></f></s>
<s name="ladder"><f name="0" ><p name="ladder"  origin_x="10" origin_y="5" navel_x="-2" navel_y="-6" z="backPants" image="ladder.0.pants.png"/></f><f name="1" ><p name="ladder"  origin_x="10" origin_y="5" navel_x="-1" navel_y="-6" z="backPants" image="ladder.1.pants.png"/></f></s>
<s name="rope"><f name="0" ><p name="rope"  origin_x="10" origin_y="5" navel_x="-1" navel_y="-6" z="backPants" image="rope.0.pants.png"/></f><f name="1" ><p name="rope"  origin_x="10" origin_y="5" navel_x="-1" navel_y="-5" z="backPants" image="rope.1.pants.png"/></f></s>
</i>
