<i>
<s name="walk2"><f name="0" ><p name="46"  origin_x="40" origin_y="21" navel_x="-4" navel_y="1" z="weaponOverArm" image="46.walk2.0.weapon.png"/></f><f name="1" ><p name="46"  origin_x="40" origin_y="21" navel_x="-3" navel_y="0" z="weaponOverArm" image="46.walk2.1.weapon.png"/></f><f name="2" ><p name="pointer"  pointer="46/walk2/0/weapon"/></f><f name="3" ><p name="46"  origin_x="40" origin_y="23" navel_x="-5" navel_y="0" z="weaponOverArm" image="46.walk2.3.weapon.png"/></f></s>
<s name="stand2"><f name="0" ><p name="46"  origin_x="35" origin_y="23" navel_x="-5" navel_y="0" z="weaponOverArm" image="46.stand2.0.weapon.png"/></f><f name="1" ><p name="46"  origin_x="35" origin_y="23" navel_x="-5" navel_y="1" z="weaponOverArm" image="46.stand2.1.weapon.png"/></f><f name="2" ><p name="46"  origin_x="35" origin_y="23" navel_x="-5" navel_y="0" z="weaponOverArm" image="46.stand2.2.weapon.png"/></f></s>
<s name="alert"><f name="0" ><p name="46"  origin_x="42" origin_y="22" navel_x="-6" navel_y="-4" z="weaponBelowArm" image="46.alert.0.weapon.png"/></f><f name="1" ><p name="46"  origin_x="41" origin_y="21" navel_x="-5" navel_y="-5" z="weaponBelowArm" image="46.alert.1.weapon.png"/></f><f name="2" ><p name="46"  origin_x="42" origin_y="20" navel_x="-6" navel_y="-6" z="weaponBelowArm" image="46.alert.2.weapon.png"/></f></s>
<s name="swingT1"><f name="0" ><p name="46"  origin_x="7" origin_y="31" navel_x="-9" navel_y="23" z="weaponBelowArm" image="46.swingT1.0.weapon.png"/></f><f name="1" ><p name="46"  origin_x="51" origin_y="59" navel_x="19" navel_y="12" z="weaponBelowArm" image="46.swingT1.1.weapon.png"/></f><f name="2" ><p name="46"  origin_x="31" origin_y="20" navel_x="16" navel_y="-12" z="weapon" image="46.swingT1.2.weapon.png"/></f></s>
<s name="stabT1"><f name="0" ><p name="46"  origin_x="60" origin_y="19" navel_x="-20" navel_y="2" z="weapon" image="46.stabT1.0.weapon.png"/></f><f name="1" ><p name="46"  origin_x="60" origin_y="22" navel_x="-17" navel_y="1" z="weapon" image="46.stabT1.1.weapon.png"/></f><f name="2" ><p name="46"  origin_x="107" origin_y="18" navel_x="3" navel_y="4" z="weapon" image="46.stabT1.2.weapon.png"/></f></s>
<s name="shoot2"><f name="0" ><p name="46"  origin_x="56" origin_y="16" navel_x="-4" navel_y="5" z="weaponBelowArm" image="46.shoot2.0.weapon.png"/></f><f name="1" ><p name="pointer"  pointer="46/shoot2/0/weapon"/></f><f name="2" ><p name="pointer"  pointer="46/shoot2/0/weapon"/></f><f name="3" ><p name="pointer"  pointer="46/shoot2/0/weapon"/></f><f name="4" ><p name="46"  origin_x="37" origin_y="8" navel_x="0" navel_y="13" z="weaponBelowArm" image="46.shoot2.4.weapon.png"/></f></s>
<s name="proneStab"><f name="0" ><p name="46"  origin_x="42" origin_y="5" navel_x="9" navel_y="2" z="weaponBelowArm" image="46.proneStab.0.weapon.png"/></f><f name="1" ><p name="46"  origin_x="52" origin_y="8" navel_x="25" navel_y="1" z="weaponBelowArm" image="46.proneStab.1.weapon.png"/></f></s>
<s name="prone"><f name="0" ><p name="pointer"  pointer="46/proneStab/0/weapon"/></f></s>
<s name="fly"><f name="0" ><p name="46"  origin_x="38" origin_y="22" navel_x="-3" navel_y="9" z="weaponOverArm" image="46.fly.0.weapon.png"/></f><f name="1" ><p name="pointer"  pointer="46/fly/0/weapon"/></f></s>
<s name="jump"><f name="0" ><p name="46"  origin_x="38" origin_y="22" navel_x="-4" navel_y="8" z="weaponOverArm" image="46.jump.0.weapon.png"/></f></s>
</i>
