  <i name="1120003">
  <i name="state">
    <i name="0">
      <i name="origin">
        <i name="x" value="36"/>
        <i name="y" value="36"/>
      </i>
      <i name="image" value="1120003.state.0.png"/>
    </i>
    <i name="1">
      <i name="origin">
        <i name="x" value="21"/>
        <i name="y" value="21"/>
      </i>
      <i name="delay" value="300"/>
      <i name="a0" value="64"/>
      <i name="a1" value="255"/>
      <i name="z0" value="300"/>
      <i name="z1" value="100"/>
      <i name="image" value="1120003.state.1.png"/>
    </i>
    <i name="2">
      <i name="origin">
        <i name="x" value="21"/>
        <i name="y" value="21"/>
      </i>
      <i name="delay" value="300"/>
      <i name="a0" value="64"/>
      <i name="a1" value="255"/>
      <i name="z0" value="300"/>
      <i name="z1" value="100"/>
      <i name="image" value="1120003.state.2.png"/>
    </i>
    <i name="3">
      <i name="origin">
        <i name="x" value="21"/>
        <i name="y" value="21"/>
      </i>
      <i name="delay" value="300"/>
      <i name="a0" value="64"/>
      <i name="a1" value="255"/>
      <i name="z0" value="300"/>
      <i name="z1" value="100"/>
      <i name="image" value="1120003.state.3.png"/>
    </i>
    <i name="4">
      <i name="origin">
        <i name="x" value="21"/>
        <i name="y" value="21"/>
      </i>
      <i name="delay" value="300"/>
      <i name="a0" value="64"/>
      <i name="a1" value="255"/>
      <i name="z0" value="300"/>
      <i name="z1" value="100"/>
      <i name="image" value="1120003.state.4.png"/>
    </i>
    <i name="5">
      <i name="origin">
        <i name="x" value="21"/>
        <i name="y" value="21"/>
      </i>
      <i name="delay" value="300"/>
      <i name="a0" value="64"/>
      <i name="a1" value="255"/>
      <i name="z0" value="300"/>
      <i name="z1" value="100"/>
      <i name="image" value="1120003.state.5.png"/>
    </i>
  </i>
  </i>
