  <i name="1121008">
  <i name="effect">
    <i name="0">
      <i name="0">
        <i name="origin">
          <i name="x" value="30"/>
          <i name="y" value="23"/>
        </i>
        <i name="delay" value="120"/>
        <i name="image" value="1121008.effect.0.0.png"/>
      </i>
      <i name="1">
        <i name="origin">
          <i name="x" value="49"/>
          <i name="y" value="81"/>
        </i>
        <i name="delay" value="120"/>
        <i name="image" value="1121008.effect.0.1.png"/>
      </i>
      <i name="2">
        <i name="origin">
          <i name="x" value="52"/>
          <i name="y" value="81"/>
        </i>
        <i name="delay" value="120"/>
        <i name="image" value="1121008.effect.0.2.png"/>
      </i>
      <i name="3">
        <i name="origin">
          <i name="x" value="150"/>
          <i name="y" value="82"/>
        </i>
        <i name="delay" value="120"/>
        <i name="image" value="1121008.effect.0.3.png"/>
      </i>
      <i name="4">
        <i name="origin">
          <i name="x" value="145"/>
          <i name="y" value="83"/>
        </i>
        <i name="delay" value="120"/>
        <i name="image" value="1121008.effect.0.4.png"/>
      </i>
      <i name="5">
        <i name="origin">
          <i name="x" value="172"/>
          <i name="y" value="88"/>
        </i>
        <i name="delay" value="120"/>
        <i name="image" value="1121008.effect.0.5.png"/>
      </i>
      <i name="6">
        <i name="origin">
          <i name="x" value="152"/>
          <i name="y" value="85"/>
        </i>
        <i name="delay" value="120"/>
        <i name="image" value="1121008.effect.0.6.png"/>
      </i>
      <i name="7">
        <i name="origin">
          <i name="x" value="137"/>
          <i name="y" value="104"/>
        </i>
        <i name="delay" value="120"/>
        <i name="image" value="1121008.effect.0.7.png"/>
      </i>
      <i name="8">
        <i name="origin">
          <i name="x" value="133"/>
          <i name="y" value="107"/>
        </i>
        <i name="delay" value="120"/>
        <i name="image" value="1121008.effect.0.8.png"/>
      </i>
    </i>
    <i name="1">
      <i name="0">
        <i name="origin">
          <i name="x" value="30"/>
          <i name="y" value="23"/>
        </i>
        <i name="delay" value="120"/>
        <i name="image" value="1121008.effect.1.0.png"/>
      </i>
      <i name="1">
        <i name="origin">
          <i name="x" value="49"/>
          <i name="y" value="81"/>
        </i>
        <i name="delay" value="120"/>
        <i name="image" value="1121008.effect.1.1.png"/>
      </i>
      <i name="2">
        <i name="origin">
          <i name="x" value="115"/>
          <i name="y" value="106"/>
        </i>
        <i name="delay" value="120"/>
        <i name="image" value="1121008.effect.1.2.png"/>
      </i>
      <i name="3">
        <i name="origin">
          <i name="x" value="123"/>
          <i name="y" value="101"/>
        </i>
        <i name="delay" value="120"/>
        <i name="image" value="1121008.effect.1.3.png"/>
      </i>
      <i name="4">
        <i name="origin">
          <i name="x" value="120"/>
          <i name="y" value="83"/>
        </i>
        <i name="delay" value="120"/>
        <i name="image" value="1121008.effect.1.4.png"/>
      </i>
      <i name="5">
        <i name="origin">
          <i name="x" value="93"/>
          <i name="y" value="88"/>
        </i>
        <i name="delay" value="120"/>
        <i name="image" value="1121008.effect.1.5.png"/>
      </i>
      <i name="6">
        <i name="origin">
          <i name="x" value="178"/>
          <i name="y" value="90"/>
        </i>
        <i name="delay" value="120"/>
        <i name="image" value="1121008.effect.1.6.png"/>
      </i>
      <i name="7">
        <i name="origin">
          <i name="x" value="172"/>
          <i name="y" value="85"/>
        </i>
        <i name="delay" value="120"/>
        <i name="image" value="1121008.effect.1.7.png"/>
      </i>
      <i name="8">
        <i name="origin">
          <i name="x" value="191"/>
          <i name="y" value="49"/>
        </i>
        <i name="delay" value="120"/>
        <i name="image" value="1121008.effect.1.8.png"/>
      </i>
    </i>
  </i>
  <i name="hit">
    <i name="0">
      <i name="0">
        <i name="origin">
          <i name="x" value="35"/>
          <i name="y" value="34"/>
        </i>
        <i name="delay" value="90"/>
        <i name="image" value="1121008.hit.0.0.png"/>
      </i>
      <i name="1">
        <i name="origin">
          <i name="x" value="32"/>
          <i name="y" value="32"/>
        </i>
        <i name="delay" value="90"/>
        <i name="image" value="1121008.hit.0.1.png"/>
      </i>
    </i>
  </i>
  </i>
