  <i name="05021015">
  <i name="info">
    <i name="icon">
      <i name="origin">
        <i name="x" value="-2"/>
        <i name="y" value="30"/>
      </i>
      <i name="image" value="05021015.info.icon.png"/>
    </i>
    <i name="iconRaw">
      <i name="origin">
        <i name="x" value="-2"/>
        <i name="y" value="30"/>
      </i>
      <i name="image" value="05021015.info.iconRaw.png"/>
    </i>
    <i name="cash" value="1"/>
  </i>
  <i name="bullet">
    <i name="0">
      <i name="origin">
        <i name="x" value="9"/>
        <i name="y" value="9"/>
      </i>
      <i name="image" value="05021015.bullet.0.png"/>
    </i>
    <i name="1">
      <i name="origin">
        <i name="x" value="9"/>
        <i name="y" value="9"/>
      </i>
      <i name="image" value="05021015.bullet.1.png"/>
    </i>
    <i name="2">
      <i name="origin">
        <i name="x" value="9"/>
        <i name="y" value="9"/>
      </i>
      <i name="image" value="05021015.bullet.2.png"/>
    </i>
    <i name="3">
      <i name="origin">
        <i name="x" value="9"/>
        <i name="y" value="9"/>
      </i>
      <i name="image" value="05021015.bullet.3.png"/>
    </i>
  </i>
  <i name="hit">
    <i name="0">
      <i name="origin">
        <i name="x" value="25"/>
        <i name="y" value="45"/>
      </i>
      <i name="delay" value="72"/>
      <i name="image" value="05021015.hit.0.png"/>
    </i>
    <i name="1">
      <i name="origin">
        <i name="x" value="38"/>
        <i name="y" value="40"/>
      </i>
      <i name="delay" value="72"/>
      <i name="image" value="05021015.hit.1.png"/>
    </i>
    <i name="2">
      <i name="origin">
        <i name="x" value="51"/>
        <i name="y" value="29"/>
      </i>
      <i name="delay" value="72"/>
      <i name="image" value="05021015.hit.2.png"/>
    </i>
    <i name="3">
      <i name="origin">
        <i name="x" value="51"/>
        <i name="y" value="34"/>
      </i>
      <i name="delay" value="72"/>
      <i name="image" value="05021015.hit.3.png"/>
    </i>
    <i name="4">
      <i name="origin">
        <i name="x" value="53"/>
        <i name="y" value="42"/>
      </i>
      <i name="delay" value="72"/>
      <i name="image" value="05021015.hit.4.png"/>
    </i>
    <i name="5">
      <i name="origin">
        <i name="x" value="36"/>
        <i name="y" value="39"/>
      </i>
      <i name="delay" value="72"/>
      <i name="image" value="05021015.hit.5.png"/>
    </i>
    <i name="6">
      <i name="origin">
        <i name="x" value="38"/>
        <i name="y" value="42"/>
      </i>
      <i name="delay" value="72"/>
      <i name="image" value="05021015.hit.6.png"/>
    </i>
    <i name="7">
      <i name="origin">
        <i name="x" value="39"/>
        <i name="y" value="45"/>
      </i>
      <i name="delay" value="72"/>
      <i name="image" value="05021015.hit.7.png"/>
    </i>
  </i>
  </i>
