<i>
<s name="default"><f name="default" ><p name="default"  origin_x="20" origin_y="12" brow_x="-5" brow_y="4" z="cap" image="default.default.png"/></f><f name="defaultAc" ><p name="default"  origin_x="5" origin_y="4" brow_x="-19" brow_y="-20" z="backHair" image="default.defaultAc.png"/></f></s>
<s name="backDefault"><f name="default" ><p name="backDefault"  origin_x="19" origin_y="23" brow_x="-4" brow_y="-7" z="backCap" image="backDefault.default.png"/></f></s>
<s name="walk1"><f name="0" ><p name="default"  pointer="default/default"/><p name="defaultAc"  pointer="default/defaultAc"/></f><f name="1" ><p name="default"  pointer="default/default"/><p name="defaultAc"  pointer="default/defaultAc"/></f><f name="2" ><p name="default"  pointer="default/default"/><p name="defaultAc"  pointer="default/defaultAc"/></f><f name="3" ><p name="default"  pointer="default/default"/><p name="defaultAc"  pointer="default/defaultAc"/></f></s>
<s name="walk2"><f name="0" ><p name="default"  pointer="default/default"/><p name="defaultAc"  pointer="default/defaultAc"/></f><f name="1" ><p name="default"  pointer="default/default"/><p name="defaultAc"  pointer="default/defaultAc"/></f><f name="2" ><p name="default"  pointer="default/default"/><p name="defaultAc"  pointer="default/defaultAc"/></f><f name="3" ><p name="default"  pointer="default/default"/><p name="defaultAc"  pointer="default/defaultAc"/></f></s>
<s name="stand1"><f name="0" ><p name="default"  pointer="default/default"/><p name="defaultAc"  pointer="default/defaultAc"/></f><f name="1" ><p name="default"  pointer="default/default"/><p name="defaultAc"  pointer="default/defaultAc"/></f><f name="2" ><p name="default"  pointer="default/default"/><p name="defaultAc"  pointer="default/defaultAc"/></f></s>
<s name="stand2"><f name="0" ><p name="default"  pointer="default/default"/><p name="defaultAc"  pointer="default/defaultAc"/></f><f name="1" ><p name="default"  pointer="default/default"/><p name="defaultAc"  pointer="default/defaultAc"/></f><f name="2" ><p name="default"  pointer="default/default"/><p name="defaultAc"  pointer="default/defaultAc"/></f></s>
<s name="alert"><f name="0" ><p name="default"  pointer="default/default"/><p name="defaultAc"  pointer="default/defaultAc"/></f><f name="1" ><p name="default"  pointer="default/default"/><p name="defaultAc"  pointer="default/defaultAc"/></f><f name="2" ><p name="default"  pointer="default/default"/><p name="defaultAc"  pointer="default/defaultAc"/></f></s>
<s name="swingO1"><f name="0" ><p name="default"  pointer="default/default"/><p name="defaultAc"  pointer="default/defaultAc"/></f><f name="1" ><p name="default"  pointer="default/default"/><p name="defaultAc"  pointer="default/defaultAc"/></f><f name="2" ><p name="default"  pointer="default/default"/><p name="defaultAc"  pointer="default/defaultAc"/></f></s>
<s name="swingO2"><f name="0" ><p name="default"  pointer="default/default"/><p name="defaultAc"  pointer="default/defaultAc"/></f><f name="1" ><p name="default"  pointer="default/default"/><p name="defaultAc"  pointer="default/defaultAc"/></f><f name="2" ><p name="default"  pointer="default/default"/><p name="defaultAc"  pointer="default/defaultAc"/></f></s>
<s name="swingO3"><f name="0" ><p name="default"  pointer="default/default"/><p name="defaultAc"  pointer="default/defaultAc"/></f><f name="1" ><p name="default"  pointer="default/default"/><p name="defaultAc"  pointer="default/defaultAc"/></f><f name="2" ><p name="default"  pointer="default/default"/><p name="defaultAc"  pointer="default/defaultAc"/></f></s>
<s name="swingOF"><f name="0" ><p name="default"  pointer="default/default"/><p name="defaultAc"  pointer="default/defaultAc"/></f><f name="1" ><p name="default"  pointer="backDefault/default"/><p name="defaultAc"  pointer="default/defaultAc"/></f><f name="2" ><p name="default"  pointer="default/default"/><p name="defaultAc"  pointer="default/defaultAc"/></f><f name="3" ><p name="default"  pointer="default/default"/><p name="defaultAc"  pointer="default/defaultAc"/></f></s>
<s name="swingT1"><f name="0" ><p name="default"  pointer="default/default"/><p name="defaultAc"  pointer="default/defaultAc"/></f><f name="1" ><p name="default"  pointer="default/default"/><p name="defaultAc"  pointer="default/defaultAc"/></f><f name="2" ><p name="default"  pointer="default/default"/><p name="defaultAc"  pointer="default/defaultAc"/></f></s>
<s name="swingT2"><f name="0" ><p name="default"  pointer="default/default"/><p name="defaultAc"  pointer="default/defaultAc"/></f><f name="1" ><p name="default"  pointer="default/default"/><p name="defaultAc"  pointer="default/defaultAc"/></f><f name="2" ><p name="default"  pointer="default/default"/><p name="defaultAc"  pointer="default/defaultAc"/></f></s>
<s name="swingT3"><f name="0" ><p name="default"  pointer="default/default"/><p name="defaultAc"  pointer="default/defaultAc"/></f><f name="1" ><p name="default"  pointer="default/default"/><p name="defaultAc"  pointer="default/defaultAc"/></f><f name="2" ><p name="default"  pointer="default/default"/><p name="defaultAc"  pointer="default/defaultAc"/></f></s>
<s name="swingTF"><f name="0" ><p name="default"  pointer="backDefault/default"/><p name="defaultAc"  pointer="default/defaultAc"/></f><f name="1" ><p name="default"  pointer="default/default"/><p name="defaultAc"  pointer="default/defaultAc"/></f><f name="2" ><p name="default"  pointer="default/default"/><p name="defaultAc"  pointer="default/defaultAc"/></f><f name="3" ><p name="default"  pointer="default/default"/><p name="defaultAc"  pointer="default/defaultAc"/></f></s>
<s name="swingP1"><f name="0" ><p name="default"  pointer="default/default"/><p name="defaultAc"  pointer="default/defaultAc"/></f><f name="1" ><p name="default"  pointer="default/default"/><p name="defaultAc"  pointer="default/defaultAc"/></f><f name="2" ><p name="default"  pointer="default/default"/><p name="defaultAc"  pointer="default/defaultAc"/></f></s>
<s name="swingP2"><f name="0" ><p name="default"  pointer="default/default"/><p name="defaultAc"  pointer="default/defaultAc"/></f><f name="1" ><p name="default"  pointer="default/default"/><p name="defaultAc"  pointer="default/defaultAc"/></f><f name="2" ><p name="default"  pointer="default/default"/><p name="defaultAc"  pointer="default/defaultAc"/></f></s>
<s name="swingPF"><f name="0" ><p name="default"  pointer="default/default"/><p name="defaultAc"  pointer="default/defaultAc"/></f><f name="1" ><p name="default"  pointer="default/default"/><p name="defaultAc"  pointer="default/defaultAc"/></f><f name="2" ><p name="default"  pointer="default/default"/><p name="defaultAc"  pointer="default/defaultAc"/></f><f name="3" ><p name="default"  pointer="default/default"/><p name="defaultAc"  pointer="default/defaultAc"/></f></s>
<s name="stabO1"><f name="0" ><p name="default"  pointer="default/default"/><p name="defaultAc"  pointer="default/defaultAc"/></f><f name="1" ><p name="default"  pointer="default/default"/><p name="defaultAc"  pointer="default/defaultAc"/></f></s>
<s name="stabO2"><f name="0" ><p name="default"  pointer="default/default"/><p name="defaultAc"  pointer="default/defaultAc"/></f><f name="1" ><p name="default"  pointer="default/default"/><p name="defaultAc"  pointer="default/defaultAc"/></f></s>
<s name="stabOF"><f name="0" ><p name="default"  pointer="default/default"/><p name="defaultAc"  pointer="default/defaultAc"/></f><f name="1" ><p name="default"  pointer="default/default"/><p name="defaultAc"  pointer="default/defaultAc"/></f><f name="2" ><p name="default"  pointer="default/default"/><p name="defaultAc"  pointer="default/defaultAc"/></f></s>
<s name="stabT1"><f name="0" ><p name="default"  pointer="default/default"/><p name="defaultAc"  pointer="default/defaultAc"/></f><f name="1" ><p name="default"  pointer="default/default"/><p name="defaultAc"  pointer="default/defaultAc"/></f><f name="2" ><p name="default"  pointer="default/default"/><p name="defaultAc"  pointer="default/defaultAc"/></f></s>
<s name="stabT2"><f name="0" ><p name="default"  pointer="default/default"/><p name="defaultAc"  pointer="default/defaultAc"/></f><f name="1" ><p name="default"  pointer="default/default"/><p name="defaultAc"  pointer="default/defaultAc"/></f><f name="2" ><p name="default"  pointer="default/default"/><p name="defaultAc"  pointer="default/defaultAc"/></f></s>
<s name="stabTF"><f name="0" ><p name="default"  pointer="default/default"/><p name="defaultAc"  pointer="default/defaultAc"/></f><f name="1" ><p name="default"  pointer="default/default"/><p name="defaultAc"  pointer="default/defaultAc"/></f><f name="2" ><p name="default"  pointer="default/default"/><p name="defaultAc"  pointer="default/defaultAc"/></f><f name="3" ><p name="default"  pointer="default/default"/><p name="defaultAc"  pointer="default/defaultAc"/></f></s>
<s name="shoot1"><f name="0" ><p name="default"  pointer="default/default"/><p name="defaultAc"  pointer="default/defaultAc"/></f><f name="1" ><p name="default"  pointer="default/default"/><p name="defaultAc"  pointer="default/defaultAc"/></f><f name="2" ><p name="default"  pointer="default/default"/><p name="defaultAc"  pointer="default/defaultAc"/></f></s>
<s name="shoot2"><f name="0" ><p name="default"  pointer="default/default"/><p name="defaultAc"  pointer="default/defaultAc"/></f><f name="1" ><p name="default"  pointer="default/default"/><p name="defaultAc"  pointer="default/defaultAc"/></f><f name="2" ><p name="default"  pointer="default/default"/><p name="defaultAc"  pointer="default/defaultAc"/></f><f name="3" ><p name="default"  pointer="default/default"/><p name="defaultAc"  pointer="default/defaultAc"/></f><f name="4" ><p name="default"  pointer="default/default"/><p name="defaultAc"  pointer="default/defaultAc"/></f></s>
<s name="shootF"><f name="0" ><p name="default"  pointer="default/default"/><p name="defaultAc"  pointer="default/defaultAc"/></f><f name="1" ><p name="default"  pointer="default/default"/><p name="defaultAc"  pointer="default/defaultAc"/></f><f name="2" ><p name="default"  pointer="default/default"/><p name="defaultAc"  pointer="default/defaultAc"/></f></s>
<s name="proneStab"><f name="0" ><p name="default"  pointer="default/default"/><p name="defaultAc"  pointer="default/defaultAc"/></f><f name="1" ><p name="default"  pointer="default/default"/><p name="defaultAc"  pointer="default/defaultAc"/></f></s>
<s name="prone"><f name="0" ><p name="default"  pointer="default/default"/><p name="defaultAc"  pointer="default/defaultAc"/></f></s>
<s name="heal"><f name="0" ><p name="default"  pointer="default/default"/><p name="defaultAc"  pointer="default/defaultAc"/></f><f name="1" ><p name="default"  pointer="default/default"/><p name="defaultAc"  pointer="default/defaultAc"/></f><f name="2" ><p name="default"  pointer="default/default"/><p name="defaultAc"  pointer="default/defaultAc"/></f></s>
<s name="fly"><f name="0" ><p name="default"  pointer="default/default"/><p name="defaultAc"  pointer="default/defaultAc"/></f><f name="1" ><p name="default"  pointer="default/default"/><p name="defaultAc"  pointer="default/defaultAc"/></f></s>
<s name="jump"><f name="0" ><p name="default"  pointer="default/default"/><p name="defaultAc"  pointer="default/defaultAc"/></f></s>
<s name="sit"><f name="0" ><p name="default"  pointer="default/default"/><p name="defaultAc"  pointer="default/defaultAc"/></f></s>
<s name="ladder"><f name="0" ><p name="pointer"  pointer="backDefault/default"/></f><f name="1" ><p name="pointer"  pointer="backDefault/default"/></f></s>
<s name="rope"><f name="0" ><p name="pointer"  pointer="backDefault/default"/></f><f name="1" ><p name="pointer"  pointer="backDefault/default"/></f></s>
</i>
