  <i name="02060002">
  <i name="info">
    <i name="icon">
      <i name="origin">
        <i name="x" value="0"/>
        <i name="y" value="32"/>
      </i>
      <i name="image" value="02060002.info.icon.png"/>
    </i>
    <i name="iconRaw">
      <i name="origin">
        <i name="x" value="0"/>
        <i name="y" value="32"/>
      </i>
      <i name="image" value="02060002.info.iconRaw.png"/>
    </i>
    <i name="price" value="10"/>
    <i name="slotMax" value="800"/>
    <i name="incPAD" value="2"/>
  </i>
  <i name="bullet">
    <i name="0">
      <i name="origin">
        <i name="x" value="21"/>
        <i name="y" value="3"/>
      </i>
      <i name="z" value="0"/>
      <i name="image" value="02060002.bullet.0.png"/>
    </i>
  </i>
  </i>
