  <i name="3221003">
  <i name="effect">
    <i name="0">
      <i name="origin">
        <i name="x" value="61"/>
        <i name="y" value="114"/>
      </i>
      <i name="delay" value="80"/>
      <i name="image" value="3221003.effect.0.png"/>
    </i>
    <i name="1">
      <i name="origin">
        <i name="x" value="60"/>
        <i name="y" value="120"/>
      </i>
      <i name="delay" value="80"/>
      <i name="image" value="3221003.effect.1.png"/>
    </i>
    <i name="2">
      <i name="origin">
        <i name="x" value="62"/>
        <i name="y" value="123"/>
      </i>
      <i name="delay" value="80"/>
      <i name="image" value="3221003.effect.2.png"/>
    </i>
    <i name="3">
      <i name="origin">
        <i name="x" value="63"/>
        <i name="y" value="127"/>
      </i>
      <i name="delay" value="80"/>
      <i name="image" value="3221003.effect.3.png"/>
    </i>
    <i name="4">
      <i name="origin">
        <i name="x" value="60"/>
        <i name="y" value="126"/>
      </i>
      <i name="delay" value="80"/>
      <i name="image" value="3221003.effect.4.png"/>
    </i>
    <i name="5">
      <i name="origin">
        <i name="x" value="76"/>
        <i name="y" value="123"/>
      </i>
      <i name="delay" value="80"/>
      <i name="image" value="3221003.effect.5.png"/>
    </i>
    <i name="6">
      <i name="origin">
        <i name="x" value="153"/>
        <i name="y" value="143"/>
      </i>
      <i name="delay" value="80"/>
      <i name="image" value="3221003.effect.6.png"/>
    </i>
    <i name="7">
      <i name="origin">
        <i name="x" value="166"/>
        <i name="y" value="139"/>
      </i>
      <i name="delay" value="80"/>
      <i name="image" value="3221003.effect.7.png"/>
    </i>
    <i name="8">
      <i name="origin">
        <i name="x" value="170"/>
        <i name="y" value="121"/>
      </i>
      <i name="delay" value="80"/>
      <i name="image" value="3221003.effect.8.png"/>
    </i>
    <i name="9">
      <i name="origin">
        <i name="x" value="169"/>
        <i name="y" value="118"/>
      </i>
      <i name="delay" value="80"/>
      <i name="image" value="3221003.effect.9.png"/>
    </i>
    <i name="10">
      <i name="origin">
        <i name="x" value="145"/>
        <i name="y" value="114"/>
      </i>
      <i name="delay" value="80"/>
      <i name="image" value="3221003.effect.10.png"/>
    </i>
    <i name="11">
      <i name="origin">
        <i name="x" value="146"/>
        <i name="y" value="112"/>
      </i>
      <i name="delay" value="80"/>
      <i name="image" value="3221003.effect.11.png"/>
    </i>
    <i name="12">
      <i name="origin">
        <i name="x" value="145"/>
        <i name="y" value="103"/>
      </i>
      <i name="delay" value="80"/>
      <i name="image" value="3221003.effect.12.png"/>
    </i>
    <i name="13">
      <i name="origin">
        <i name="x" value="142"/>
        <i name="y" value="95"/>
      </i>
      <i name="delay" value="80"/>
      <i name="image" value="3221003.effect.13.png"/>
    </i>
  </i>
  <i name="ball">
    <i name="0">
      <i name="origin">
        <i name="x" value="66"/>
        <i name="y" value="39"/>
      </i>
      <i name="delay" value="100"/>
      <i name="image" value="3221003.ball.0.png"/>
    </i>
    <i name="1">
      <i name="origin">
        <i name="x" value="66"/>
        <i name="y" value="42"/>
      </i>
      <i name="delay" value="100"/>
      <i name="image" value="3221003.ball.1.png"/>
    </i>
    <i name="2">
      <i name="origin">
        <i name="x" value="66"/>
        <i name="y" value="42"/>
      </i>
      <i name="delay" value="100"/>
      <i name="image" value="3221003.ball.2.png"/>
    </i>
    <i name="3">
      <i name="origin">
        <i name="x" value="66"/>
        <i name="y" value="39"/>
      </i>
      <i name="delay" value="100"/>
      <i name="image" value="3221003.ball.3.png"/>
    </i>
  </i>
  <i name="hit">
    <i name="0">
      <i name="0">
        <i name="origin">
          <i name="x" value="43"/>
          <i name="y" value="54"/>
        </i>
        <i name="delay" value="100"/>
        <i name="image" value="3221003.hit.0.0.png"/>
      </i>
      <i name="1">
        <i name="origin">
          <i name="x" value="50"/>
          <i name="y" value="60"/>
        </i>
        <i name="delay" value="100"/>
        <i name="image" value="3221003.hit.0.1.png"/>
      </i>
      <i name="2">
        <i name="origin">
          <i name="x" value="55"/>
          <i name="y" value="79"/>
        </i>
        <i name="delay" value="100"/>
        <i name="image" value="3221003.hit.0.2.png"/>
      </i>
      <i name="3">
        <i name="origin">
          <i name="x" value="43"/>
          <i name="y" value="85"/>
        </i>
        <i name="delay" value="100"/>
        <i name="image" value="3221003.hit.0.3.png"/>
      </i>
    </i>
  </i>
  </i>
