  <i name="05010050">
  <i name="info">
    <i name="icon">
      <i name="origin">
        <i name="x" value="0"/>
        <i name="y" value="32"/>
      </i>
      <i name="image" value="05010050.info.icon.png"/>
    </i>
    <i name="iconRaw">
      <i name="origin">
        <i name="x" value="0"/>
        <i name="y" value="32"/>
      </i>
      <i name="image" value="05010050.info.iconRaw.png"/>
    </i>
    <i name="cash" value="1"/>
  </i>
  <i name="effect">
    <i name="default" value="-NONE-"/>
    <i name="stand1">
      <i name="0">
        <i name="origin">
          <i name="x" value="36"/>
          <i name="y" value="86"/>
        </i>
        <i name="delay" value="130"/>
        <i name="image" value="05010050.effect.stand1.0.png"/>
      </i>
      <i name="1">
        <i name="origin">
          <i name="x" value="36"/>
          <i name="y" value="86"/>
        </i>
        <i name="delay" value="130"/>
        <i name="image" value="05010050.effect.stand1.1.png"/>
      </i>
      <i name="2">
        <i name="origin">
          <i name="x" value="36"/>
          <i name="y" value="86"/>
        </i>
        <i name="delay" value="130"/>
        <i name="image" value="05010050.effect.stand1.2.png"/>
      </i>
      <i name="3">
        <i name="origin">
          <i name="x" value="36"/>
          <i name="y" value="86"/>
        </i>
        <i name="delay" value="130"/>
        <i name="image" value="05010050.effect.stand1.3.png"/>
      </i>
      <i name="4">
        <i name="origin">
          <i name="x" value="36"/>
          <i name="y" value="86"/>
        </i>
        <i name="delay" value="130"/>
        <i name="image" value="05010050.effect.stand1.4.png"/>
      </i>
      <i name="5">
        <i name="origin">
          <i name="x" value="36"/>
          <i name="y" value="86"/>
        </i>
        <i name="z" value="0"/>
        <i name="delay" value="130"/>
        <i name="image" value="05010050.effect.stand1.5.png"/>
      </i>
      <i name="6">
        <i name="origin">
          <i name="x" value="36"/>
          <i name="y" value="86"/>
        </i>
        <i name="z" value="0"/>
        <i name="delay" value="130"/>
        <i name="image" value="05010050.effect.stand1.6.png"/>
      </i>
      <i name="7">
        <i name="origin">
          <i name="x" value="36"/>
          <i name="y" value="86"/>
        </i>
        <i name="z" value="0"/>
        <i name="delay" value="130"/>
        <i name="image" value="05010050.effect.stand1.7.png"/>
      </i>
      <i name="8">
        <i name="origin">
          <i name="x" value="36"/>
          <i name="y" value="86"/>
        </i>
        <i name="z" value="0"/>
        <i name="delay" value="130"/>
        <i name="image" value="05010050.effect.stand1.8.png"/>
      </i>
      <i name="9">
        <i name="origin">
          <i name="x" value="36"/>
          <i name="y" value="86"/>
        </i>
        <i name="z" value="0"/>
        <i name="delay" value="130"/>
        <i name="image" value="05010050.effect.stand1.9.png"/>
      </i>
      <i name="10">
        <i name="origin">
          <i name="x" value="36"/>
          <i name="y" value="86"/>
        </i>
        <i name="z" value="0"/>
        <i name="delay" value="130"/>
        <i name="image" value="05010050.effect.stand1.10.png"/>
      </i>
      <i name="11">
        <i name="origin">
          <i name="x" value="36"/>
          <i name="y" value="86"/>
        </i>
        <i name="z" value="0"/>
        <i name="delay" value="130"/>
        <i name="image" value="05010050.effect.stand1.11.png"/>
      </i>
      <i name="z" value="0"/>
      <i name="z" value="0"/>
      <i name="z" value="0"/>
      <i name="z" value="0"/>
      <i name="z" value="0"/>
      <i name="z" value="0"/>
      <i name="z" value="0"/>
      <i name="z" value="2"/>
    </i>
    <i name="stand2">
      <i name="0">
        <i name="pointer" value="05010050/effect/stand1/0"/>
      </i>
      <i name="1">
        <i name="pointer" value="05010050/effect/stand1/1"/>
      </i>
      <i name="2">
        <i name="pointer" value="05010050/effect/stand1/2"/>
      </i>
      <i name="3">
        <i name="pointer" value="05010050/effect/stand1/3"/>
      </i>
      <i name="4">
        <i name="pointer" value="05010050/effect/stand1/4"/>
      </i>
      <i name="5">
        <i name="pointer" value="05010050/effect/stand1/5"/>
      </i>
      <i name="6">
        <i name="pointer" value="05010050/effect/stand1/6"/>
      </i>
      <i name="7">
        <i name="pointer" value="05010050/effect/stand1/7"/>
      </i>
      <i name="8">
        <i name="pointer" value="05010050/effect/stand1/8"/>
      </i>
      <i name="9">
        <i name="pointer" value="05010050/effect/stand1/9"/>
      </i>
      <i name="10">
        <i name="pointer" value="05010050/effect/stand1/10"/>
      </i>
      <i name="11">
        <i name="pointer" value="05010050/effect/stand1/11"/>
      </i>
      <i name="z" value="2"/>
    </i>
    <i name="action" value="1"/>
    <i name="tamingMob" value="0"/>
  </i>
  </i>
