  <i name="2001005">
  <i name="hit">
    <i name="0">
      <i name="0">
        <i name="origin">
          <i name="x" value="39"/>
          <i name="y" value="36"/>
        </i>
        <i name="z" value="0"/>
        <i name="delay" value="120"/>
        <i name="image" value="2001005.hit.0.0.png"/>
      </i>
      <i name="1">
        <i name="origin">
          <i name="x" value="48"/>
          <i name="y" value="32"/>
        </i>
        <i name="z" value="0"/>
        <i name="delay" value="90"/>
        <i name="image" value="2001005.hit.0.1.png"/>
      </i>
      <i name="2">
        <i name="origin">
          <i name="x" value="55"/>
          <i name="y" value="49"/>
        </i>
        <i name="z" value="0"/>
        <i name="delay" value="120"/>
        <i name="image" value="2001005.hit.0.2.png"/>
      </i>
      <i name="3">
        <i name="origin">
          <i name="x" value="42"/>
          <i name="y" value="43"/>
        </i>
        <i name="z" value="0"/>
        <i name="delay" value="90"/>
        <i name="image" value="2001005.hit.0.3.png"/>
      </i>
      <i name="4">
        <i name="origin">
          <i name="x" value="31"/>
          <i name="y" value="34"/>
        </i>
        <i name="z" value="0"/>
        <i name="delay" value="150"/>
        <i name="image" value="2001005.hit.0.4.png"/>
      </i>
    </i>
  </i>
  <i name="effect">
    <i name="0">
      <i name="origin">
        <i name="x" value="43"/>
        <i name="y" value="73"/>
      </i>
      <i name="z" value="0"/>
      <i name="delay" value="80"/>
      <i name="image" value="2001005.effect.0.png"/>
    </i>
    <i name="1">
      <i name="origin">
        <i name="x" value="39"/>
        <i name="y" value="69"/>
      </i>
      <i name="z" value="0"/>
      <i name="delay" value="80"/>
      <i name="image" value="2001005.effect.1.png"/>
    </i>
    <i name="2">
      <i name="origin">
        <i name="x" value="39"/>
        <i name="y" value="69"/>
      </i>
      <i name="z" value="0"/>
      <i name="delay" value="80"/>
      <i name="image" value="2001005.effect.2.png"/>
    </i>
    <i name="3">
      <i name="origin">
        <i name="x" value="39"/>
        <i name="y" value="69"/>
      </i>
      <i name="z" value="0"/>
      <i name="delay" value="80"/>
      <i name="image" value="2001005.effect.3.png"/>
    </i>
  </i>
  </i>
