<i>
<s name="walk1"><f name="0" ><p name="49"  origin_x="73" origin_y="22" hand_x="0" hand_y="-1" z="weapon" image="49.walk1.0.weapon.png"/></f><f name="1" ><p name="49"  origin_x="59" origin_y="16" hand_x="0" hand_y="0" z="weapon" image="49.walk1.1.weapon.png"/></f><f name="2" ><p name="49"  origin_x="73" origin_y="22" hand_x="0" hand_y="0" z="weapon" image="49.walk1.2.weapon.png"/></f><f name="3" ><p name="49"  origin_x="71" origin_y="38" hand_x="0" hand_y="0" z="weapon" image="49.walk1.3.weapon.png"/></f></s>
<s name="stand1"><f name="0" ><p name="49"  origin_x="50" origin_y="5" hand_x="0" hand_y="0" z="weapon" image="49.stand1.0.weapon.png"/></f><f name="1" ><p name="49"  origin_x="52" origin_y="5" hand_x="0" hand_y="0" z="weapon" image="49.stand1.1.weapon.png"/></f><f name="2" ><p name="49"  origin_x="53" origin_y="6" hand_x="0" hand_y="0" z="weapon" image="49.stand1.2.weapon.png"/></f></s>
<s name="alert"><f name="0" ><p name="49"  origin_x="66" origin_y="25" hand_x="0" hand_y="0" z="weaponOverHand" image="49.alert.0.weapon.png"/></f><f name="1" ><p name="49"  origin_x="65" origin_y="24" hand_x="0" hand_y="0" z="weaponOverHand" image="49.alert.1.weapon.png"/></f><f name="2" ><p name="49"  origin_x="66" origin_y="23" hand_x="0" hand_y="0" z="weaponOverHand" image="49.alert.2.weapon.png"/></f></s>
<s name="swingO3"><f name="0" ><p name="49"  origin_x="92" origin_y="11" hand_x="0" hand_y="0" muzzle_x="-92" muzzle_y="-5" z="weapon" image="49.swingO3.0.weapon.png"/></f><f name="1" ><p name="49"  origin_x="24" origin_y="12" hand_x="0" hand_y="0" muzzle_x="-24" muzzle_y="19" z="weaponBelowBody" image="49.swingO3.1.weapon.png"/></f><f name="2" ><p name="49"  origin_x="-6" origin_y="26" hand_x="0" hand_y="0" muzzle_x="55" muzzle_y="-22" z="weaponBelowBody" image="49.swingO3.2.weapon.png"/></f></s>
<s name="swingOF"><f name="3" ><p name="49"  origin_x="38" origin_y="23" hand_x="0" hand_y="0" muzzle_x="-34" muzzle_y="26" z="weaponOverHand" image="49.swingOF.3.weapon.png"/></f></s>
<s name="swingT1"><f name="0" ><p name="49"  origin_x="9" origin_y="43" hand_x="0" hand_y="0" muzzle_x="27" muzzle_y="-43" z="weaponBelowArm" image="49.swingT1.0.weapon.png"/></f><f name="1" ><p name="49"  origin_x="43" origin_y="33" hand_x="0" hand_y="0" muzzle_x="-43" muzzle_y="-27" z="weaponOverHand" image="49.swingT1.1.weapon.png"/></f><f name="2" ><p name="49"  origin_x="49" origin_y="15" hand_x="0" hand_y="0" muzzle_x="-50" muzzle_y="16" z="weaponBelowBody" image="49.swingT1.2.weapon.png"/></f></s>
<s name="swingT2"><f name="0" ><p name="49"  origin_x="19" origin_y="28" hand_x="-14" hand_y="24" muzzle_x="12" muzzle_y="-27" z="weapon" image="49.swingT2.0.weapon.png"/></f><f name="1" ><p name="49"  origin_x="51" origin_y="18" hand_x="0" hand_y="0" muzzle_x="-51" muzzle_y="-11" z="weaponBelowBody" image="49.swingT2.1.weapon.png"/></f><f name="2" ><p name="49"  origin_x="7" origin_y="9" hand_x="0" hand_y="0" muzzle_x="25" muzzle_y="45" z="weaponBelowBody" image="49.swingT2.2.weapon.png"/></f></s>
<s name="swingT3"><f name="0" ><p name="49"  origin_x="6" origin_y="12" hand_x="0" hand_y="0" muzzle_x="50" muzzle_y="20" z="weapon" image="49.swingT3.0.weapon.png"/></f><f name="1" ><p name="49"  origin_x="13" origin_y="37" hand_x="0" hand_y="0" muzzle_x="35" muzzle_y="-32" z="weaponBelowArm" image="49.swingT3.1.weapon.png"/></f><f name="2" ><p name="49"  origin_x="9" origin_y="52" hand_x="0" hand_y="0" muzzle_x="22" muzzle_y="-50" z="weaponBelowBody" image="49.swingT3.2.weapon.png"/></f></s>
<s name="swingP1"><f name="0" ><p name="49"  origin_x="8" origin_y="43" hand_x="0" hand_y="0" muzzle_x="28" muzzle_y="-43" z="weaponOverHand" image="49.swingP1.0.weapon.png"/></f><f name="1" ><p name="49"  origin_x="56" origin_y="2" hand_x="0" hand_y="0" muzzle_x="-56" muzzle_y="5" z="weaponOverHand" image="49.swingP1.1.weapon.png"/></f><f name="2" ><p name="49"  origin_x="43" origin_y="17" hand_x="0" hand_y="0" muzzle_x="-43" muzzle_y="14" z="weaponBelowBody" image="49.swingP1.2.weapon.png"/></f></s>
<s name="swingP2"><f name="2" ><p name="49"  origin_x="8" origin_y="10" hand_x="0" hand_y="0" muzzle_x="24" muzzle_y="44" z="weaponBelowBody" image="49.swingP2.2.weapon.png"/></f></s>
<s name="swingPF"><f name="3" ><p name="49"  origin_x="38" origin_y="11" hand_x="0" hand_y="0" muzzle_x="-38" muzzle_y="20" z="weaponBelowBody" image="49.swingPF.3.weapon.png"/></f></s>
<s name="stabO1"><f name="0" ><p name="49"  origin_x="85" origin_y="25" hand_x="0" hand_y="0" muzzle_x="-86" muzzle_y="-19" z="weapon" image="49.stabO1.0.weapon.png"/></f><f name="1" ><p name="49"  origin_x="25" origin_y="14" hand_x="0" hand_y="0" muzzle_x="-25" muzzle_y="-8" z="weaponBelowBody" image="49.stabO1.1.weapon.png"/></f></s>
<s name="stabO2"><f name="0" ><p name="49"  origin_x="83" origin_y="12" hand_x="0" hand_y="0" muzzle_x="-83" muzzle_y="-6" z="weaponBelowArm" image="49.stabO2.0.weapon.png"/></f><f name="1" ><p name="49"  origin_x="25" origin_y="8" hand_x="0" hand_y="0" muzzle_x="-25" muzzle_y="-1" z="weaponBelowBody" image="49.stabO2.1.weapon.png"/></f></s>
<s name="stabT2"><f name="1" ><p name="49"  origin_x="74" origin_y="20" hand_x="0" hand_y="0" muzzle_x="-74" muzzle_y="-14" z="weaponWristOverGlove" image="49.stabT2.1.weapon.png"/></f></s>
<s name="shoot2"><f name="0" ><p name="49"  origin_x="69" origin_y="18" hand_x="0" hand_y="0" muzzle_x="-69" muzzle_y="-11" z="weaponWristOverGlove" image="49.shoot2.0.weapon.png"/></f></s>
<s name="proneStab"><f name="0" ><p name="49"  origin_x="77" origin_y="17" hand_x="0" hand_y="0" z="weaponBelowArm" image="49.proneStab.0.weapon.png"/></f><f name="1" ><p name="49"  origin_x="61" origin_y="18" hand_x="0" hand_y="0" z="weaponBelowArm" image="49.proneStab.1.weapon.png"/></f></s>
<s name="prone"><f name="0" ><p name="pointer"  pointer="49/proneStab/0/weapon"/></f></s>
<s name="jump"><f name="0" ><p name="49"  origin_x="62" origin_y="12" hand_x="0" hand_y="0" z="weaponOverArm" image="49.jump.0.weapon.png"/></f></s>
<s name="fly"><f name="0" ><p name="49"  origin_x="62" origin_y="12" hand_x="0" hand_y="0" z="weaponOverArm" image="49.fly.0.weapon.png"/></f><f name="1" ><p name="49"  origin_x="61" origin_y="13" hand_x="0" hand_y="0" z="weaponOverArm" image="49.fly.1.weapon.png"/></f></s>
<s name="sit"><f name="0" ><p name="49"  origin_x="56" origin_y="3" hand_x="0" hand_y="0" z="weaponOverArm" image="49.sit.0.weapon.png"/></f></s>
</i>
