<i>
<s name="info"><f name="icon" ><p name="info"  image="info.icon.png"/></f><f name="iconRaw" ><p name="info"  origin_x="1" origin_y="32" image="info.iconRaw.png"/></f><f name="iconD" ><p name="info"  origin_x="1" origin_y="34" image="info.iconD.png"/></f><f name="iconRawD" ><p name="info"  origin_x="1" origin_y="34" image="info.iconRawD.png"/></f></s>
<s name="stand0"><f name="0" delay="150" ><p name="stand0"  origin_x="27" origin_y="63" lt_x="-27" lt_y="-59" rb_x="25" rb_y="0" image="stand0.0.png"/></f><f name="1" delay="150" ><p name="stand0"  origin_x="27" origin_y="63" lt_x="-27" lt_y="-59" rb_x="25" rb_y="0" image="stand0.1.png"/></f><f name="2" delay="150" ><p name="stand0"  origin_x="27" origin_y="63" lt_x="-27" lt_y="-59" rb_x="25" rb_y="0" image="stand0.2.png"/></f><f name="3" delay="150" ><p name="stand0"  origin_x="27" origin_y="63" lt_x="-27" lt_y="-59" rb_x="25" rb_y="0" image="stand0.3.png"/></f><f name="4" delay="150" ><p name="stand0"  origin_x="27" origin_y="63" lt_x="-27" lt_y="-59" rb_x="25" rb_y="0" image="stand0.4.png"/></f></s>
<s name="stand1"><f name="0" delay="150" ><p name="stand1"  origin_x="27" origin_y="63" lt_x="-27" lt_y="-59" rb_x="25" rb_y="0" image="stand1.0.png"/></f><f name="1" delay="150" ><p name="stand1"  origin_x="27" origin_y="63" lt_x="-27" lt_y="-59" rb_x="25" rb_y="0" image="stand1.1.png"/></f><f name="2" delay="150" ><p name="stand1"  origin_x="27" origin_y="63" lt_x="-27" lt_y="-59" rb_x="25" rb_y="0" image="stand1.2.png"/></f><f name="3" delay="150" ><p name="stand1"  origin_x="27" origin_y="63" lt_x="-27" lt_y="-59" rb_x="25" rb_y="0" image="stand1.3.png"/></f><f name="4" delay="150" ><p name="stand1"  origin_x="27" origin_y="63" lt_x="-27" lt_y="-59" rb_x="25" rb_y="0" image="stand1.4.png"/></f><f name="5" delay="150" ><p name="stand1"  origin_x="28" origin_y="63" lt_x="-27" lt_y="-59" rb_x="25" rb_y="0" image="stand1.5.png"/></f><f name="6" delay="150" ><p name="stand1"  origin_x="28" origin_y="63" lt_x="-27" lt_y="-59" rb_x="25" rb_y="0" image="stand1.6.png"/></f><f name="7" delay="150" ><p name="stand1"  origin_x="28" origin_y="63" lt_x="-27" lt_y="-59" rb_x="25" rb_y="0" image="stand1.7.png"/></f></s>
<s name="rest0"><f name="0" delay="150" ><p name="rest0"  origin_x="27" origin_y="63" lt_x="-27" lt_y="-59" rb_x="25" rb_y="0" image="rest0.0.png"/></f><f name="1" delay="150" ><p name="rest0"  origin_x="27" origin_y="63" lt_x="-27" lt_y="-59" rb_x="25" rb_y="0" image="rest0.1.png"/></f><f name="2" delay="150" ><p name="rest0"  origin_x="27" origin_y="56" lt_x="-27" lt_y="-50" rb_x="25" rb_y="0" image="rest0.2.png"/></f><f name="3" delay="150" ><p name="rest0"  origin_x="27" origin_y="57" lt_x="-27" lt_y="-50" rb_x="25" rb_y="0" image="rest0.3.png"/></f><f name="4" delay="150" ><p name="rest0"  origin_x="27" origin_y="57" lt_x="-27" lt_y="-50" rb_x="25" rb_y="0" image="rest0.4.png"/></f><f name="5" delay="150" ><p name="rest0"  origin_x="27" origin_y="55" lt_x="-27" lt_y="-50" rb_x="25" rb_y="0" image="rest0.5.png"/></f><f name="6" delay="1500" ><p name="rest0"  origin_x="27" origin_y="52" lt_x="-27" lt_y="-50" rb_x="25" rb_y="0" image="rest0.6.png"/></f></s>
<s name="move"><f name="0" delay="120" ><p name="move"  origin_x="27" origin_y="63" lt_x="-27" lt_y="-59" rb_x="25" rb_y="0" image="move.0.png"/></f><f name="1" delay="120" ><p name="move"  origin_x="27" origin_y="64" lt_x="-27" lt_y="-59" rb_x="25" rb_y="0" image="move.1.png"/></f><f name="2" delay="120" ><p name="move"  origin_x="27" origin_y="63" lt_x="-27" lt_y="-59" rb_x="25" rb_y="0" image="move.2.png"/></f><f name="3" delay="120" ><p name="move"  origin_x="27" origin_y="60" lt_x="-27" lt_y="-59" rb_x="25" rb_y="0" image="move.3.png"/></f></s>
<s name="hang"><f name="0" ><p name="hang"  origin_x="23" origin_y="72" lt_x="-22" lt_y="-67" rb_x="26" rb_y="-15" image="hang.0.png"/></f></s>
<s name="jump"><f name="0" ><p name="jump"  origin_x="27" origin_y="62" lt_x="-27" lt_y="-57" rb_x="25" rb_y="0" image="jump.0.png"/></f></s>
<s name="hungry"><f name="0" delay="1200" ><p name="hungry"  origin_x="26" origin_y="57" lt_x="-26" lt_y="-50" rb_x="23" rb_y="0" image="hungry.0.png"/></f></s>
<s name="angry"><f name="0" delay="3000" ><p name="angry"  origin_x="31" origin_y="67" lt_x="-31" lt_y="-62" rb_x="21" rb_y="0" image="angry.0.png"/></f></s>
<s name="chat"><f name="0" delay="110" ><p name="chat"  origin_x="27" origin_y="63" lt_x="-27" lt_y="-59" rb_x="25" rb_y="0" image="chat.0.png"/></f><f name="1" delay="110" ><p name="chat"  origin_x="27" origin_y="63" lt_x="-27" lt_y="-59" rb_x="25" rb_y="0" image="chat.1.png"/></f><f name="2" ><p name="pointer"  pointer="chat/0"/></f><f name="3" ><p name="pointer"  pointer="chat/1"/></f><f name="4" ><p name="pointer"  pointer="chat/0"/></f><f name="5" ><p name="pointer"  pointer="chat/1"/></f><f name="6" ><p name="pointer"  pointer="chat/0"/></f><f name="7" ><p name="pointer"  pointer="chat/1"/></f><f name="8" ><p name="pointer"  pointer="chat/0"/></f><f name="9" ><p name="pointer"  pointer="chat/1"/></f><f name="10" ><p name="pointer"  pointer="chat/0"/></f><f name="11" ><p name="pointer"  pointer="chat/1"/></f><f name="12" ><p name="pointer"  pointer="chat/0"/></f><f name="13" ><p name="pointer"  pointer="chat/1"/></f></s>
<s name="rise"><f name="0" delay="2000" ><p name="rise"  origin_x="31" origin_y="64" lt_x="-27" lt_y="-59" rb_x="25" rb_y="0" image="rise.0.png"/></f></s>
<s name="cry"><f name="0" delay="150" ><p name="cry"  origin_x="28" origin_y="59" lt_x="-28" lt_y="-53" rb_x="23" rb_y="0" image="cry.0.png"/></f><f name="1" delay="150" ><p name="cry"  origin_x="28" origin_y="59" lt_x="-28" lt_y="-53" rb_x="23" rb_y="0" image="cry.1.png"/></f><f name="2" delay="150" ><p name="cry"  origin_x="28" origin_y="59" lt_x="-28" lt_y="-53" rb_x="23" rb_y="0" image="cry.2.png"/></f><f name="3" delay="150" ><p name="cry"  origin_x="29" origin_y="59" lt_x="-28" lt_y="-53" rb_x="23" rb_y="0" image="cry.3.png"/></f><f name="4" ><p name="pointer"  pointer="cry/0"/></f><f name="5" ><p name="pointer"  pointer="cry/1"/></f><f name="6" ><p name="pointer"  pointer="cry/2"/></f><f name="7" ><p name="pointer"  pointer="cry/3"/></f><f name="8" ><p name="pointer"  pointer="cry/0"/></f><f name="9" ><p name="pointer"  pointer="cry/1"/></f><f name="10" ><p name="pointer"  pointer="cry/2"/></f><f name="11" ><p name="pointer"  pointer="cry/0"/></f><f name="12" ><p name="pointer"  pointer="cry/1"/></f></s>
<s name="love"><f name="0" delay="120" ><p name="love"  origin_x="27" origin_y="63" lt_x="-27" lt_y="-59" rb_x="25" rb_y="0" image="love.0.png"/></f><f name="1" delay="120" ><p name="love"  origin_x="27" origin_y="64" lt_x="-27" lt_y="-59" rb_x="25" rb_y="0" image="love.1.png"/></f><f name="2" delay="120" ><p name="love"  origin_x="27" origin_y="63" lt_x="-27" lt_y="-59" rb_x="25" rb_y="0" image="love.2.png"/></f><f name="3" delay="120" ><p name="love"  origin_x="27" origin_y="61" lt_x="-27" lt_y="-59" rb_x="25" rb_y="0" image="love.3.png"/></f><f name="4" delay="120" ><p name="love"  origin_x="27" origin_y="63" lt_x="-27" lt_y="-59" rb_x="25" rb_y="0" image="love.4.png"/></f><f name="5" delay="120" ><p name="love"  origin_x="27" origin_y="64" lt_x="-27" lt_y="-59" rb_x="25" rb_y="0" image="love.5.png"/></f><f name="6" delay="120" ><p name="love"  origin_x="27" origin_y="63" lt_x="-27" lt_y="-59" rb_x="25" rb_y="0" image="love.6.png"/></f><f name="7" delay="120" ><p name="love"  origin_x="27" origin_y="61" lt_x="-27" lt_y="-59" rb_x="25" rb_y="0" image="love.7.png"/></f><f name="8" ><p name="pointer"  pointer="love/0"/></f><f name="9" ><p name="pointer"  pointer="love/1"/></f><f name="10" ><p name="pointer"  pointer="love/2"/></f><f name="11" ><p name="pointer"  pointer="love/3"/></f><f name="12" ><p name="pointer"  pointer="love/4"/></f><f name="13" ><p name="pointer"  pointer="love/5"/></f><f name="14" ><p name="pointer"  pointer="love/6"/></f><f name="15" ><p name="pointer"  pointer="love/7"/></f></s>
<s name="fly"><f name="0" delay="200" ><p name="fly"  origin_x="27" origin_y="63" lt_x="-27" lt_y="-59" rb_x="25" rb_y="0" image="fly.0.png"/></f><f name="1" delay="200" ><p name="fly"  origin_x="27" origin_y="63" lt_x="-27" lt_y="-59" rb_x="25" rb_y="0" image="fly.1.png"/></f></s>
<s name="stunned"><f name="0" delay="2000" ><p name="stunned"  origin_x="28" origin_y="61" lt_x="-26" lt_y="-50" rb_x="23" rb_y="0" image="stunned.0.png"/></f></s>
<s name="good"><f name="0" delay="180" ><p name="good"  origin_x="26" origin_y="63" lt_x="-27" lt_y="-59" rb_x="25" rb_y="0" image="good.0.png"/></f><f name="1" delay="180" ><p name="good"  origin_x="30" origin_y="62" lt_x="-27" lt_y="-59" rb_x="25" rb_y="0" image="good.1.png"/></f><f name="2" delay="180" ><p name="good"  origin_x="26" origin_y="63" lt_x="-27" lt_y="-59" rb_x="25" rb_y="0" image="good.2.png"/></f><f name="3" delay="180" ><p name="good"  origin_x="30" origin_y="62" lt_x="-27" lt_y="-59" rb_x="25" rb_y="0" image="good.3.png"/></f><f name="4" delay="100" ><p name="good"  origin_x="27" origin_y="63" lt_x="-27" lt_y="-59" rb_x="25" rb_y="0" image="good.4.png"/></f><f name="5" delay="100" ><p name="good"  origin_x="27" origin_y="63" lt_x="-27" lt_y="-59" rb_x="25" rb_y="0" image="good.5.png"/></f><f name="6" delay="100" ><p name="good"  origin_x="27" origin_y="63" lt_x="-27" lt_y="-59" rb_x="25" rb_y="0" image="good.6.png"/></f><f name="7" delay="100" ><p name="good"  origin_x="27" origin_y="62" lt_x="-27" lt_y="-59" rb_x="25" rb_y="0" image="good.7.png"/></f><f name="8" delay="100" ><p name="good"  origin_x="27" origin_y="63" lt_x="-27" lt_y="-59" rb_x="25" rb_y="0" image="good.8.png"/></f><f name="9" ><p name="pointer"  pointer="good/0"/></f><f name="10" ><p name="pointer"  pointer="good/1"/></f><f name="11" ><p name="pointer"  pointer="good/2"/></f><f name="12" ><p name="pointer"  pointer="good/3"/></f><f name="13" ><p name="pointer"  pointer="good/4"/></f><f name="14" ><p name="pointer"  pointer="good/5"/></f><f name="15" ><p name="pointer"  pointer="good/6"/></f><f name="16" ><p name="pointer"  pointer="good/7"/></f><f name="17" ><p name="pointer"  pointer="good/8"/></f></s>
<s name="fight"><f name="0" delay="100" ><p name="fight"  origin_x="36" origin_y="63" lt_x="-37" lt_y="-57" rb_x="22" rb_y="0" image="fight.0.png"/></f><f name="1" delay="100" ><p name="fight"  origin_x="30" origin_y="63" lt_x="-30" lt_y="-57" rb_x="20" rb_y="0" image="fight.1.png"/></f><f name="2" ><p name="pointer"  pointer="fight/0"/></f><f name="3" ><p name="pointer"  pointer="fight/1"/></f><f name="4" ><p name="pointer"  pointer="fight/0"/></f><f name="5" ><p name="pointer"  pointer="fight/1"/></f><f name="6" ><p name="pointer"  pointer="fight/0"/></f><f name="7" ><p name="pointer"  pointer="fight/1"/></f><f name="8" ><p name="pointer"  pointer="fight/0"/></f><f name="9" ><p name="pointer"  pointer="fight/1"/></f><f name="10" ><p name="pointer"  pointer="fight/0"/></f><f name="11" ><p name="pointer"  pointer="fight/1"/></f></s>
<s name="change"><f name="0" delay="150" ><p name="change"  origin_x="27" origin_y="63" lt_x="-27" lt_y="-59" rb_x="25" rb_y="0" image="change.0.png"/></f><f name="1" delay="150" ><p name="change"  origin_x="27" origin_y="56" lt_x="-27" lt_y="-50" rb_x="25" rb_y="0" image="change.1.png"/></f><f name="2" delay="150" ><p name="change"  origin_x="32" origin_y="57" lt_x="-27" lt_y="-50" rb_x="25" rb_y="0" image="change.2.png"/></f><f name="3" delay="150" ><p name="change"  origin_x="33" origin_y="58" lt_x="-27" lt_y="-50" rb_x="25" rb_y="0" image="change.3.png"/></f><f name="4" ><p name="pointer"  pointer="change/2"/></f><f name="5" ><p name="pointer"  pointer="change/3"/></f><f name="6" delay="150" ><p name="change"  origin_x="33" origin_y="65" lt_x="-27" lt_y="-59" rb_x="23" rb_y="0" image="change.6.png"/></f><f name="7" delay="150" ><p name="change"  origin_x="33" origin_y="65" lt_x="-27" lt_y="-59" rb_x="23" rb_y="0" image="change.7.png"/></f><f name="8" delay="150" ><p name="change"  origin_x="33" origin_y="65" lt_x="-27" lt_y="-59" rb_x="23" rb_y="0" image="change.8.png"/></f><f name="9" delay="150" ><p name="change"  origin_x="32" origin_y="65" lt_x="-27" lt_y="-59" rb_x="23" rb_y="0" image="change.9.png"/></f><f name="10" ><p name="pointer"  pointer="change/6"/></f><f name="11" ><p name="pointer"  pointer="change/7"/></f><f name="12" ><p name="pointer"  pointer="change/8"/></f><f name="13" ><p name="pointer"  pointer="change/9"/></f></s>
<s name="charge"><f name="0" delay="100" ><p name="charge"  origin_x="32" origin_y="63" lt_x="-25" lt_y="-57" rb_x="23" rb_y="0" image="charge.0.png"/></f><f name="1" delay="100" ><p name="charge"  origin_x="33" origin_y="64" lt_x="-26" lt_y="-57" rb_x="23" rb_y="0" image="charge.1.png"/></f><f name="2" ><p name="pointer"  pointer="charge/0"/></f><f name="3" ><p name="pointer"  pointer="charge/1"/></f><f name="4" ><p name="pointer"  pointer="charge/0"/></f><f name="5" ><p name="pointer"  pointer="charge/1"/></f></s>
<s name="change1"><f name="0" ><p name="pointer"  pointer="change/0"/></f><f name="1" delay="130" ><p name="change1"  origin_x="27" origin_y="56" lt_x="-27" lt_y="-50" rb_x="19" rb_y="0" image="change1.1.png"/></f><f name="2" delay="130" ><p name="change1"  origin_x="33" origin_y="61" lt_x="-26" lt_y="-49" rb_x="25" rb_y="0" image="change1.2.png"/></f><f name="3" delay="130" ><p name="change1"  origin_x="41" origin_y="59" lt_x="-30" lt_y="-45" rb_x="25" rb_y="0" image="change1.3.png"/></f><f name="4" delay="130" ><p name="change1"  origin_x="53" origin_y="51" lt_x="-47" lt_y="-44" rb_x="27" rb_y="0" image="change1.4.png"/></f><f name="5" delay="130" ><p name="change1"  origin_x="63" origin_y="53" lt_x="-55" lt_y="-41" rb_x="31" rb_y="0" image="change1.5.png"/></f><f name="6" delay="130" ><p name="change1"  origin_x="59" origin_y="49" lt_x="-55" lt_y="-41" rb_x="31" rb_y="0" image="change1.6.png"/></f><f name="7" delay="130" ><p name="change1"  origin_x="63" origin_y="53" lt_x="-55" lt_y="-41" rb_x="31" rb_y="0" image="change1.7.png"/></f><f name="8" ><p name="pointer"  pointer="change1/6"/></f><f name="9" ><p name="pointer"  pointer="change1/7"/></f><f name="10" ><p name="pointer"  pointer="change1/6"/></f><f name="11" delay="130" ><p name="change1"  origin_x="54" origin_y="49" lt_x="-55" lt_y="-41" rb_x="31" rb_y="0" image="change1.11.png"/></f><f name="12" delay="130" ><p name="change1"  origin_x="57" origin_y="47" lt_x="-55" lt_y="-41" rb_x="27" rb_y="-1" image="change1.12.png"/></f><f name="13" delay="130" ><p name="change1"  origin_x="60" origin_y="49" lt_x="-60" lt_y="-41" rb_x="25" rb_y="0" image="change1.13.png"/></f><f name="14" delay="130" ><p name="change1"  origin_x="63" origin_y="47" lt_x="-63" lt_y="-42" rb_x="22" rb_y="0" image="change1.14.png"/></f><f name="15" delay="130" ><p name="change1"  origin_x="67" origin_y="49" lt_x="-67" lt_y="-42" rb_x="18" rb_y="0" image="change1.15.png"/></f><f name="16" delay="130" ><p name="change1"  origin_x="67" origin_y="48" lt_x="-67" lt_y="-42" rb_x="18" rb_y="0" image="change1.16.png"/></f><f name="17" delay="130" ><p name="change1"  origin_x="67" origin_y="49" lt_x="-67" lt_y="-42" rb_x="18" rb_y="0" image="change1.17.png"/></f><f name="18" delay="130" ><p name="change1"  origin_x="92" origin_y="49" lt_x="-67" lt_y="-42" rb_x="18" rb_y="0" image="change1.18.png"/></f><f name="19" delay="130" ><p name="change1"  origin_x="126" origin_y="63" lt_x="-67" lt_y="-42" rb_x="18" rb_y="0" image="change1.19.png"/></f><f name="20" delay="130" ><p name="change1"  origin_x="129" origin_y="64" lt_x="-67" lt_y="-42" rb_x="18" rb_y="0" image="change1.20.png"/></f><f name="21" delay="130" ><p name="change1"  origin_x="67" origin_y="49" lt_x="-67" lt_y="-42" rb_x="18" rb_y="0" image="change1.21.png"/></f><f name="22" delay="130" ><p name="change1"  origin_x="67" origin_y="48" lt_x="-67" lt_y="-42" rb_x="18" rb_y="0" image="change1.22.png"/></f><f name="23" ><p name="pointer"  pointer="change1/17"/></f><f name="24" ><p name="pointer"  pointer="change1/18"/></f><f name="25" ><p name="pointer"  pointer="change1/19"/></f><f name="26" ><p name="pointer"  pointer="change1/20"/></f><f name="27" ><p name="pointer"  pointer="change1/21"/></f><f name="28" delay="130" ><p name="change1"  origin_x="67" origin_y="48" lt_x="-67" lt_y="-42" rb_x="18" rb_y="0" image="change1.28.png"/></f><f name="29" ><p name="pointer"  pointer="change1/15"/></f><f name="30" delay="130" ><p name="change1"  origin_x="69" origin_y="49" lt_x="-64" lt_y="-42" rb_x="21" rb_y="0" image="change1.30.png"/></f><f name="31" delay="130" ><p name="change1"  origin_x="68" origin_y="53" lt_x="-59" lt_y="-42" rb_x="26" rb_y="0" image="change1.31.png"/></f><f name="32" delay="130" ><p name="change1"  origin_x="53" origin_y="51" lt_x="-43" lt_y="-43" rb_x="27" rb_y="0" image="change1.32.png"/></f><f name="33" delay="130" ><p name="change1"  origin_x="41" origin_y="59" lt_x="-29" lt_y="-45" rb_x="23" rb_y="0" image="change1.33.png"/></f><f name="34" delay="130" ><p name="change1"  origin_x="33" origin_y="61" lt_x="-27" lt_y="-50" rb_x="19" rb_y="0" image="change1.34.png"/></f><f name="35" delay="130" ><p name="change1"  origin_x="27" origin_y="56" lt_x="-27" lt_y="-50" rb_x="19" rb_y="0" image="change1.35.png"/></f></s>
</i>
