<i>
<s name="walk1"><f name="0" ><p name="32"  origin_x="35" origin_y="10" hand_x="0" hand_y="-1" z="weapon" image="32.walk1.0.weapon.png"/></f><f name="1" ><p name="32"  origin_x="33" origin_y="20" hand_x="0" hand_y="0" z="weapon" image="32.walk1.1.weapon.png"/></f><f name="2" ><p name="pointer"  pointer="32/walk1/0/weapon"/></f><f name="3" ><p name="32"  origin_x="33" origin_y="12" hand_x="0" hand_y="0" z="weapon" image="32.walk1.3.weapon.png"/></f></s>
<s name="stand1"><f name="0" ><p name="32"  origin_x="34" origin_y="8" hand_x="0" hand_y="0" z="weapon" image="32.stand1.0.weapon.png"/></f><f name="1" ><p name="pointer"  pointer="32/stand1/0/weapon"/></f><f name="2" ><p name="pointer"  pointer="32/stand1/0/weapon"/></f></s>
<s name="alert"><f name="0" ><p name="32"  origin_x="36" origin_y="19" hand_x="0" hand_y="0" z="weaponOverHand" image="32.alert.0.weapon.png"/></f><f name="1" ><p name="32"  origin_x="35" origin_y="18" hand_x="0" hand_y="0" z="weaponOverHand" image="32.alert.1.weapon.png"/></f><f name="2" ><p name="32"  origin_x="36" origin_y="17" hand_x="0" hand_y="0" z="weaponOverHand" image="32.alert.2.weapon.png"/></f></s>
<s name="swingO1"><f name="0" ><p name="32"  origin_x="12" origin_y="19" navel_x="5" navel_y="0" z="weaponBelowBody" image="32.swingO1.0.weapon.png"/></f><f name="1" ><p name="32"  origin_x="12" origin_y="9" navel_x="8" navel_y="-1" z="weaponBelowBody" image="32.swingO1.1.weapon.png"/></f><f name="2" ><p name="32"  origin_x="9" origin_y="32" navel_x="-20" navel_y="19" z="weapon" image="32.swingO1.2.weapon.png"/></f></s>
<s name="swingO2"><f name="0" ><p name="32"  origin_x="12" origin_y="15" navel_x="18" navel_y="15" z="weaponBelowBody" image="32.swingO2.0.weapon.png"/></f><f name="1" ><p name="32"  origin_x="5" origin_y="41" navel_x="21" navel_y="1" z="weaponBelowBody" image="32.swingO2.1.weapon.png"/></f><f name="2" ><p name="32"  origin_x="10" origin_y="14" navel_x="-19" navel_y="-1" z="weapon" image="32.swingO2.2.weapon.png"/></f></s>
<s name="swingO3"><f name="0" ><p name="32"  origin_x="10" origin_y="16" navel_x="-20" navel_y="13" z="weapon" image="32.swingO3.0.weapon.png"/></f><f name="1" ><p name="32"  origin_x="34" origin_y="16" navel_x="20" navel_y="3" z="weaponOverBody" image="32.swingO3.1.weapon.png"/></f><f name="2" ><p name="32"  origin_x="7" origin_y="11" navel_x="7" navel_y="1" z="weaponBelowBody" image="32.swingO3.2.weapon.png"/></f></s>
<s name="swingOF"><f name="0" ><p name="32"  origin_x="19" origin_y="20" navel_x="-24" navel_y="-5" z="weapon" image="32.swingOF.0.weapon.png"/></f><f name="1" ><p name="32"  origin_x="22" origin_y="17" navel_x="-5" navel_y="17" z="backWeapon" image="32.swingOF.1.weapon.png"/></f><f name="2" ><p name="32"  origin_x="12" origin_y="22" navel_x="2" navel_y="24" z="weaponBelowBody" image="32.swingOF.2.weapon.png"/></f><f name="3" ><p name="32"  origin_x="12" origin_y="33" navel_x="-20" navel_y="14" z="weaponBelowBody" image="32.swingOF.3.weapon.png"/></f></s>
<s name="stabO1"><f name="0" ><p name="32"  origin_x="32" origin_y="10" navel_x="-14" navel_y="-3" z="weapon" image="32.stabO1.0.weapon.png"/></f><f name="1" ><p name="32"  origin_x="34" origin_y="18" navel_x="26" navel_y="7" z="weapon" image="32.stabO1.1.weapon.png"/></f></s>
<s name="stabO2"><f name="0" ><p name="32"  origin_x="34" origin_y="17" navel_x="-11" navel_y="12" z="weaponBelowArm" image="32.stabO2.0.weapon.png"/></f><f name="1" ><p name="32"  origin_x="34" origin_y="17" navel_x="23" navel_y="7" z="weapon" image="32.stabO2.1.weapon.png"/></f></s>
<s name="stabOF"><f name="0" ><p name="32"  origin_x="35" origin_y="8" navel_x="-7" navel_y="1" z="weapon" image="32.stabOF.0.weapon.png"/></f><f name="1" ><p name="32"  origin_x="-2" origin_y="14" navel_x="23" navel_y="-6" z="weapon" image="32.stabOF.1.weapon.png"/></f><f name="2" ><p name="32"  origin_x="39" origin_y="30" navel_x="23" navel_y="-6" z="weapon" image="32.stabOF.2.weapon.png"/></f></s>
<s name="proneStab"><f name="0" ><p name="32"  origin_x="35" origin_y="17" navel_x="9" navel_y="2" z="weaponBelowArm" image="32.proneStab.0.weapon.png"/></f><f name="1" ><p name="32"  origin_x="35" origin_y="18" navel_x="25" navel_y="1" z="weaponBelowArm" image="32.proneStab.1.weapon.png"/></f></s>
<s name="prone"><f name="0" ><p name="pointer"  pointer="32/proneStab/0/weapon"/></f></s>
<s name="heal"><f name="0" ><p name="pointer"  pointer="32/alert/1/weapon"/></f><f name="1" ><p name="pointer"  pointer="32/swingO2/1/weapon"/></f><f name="2" ><p name="pointer"  pointer="32/swingO2/0/weapon"/></f></s>
<s name="fly"><f name="0" ><p name="32"  origin_x="9" origin_y="31" navel_x="-3" navel_y="9" z="weaponOverArm" image="32.fly.0.weapon.png"/></f><f name="1" ><p name="pointer"  pointer="32/fly/0/weapon"/></f></s>
<s name="jump"><f name="0" ><p name="32"  origin_x="9" origin_y="31" navel_x="-4" navel_y="8" z="weaponOverArm" image="32.jump.0.weapon.png"/></f></s>
</i>
