  <i name="05010008">
  <i name="info">
    <i name="icon">
      <i name="origin">
        <i name="x" value="0"/>
        <i name="y" value="32"/>
      </i>
      <i name="image" value="05010008.info.icon.png"/>
    </i>
    <i name="iconRaw">
      <i name="origin">
        <i name="x" value="0"/>
        <i name="y" value="32"/>
      </i>
      <i name="image" value="05010008.info.iconRaw.png"/>
    </i>
    <i name="cash" value="1"/>
  </i>
  <i name="effect">
    <i name="default">
      <i name="0">
        <i name="origin">
          <i name="x" value="67"/>
          <i name="y" value="107"/>
        </i>
        <i name="delay" value="130"/>
        <i name="image" value="05010008.effect.default.0.png"/>
      </i>
      <i name="1">
        <i name="origin">
          <i name="x" value="73"/>
          <i name="y" value="117"/>
        </i>
        <i name="delay" value="130"/>
        <i name="image" value="05010008.effect.default.1.png"/>
      </i>
      <i name="2">
        <i name="origin">
          <i name="x" value="67"/>
          <i name="y" value="109"/>
        </i>
        <i name="delay" value="130"/>
        <i name="image" value="05010008.effect.default.2.png"/>
      </i>
      <i name="3">
        <i name="origin">
          <i name="x" value="75"/>
          <i name="y" value="113"/>
        </i>
        <i name="delay" value="130"/>
        <i name="image" value="05010008.effect.default.3.png"/>
      </i>
      <i name="4">
        <i name="origin">
          <i name="x" value="65"/>
          <i name="y" value="105"/>
        </i>
        <i name="delay" value="130"/>
        <i name="image" value="05010008.effect.default.4.png"/>
      </i>
      <i name="5">
        <i name="origin">
          <i name="x" value="72"/>
          <i name="y" value="115"/>
        </i>
        <i name="delay" value="130"/>
        <i name="image" value="05010008.effect.default.5.png"/>
      </i>
      <i name="6">
        <i name="origin">
          <i name="x" value="67"/>
          <i name="y" value="108"/>
        </i>
        <i name="delay" value="130"/>
        <i name="image" value="05010008.effect.default.6.png"/>
      </i>
      <i name="7">
        <i name="origin">
          <i name="x" value="76"/>
          <i name="y" value="115"/>
        </i>
        <i name="delay" value="130"/>
        <i name="image" value="05010008.effect.default.7.png"/>
      </i>
      <i name="z" value="-1"/>
      <i name="fixed" value="1"/>
    </i>
  </i>
  </i>
