<i>
<s name="info"><f name="icon" ><p name="info"  image="info.icon.png"/></f><f name="iconRaw" ><p name="info"  origin_x="-1" origin_y="34" image="info.iconRaw.png"/></f><p name="reqJob" v="0"/></s>
<s name="walk1"><f name="0" ><p name="43"  origin_x="25" origin_y="7" hand_x="31" hand_y="-3" z="weapon" image="43.walk1.0.weapon.png"/></f><f name="1" ><p name="43"  origin_x="25" origin_y="7" hand_x="28" hand_y="12" z="weapon" image="43.walk1.1.weapon.png"/></f><f name="2" ><p name="43"  origin_x="25" origin_y="7" hand_x="36" hand_y="3" z="weapon" image="43.walk1.2.weapon.png"/></f><f name="3" ><p name="43"  origin_x="25" origin_y="7" hand_x="26" hand_y="6" z="weapon" image="43.walk1.3.weapon.png"/></f><f name="image*" ><p name="pointer" /></f></s>
<s name="walk2"><f name="0" ><p name="43"  origin_x="25" origin_y="7" hand_x="-1" hand_y="40" z="weaponOverArm" image="43.walk2.0.weapon.png"/></f><f name="1" ><p name="43"  origin_x="25" origin_y="7" hand_x="-2" hand_y="39" z="weaponOverArm" image="43.walk2.1.weapon.png"/></f><f name="2" ><p name="pointer"  pointer="43/walk2/0/weapon"/></f><f name="3" ><p name="43"  origin_x="25" origin_y="7" hand_x="0" hand_y="44" z="weaponOverArm" image="43.walk2.3.weapon.png"/></f><f name="image*" ><p name="pointer" /></f></s>
<s name="stand1"><f name="0" ><p name="43"  origin_x="25" origin_y="7" hand_x="30" hand_y="11" z="weapon" image="43.stand1.0.weapon.png"/></f><f name="1" ><p name="43"  origin_x="25" origin_y="7" hand_x="30" hand_y="11" z="weapon" image="43.stand1.1.weapon.png"/></f><f name="2" ><p name="43"  origin_x="25" origin_y="7" hand_x="30" hand_y="11" z="weapon" image="43.stand1.2.weapon.png"/></f><f name="image*" ><p name="pointer" /></f></s>
<s name="stand2"><f name="0" ><p name="43"  origin_x="25" origin_y="7" hand_x="0" hand_y="38" z="weaponOverArm" image="43.stand2.0.weapon.png"/></f><f name="1" ><p name="43"  origin_x="25" origin_y="7" hand_x="0" hand_y="39" z="weaponOverArm" image="43.stand2.1.weapon.png"/></f><f name="2" ><p name="43"  origin_x="25" origin_y="7" hand_x="2" hand_y="39" z="weaponOverArm" image="43.stand2.2.weapon.png"/></f><f name="image*" ><p name="pointer" /></f></s>
<s name="alert"><f name="0" ><p name="43"  origin_x="23" origin_y="10" hand_x="39" hand_y="46" z="weaponOverArm" image="43.alert.0.weapon.png"/></f><f name="1" ><p name="43"  origin_x="23" origin_y="10" hand_x="38" hand_y="45" z="weaponOverArm" image="43.alert.1.weapon.png"/></f><f name="2" ><p name="43"  origin_x="23" origin_y="10" hand_x="39" hand_y="44" z="weaponOverArm" image="43.alert.2.weapon.png"/></f><f name="image*" ><p name="pointer" /></f></s>
<s name="swingT2"><f name="0" ><p name="43"  origin_x="11" origin_y="5" navel_x="-3" navel_y="67" z="weaponBelowBody" image="43.swingT2.0.weapon.png"/></f><f name="1" ><p name="43"  origin_x="11" origin_y="5" navel_x="29" navel_y="75" z="weaponBelowBody" image="43.swingT2.1.weapon.png"/></f><f name="2" ><p name="43"  origin_x="11" origin_y="5" navel_x="51" navel_y="6" z="weaponOverBody" image="43.swingT2.2.weapon.png"/></f><f name="image*" ><p name="pointer" /></f></s>
<s name="swingP1"><f name="0" ><p name="43"  origin_x="12" origin_y="5" navel_x="-3" navel_y="47" z="weaponBelowArm" image="43.swingP1.0.weapon.png"/></f><f name="1" ><p name="43"  origin_x="12" origin_y="5" navel_x="10" navel_y="82" z="weaponBelowArm" image="43.swingP1.1.weapon.png"/></f><f name="2" ><p name="43"  origin_x="12" origin_y="5" navel_x="73" navel_y="1" z="weaponBelowBody" image="43.swingP1.2.weapon.png"/></f><f name="image*" ><p name="pointer" /></f></s>
<s name="swingP2"><f name="0" ><p name="43"  origin_x="12" origin_y="5" navel_x="12" navel_y="70" z="weaponBelowBody" image="43.swingP2.0.weapon.png"/></f><f name="1" ><p name="43"  origin_x="12" origin_y="5" navel_x="9" navel_y="81" z="weaponBelowBody" image="43.swingP2.1.weapon.png"/></f><f name="2" ><p name="43"  origin_x="12" origin_y="5" navel_x="56" navel_y="3" z="weaponOverBody" image="43.swingP2.2.weapon.png"/></f><f name="image*" ><p name="pointer" /></f></s>
<s name="swingPF"><f name="0" ><p name="43"  origin_x="12" origin_y="5" navel_x="52" navel_y="6" z="weapon" image="43.swingPF.0.weapon.png"/></f><f name="1" ><p name="43"  origin_x="12" origin_y="5" navel_x="50" navel_y="10" z="weapon" image="43.swingPF.1.weapon.png"/></f><f name="2" ><p name="43"  origin_x="12" origin_y="5" navel_x="2" navel_y="46" z="weaponBelowArm" image="43.swingPF.2.weapon.png"/></f><f name="3" ><p name="43"  origin_x="12" origin_y="5" navel_x="73" navel_y="2" z="weaponBelowBody" image="43.swingPF.3.weapon.png"/></f><f name="image*" ><p name="pointer" /></f></s>
<s name="stabT1"><f name="0" ><p name="43"  origin_x="12" origin_y="5" navel_x="49" navel_y="5" z="weaponOverBody" image="43.stabT1.0.weapon.png"/></f><f name="1" ><p name="43"  origin_x="12" origin_y="5" navel_x="53" navel_y="0" z="weaponOverBody" image="43.stabT1.1.weapon.png"/></f><f name="2" ><p name="43"  origin_x="12" origin_y="5" navel_x="73" navel_y="8" z="weaponOverBody" image="43.stabT1.2.weapon.png"/></f><f name="image*" ><p name="pointer" /></f></s>
<s name="stabT2"><f name="0" ><p name="43"  origin_x="12" origin_y="5" navel_x="56" navel_y="5" z="weaponOverBody" image="43.stabT2.0.weapon.png"/></f><f name="1" ><p name="43"  origin_x="12" origin_y="5" navel_x="57" navel_y="2" z="weaponOverBody" image="43.stabT2.1.weapon.png"/></f><f name="2" ><p name="43"  origin_x="12" origin_y="5" navel_x="62" navel_y="18" z="weaponOverBody" image="43.stabT2.2.weapon.png"/></f><f name="image*" ><p name="pointer" /></f></s>
<s name="stabTF"><f name="0" ><p name="pointer"  pointer="43/swingPF/0/weapon"/></f><f name="1" ><p name="pointer"  pointer="43/swingPF/1/weapon"/></f><f name="2" ><p name="43"  origin_x="12" origin_y="5" navel_x="37" navel_y="11" z="weaponOverBody" image="43.stabTF.2.weapon.png"/></f><f name="3" ><p name="pointer"  pointer="43/stabT1/2/weapon"/></f><f name="image*" ><p name="pointer" /></f></s>
<s name="proneStab"><f name="0" ><p name="43"  origin_x="5" origin_y="3" navel_x="83" navel_y="16" z="weaponBelowArm" image="43.proneStab.0.weapon.png"/></f><f name="1" ><p name="43"  origin_x="5" origin_y="3" navel_x="99" navel_y="10" z="weaponBelowArm" image="43.proneStab.1.weapon.png"/></f><f name="image*" ><p name="pointer" /></f></s>
<s name="prone"><f name="0" ><p name="pointer"  pointer="43/proneStab/0/weapon"/></f><f name="image*" ><p name="pointer" /></f></s>
<s name="fly"><f name="0" ><p name="43"  origin_x="13" origin_y="5" navel_x="14" navel_y="47" z="weaponOverArm" image="43.fly.0.weapon.png"/></f><f name="1" ><p name="pointer"  pointer="43/fly/0/weapon"/></f><f name="image*" ><p name="pointer" /></f></s>
<s name="jump"><f name="0" ><p name="43"  origin_x="13" origin_y="5" navel_x="12" navel_y="47" z="weaponOverArm" image="43.jump.0.weapon.png"/></f><f name="image*" ><p name="pointer" /></f></s>
</i>
