<i>
<s name="default"><f name="default" ><p name="default"  origin_x="16" origin_y="-4" brow_x="0" brow_y="0" z="accessoryEye" image="default.default.png"/></f></s>
<s name="walk1"><f name="0" ><p name="walk1"  origin_x="16" origin_y="-4" brow_x="0" brow_y="0" z="accessoryEye" image="walk1.0.default.png"/></f><f name="1" ><p name="walk1"  origin_x="16" origin_y="-4" brow_x="0" brow_y="0" z="accessoryEye" image="walk1.1.default.png"/></f><f name="2" ><p name="walk1"  origin_x="16" origin_y="-4" brow_x="0" brow_y="0" z="accessoryEye" image="walk1.2.default.png"/></f><f name="3" ><p name="walk1"  origin_x="16" origin_y="-4" brow_x="0" brow_y="0" z="accessoryEye" image="walk1.3.default.png"/></f></s>
<s name="walk2"><f name="0" ><p name="walk2"  origin_x="16" origin_y="-4" brow_x="0" brow_y="0" z="accessoryEye" image="walk2.0.default.png"/></f><f name="1" ><p name="walk2"  origin_x="16" origin_y="-4" brow_x="0" brow_y="0" z="accessoryEye" image="walk2.1.default.png"/></f><f name="2" ><p name="walk2"  origin_x="16" origin_y="-4" brow_x="0" brow_y="0" z="accessoryEye" image="walk2.2.default.png"/></f><f name="3" ><p name="walk2"  origin_x="16" origin_y="-4" brow_x="0" brow_y="0" z="accessoryEye" image="walk2.3.default.png"/></f></s>
<s name="stand1"><f name="0" ><p name="stand1"  origin_x="16" origin_y="-4" brow_x="0" brow_y="0" z="accessoryEye" image="stand1.0.default.png"/></f><f name="1" ><p name="stand1"  origin_x="16" origin_y="-4" brow_x="0" brow_y="0" z="accessoryEye" image="stand1.1.default.png"/></f><f name="2" ><p name="stand1"  origin_x="16" origin_y="-4" brow_x="0" brow_y="0" z="accessoryEye" image="stand1.2.default.png"/></f></s>
<s name="stand2"><f name="0" ><p name="stand2"  origin_x="16" origin_y="-4" brow_x="0" brow_y="0" z="accessoryEye" image="stand2.0.default.png"/></f><f name="1" ><p name="stand2"  origin_x="16" origin_y="-4" brow_x="0" brow_y="0" z="accessoryEye" image="stand2.1.default.png"/></f><f name="2" ><p name="stand2"  origin_x="16" origin_y="-4" brow_x="0" brow_y="0" z="accessoryEye" image="stand2.2.default.png"/></f></s>
<s name="alert"><f name="0" ><p name="alert"  origin_x="16" origin_y="-4" brow_x="0" brow_y="0" z="accessoryEye" image="alert.0.default.png"/></f><f name="1" ><p name="alert"  origin_x="16" origin_y="-4" brow_x="0" brow_y="0" z="accessoryEye" image="alert.1.default.png"/></f><f name="2" ><p name="alert"  origin_x="16" origin_y="-4" brow_x="0" brow_y="0" z="accessoryEye" image="alert.2.default.png"/></f></s>
<s name="swingO1"><f name="0" ><p name="swingO1"  origin_x="16" origin_y="-4" brow_x="0" brow_y="0" z="accessoryEye" image="swingO1.0.default.png"/></f><f name="1" ><p name="swingO1"  origin_x="18" origin_y="-4" brow_x="0" brow_y="0" z="accessoryEye" image="swingO1.1.default.png"/></f><f name="2" ><p name="swingO1"  origin_x="18" origin_y="-4" brow_x="0" brow_y="0" z="accessoryEye" image="swingO1.2.default.png"/></f></s>
<s name="swingO2"><f name="0" ><p name="swingO2"  origin_x="16" origin_y="-4" brow_x="0" brow_y="0" z="accessoryEye" image="swingO2.0.default.png"/></f><f name="1" ><p name="swingO2"  origin_x="18" origin_y="-4" brow_x="0" brow_y="0" z="accessoryEye" image="swingO2.1.default.png"/></f><f name="2" ><p name="swingO2"  origin_x="18" origin_y="-4" brow_x="0" brow_y="0" z="accessoryEye" image="swingO2.2.default.png"/></f></s>
<s name="swingO3"><f name="0" ><p name="swingO3"  origin_x="16" origin_y="-4" brow_x="0" brow_y="0" z="accessoryEye" image="swingO3.0.default.png"/></f><f name="1" ><p name="swingO3"  origin_x="18" origin_y="-4" brow_x="0" brow_y="0" z="accessoryEye" image="swingO3.1.default.png"/></f><f name="2" ><p name="swingO3"  origin_x="18" origin_y="-4" brow_x="0" brow_y="0" z="accessoryEye" image="swingO3.2.default.png"/></f></s>
<s name="swingOF"><f name="0" ><p name="swingOF"  origin_x="16" origin_y="-4" brow_x="0" brow_y="0" z="accessoryEye" image="swingOF.0.default.png"/></f><f name="2" ><p name="swingOF"  origin_x="18" origin_y="-4" brow_x="0" brow_y="0" z="accessoryEye" image="swingOF.2.default.png"/></f><f name="3" ><p name="swingOF"  origin_x="18" origin_y="-4" brow_x="0" brow_y="0" z="accessoryEye" image="swingOF.3.default.png"/></f></s>
<s name="swingT1"><f name="0" ><p name="swingT1"  origin_x="16" origin_y="-4" brow_x="0" brow_y="0" z="accessoryEye" image="swingT1.0.default.png"/></f><f name="1" ><p name="swingT1"  origin_x="18" origin_y="-4" brow_x="0" brow_y="0" z="accessoryEye" image="swingT1.1.default.png"/></f><f name="2" ><p name="swingT1"  origin_x="17" origin_y="-4" brow_x="0" brow_y="0" z="accessoryEye" image="swingT1.2.default.png"/></f></s>
<s name="swingT2"><f name="0" ><p name="swingT2"  origin_x="16" origin_y="-4" brow_x="0" brow_y="0" z="accessoryEye" image="swingT2.0.default.png"/></f><f name="1" ><p name="swingT2"  origin_x="18" origin_y="-4" brow_x="0" brow_y="0" z="accessoryEye" image="swingT2.1.default.png"/></f><f name="2" ><p name="swingT2"  origin_x="18" origin_y="-4" brow_x="0" brow_y="0" z="accessoryEye" image="swingT2.2.default.png"/></f></s>
<s name="swingT3"><f name="0" ><p name="swingT3"  origin_x="16" origin_y="-4" brow_x="0" brow_y="0" z="accessoryEye" image="swingT3.0.default.png"/></f><f name="1" ><p name="swingT3"  origin_x="18" origin_y="-4" brow_x="0" brow_y="0" z="accessoryEye" image="swingT3.1.default.png"/></f><f name="2" ><p name="swingT3"  origin_x="18" origin_y="-4" brow_x="0" brow_y="0" z="accessoryEye" image="swingT3.2.default.png"/></f></s>
<s name="swingTF"><f name="1" ><p name="swingTF"  origin_x="16" origin_y="-4" brow_x="0" brow_y="0" z="accessoryEye" image="swingTF.1.default.png"/></f><f name="2" ><p name="swingTF"  origin_x="18" origin_y="-4" brow_x="0" brow_y="0" z="accessoryEye" image="swingTF.2.default.png"/></f><f name="3" ><p name="swingTF"  origin_x="18" origin_y="-4" brow_x="0" brow_y="0" z="accessoryEye" image="swingTF.3.default.png"/></f></s>
<s name="swingP1"><f name="0" ><p name="swingP1"  origin_x="16" origin_y="-4" brow_x="0" brow_y="0" z="accessoryEye" image="swingP1.0.default.png"/></f><f name="1" ><p name="swingP1"  origin_x="18" origin_y="-4" brow_x="0" brow_y="0" z="accessoryEye" image="swingP1.1.default.png"/></f><f name="2" ><p name="swingP1"  origin_x="18" origin_y="-4" brow_x="0" brow_y="0" z="accessoryEye" image="swingP1.2.default.png"/></f></s>
<s name="swingP2"><f name="0" ><p name="swingP2"  origin_x="16" origin_y="-4" brow_x="0" brow_y="0" z="accessoryEye" image="swingP2.0.default.png"/></f><f name="1" ><p name="swingP2"  origin_x="18" origin_y="-4" brow_x="0" brow_y="0" z="accessoryEye" image="swingP2.1.default.png"/></f><f name="2" ><p name="swingP2"  origin_x="18" origin_y="-4" brow_x="0" brow_y="0" z="accessoryEye" image="swingP2.2.default.png"/></f></s>
<s name="swingPF"><f name="0" ><p name="swingPF"  origin_x="16" origin_y="-4" brow_x="0" brow_y="0" z="accessoryEye" image="swingPF.0.default.png"/></f><f name="1" ><p name="swingPF"  origin_x="16" origin_y="-4" brow_x="0" brow_y="0" z="accessoryEye" image="swingPF.1.default.png"/></f><f name="2" ><p name="swingPF"  origin_x="16" origin_y="-4" brow_x="0" brow_y="0" z="accessoryEye" image="swingPF.2.default.png"/></f><f name="3" ><p name="swingPF"  origin_x="18" origin_y="-4" brow_x="0" brow_y="0" z="accessoryEye" image="swingPF.3.default.png"/></f></s>
<s name="stabO1"><f name="0" ><p name="stabO1"  origin_x="18" origin_y="-4" brow_x="0" brow_y="0" z="accessoryEye" image="stabO1.0.default.png"/></f><f name="1" ><p name="stabO1"  origin_x="18" origin_y="-4" brow_x="0" brow_y="0" z="accessoryEye" image="stabO1.1.default.png"/></f></s>
<s name="stabO2"><f name="0" ><p name="stabO2"  origin_x="18" origin_y="-4" brow_x="0" brow_y="0" z="accessoryEye" image="stabO2.0.default.png"/></f><f name="1" ><p name="stabO2"  origin_x="18" origin_y="-4" brow_x="0" brow_y="0" z="accessoryEye" image="stabO2.1.default.png"/></f></s>
<s name="stabOF"><f name="0" ><p name="stabOF"  origin_x="16" origin_y="-4" brow_x="0" brow_y="0" z="accessoryEye" image="stabOF.0.default.png"/></f><f name="1" ><p name="stabOF"  origin_x="18" origin_y="-4" brow_x="0" brow_y="0" z="accessoryEye" image="stabOF.1.default.png"/></f><f name="2" ><p name="stabOF"  origin_x="18" origin_y="-4" brow_x="0" brow_y="0" z="accessoryEye" image="stabOF.2.default.png"/></f></s>
<s name="stabT1"><f name="0" ><p name="stabT1"  origin_x="16" origin_y="-4" brow_x="0" brow_y="0" z="accessoryEye" image="stabT1.0.default.png"/></f><f name="1" ><p name="stabT1"  origin_x="18" origin_y="-4" brow_x="0" brow_y="0" z="accessoryEye" image="stabT1.1.default.png"/></f><f name="2" ><p name="stabT1"  origin_x="18" origin_y="-4" brow_x="0" brow_y="0" z="accessoryEye" image="stabT1.2.default.png"/></f></s>
<s name="stabT2"><f name="0" ><p name="stabT2"  origin_x="16" origin_y="-4" brow_x="0" brow_y="0" z="accessoryEye" image="stabT2.0.default.png"/></f><f name="1" ><p name="stabT2"  origin_x="18" origin_y="-4" brow_x="0" brow_y="0" z="accessoryEye" image="stabT2.1.default.png"/></f><f name="2" ><p name="stabT2"  origin_x="19" origin_y="-4" brow_x="0" brow_y="0" z="accessoryEye" image="stabT2.2.default.png"/></f></s>
<s name="stabTF"><f name="0" ><p name="stabTF"  origin_x="18" origin_y="-4" brow_x="0" brow_y="0" z="accessoryEye" image="stabTF.0.default.png"/></f><f name="1" ><p name="stabTF"  origin_x="18" origin_y="-4" brow_x="0" brow_y="0" z="accessoryEye" image="stabTF.1.default.png"/></f><f name="2" ><p name="stabTF"  origin_x="18" origin_y="-4" brow_x="0" brow_y="0" z="accessoryEye" image="stabTF.2.default.png"/></f><f name="3" ><p name="stabTF"  origin_x="18" origin_y="-4" brow_x="0" brow_y="0" z="accessoryEye" image="stabTF.3.default.png"/></f></s>
<s name="shoot1"><f name="0" ><p name="shoot1"  origin_x="18" origin_y="-4" brow_x="0" brow_y="0" z="accessoryEye" image="shoot1.0.default.png"/></f><f name="1" ><p name="shoot1"  origin_x="18" origin_y="-4" brow_x="0" brow_y="0" z="accessoryEye" image="shoot1.1.default.png"/></f><f name="2" ><p name="shoot1"  origin_x="18" origin_y="-4" brow_x="0" brow_y="0" z="accessoryEye" image="shoot1.2.default.png"/></f></s>
<s name="shoot2"><f name="0" ><p name="shoot2"  origin_x="18" origin_y="-4" brow_x="0" brow_y="0" z="accessoryEye" image="shoot2.0.default.png"/></f><f name="1" ><p name="shoot2"  origin_x="18" origin_y="-4" brow_x="0" brow_y="0" z="accessoryEye" image="shoot2.1.default.png"/></f><f name="2" ><p name="shoot2"  origin_x="18" origin_y="-4" brow_x="0" brow_y="0" z="accessoryEye" image="shoot2.2.default.png"/></f><f name="3" ><p name="shoot2"  origin_x="18" origin_y="-4" brow_x="0" brow_y="0" z="accessoryEye" image="shoot2.3.default.png"/></f><f name="4" ><p name="shoot2"  origin_x="18" origin_y="-4" brow_x="0" brow_y="0" z="accessoryEye" image="shoot2.4.default.png"/></f></s>
<s name="shootF"><f name="0" ><p name="shootF"  origin_x="18" origin_y="-4" brow_x="0" brow_y="0" z="accessoryEye" image="shootF.0.default.png"/></f><f name="1" ><p name="shootF"  origin_x="18" origin_y="-4" brow_x="0" brow_y="0" z="accessoryEye" image="shootF.1.default.png"/></f><f name="2" ><p name="pointer"  pointer="shootF/1/default"/></f></s>
<s name="proneStab"><f name="0" ><p name="proneStab"  origin_x="18" origin_y="-4" brow_x="0" brow_y="0" z="accessoryEye" image="proneStab.0.default.png"/></f><f name="1" ><p name="proneStab"  origin_x="18" origin_y="-4" brow_x="0" brow_y="0" z="accessoryEye" image="proneStab.1.default.png"/></f></s>
<s name="prone"><f name="0" ><p name="pointer"  pointer="proneStab/1/default"/></f></s>
<s name="heal"><f name="0" ><p name="pointer"  pointer="default/default"/></f><f name="1" ><p name="pointer"  pointer="swingO2/1/default"/></f><f name="2" ><p name="pointer"  pointer="swingO2/1/default"/></f></s>
<s name="fly"><f name="0" ><p name="fly"  origin_x="16" origin_y="-4" brow_x="0" brow_y="0" z="accessoryEye" image="fly.0.default.png"/></f><f name="1" ><p name="fly"  origin_x="16" origin_y="-4" brow_x="0" brow_y="0" z="accessoryEye" image="fly.1.default.png"/></f></s>
<s name="jump"><f name="0" ><p name="jump"  origin_x="18" origin_y="-4" brow_x="0" brow_y="0" z="accessoryEye" image="jump.0.default.png"/></f></s>
<s name="sit"><f name="0" ><p name="sit"  origin_x="16" origin_y="-4" brow_x="0" brow_y="0" z="accessoryEye" image="sit.0.default.png"/></f></s>
</i>
