<i name="5000014">
<i name="stand0">
<i name="0">
<i name="origin">
<i name="x" value="1"/>
<i name="y" value="38"/>
</i>
<i name="image" value="5000014.stand0.0.png"/>
</i>
<i name="1">
<i name="pointer" value="5000014/stand0/0"/>
</i>
<i name="2">
<i name="pointer" value="5000014/stand0/0"/>
</i>
<i name="3">
<i name="pointer" value="5000014/stand0/0"/>
</i>
<i name="4">
<i name="pointer" value="5000014/stand0/0"/>
</i>
<i name="5">
<i name="pointer" value="5000014/stand0/0"/>
</i>
<i name="6">
<i name="pointer" value="5000014/stand0/0"/>
</i>
</i>
<i name="stand1">
<i name="0">
<i name="origin">
<i name="x" value="1"/>
<i name="y" value="38"/>
</i>
<i name="image" value="5000014.stand1.0.png"/>
</i>
<i name="1">
<i name="pointer" value="5000014/stand1/0"/>
</i>
<i name="2">
<i name="pointer" value="5000014/stand1/0"/>
</i>
<i name="3">
<i name="pointer" value="5000014/stand1/0"/>
</i>
</i>
<i name="rest0">
<i name="0">
<i name="origin">
<i name="x" value="-2"/>
<i name="y" value="35"/>
</i>
<i name="image" value="5000014.rest0.0.png"/>
</i>
<i name="1">
<i name="pointer" value="5000014/rest0/0"/>
</i>
<i name="2">
<i name="pointer" value="5000014/rest0/0"/>
</i>
<i name="3">
<i name="pointer" value="5000014/rest0/0"/>
</i>
<i name="4">
<i name="pointer" value="5000014/rest0/0"/>
</i>
<i name="5">
<i name="pointer" value="5000014/rest0/0"/>
</i>
</i>
<i name="move">
<i name="0">
<i name="origin">
<i name="x" value="1"/>
<i name="y" value="38"/>
</i>
<i name="image" value="5000014.move.0.png"/>
</i>
<i name="1">
<i name="origin">
<i name="x" value="2"/>
<i name="y" value="36"/>
</i>
<i name="image" value="5000014.move.1.png"/>
</i>
<i name="2">
<i name="origin">
<i name="x" value="1"/>
<i name="y" value="37"/>
</i>
<i name="image" value="5000014.move.2.png"/>
</i>
</i>
<i name="jump">
<i name="0">
<i name="origin">
<i name="x" value="1"/>
<i name="y" value="38"/>
</i>
<i name="image" value="5000014.jump.0.png"/>
</i>
</i>
<i name="hungry">
<i name="0">
<i name="origin">
<i name="x" value="-2"/>
<i name="y" value="33"/>
</i>
<i name="image" value="5000014.hungry.0.png"/>
</i>
</i>
<i name="angry">
<i name="0">
<i name="origin">
<i name="x" value="6"/>
<i name="y" value="37"/>
</i>
<i name="image" value="5000014.angry.0.png"/>
</i>
</i>
<i name="chat">
<i name="0">
<i name="origin">
<i name="x" value="1"/>
<i name="y" value="38"/>
</i>
<i name="image" value="5000014.chat.0.png"/>
</i>
<i name="1">
<i name="pointer" value="5000014/chat/0"/>
</i>
<i name="2">
<i name="pointer" value="5000014/chat/0"/>
</i>
<i name="3">
<i name="pointer" value="5000014/chat/0"/>
</i>
</i>
<i name="hang">
<i name="0">
<i name="origin">
<i name="x" value="21"/>
<i name="y" value="56"/>
</i>
<i name="image" value="5000014.hang.0.png"/>
</i>
</i>
<i name="rise">
<i name="0">
<i name="origin">
<i name="x" value="-7"/>
<i name="y" value="44"/>
</i>
<i name="image" value="5000014.rise.0.png"/>
</i>
</i>
<i name="dung">
<i name="0">
<i name="origin">
<i name="x" value="2"/>
<i name="y" value="36"/>
</i>
<i name="image" value="5000014.dung.0.png"/>
</i>
</i>
<i name="cry">
<i name="0">
<i name="origin">
<i name="x" value="-2"/>
<i name="y" value="33"/>
</i>
<i name="image" value="5000014.cry.0.png"/>
</i>
</i>
<i name="alert">
<i name="0">
<i name="origin">
<i name="x" value="5"/>
<i name="y" value="34"/>
</i>
<i name="image" value="5000014.alert.0.png"/>
</i>
</i>
<i name="go">
<i name="0">
<i name="origin">
<i name="x" value="1"/>
<i name="y" value="38"/>
</i>
<i name="image" value="5000014.go.0.png"/>
</i>
<i name="1">
<i name="pointer" value="5000014/go/0"/>
</i>
<i name="2">
<i name="pointer" value="5000014/go/0"/>
</i>
<i name="3">
<i name="pointer" value="5000014/go/0"/>
</i>
<i name="4">
<i name="pointer" value="5000014/go/0"/>
</i>
<i name="5">
<i name="pointer" value="5000014/go/0"/>
</i>
<i name="6">
<i name="pointer" value="5000014/go/0"/>
</i>
<i name="7">
<i name="pointer" value="5000014/go/0"/>
</i>
<i name="8">
<i name="pointer" value="5000014/go/0"/>
</i>
<i name="9">
<i name="pointer" value="5000014/go/0"/>
</i>
<i name="10">
<i name="origin">
<i name="x" value="1"/>
<i name="y" value="36"/>
</i>
<i name="image" value="5000014.go.10.png"/>
</i>
<i name="11">
<i name="origin">
<i name="x" value="1"/>
<i name="y" value="37"/>
</i>
<i name="image" value="5000014.go.11.png"/>
</i>
<i name="12">
<i name="pointer" value="5000014/go/0"/>
</i>
<i name="13">
<i name="pointer" value="5000014/go/10"/>
</i>
<i name="14">
<i name="pointer" value="5000014/go/11"/>
</i>
<i name="15">
<i name="pointer" value="5000014/go/12"/>
</i>
<i name="16">
<i name="pointer" value="5000014/go/13"/>
</i>
<i name="17">
<i name="pointer" value="5000014/go/0"/>
</i>
<i name="18">
<i name="pointer" value="5000014/go/0"/>
</i>
<i name="19">
<i name="pointer" value="5000014/go/0"/>
</i>
</i>
<i name="christmas">
<i name="0">
<i name="origin">
<i name="x" value="-2"/>
<i name="y" value="38"/>
</i>
<i name="image" value="5000014.christmas.0.png"/>
</i>
<i name="1">
<i name="origin">
<i name="x" value="1"/>
<i name="y" value="36"/>
</i>
<i name="image" value="5000014.christmas.1.png"/>
</i>
<i name="2">
<i name="pointer" value="5000014/christmas/0"/>
</i>
<i name="3">
<i name="pointer" value="5000014/christmas/1"/>
</i>
</i>
<i name="love">
<i name="0">
<i name="origin">
<i name="x" value="1"/>
<i name="y" value="38"/>
</i>
<i name="image" value="5000014.love.0.png"/>
</i>
<i name="1">
<i name="origin">
<i name="x" value="-7"/>
<i name="y" value="44"/>
</i>
<i name="image" value="5000014.love.1.png"/>
</i>
<i name="2">
<i name="pointer" value="5000014/love/1"/>
</i>
<i name="3">
<i name="pointer" value="5000014/love/1"/>
</i>
<i name="4">
<i name="pointer" value="5000014/love/1"/>
</i>
<i name="5">
<i name="pointer" value="5000014/love/1"/>
</i>
<i name="6">
<i name="pointer" value="5000014/love/0"/>
</i>
</i>
<i name="lonely">
<i name="0">
<i name="origin">
<i name="x" value="-7"/>
<i name="y" value="43"/>
</i>
<i name="image" value="5000014.lonely.0.png"/>
</i>
<i name="1">
<i name="origin">
<i name="x" value="-7"/>
<i name="y" value="44"/>
</i>
<i name="image" value="5000014.lonely.1.png"/>
</i>
<i name="2">
<i name="pointer" value="5000014/lonely/1"/>
</i>
<i name="3">
<i name="pointer" value="5000014/lonely/0"/>
</i>
<i name="4">
<i name="origin">
<i name="x" value="-6"/>
<i name="y" value="43"/>
</i>
<i name="image" value="5000014.lonely.4.png"/>
</i>
<i name="5">
<i name="pointer" value="5000014/lonely/0"/>
</i>
<i name="6">
<i name="pointer" value="5000014/lonely/0"/>
</i>
<i name="7">
<i name="pointer" value="5000014/lonely/0"/>
</i>
<i name="8">
<i name="pointer" value="5000014/lonely/0"/>
</i>
<i name="9">
<i name="pointer" value="5000014/lonely/0"/>
</i>
<i name="10">
<i name="pointer" value="5000014/lonely/0"/>
</i>
<i name="11">
<i name="pointer" value="5000014/lonely/0"/>
</i>
</i>
<i name="fly">
<i name="0">
<i name="origin">
<i name="x" value="1"/>
<i name="y" value="37"/>
</i>
<i name="image" value="5000014.fly.0.png"/>
</i>
<i name="1">
<i name="pointer" value="5000014/fly/0"/>
</i>
</i>
</i>