  <i name="1211009">
  <i name="effect">
    <i name="0">
      <i name="origin">
        <i name="x" value="22"/>
        <i name="y" value="13"/>
      </i>
      <i name="delay" value="80"/>
      <i name="image" value="1211009.effect.0.png"/>
    </i>
    <i name="1">
      <i name="origin">
        <i name="x" value="23"/>
        <i name="y" value="21"/>
      </i>
      <i name="delay" value="80"/>
      <i name="image" value="1211009.effect.1.png"/>
    </i>
    <i name="2">
      <i name="origin">
        <i name="x" value="23"/>
        <i name="y" value="27"/>
      </i>
      <i name="delay" value="80"/>
      <i name="image" value="1211009.effect.2.png"/>
    </i>
    <i name="3">
      <i name="origin">
        <i name="x" value="26"/>
        <i name="y" value="37"/>
      </i>
      <i name="delay" value="80"/>
      <i name="image" value="1211009.effect.3.png"/>
    </i>
    <i name="4">
      <i name="origin">
        <i name="x" value="53"/>
        <i name="y" value="229"/>
      </i>
      <i name="delay" value="80"/>
      <i name="image" value="1211009.effect.4.png"/>
    </i>
    <i name="5">
      <i name="origin">
        <i name="x" value="57"/>
        <i name="y" value="229"/>
      </i>
      <i name="delay" value="80"/>
      <i name="image" value="1211009.effect.5.png"/>
    </i>
    <i name="6">
      <i name="origin">
        <i name="x" value="56"/>
        <i name="y" value="229"/>
      </i>
      <i name="delay" value="80"/>
      <i name="image" value="1211009.effect.6.png"/>
    </i>
    <i name="7">
      <i name="origin">
        <i name="x" value="53"/>
        <i name="y" value="229"/>
      </i>
      <i name="delay" value="80"/>
      <i name="image" value="1211009.effect.7.png"/>
    </i>
    <i name="8">
      <i name="origin">
        <i name="x" value="57"/>
        <i name="y" value="229"/>
      </i>
      <i name="delay" value="80"/>
      <i name="image" value="1211009.effect.8.png"/>
    </i>
    <i name="9">
      <i name="origin">
        <i name="x" value="56"/>
        <i name="y" value="229"/>
      </i>
      <i name="delay" value="80"/>
      <i name="image" value="1211009.effect.9.png"/>
    </i>
    <i name="10">
      <i name="origin">
        <i name="x" value="53"/>
        <i name="y" value="229"/>
      </i>
      <i name="delay" value="80"/>
      <i name="image" value="1211009.effect.10.png"/>
    </i>
    <i name="11">
      <i name="origin">
        <i name="x" value="57"/>
        <i name="y" value="229"/>
      </i>
      <i name="delay" value="150"/>
      <i name="image" value="1211009.effect.11.png"/>
    </i>
    <i name="12">
      <i name="origin">
        <i name="x" value="55"/>
        <i name="y" value="227"/>
      </i>
      <i name="delay" value="80"/>
      <i name="image" value="1211009.effect.12.png"/>
    </i>
    <i name="13">
      <i name="origin">
        <i name="x" value="52"/>
        <i name="y" value="221"/>
      </i>
      <i name="delay" value="80"/>
      <i name="image" value="1211009.effect.13.png"/>
    </i>
    <i name="14">
      <i name="origin">
        <i name="x" value="56"/>
        <i name="y" value="213"/>
      </i>
      <i name="delay" value="80"/>
      <i name="image" value="1211009.effect.14.png"/>
    </i>
    <i name="15">
      <i name="origin">
        <i name="x" value="53"/>
        <i name="y" value="205"/>
      </i>
      <i name="delay" value="80"/>
      <i name="image" value="1211009.effect.15.png"/>
    </i>
    <i name="16">
      <i name="origin">
        <i name="x" value="48"/>
        <i name="y" value="189"/>
      </i>
      <i name="delay" value="80"/>
      <i name="image" value="1211009.effect.16.png"/>
    </i>
    <i name="17">
      <i name="origin">
        <i name="x" value="61"/>
        <i name="y" value="190"/>
      </i>
      <i name="delay" value="80"/>
      <i name="image" value="1211009.effect.17.png"/>
    </i>
    <i name="18">
      <i name="origin">
        <i name="x" value="83"/>
        <i name="y" value="213"/>
      </i>
      <i name="delay" value="80"/>
      <i name="image" value="1211009.effect.18.png"/>
    </i>
  </i>
  <i name="mob">
    <i name="0">
      <i name="origin">
        <i name="x" value="26"/>
        <i name="y" value="67"/>
      </i>
      <i name="delay" value="80"/>
      <i name="image" value="1211009.mob.0.png"/>
    </i>
    <i name="1">
      <i name="origin">
        <i name="x" value="25"/>
        <i name="y" value="66"/>
      </i>
      <i name="delay" value="80"/>
      <i name="image" value="1211009.mob.1.png"/>
    </i>
    <i name="2">
      <i name="origin">
        <i name="x" value="25"/>
        <i name="y" value="66"/>
      </i>
      <i name="delay" value="80"/>
      <i name="image" value="1211009.mob.2.png"/>
    </i>
    <i name="3">
      <i name="origin">
        <i name="x" value="23"/>
        <i name="y" value="64"/>
      </i>
      <i name="delay" value="150"/>
      <i name="image" value="1211009.mob.3.png"/>
    </i>
    <i name="4">
      <i name="origin">
        <i name="x" value="24"/>
        <i name="y" value="63"/>
      </i>
      <i name="delay" value="80"/>
      <i name="image" value="1211009.mob.4.png"/>
    </i>
    <i name="5">
      <i name="origin">
        <i name="x" value="23"/>
        <i name="y" value="63"/>
      </i>
      <i name="delay" value="80"/>
      <i name="image" value="1211009.mob.5.png"/>
    </i>
    <i name="6">
      <i name="origin">
        <i name="x" value="23"/>
        <i name="y" value="63"/>
      </i>
      <i name="delay" value="80"/>
      <i name="image" value="1211009.mob.6.png"/>
    </i>
    <i name="7">
      <i name="origin">
        <i name="x" value="38"/>
        <i name="y" value="77"/>
      </i>
      <i name="delay" value="80"/>
      <i name="image" value="1211009.mob.7.png"/>
    </i>
    <i name="8">
      <i name="origin">
        <i name="x" value="47"/>
        <i name="y" value="84"/>
      </i>
      <i name="delay" value="80"/>
      <i name="image" value="1211009.mob.8.png"/>
    </i>
    <i name="9">
      <i name="origin">
        <i name="x" value="54"/>
        <i name="y" value="97"/>
      </i>
      <i name="delay" value="80"/>
      <i name="image" value="1211009.mob.9.png"/>
    </i>
    <i name="10">
      <i name="origin">
        <i name="x" value="69"/>
        <i name="y" value="114"/>
      </i>
      <i name="delay" value="80"/>
      <i name="image" value="1211009.mob.10.png"/>
    </i>
    <i name="pos" value="2"/>
  </i>
  </i>
