  <i name="1320006">
  <i name="effect">
    <i name="0">
      <i name="origin">
        <i name="x" value="44"/>
        <i name="y" value="47"/>
      </i>
      <i name="delay" value="60"/>
      <i name="image" value="1320006.effect.0.png"/>
    </i>
    <i name="1">
      <i name="origin">
        <i name="x" value="58"/>
        <i name="y" value="75"/>
      </i>
      <i name="delay" value="60"/>
      <i name="image" value="1320006.effect.1.png"/>
    </i>
    <i name="2">
      <i name="origin">
        <i name="x" value="68"/>
        <i name="y" value="88"/>
      </i>
      <i name="delay" value="60"/>
      <i name="image" value="1320006.effect.2.png"/>
    </i>
    <i name="3">
      <i name="origin">
        <i name="x" value="76"/>
        <i name="y" value="97"/>
      </i>
      <i name="delay" value="60"/>
      <i name="image" value="1320006.effect.3.png"/>
    </i>
    <i name="4">
      <i name="origin">
        <i name="x" value="73"/>
        <i name="y" value="104"/>
      </i>
      <i name="delay" value="60"/>
      <i name="image" value="1320006.effect.4.png"/>
    </i>
    <i name="5">
      <i name="origin">
        <i name="x" value="78"/>
        <i name="y" value="107"/>
      </i>
      <i name="delay" value="60"/>
      <i name="image" value="1320006.effect.5.png"/>
    </i>
    <i name="6">
      <i name="origin">
        <i name="x" value="74"/>
        <i name="y" value="98"/>
      </i>
      <i name="delay" value="60"/>
      <i name="image" value="1320006.effect.6.png"/>
    </i>
    <i name="7">
      <i name="origin">
        <i name="x" value="43"/>
        <i name="y" value="93"/>
      </i>
      <i name="delay" value="60"/>
      <i name="image" value="1320006.effect.7.png"/>
    </i>
    <i name="8">
      <i name="origin">
        <i name="x" value="42"/>
        <i name="y" value="86"/>
      </i>
      <i name="delay" value="60"/>
      <i name="image" value="1320006.effect.8.png"/>
    </i>
    <i name="9">
      <i name="origin">
        <i name="x" value="40"/>
        <i name="y" value="77"/>
      </i>
      <i name="z" value="0"/>
      <i name="delay" value="60"/>
      <i name="image" value="1320006.effect.9.png"/>
    </i>
    <i name="10">
      <i name="origin">
        <i name="x" value="39"/>
        <i name="y" value="76"/>
      </i>
      <i name="delay" value="60"/>
      <i name="image" value="1320006.effect.10.png"/>
    </i>
    <i name="11">
      <i name="origin">
        <i name="x" value="38"/>
        <i name="y" value="74"/>
      </i>
      <i name="delay" value="60"/>
      <i name="image" value="1320006.effect.11.png"/>
    </i>
    <i name="12">
      <i name="origin">
        <i name="x" value="0"/>
        <i name="y" value="0"/>
      </i>
      <i name="delay" value="990"/>
      <i name="image" value="1320006.effect.12.png"/>
    </i>
  </i>
  </i>
