<i>
<s name="info"><f name="icon" ><p name="info"  image="info.icon.png"/></f><f name="iconRaw" ><p name="info"  origin_x="-1" origin_y="37" image="info.iconRaw.png"/></f><p name="reqJob" v="1"/></s>
<s name="walk2"><f name="0" ><p name="walk2"  origin_x="25" origin_y="7" hand_x="-1" hand_y="44" z="weaponOverArm" image="walk2.0.weapon.png"/></f><f name="1" ><p name="walk2"  origin_x="25" origin_y="7" hand_x="-1" hand_y="45" z="weaponOverArm" image="walk2.1.weapon.png"/></f><f name="2" ><p name="pointer"  pointer="walk2/0/weapon"/></f><f name="3" ><p name="walk2"  origin_x="25" origin_y="7" hand_x="-1" hand_y="45" z="weaponOverArm" image="walk2.3.weapon.png"/></f></s>
<s name="stand2"><f name="0" ><p name="stand2"  origin_x="25" origin_y="7" hand_x="0" hand_y="45" z="weaponOverArm" image="stand2.0.weapon.png"/></f><f name="1" ><p name="stand2"  origin_x="25" origin_y="7" hand_x="0" hand_y="43" z="weaponOverArm" image="stand2.1.weapon.png"/></f><f name="2" ><p name="stand2"  origin_x="25" origin_y="7" hand_x="2" hand_y="40" z="weaponOverArm" image="stand2.2.weapon.png"/></f></s>
<s name="alert"><f name="0" ><p name="alert"  origin_x="23" origin_y="10" hand_x="43" hand_y="40" z="weaponOverArm" image="alert.0.weapon.png"/></f><f name="1" ><p name="alert"  origin_x="23" origin_y="10" hand_x="42" hand_y="39" z="weaponOverArm" image="alert.1.weapon.png"/></f><f name="2" ><p name="alert"  origin_x="23" origin_y="10" hand_x="43" hand_y="38" z="weaponOverArm" image="alert.2.weapon.png"/></f></s>
<s name="swingT2"><f name="0" ><p name="swingT2"  origin_x="11" origin_y="5" navel_x="-3" navel_y="71" z="weaponBelowBody" image="swingT2.0.weapon.png"/></f><f name="1" ><p name="swingT2"  origin_x="11" origin_y="5" navel_x="34" navel_y="76" z="weaponBelowBody" image="swingT2.1.weapon.png"/></f><f name="2" ><p name="swingT2"  origin_x="11" origin_y="5" navel_x="53" navel_y="-2" z="weaponOverBody" image="swingT2.2.weapon.png"/></f></s>
<s name="swingP1"><f name="0" ><p name="swingP1"  origin_x="12" origin_y="5" navel_x="-4" navel_y="52" z="weaponBelowArm" image="swingP1.0.weapon.png"/></f><f name="1" ><p name="swingP1"  origin_x="12" origin_y="5" navel_x="10" navel_y="87" z="weaponBelowArm" image="swingP1.1.weapon.png"/></f><f name="2" ><p name="swingP1"  origin_x="12" origin_y="5" navel_x="75" navel_y="-7" z="weaponBelowBody" image="swingP1.2.weapon.png"/></f></s>
<s name="swingP2"><f name="0" ><p name="swingP2"  origin_x="12" origin_y="5" navel_x="12" navel_y="74" z="weaponBelowBody" image="swingP2.0.weapon.png"/></f><f name="1" ><p name="swingP2"  origin_x="12" origin_y="5" navel_x="9" navel_y="83" z="weaponBelowBody" image="swingP2.1.weapon.png"/></f><f name="2" ><p name="swingP2"  origin_x="12" origin_y="5" navel_x="58" navel_y="-5" z="weaponOverBody" image="swingP2.2.weapon.png"/></f></s>
<s name="swingPF"><f name="0" ><p name="swingPF"  origin_x="12" origin_y="5" navel_x="56" navel_y="6" z="weapon" image="swingPF.0.weapon.png"/></f><f name="1" ><p name="swingPF"  origin_x="12" origin_y="5" navel_x="50" navel_y="6" z="weapon" image="swingPF.1.weapon.png"/></f><f name="2" ><p name="swingPF"  origin_x="12" origin_y="5" navel_x="1" navel_y="51" z="weaponBelowArm" image="swingPF.2.weapon.png"/></f><f name="3" ><p name="swingPF"  origin_x="12" origin_y="5" navel_x="75" navel_y="-6" z="weaponBelowBody" image="swingPF.3.weapon.png"/></f></s>
<s name="stabT1"><f name="0" ><p name="stabT1"  origin_x="12" origin_y="5" navel_x="51" navel_y="2" z="weaponOverBody" image="stabT1.0.weapon.png"/></f><f name="1" ><p name="stabT1"  origin_x="12" origin_y="5" navel_x="54" navel_y="1" z="weaponOverBody" image="stabT1.1.weapon.png"/></f><f name="2" ><p name="stabT1"  origin_x="12" origin_y="5" navel_x="78" navel_y="6" z="weaponOverBody" image="stabT1.2.weapon.png"/></f></s>
<s name="stabT2"><f name="0" ><p name="stabT2"  origin_x="12" origin_y="5" navel_x="58" navel_y="2" z="weaponOverBody" image="stabT2.0.weapon.png"/></f><f name="1" ><p name="stabT2"  origin_x="12" origin_y="5" navel_x="59" navel_y="3" z="weaponOverBody" image="stabT2.1.weapon.png"/></f><f name="2" ><p name="stabT2"  origin_x="12" origin_y="5" navel_x="67" navel_y="18" z="weaponOverBody" image="stabT2.2.weapon.png"/></f></s>
<s name="stabTF"><f name="0" ><p name="pointer"  pointer="swingPF/0/weapon"/></f><f name="1" ><p name="pointer"  pointer="swingPF/1/weapon"/></f><f name="2" ><p name="stabTF"  origin_x="12" origin_y="5" navel_x="19" navel_y="13" z="weaponOverBody" image="stabTF.2.weapon.png"/></f><f name="3" ><p name="pointer"  pointer="stabT1/2/weapon"/></f></s>
<s name="proneStab"><f name="0" ><p name="proneStab"  origin_x="5" origin_y="3" navel_x="81" navel_y="6" z="weaponBelowArm" image="proneStab.0.weapon.png"/></f><f name="1" ><p name="proneStab"  origin_x="5" origin_y="3" navel_x="96" navel_y="6" z="weaponBelowArm" image="proneStab.1.weapon.png"/></f></s>
<s name="prone"><f name="0" ><p name="pointer"  pointer="proneStab/0/weapon"/></f></s>
<s name="fly"><f name="0" ><p name="fly"  origin_x="13" origin_y="5" navel_x="14" navel_y="48" z="weaponOverArm" image="fly.0.weapon.png"/></f><f name="1" ><p name="pointer"  pointer="fly/0/weapon"/></f></s>
<s name="jump"><f name="0" ><p name="jump"  origin_x="13" origin_y="5" navel_x="12" navel_y="48" z="weaponOverArm" image="jump.0.weapon.png"/></f></s>
</i>
