<i>
<s name="default"><f name="default" ><p name="default"  origin_x="4" origin_y="3" brow_x="0" brow_y="-21" z="accessoryFace" image="default.default.png"/></f></s>
<s name="blink"><f name="0" ><p name="pointer"  pointer="default/default"/></f><f name="1" ><p name="pointer"  pointer="default/default"/></f><f name="2" ><p name="pointer"  pointer="default/default"/></f></s>
<s name="hit"><f name="0" ><p name="hit"  origin_x="4" origin_y="3" brow_x="0" brow_y="-20" z="accessoryFace" image="hit.0.default.png"/></f></s>
<s name="smile"><f name="0" ><p name="smile"  origin_x="1" origin_y="1" brow_x="2" brow_y="-19" z="accessoryFace" image="smile.0.default.png"/></f></s>
<s name="troubled"><f name="0" ><p name="troubled"  origin_x="4" origin_y="3" brow_x="0" brow_y="-21" z="accessoryFace" image="troubled.0.default.png"/></f></s>
<s name="cry"><f name="0" ><p name="cry"  origin_x="1" origin_y="1" brow_x="2" brow_y="-19" z="accessoryFace" image="cry.0.default.png"/></f></s>
<s name="angry"><f name="0" ><p name="pointer"  pointer="smile/0/default"/></f></s>
<s name="bewildered"><f name="0" ><p name="bewildered"  origin_x="4" origin_y="3" brow_x="0" brow_y="-21" z="accessoryFace" image="bewildered.0.default.png"/></f></s>
<s name="stunned"><f name="0" ><p name="stunned"  origin_x="4" origin_y="3" brow_x="0" brow_y="-21" z="accessoryFace" image="stunned.0.default.png"/></f></s>
<s name="vomit"><f name="0" ><p name="pointer"  pointer="smile/0/default"/></f><f name="1" ><p name="pointer"  pointer="smile/0/default"/></f></s>
<s name="oops"><f name="0" ><p name="oops"  origin_x="4" origin_y="3" brow_x="0" brow_y="-21" z="accessoryFace" image="oops.0.default.png"/></f></s>
<s name="cheers"><f name="0" ><p name="pointer"  pointer="smile/0/default"/></f></s>
<s name="chu"><f name="0" ><p name="pointer"  pointer="smile/0/default"/></f></s>
<s name="wink"><f name="0" ><p name="wink"  origin_x="4" origin_y="3" brow_x="0" brow_y="-19" z="accessoryFace" image="wink.0.default.png"/></f></s>
<s name="pain"><f name="0" ><p name="pain"  origin_x="1" origin_y="1" brow_x="2" brow_y="-19" z="accessoryFace" image="pain.0.default.png"/></f></s>
<s name="glitter"><f name="0" ><p name="pointer"  pointer="smile/0/default"/></f><f name="1" ><p name="pointer"  pointer="smile/0/default"/></f></s>
<s name="shine"><f name="0" ><p name="shine"  origin_x="4" origin_y="3" brow_x="0" brow_y="-17" z="accessoryFace" image="shine.0.default.png"/></f></s>
<s name="blaze"><f name="0" ><p name="pointer"  pointer="smile/0/default"/></f><f name="1" ><p name="pointer"  pointer="smile/0/default"/></f></s>
<s name="love"><f name="0" ><p name="pointer"  pointer="smile/0/default"/></f><f name="1" ><p name="pointer"  pointer="smile/0/default"/></f></s>
<s name="despair"><f name="0" ><p name="pointer"  pointer="smile/0/default"/></f><f name="1" ><p name="pointer"  pointer="smile/0/default"/></f></s>
<s name="hum"><f name="0" ><p name="pointer"  pointer="smile/0/default"/></f><f name="1" ><p name="pointer"  pointer="smile/0/default"/></f></s>
<s name="bowing"><f name="0" ><p name="pointer"  pointer="smile/0/default"/></f><f name="1" ><p name="pointer"  pointer="smile/0/default"/></f></s>
<s name="hot"><f name="0" ><p name="pointer"  pointer="smile/0/default"/></f><f name="1" ><p name="pointer"  pointer="smile/0/default"/></f></s>
<s name="dam"><f name="0" ><p name="pointer"  pointer="smile/0/default"/></f><f name="1" ><p name="pointer"  pointer="smile/0/default"/></f></s>
</i>
