  <i name="3221007">
  <i name="effect">
    <i name="0">
      <i name="origin">
        <i name="x" value="92"/>
        <i name="y" value="62"/>
      </i>
      <i name="delay" value="60"/>
      <i name="image" value="3221007.effect.0.png"/>
    </i>
    <i name="1">
      <i name="origin">
        <i name="x" value="98"/>
        <i name="y" value="130"/>
      </i>
      <i name="delay" value="60"/>
      <i name="image" value="3221007.effect.1.png"/>
    </i>
    <i name="2">
      <i name="origin">
        <i name="x" value="90"/>
        <i name="y" value="119"/>
      </i>
      <i name="delay" value="60"/>
      <i name="image" value="3221007.effect.2.png"/>
    </i>
    <i name="3">
      <i name="origin">
        <i name="x" value="75"/>
        <i name="y" value="96"/>
      </i>
      <i name="delay" value="60"/>
      <i name="image" value="3221007.effect.3.png"/>
    </i>
    <i name="4">
      <i name="origin">
        <i name="x" value="78"/>
        <i name="y" value="83"/>
      </i>
      <i name="delay" value="60"/>
      <i name="image" value="3221007.effect.4.png"/>
    </i>
    <i name="5">
      <i name="origin">
        <i name="x" value="84"/>
        <i name="y" value="83"/>
      </i>
      <i name="delay" value="60"/>
      <i name="image" value="3221007.effect.5.png"/>
    </i>
    <i name="6">
      <i name="origin">
        <i name="x" value="126"/>
        <i name="y" value="90"/>
      </i>
      <i name="delay" value="60"/>
      <i name="image" value="3221007.effect.6.png"/>
    </i>
    <i name="7">
      <i name="origin">
        <i name="x" value="125"/>
        <i name="y" value="92"/>
      </i>
      <i name="delay" value="60"/>
      <i name="image" value="3221007.effect.7.png"/>
    </i>
    <i name="8">
      <i name="origin">
        <i name="x" value="126"/>
        <i name="y" value="96"/>
      </i>
      <i name="delay" value="60"/>
      <i name="image" value="3221007.effect.8.png"/>
    </i>
    <i name="9">
      <i name="origin">
        <i name="x" value="98"/>
        <i name="y" value="93"/>
      </i>
      <i name="delay" value="60"/>
      <i name="image" value="3221007.effect.9.png"/>
    </i>
    <i name="10">
      <i name="origin">
        <i name="x" value="100"/>
        <i name="y" value="31"/>
      </i>
      <i name="delay" value="60"/>
      <i name="image" value="3221007.effect.10.png"/>
    </i>
  </i>
  <i name="hit">
    <i name="0">
      <i name="0">
        <i name="origin">
          <i name="x" value="59"/>
          <i name="y" value="131"/>
        </i>
        <i name="z" value="0"/>
        <i name="image" value="3221007.hit.0.0.png"/>
      </i>
      <i name="1">
        <i name="origin">
          <i name="x" value="71"/>
          <i name="y" value="106"/>
        </i>
        <i name="z" value="0"/>
        <i name="image" value="3221007.hit.0.1.png"/>
      </i>
      <i name="2">
        <i name="origin">
          <i name="x" value="69"/>
          <i name="y" value="104"/>
        </i>
        <i name="z" value="0"/>
        <i name="image" value="3221007.hit.0.2.png"/>
      </i>
      <i name="3">
        <i name="origin">
          <i name="x" value="64"/>
          <i name="y" value="102"/>
        </i>
        <i name="z" value="0"/>
        <i name="image" value="3221007.hit.0.3.png"/>
      </i>
      <i name="4">
        <i name="origin">
          <i name="x" value="60"/>
          <i name="y" value="98"/>
        </i>
        <i name="z" value="0"/>
        <i name="image" value="3221007.hit.0.4.png"/>
      </i>
    </i>
  </i>
  <i name="ball">
    <i name="0">
      <i name="origin">
        <i name="x" value="53"/>
        <i name="y" value="17"/>
      </i>
      <i name="delay" value="60"/>
      <i name="image" value="3221007.ball.0.png"/>
    </i>
    <i name="1">
      <i name="origin">
        <i name="x" value="53"/>
        <i name="y" value="17"/>
      </i>
      <i name="delay" value="60"/>
      <i name="image" value="3221007.ball.1.png"/>
    </i>
    <i name="2">
      <i name="origin">
        <i name="x" value="53"/>
        <i name="y" value="17"/>
      </i>
      <i name="delay" value="60"/>
      <i name="image" value="3221007.ball.2.png"/>
    </i>
    <i name="3">
      <i name="origin">
        <i name="x" value="53"/>
        <i name="y" value="17"/>
      </i>
      <i name="delay" value="60"/>
      <i name="image" value="3221007.ball.3.png"/>
    </i>
    <i name="4">
      <i name="origin">
        <i name="x" value="53"/>
        <i name="y" value="17"/>
      </i>
      <i name="delay" value="60"/>
      <i name="image" value="3221007.ball.4.png"/>
    </i>
    <i name="5">
      <i name="origin">
        <i name="x" value="53"/>
        <i name="y" value="17"/>
      </i>
      <i name="delay" value="60"/>
      <i name="image" value="3221007.ball.5.png"/>
    </i>
    <i name="6">
      <i name="origin">
        <i name="x" value="53"/>
        <i name="y" value="17"/>
      </i>
      <i name="delay" value="60"/>
      <i name="image" value="3221007.ball.6.png"/>
    </i>
    <i name="7">
      <i name="origin">
        <i name="x" value="53"/>
        <i name="y" value="17"/>
      </i>
      <i name="delay" value="60"/>
      <i name="image" value="3221007.ball.7.png"/>
    </i>
    <i name="8">
      <i name="origin">
        <i name="x" value="53"/>
        <i name="y" value="17"/>
      </i>
      <i name="delay" value="60"/>
      <i name="image" value="3221007.ball.8.png"/>
    </i>
  </i>
  </i>
