  <i name="2201005">
  <i name="effect">
    <i name="0">
      <i name="origin">
        <i name="x" value="85"/>
        <i name="y" value="90"/>
      </i>
      <i name="delay" value="75"/>
      <i name="image" value="2201005.effect.0.png"/>
    </i>
    <i name="1">
      <i name="origin">
        <i name="x" value="86"/>
        <i name="y" value="90"/>
      </i>
      <i name="delay" value="75"/>
      <i name="image" value="2201005.effect.1.png"/>
    </i>
    <i name="2">
      <i name="origin">
        <i name="x" value="86"/>
        <i name="y" value="110"/>
      </i>
      <i name="delay" value="75"/>
      <i name="image" value="2201005.effect.2.png"/>
    </i>
    <i name="3">
      <i name="origin">
        <i name="x" value="77"/>
        <i name="y" value="110"/>
      </i>
      <i name="delay" value="75"/>
      <i name="image" value="2201005.effect.3.png"/>
    </i>
    <i name="4">
      <i name="origin">
        <i name="x" value="67"/>
        <i name="y" value="101"/>
      </i>
      <i name="delay" value="75"/>
      <i name="image" value="2201005.effect.4.png"/>
    </i>
    <i name="5">
      <i name="origin">
        <i name="x" value="65"/>
        <i name="y" value="89"/>
      </i>
      <i name="delay" value="75"/>
      <i name="image" value="2201005.effect.5.png"/>
    </i>
    <i name="6">
      <i name="origin">
        <i name="x" value="65"/>
        <i name="y" value="89"/>
      </i>
      <i name="delay" value="75"/>
      <i name="image" value="2201005.effect.6.png"/>
    </i>
  </i>
  <i name="hit">
    <i name="0">
      <i name="0">
        <i name="origin">
          <i name="x" value="14"/>
          <i name="y" value="200"/>
        </i>
        <i name="delay" value="70"/>
        <i name="image" value="2201005.hit.0.0.png"/>
      </i>
      <i name="1">
        <i name="origin">
          <i name="x" value="33"/>
          <i name="y" value="200"/>
        </i>
        <i name="delay" value="70"/>
        <i name="image" value="2201005.hit.0.1.png"/>
      </i>
      <i name="2">
        <i name="origin">
          <i name="x" value="32"/>
          <i name="y" value="200"/>
        </i>
        <i name="delay" value="70"/>
        <i name="image" value="2201005.hit.0.2.png"/>
      </i>
      <i name="3">
        <i name="origin">
          <i name="x" value="33"/>
          <i name="y" value="200"/>
        </i>
        <i name="delay" value="70"/>
        <i name="image" value="2201005.hit.0.3.png"/>
      </i>
      <i name="4">
        <i name="origin">
          <i name="x" value="32"/>
          <i name="y" value="200"/>
        </i>
        <i name="delay" value="70"/>
        <i name="image" value="2201005.hit.0.4.png"/>
      </i>
      <i name="5">
        <i name="origin">
          <i name="x" value="33"/>
          <i name="y" value="200"/>
        </i>
        <i name="delay" value="70"/>
        <i name="image" value="2201005.hit.0.5.png"/>
      </i>
      <i name="6">
        <i name="origin">
          <i name="x" value="36"/>
          <i name="y" value="200"/>
        </i>
        <i name="delay" value="70"/>
        <i name="image" value="2201005.hit.0.6.png"/>
      </i>
      <i name="7">
        <i name="pointer" value="2201005/hit/0/1"/>
      </i>
      <i name="8">
        <i name="pointer" value="2201005/hit/0/2"/>
      </i>
    </i>
  </i>
  </i>
