<i>
  <s name="info">
    <f name="icon">
      <p name="info"  image="info.icon.png"/>
    </f>
    <f name="iconRaw">
      <p name="info"  origin_x="1" origin_y="32" image="info.iconRaw.png"/>
    </f>
    <p name="reqJob" v="0"/>
  </s>
  <s name="walk1">
    <f name="0">
      <p name="weapon"  origin_x="25" origin_y="7" hand_x="20" hand_y="-2" z="weapon" image="30.walk1.0.weapon.png" />
    </f>
    <f name="1">
      <p name="weapon"  origin_x="25" origin_y="7" hand_x="20" hand_y="11" z="weapon" image="30.walk1.1.weapon.png" />
    </f>
    <f name="2">
      <p name="weapon"  origin_x="25" origin_y="7" hand_x="20" hand_y="-1" z="weapon" image="30.walk1.2.weapon.png"/>
    </f>
    <f name="3">
      <p name="weapon"  origin_x="25" origin_y="7" hand_x="20" hand_y="-2" z="weapon" image="30.walk1.3.weapon.png" />
    </f>
  </s>
  <s name="stand1">
    <f name="0">
      <p name="30"  origin_x="25" origin_y="7" hand_x="19" hand_y="-4" z="weapon" image="30.stand1.0.weapon.png"/>
    </f>
    <f name="1">
      <p name="pointer"  pointer="30/stand1/0/weapon"/>
    </f>
    <f name="2">
      <p name="pointer"  pointer="30/stand1/0/weapon"/>
    </f>
  </s>
  <s name="alert">
    <f name="0">
      <p name="weapon"  origin_x="23" origin_y="10" hand_x="25" hand_y="7" z="weaponOverHand" image="30.alert.0.weapon.png" />
    </f>
    <f name="1">
      <p name="weapon"  origin_x="23" origin_y="10" hand_x="24" hand_y="6" z="weaponOverHand" image="30.alert.1.weapon.png" />
    </f>
    <f name="2">
      <p name="weapon"  origin_x="23" origin_y="10" hand_x="25" hand_y="5" z="weaponOverHand" image="30.alert.2.weapon.png" />
    </f>
  </s>
  <s name="swingO1">
    <f name="0">
      <p name="30"  origin_x="11" origin_y="5" navel_x="7" navel_y="3" z="weaponBelowBody" image="30.swingO1.0.weapon.png"/>
    </f>
    <f name="1">
      <p name="30"  origin_x="11" origin_y="5" navel_x="7" navel_y="0" z="weaponBelowBody" image="30.swingO1.1.weapon.png"/>
    </f>
    <f name="2">
      <p name="30"  origin_x="11" origin_y="5" navel_x="-22" navel_y="49" z="weapon" image="30.swingO1.2.weapon.png"/>
    </f>
  </s>
  <s name="swingO2">
    <f name="0">
      <p name="30"  origin_x="12" origin_y="5" navel_x="17" navel_y="26" z="weaponBelowBody" image="30.swingO2.0.weapon.png"/>
    </f>
    <f name="1">
      <p name="30"  origin_x="12" origin_y="5" navel_x="17" navel_y="39" z="weaponBelowBody" image="30.swingO2.1.weapon.png"/>
    </f>
    <f name="2">
      <p name="30"  origin_x="12" origin_y="5" navel_x="-23" navel_y="3" z="weapon" image="30.swingO2.2.weapon.png"/>
    </f>
  </s>
  <s name="swingO3">
    <f name="0">
      <p name="30"  origin_x="12" origin_y="5" navel_x="-27" navel_y="53" z="weapon" image="30.swingO3.0.weapon.png"/>
    </f>
    <f name="1">
      <p name="30"  origin_x="12" origin_y="5" navel_x="53" navel_y="2" z="weaponOverBody" image="30.swingO3.1.weapon.png"/>
    </f>
    <f name="2">
      <p name="30"  origin_x="12" origin_y="5" navel_x="-3" navel_y="2" z="weaponBelowBody" image="30.swingO3.2.weapon.png"/>
    </f>
  </s>
  <s name="swingOF">
    <f name="0">
      <p name="30"  origin_x="12" origin_y="5" navel_x="-22" navel_y="11" z="weapon" image="30.swingOF.0.weapon.png"/>
    </f>
    <f name="1">
      <p name="30"  origin_x="12" origin_y="5" navel_x="2" navel_y="27" z="backWeapon" image="30.swingOF.1.weapon.png"/>
    </f>
    <f name="2">
      <p name="30"  origin_x="12" origin_y="5" navel_x="4" navel_y="46" z="weaponBelowBody" image="30.swingOF.2.weapon.png"/>
    </f>
    <f name="3">
      <p name="30"  origin_x="12" origin_y="5" navel_x="-21" navel_y="27" z="weaponBelowBody" image="30.swingOF.3.weapon.png"/>
    </f>
  </s>
  <s name="stabO1">
    <f name="0">
      <p name="weapon"  origin_x="12" origin_y="5" navel_x="19" navel_y="-3" z="weapon" image="30.stabO1.0.weapon.png" />
    </f>
    <f name="1">
      <p name="weapon"  origin_x="12" origin_y="5" navel_x="60" navel_y="7" z="weapon" image="30.stabO1.1.weapon.png" />
    </f>
  </s>
  <s name="stabO2">
    <f name="0">
      <p name="weapon"  origin_x="12" origin_y="5" navel_x="22" navel_y="12" z="weaponBelowArm" image="30.stabO2.0.weapon.png" />
    </f>
    <f name="1">
      <p name="weapon"  origin_x="12" origin_y="5" navel_x="58" navel_y="6" z="weapon" image="30.stabO2.1.weapon.png" />
    </f>
  </s>
  <s name="stabOF">
    <f name="0">
      <p name="weapon"  origin_x="12" origin_y="5" navel_x="26" navel_y="1" z="weapon" image="30.stabOF.0.weapon.png" />
    </f>
    <f name="1">
      <p name="weapon"  origin_x="12" origin_y="5" navel_x="23" navel_y="-2" z="weapon" image="30.stabOF.1.weapon.png" />
    </f>
    <f name="2">
      <p name="weapon"  origin_x="12" origin_y="5" navel_x="64" navel_y="6" z="weapon" image="30.stabOF.2.weapon.png" />
    </f>
  </s>
  <s name="proneStab">
    <f name="0">
      <p name="weapon"  origin_x="5" origin_y="3" navel_x="52" navel_y="2" z="weaponBelowArm" image="30.proneStab.0.weapon.png" />
    </f>
    <f name="1">
      <p name="weapon"  origin_x="5" origin_y="3" navel_x="77" navel_y="2" z="weaponBelowArm" image="30.proneStab.1.weapon.png" />
    </f>
  </s>
  <s name="prone">
    <f name="0">
      <p name="weapon"  pointer="30/proneStab/0/weapon" />
    </f>
  </s>
  <s name="heal">
    <f name="0">
      <p name="pointer"  pointer="30/alert/1/weapon"/>
    </f>
    <f name="1">
      <p name="pointer"  pointer="30/swingO2/1/weapon"/>
    </f>
    <f name="2">
      <p name="pointer"  pointer="30/swingO2/0/weapon"/>
    </f>
  </s>
  <s name="fly">
    <f name="0">
      <p name="weapon"  origin_x="13" origin_y="5" navel_x="-13" navel_y="49" z="weaponOverArm" image="30.fly.0.weapon.png" />
    </f>
    <f name="1">
      <p name="weapon"  origin_x="13" origin_y="5" navel_x="-13" navel_y="49" z="weaponOverArm" image="30.fly.1.weapon.png"/>
    </f>
  </s>
  <s name="jump">
    <f name="0">
      <p name="weapon"  origin_x="13" origin_y="5" navel_x="-14" navel_y="48" z="weaponOverArm" image="30.jump.0.weapon.png" />
    </f>
  </s>
  <s name="shoot1">
    <f name="0">
      <p name="37"  origin_x="23" origin_y="10" hand_x="-4" hand_y="31" z="weaponOverHand" image="37.shoot1.0.weapon.png"/>
    </f>
    <f name="1">
      <p name="37"  origin_x="23" origin_y="10" hand_x="10" hand_y="31" z="weaponOverHand" image="37.shoot1.1.weapon.png"/>
    </f>
    <f name="2">
      <p name="37"  origin_x="23" origin_y="10" hand_x="10" hand_y="31" z="weaponOverHand" image="37.shoot1.2.weapon.png"/>
    </f>
    <f name="image*">
      <p name="pointer"/>
    </f>
  </s>
  <s name="shootF">
    <f name="0">
      <p name="37"  origin_x="23" origin_y="10" hand_x="-1" hand_y="34" z="weaponOverHand" image="37.shootF.0.weapon.png"/>
    </f>
    <f name="1">
      <p name="37"  origin_x="23" origin_y="10" hand_x="16" hand_y="36" z="weaponOverHand" image="37.shootF.1.weapon.png"/>
    </f>
    <f name="2">
      <p name="pointer"  pointer="37/shootF/1/weapon"/>
    </f>
    <f name="image*">
      <p name="pointer"/>
    </f>
  </s>
  <s name="stand2">
    <f name="0">
      <p name="40"  origin_x="25" origin_y="7" hand_x="-18" hand_y="54" z="weaponOverArm" image="40.stand2.0.weapon.png"/>
    </f>
    <f name="1">
      <p name="pointer"  pointer="40/stand2/0/weapon"/>
    </f>
    <f name="2">
      <p name="pointer"  pointer="40/stand2/0/weapon"/>
    </f>
  </s>
  <s name="swingT1">
    <f name="0">
      <p name="40"  origin_x="11" origin_y="5" navel_x="-17" navel_y="45" z="weaponBelowArm" image="40.swingT1.0.weapon.png"/>
    </f>
    <f name="1">
      <p name="40"  origin_x="11" origin_y="5" navel_x="9" navel_y="76" z="weaponBelowArm" image="40.swingT1.1.weapon.png"/>
    </f>
    <f name="2">
      <p name="40"  origin_x="11" origin_y="5" navel_x="66" navel_y="-11" z="weaponBelowBody" image="40.swingT1.2.weapon.png"/>
    </f>
  </s>
  <s name="swingT2">
    <f name="0">
      <p name="40"  origin_x="11" origin_y="5" navel_x="-7" navel_y="75" z="weaponBelowBody" image="40.swingT2.0.weapon.png"/>
    </f>
    <f name="1">
      <p name="40"  origin_x="11" origin_y="5" navel_x="24" navel_y="65" z="weaponOverBody" image="40.swingT2.1.weapon.png"/>
    </f>
    <f name="2">
      <p name="40"  origin_x="11" origin_y="5" navel_x="44" navel_y="-6" z="weaponOverBody" image="40.swingT2.2.weapon.png"/>
    </f>
  </s>
  <s name="swingT3">
    <f name="0">
      <p name="40"  origin_x="11" origin_y="5" navel_x="-8" navel_y="-3" z="weaponOverBody" image="40.swingT3.0.weapon.png"/>
    </f>
    <f name="1">
      <p name="40"  origin_x="11" origin_y="5" navel_x="-9" navel_y="-3" z="weaponOverBody" image="40.swingT3.1.weapon.png"/>
    </f>
    <f name="2">
      <p name="40"  origin_x="11" origin_y="5" navel_x="18" navel_y="70" z="weaponBelowBody" image="40.swingT3.2.weapon.png"/>
    </f>
  </s>
  <s name="swingTF">
    <f name="0">
      <p name="40"  origin_x="11" origin_y="5" navel_x="-6" navel_y="79" z="backWeapon" image="40.swingTF.0.weapon.png"/>
    </f>
    <f name="1">
      <p name="40"  origin_x="11" origin_y="5" navel_x="2" navel_y="76" z="weaponBelowBody" image="40.swingTF.1.weapon.png"/>
    </f>
    <f name="2">
      <p name="40"  origin_x="11" origin_y="5" navel_x="1" navel_y="69" z="weaponBelowArm" image="40.swingTF.2.weapon.png"/>
    </f>
    <f name="3">
      <p name="40"  origin_x="11" origin_y="5" navel_x="67" navel_y="-9" z="weaponBelowBody" image="40.swingTF.3.weapon.png"/>
    </f>
  </s>
  <s name="walk2">
    <f name="0">
      <p name="41"  origin_x="25" origin_y="7" hand_x="-16" hand_y="38" z="weaponOverArm" image="41.walk2.0.weapon.png"/>
    </f>
    <f name="1">
      <p name="41"  origin_x="25" origin_y="7" hand_x="-16" hand_y="38" z="weaponOverArm" image="41.walk2.1.weapon.png"/>
    </f>
    <f name="2">
      <p name="pointer"  pointer="41/walk2/0/weapon"/>
    </f>
    <f name="3">
      <p name="41"  origin_x="25" origin_y="7" hand_x="-16" hand_y="40" z="weaponOverArm" image="41.walk2.3.weapon.png"/>
    </f>
    <f name="image*">
      <p name="pointer"/>
    </f>
  </s>
</i>
