<i>
<s name="walk1"><f name="0" ><p name="gloveOverBody"  origin_x="16" origin_y="10" navel_x="0" navel_y="0" z="gloveOverBody" image="walk1.0.gloveOverBody.png"/><p name="gloveOverHead"  origin_x="-9" origin_y="8" navel_x="0" navel_y="0" z="gloveWrist" image="walk1.0.gloveOverHead.png"/></f><f name="1" ><p name="gloveOverBody"  origin_x="11" origin_y="7" navel_x="0" navel_y="0" z="gloveOverBody" image="walk1.1.gloveOverBody.png"/><p name="gloveOverHead"  origin_x="0" origin_y="3" navel_x="0" navel_y="0" z="gloveWrist" image="walk1.1.gloveOverHead.png"/></f><f name="2" ><p name="gloveOverBody"  origin_x="15" origin_y="9" navel_x="0" navel_y="0" z="gloveOverBody" image="walk1.2.gloveOverBody.png"/><p name="gloveOverHead"  pointer="walk1/0/gloveOverHead"/></f><f name="3" ><p name="gloveOverBody"  origin_x="20" origin_y="15" navel_x="0" navel_y="0" z="gloveOverBody" image="walk1.3.gloveOverBody.png"/><p name="gloveOverHead"  origin_x="-11" origin_y="13" navel_x="0" navel_y="0" z="gloveWrist" image="walk1.3.gloveOverHead.png"/></f></s>
<s name="walk2"><f name="0" ><p name="gloveOverHand"  origin_x="15" origin_y="8" navel_x="0" navel_y="0" z="gloveOverHair" image="walk2.0.gloveOverHand.png"/><p name="gloveOverHead"  origin_x="0" origin_y="9" navel_x="0" navel_y="0" z="gloveOverHair" image="walk2.0.gloveOverHead.png"/></f><f name="1" ><p name="gloveOverHead"  origin_x="1" origin_y="7" navel_x="0" navel_y="0" z="gloveOverHair" image="walk2.1.gloveOverHead.png"/><p name="gloveOverHand"  origin_x="16" origin_y="6" navel_x="0" navel_y="0" z="gloveOverHair" image="walk2.1.gloveOverHand.png"/></f><f name="2" ><p name="gloveOverHead"  pointer="walk2/0/gloveOverHead"/><p name="gloveOverHand"  pointer="walk2/0/gloveOverHand"/></f><f name="3" ><p name="gloveOverHand"  origin_x="15" origin_y="8" navel_x="0" navel_y="0" z="gloveOverHair" image="walk2.3.gloveOverHand.png"/><p name="gloveOverHead"  origin_x="-1" origin_y="9" navel_x="0" navel_y="0" z="gloveOverHair" image="walk2.3.gloveOverHead.png"/></f></s>
<s name="stand1"><f name="0" ><p name="gloveOverBody"  origin_x="10" origin_y="6" navel_x="0" navel_y="0" z="gloveOverBody" image="stand1.0.gloveOverBody.png"/><p name="gloveOverHead"  origin_x="-8" origin_y="4" navel_x="0" navel_y="0" z="gloveWrist" image="stand1.0.gloveOverHead.png"/></f><f name="1" ><p name="gloveOverBody"  origin_x="12" origin_y="5" navel_x="0" navel_y="0" z="gloveOverBody" image="stand1.1.gloveOverBody.png"/><p name="gloveOverHead"  origin_x="-8" origin_y="4" navel_x="0" navel_y="0" z="gloveWrist" image="stand1.1.gloveOverHead.png"/></f><f name="2" ><p name="gloveOverBody"  origin_x="13" origin_y="4" navel_x="0" navel_y="0" z="gloveOverBody" image="stand1.2.gloveOverBody.png"/><p name="gloveOverHead"  origin_x="-8" origin_y="2" navel_x="0" navel_y="0" z="gloveWrist" image="stand1.2.gloveOverHead.png"/></f></s>
<s name="stand2"><f name="0" ><p name="stand2"  origin_x="14" origin_y="9" navel_x="0" navel_y="0" z="gloveOverHair" image="stand2.0.gloveOverHand.png"/></f><f name="1" ><p name="stand2"  origin_x="14" origin_y="9" navel_x="0" navel_y="0" z="gloveOverHair" image="stand2.1.gloveOverHand.png"/></f><f name="2" ><p name="stand2"  origin_x="14" origin_y="7" navel_x="0" navel_y="0" z="gloveOverHair" image="stand2.2.gloveOverHand.png"/></f></s>
<s name="alert"><f name="0" ><p name="gloveArmOverHair"  origin_x="1" origin_y="7" navel_x="0" navel_y="0" z="gloveOverHair" image="alert.0.gloveArmOverHair.png"/><p name="gloveOverHand"  origin_x="6" origin_y="8" handMove_x="2" handMove_y="4" z="gloveBelowWeapon" image="alert.0.gloveOverHand.png"/></f><f name="1" ><p name="gloveArmOverHair"  origin_x="0" origin_y="4" navel_x="0" navel_y="0" z="gloveOverHair" image="alert.1.gloveArmOverHair.png"/><p name="gloveOverHand"  origin_x="6" origin_y="9" handMove_x="0" handMove_y="3" z="gloveBelowWeapon" image="alert.1.gloveOverHand.png"/></f><f name="2" ><p name="gloveArmOverHair"  origin_x="0" origin_y="1" navel_x="0" navel_y="0" z="gloveOverHair" image="alert.2.gloveArmOverHair.png"/><p name="gloveOverHand"  origin_x="6" origin_y="8" handMove_x="-3" handMove_y="4" z="gloveBelowWeapon" image="alert.2.gloveOverHand.png"/></f></s>
<s name="swingO1"><f name="1" ><p name="gloveOverBody"  origin_x="-5" origin_y="10" navel_x="0" navel_y="0" z="gloveOverBody" image="swingO1.1.gloveOverBody.png"/><p name="gloveArmOverHair"  origin_x="12" origin_y="9" navel_x="0" navel_y="0" z="gloveOverHair" image="swingO1.1.gloveArmOverHair.png"/></f><f name="2" ><p name="gloveArmOverHair"  origin_x="13" origin_y="8" navel_x="-17" navel_y="22" z="gloveOverHair" image="swingO1.2.gloveArmOverHair.png"/><p name="gloveOverBody"  origin_x="11" origin_y="17" navel_x="0" navel_y="0" z="gloveOverBody" image="swingO1.2.gloveOverBody.png"/></f></s>
<s name="swingO2"><f name="0" ><p name="glove"  origin_x="22" origin_y="26" navel_x="0" navel_y="0" z="gloveBelowHead" image="swingO2.0.glove.png"/><p name="gloveOverBody"  origin_x="16" origin_y="11" navel_x="0" navel_y="0" z="gloveOverBody" image="swingO2.0.gloveOverBody.png"/></f><f name="1" ><p name="glove"  origin_x="25" origin_y="25" navel_x="0" navel_y="0" z="gloveBelowHead" image="swingO2.1.glove.png"/><p name="gloveOverBody"  origin_x="11" origin_y="13" navel_x="0" navel_y="0" z="gloveOverBody" image="swingO2.1.gloveOverBody.png"/></f><f name="2" ><p name="gloveOverHead"  origin_x="-5" origin_y="5" navel_x="0" navel_y="0" z="glove" image="swingO2.2.gloveOverHead.png"/><p name="gloveOverBody"  origin_x="24" origin_y="19" navel_x="0" navel_y="0" z="gloveOverBody" image="swingO2.2.gloveOverBody.png"/></f></s>
<s name="swingO3"><f name="0" ><p name="gloveOverHead"  origin_x="-13" origin_y="23" navel_x="0" navel_y="0" z="glove" image="swingO3.0.gloveOverHead.png"/><p name="gloveOverBody"  origin_x="28" origin_y="19" navel_x="0" navel_y="0" z="gloveOverBody" image="swingO3.0.gloveOverBody.png"/></f><f name="1" ><p name="swingO3"  origin_x="7" origin_y="9" navel_x="16" navel_y="7" z="gloveBelowHead" image="swingO3.1.gloveArmOverHair.png"/></f></s>
<s name="swingOF"><f name="0" ><p name="gloveOverBody"  origin_x="19" origin_y="6" navel_x="0" navel_y="0" z="glove" image="swingOF.0.gloveOverBody.png"/><p name="gloveOverHand"  origin_x="-13" origin_y="20" navel_x="0" navel_y="0" z="gloveOverHair" image="swingOF.0.gloveOverHand.png"/></f><f name="3" ><p name="gloveOverBody"  origin_x="-8" origin_y="25" navel_x="0" navel_y="0" z="gloveOverBody" image="swingOF.3.gloveOverBody.png"/><p name="glove"  origin_x="22" origin_y="4" navel_x="0" navel_y="0" z="glove" image="swingOF.3.glove.png"/></f></s>
<s name="swingT1"><f name="0" ><p name="gloveOverHead"  origin_x="-1" origin_y="35" navel_x="0" navel_y="0" z="gloveOverHair" image="swingT1.0.gloveOverHead.png"/><p name="gloveArmOverHair"  origin_x="-13" origin_y="31" navel_x="0" navel_y="0" z="gloveOverHair" image="swingT1.0.gloveArmOverHair.png"/></f><f name="1" ><p name="gloveOverHead"  origin_x="25" origin_y="28" navel_x="0" navel_y="0" z="gloveOverHair" image="swingT1.1.gloveOverHead.png"/><p name="gloveArmOverHair"  origin_x="19" origin_y="31" navel_x="0" navel_y="0" z="gloveOverHair" image="swingT1.1.gloveArmOverHair.png"/></f><f name="2" ><p name="gloveOverHead"  origin_x="23" origin_y="4" navel_x="0" navel_y="0" z="glove" image="swingT1.2.gloveOverHead.png"/><p name="gloveOverBody"  origin_x="16" origin_y="-1" navel_x="0" navel_y="0" z="gloveOverBody" image="swingT1.2.gloveOverBody.png"/></f></s>
<s name="swingT2"><f name="1" ><p name="gloveOverHead"  origin_x="25" origin_y="15" navel_x="0" navel_y="0" z="glove" image="swingT2.1.gloveOverHead.png"/><p name="gloveOverBody"  origin_x="23" origin_y="20" navel_x="0" navel_y="0" z="gloveOverBody" image="swingT2.1.gloveOverBody.png"/></f><f name="2" ><p name="swingT2"  origin_x="5" origin_y="7" navel_x="0" navel_y="0" z="glove" image="swingT2.2.glove.png"/></f></s>
<s name="swingT3"><f name="0" ><p name="gloveOverHead"  origin_x="-3" origin_y="9" navel_x="0" navel_y="0" z="glove" image="swingT3.0.gloveOverHead.png"/><p name="gloveOverBody"  origin_x="-7" origin_y="6" navel_x="0" navel_y="0" z="gloveOverBody" image="swingT3.0.gloveOverBody.png"/></f><f name="1" ><p name="swingT3"  origin_x="3" origin_y="7" navel_x="0" navel_y="0" z="glove" image="swingT3.1.glove.png"/></f></s>
<s name="swingTF"><f name="1" ><p name="swingTF"  origin_x="-6" origin_y="17" navel_x="0" navel_y="0" z="glove" image="swingTF.1.glove.png"/></f><f name="2" ><p name="swingTF"  origin_x="16" origin_y="41" navel_x="0" navel_y="0" z="gloveOverHair" image="swingTF.2.gloveArmOverHair.png"/></f><f name="3" ><p name="gloveOverBody"  origin_x="17" origin_y="-1" navel_x="0" navel_y="0" z="gloveOverBody" image="swingTF.3.gloveOverBody.png"/><p name="gloveOverHead"  origin_x="22" origin_y="5" navel_x="0" navel_y="0" z="gloveOverHair" image="swingTF.3.gloveOverHead.png"/></f></s>
<s name="swingP1"><f name="0" ><p name="gloveOverHead"  origin_x="4" origin_y="38" navel_x="0" navel_y="0" z="gloveOverHair" image="swingP1.0.gloveOverHead.png"/><p name="gloveArmOverHair"  origin_x="-12" origin_y="33" navel_x="0" navel_y="0" z="gloveOverHair" image="swingP1.0.gloveArmOverHair.png"/></f><f name="1" ><p name="gloveOverBody"  origin_x="28" origin_y="21" navel_x="0" navel_y="0" z="gloveOverHair" image="swingP1.1.gloveOverBody.png"/><p name="gloveArmOverHair"  origin_x="19" origin_y="31" navel_x="0" navel_y="0" z="gloveOverHair" image="swingP1.1.gloveArmOverHair.png"/></f><f name="2" ><p name="gloveOverHead"  origin_x="23" origin_y="7" navel_x="0" navel_y="0" z="glove" image="swingP1.2.gloveOverHead.png"/><p name="gloveOverBody"  origin_x="17" origin_y="3" navel_x="0" navel_y="0" z="gloveOverBody" image="swingP1.2.gloveOverBody.png"/></f></s>
<s name="swingP2"><f name="0" ><p name="swingP2"  origin_x="23" origin_y="23" navel_x="0" navel_y="0" z="glove" image="swingP2.0.gloveOverHead.png"/></f><f name="1" ><p name="swingP2"  origin_x="25" origin_y="15" navel_x="0" navel_y="0" z="glove" image="swingP2.1.gloveOverHead.png"/></f><f name="2" ><p name="swingP2"  origin_x="5" origin_y="8" navel_x="0" navel_y="0" z="glove" image="swingP2.2.glove.png"/></f></s>
<s name="swingPF"><f name="0" ><p name="gloveOverHand"  origin_x="26" origin_y="17" navel_x="0" navel_y="0" z="gloveOverHair" image="swingPF.0.gloveOverHand.png"/><p name="gloveArmOverHair"  origin_x="-16" origin_y="14" navel_x="0" navel_y="0" z="gloveOverHair" image="swingPF.0.gloveArmOverHair.png"/></f><f name="1" ><p name="gloveOverHand"  origin_x="24" origin_y="12" navel_x="0" navel_y="0" z="gloveOverHair" image="swingPF.1.gloveOverHand.png"/><p name="gloveArmOverHair"  origin_x="-15" origin_y="16" navel_x="0" navel_y="0" z="gloveOverHair" image="swingPF.1.gloveArmOverHair.png"/></f><f name="2" ><p name="gloveOverHead"  origin_x="10" origin_y="36" navel_x="0" navel_y="0" z="gloveOverHair" image="swingPF.2.gloveOverHead.png"/><p name="gloveArmOverHair"  origin_x="-8" origin_y="33" navel_x="0" navel_y="0" z="gloveOverHair" image="swingPF.2.gloveArmOverHair.png"/></f><f name="3" ><p name="gloveOverHead"  origin_x="22" origin_y="5" navel_x="0" navel_y="0" z="gloveOverHair" image="swingPF.3.gloveOverHead.png"/><p name="gloveOverBody"  origin_x="18" origin_y="4" navel_x="0" navel_y="0" z="gloveOverBody" image="swingPF.3.gloveOverBody.png"/></f></s>
<s name="stabO1"><f name="0" ><p name="gloveOverBody"  origin_x="28" origin_y="16" navel_x="0" navel_y="0" z="gloveOverBody" image="stabO1.0.gloveOverBody.png"/><p name="gloveOverHead"  origin_x="-10" origin_y="7" navel_x="0" navel_y="0" z="glove" image="stabO1.0.gloveOverHead.png"/></f><f name="1" ><p name="stabO1"  origin_x="30" origin_y="13" navel_x="0" navel_y="0" z="gloveOverHair" image="stabO1.1.gloveArmOverHair.png"/></f></s>
<s name="stabO2"><f name="0" ><p name="gloveOverBody"  origin_x="28" origin_y="18" navel_x="0" navel_y="0" z="gloveOverBody" image="stabO2.0.gloveOverBody.png"/><p name="gloveArmOverHair"  origin_x="-6" origin_y="20" navel_x="0" navel_y="0" z="gloveOverHair" image="stabO2.0.gloveArmOverHair.png"/></f><f name="1" ><p name="stabO2"  origin_x="27" origin_y="12" navel_x="0" navel_y="0" z="gloveOverHair" image="stabO2.1.gloveArmOverHair.png"/></f></s>
<s name="stabOF"><f name="0" ><p name="gloveOverBody"  origin_x="6" origin_y="10" navel_x="0" navel_y="0" z="gloveOverBody" image="stabOF.0.gloveOverBody.png"/><p name="gloveOverHead"  origin_x="-3" origin_y="12" navel_x="0" navel_y="0" z="gloveOverHair" image="stabOF.0.gloveOverHead.png"/></f><f name="1" ><p name="gloveOverHead"  origin_x="-7" origin_y="8" navel_x="0" navel_y="0" z="gloveOverHair" image="stabOF.1.gloveOverHead.png"/><p name="gloveOverBody"  origin_x="36" origin_y="19" navel_x="0" navel_y="0" z="gloveOverBody" image="stabOF.1.gloveOverBody.png"/></f><f name="2" ><p name="gloveArmOverHair"  origin_x="32" origin_y="15" navel_x="0" navel_y="0" z="gloveOverHair" image="stabOF.2.gloveArmOverHair.png"/><p name="gloveOverBody"  origin_x="24" origin_y="15" navel_x="0" navel_y="0" z="gloveOverBody" image="stabOF.2.gloveOverBody.png"/></f></s>
<s name="stabT1"><f name="0" ><p name="gloveOverHand"  origin_x="10" origin_y="11" navel_x="0" navel_y="0" z="gloveOverHair" image="stabT1.0.gloveOverHand.png"/><p name="glove"  origin_x="-15" origin_y="16" navel_x="0" navel_y="0" z="glove" image="stabT1.0.glove.png"/></f><f name="1" ><p name="glove"  origin_x="-12" origin_y="10" navel_x="0" navel_y="0" z="glove" image="stabT1.1.glove.png"/><p name="gloveOverHand"  origin_x="12" origin_y="9" navel_x="0" navel_y="0" z="gloveOverHair" image="stabT1.1.gloveOverHand.png"/></f><f name="2" ><p name="gloveOverHand"  origin_x="32" origin_y="15" navel_x="0" navel_y="0" z="gloveOverHair" image="stabT1.2.gloveOverHand.png"/><p name="glove"  origin_x="7" origin_y="13" navel_x="0" navel_y="0" z="glove" image="stabT1.2.glove.png"/></f></s>
<s name="stabT2"><f name="0" ><p name="gloveOverHand"  origin_x="21" origin_y="8" navel_x="0" navel_y="0" z="gloveOverHair" image="stabT2.0.gloveOverHand.png"/><p name="glove"  origin_x="-9" origin_y="16" navel_x="0" navel_y="0" z="glove" image="stabT2.0.glove.png"/></f><f name="1" ><p name="gloveOverHand"  origin_x="22" origin_y="9" navel_x="0" navel_y="0" z="gloveOverHair" image="stabT2.1.gloveOverHand.png"/><p name="glove"  origin_x="-6" origin_y="13" navel_x="0" navel_y="0" z="glove" image="stabT2.1.glove.png"/></f><f name="2" ><p name="gloveOverHand"  origin_x="33" origin_y="14" navel_x="0" navel_y="0" z="gloveOverHair" image="stabT2.2.gloveOverHand.png"/><p name="glove"  origin_x="-1" origin_y="5" navel_x="0" navel_y="0" z="glove" image="stabT2.2.glove.png"/></f></s>
<s name="stabTF"><f name="0" ><p name="gloveOverHand"  pointer="swingPF/0/gloveOverHand"/><p name="gloveArmOverHair"  pointer="swingPF/0/gloveArmOverHair"/></f><f name="1" ><p name="gloveOverHand"  pointer="swingPF/1/gloveOverHand"/><p name="gloveArmOverHair"  pointer="swingPF/1/gloveArmOverHair"/></f><f name="2" ><p name="gloveOverHead"  origin_x="-6" origin_y="12" navel_x="0" navel_y="0" z="glove" image="stabTF.2.gloveOverHead.png"/><p name="gloveArmOverHair"  origin_x="-18" origin_y="21" navel_x="0" navel_y="0" z="gloveOverHair" image="stabTF.2.gloveArmOverHair.png"/></f><f name="3" ><p name="gloveOverHand"  pointer="stabT1/2/gloveOverHand"/><p name="glove"  pointer="stabT1/2/glove"/></f></s>
<s name="shoot1"><f name="0" ><p name="gloveOverBody"  origin_x="29" origin_y="18" navel_x="0" navel_y="0" z="gloveOverBody" image="shoot1.0.gloveOverBody.png"/><p name="gloveArmOverHair"  origin_x="13" origin_y="21" navel_x="0" navel_y="0" z="gloveOverHair" image="shoot1.0.gloveArmOverHair.png"/></f><f name="1" ><p name="gloveArmOverHair"  origin_x="0" origin_y="20" navel_x="0" navel_y="0" z="gloveOverHair" image="shoot1.1.gloveArmOverHair.png"/><p name="gloveOverBody"  origin_x="30" origin_y="17" navel_x="0" navel_y="0" z="gloveOverBody" image="shoot1.1.gloveOverBody.png"/></f><f name="2" ><p name="gloveArmOverHair"  pointer="shoot1/1/gloveArmOverHair"/><p name="gloveOverBody"  pointer="shoot1/1/gloveOverBody"/></f></s>
<s name="shoot2"><f name="0" ><p name="gloveOverBody"  origin_x="21" origin_y="17" navel_x="0" navel_y="0" z="gloveOverBody" image="shoot2.0.gloveOverBody.png"/><p name="gloveArmOverHair"  origin_x="1" origin_y="15" navel_x="0" navel_y="0" z="gloveOverHair" image="shoot2.0.gloveArmOverHair.png"/></f><f name="1" ><p name="gloveArmOverHair"  origin_x="16" origin_y="21" navel_x="0" navel_y="0" z="gloveOverHair" image="shoot2.1.gloveArmOverHair.png"/><p name="gloveOverBody"  pointer="shoot2/0/gloveOverBody"/></f><f name="2" ><p name="gloveArmOverHair"  origin_x="2" origin_y="19" navel_x="0" navel_y="0" z="gloveOverHair" image="shoot2.2.gloveArmOverHair.png"/><p name="gloveOverBody"  pointer="shoot2/0/gloveOverBody"/></f><f name="3" ><p name="gloveArmOverHair"  pointer="shoot2/0/gloveArmOverHair"/><p name="gloveOverBody"  pointer="shoot2/0/gloveOverBody"/></f><f name="4" ><p name="gloveArmOverHair"  origin_x="-1" origin_y="15" navel_x="0" navel_y="0" z="gloveOverHair" image="shoot2.4.gloveArmOverHair.png"/><p name="gloveOverBody"  origin_x="21" origin_y="16" navel_x="0" navel_y="0" z="gloveOverBody" image="shoot2.4.gloveOverBody.png"/></f></s>
<s name="shootF"><f name="0" ><p name="gloveOverBody"  origin_x="31" origin_y="23" navel_x="0" navel_y="0" z="gloveOverBody" image="shootF.0.gloveOverBody.png"/><p name="gloveArmOverHair"  origin_x="12" origin_y="23" navel_x="0" navel_y="0" z="gloveOverHair" image="shootF.0.gloveArmOverHair.png"/></f><f name="1" ><p name="gloveOverBody"  origin_x="34" origin_y="21" navel_x="0" navel_y="0" z="gloveOverBody" image="shootF.1.gloveOverBody.png"/><p name="gloveArmOverHair"  origin_x="-2" origin_y="20" navel_x="0" navel_y="0" z="gloveOverHair" image="shootF.1.gloveArmOverHair.png"/></f><f name="2" ><p name="gloveArmOverHair"  pointer="shootF/1/gloveArmOverHair"/><p name="gloveOverBody"  pointer="shootF/1/gloveOverBody"/></f></s>
<s name="proneStab"><f name="0" ><p name="gloveArmOverHair"  origin_x="14" origin_y="12" navel_x="0" navel_y="0" z="gloveOverHair" image="proneStab.0.gloveArmOverHair.png"/><p name="gloveOverBody"  origin_x="43" origin_y="13" navel_x="0" navel_y="0" z="gloveOverBody" image="proneStab.0.gloveOverBody.png"/></f><f name="1" ><p name="gloveArmOverHair"  origin_x="29" origin_y="11" navel_x="0" navel_y="0" z="gloveOverHair" image="proneStab.1.gloveArmOverHair.png"/><p name="gloveOverBody"  pointer="proneStab/0/gloveOverBody"/></f></s>
<s name="prone"><f name="0" ><p name="gloveArmOverHair"  pointer="proneStab/0/gloveArmOverHair"/><p name="gloveOverBody"  pointer="proneStab/0/gloveOverBody"/></f></s>
<s name="heal"><f name="0" ><p name="gloveArmOverHair"  pointer="alert/1/gloveArmOverHair"/><p name="gloveOverHand"  pointer="alert/1/gloveOverHand"/></f><f name="1" ><p name="glove"  pointer="swingO2/1/glove"/><p name="gloveOverBody"  pointer="swingO2/1/gloveOverBody"/></f><f name="2" ><p name="gloveOverBody"  pointer="swingO2/0/gloveOverBody"/><p name="glove"  pointer="swingO2/0/glove"/></f></s>
<s name="fly"><f name="0" ><p name="gloveOverHand"  origin_x="16" origin_y="16" navel_x="0" navel_y="0" z="gloveOverHair" image="fly.0.gloveOverHand.png"/><p name="gloveArmOverHair"  origin_x="1" origin_y="18" navel_x="0" navel_y="0" z="gloveOverHair" image="fly.0.gloveArmOverHair.png"/></f><f name="1" ><p name="gloveOverHand"  pointer="fly/0/gloveOverHand"/><p name="gloveArmOverHair"  pointer="fly/0/gloveArmOverHair"/></f></s>
<s name="jump"><f name="0" ><p name="gloveOverHand"  origin_x="15" origin_y="15" navel_x="0" navel_y="0" z="gloveOverHair" image="jump.0.gloveOverHand.png"/><p name="gloveArmOverHair"  origin_x="0" origin_y="17" navel_x="0" navel_y="0" z="gloveOverHair" image="jump.0.gloveArmOverHair.png"/></f></s>
<s name="sit"><f name="0" ><p name="gloveOverBody"  origin_x="14" origin_y="12" navel_x="0" navel_y="0" z="gloveOverBody" image="sit.0.gloveOverBody.png"/><p name="gloveOverHead"  origin_x="1" origin_y="7" navel_x="0" navel_y="0" z="glove" image="sit.0.gloveOverHead.png"/></f></s>
<s name="ladder"><f name="0" ><p name="ladder"  origin_x="10" origin_y="22" navel_x="0" navel_y="0" z="backGlove" image="ladder.0.gloveOverBody.png"/></f><f name="1" ><p name="ladder"  origin_x="16" origin_y="22" navel_x="0" navel_y="0" z="backGlove" image="ladder.1.gloveOverBody.png"/></f></s>
<s name="rope"><f name="0" ><p name="rope"  origin_x="7" origin_y="19" navel_x="1" navel_y="0" z="backGlove" image="rope.0.gloveOverBody.png"/></f><f name="1" ><p name="rope"  origin_x="5" origin_y="12" navel_x="0" navel_y="0" z="backGlove" image="rope.1.gloveOverBody.png"/></f></s>
</i>
