  <i name="05021010">
  <i name="info">
    <i name="icon">
      <i name="origin">
        <i name="x" value="-1"/>
        <i name="y" value="27"/>
      </i>
      <i name="image" value="05021010.info.icon.png"/>
    </i>
    <i name="iconRaw">
      <i name="origin">
        <i name="x" value="-1"/>
        <i name="y" value="27"/>
      </i>
      <i name="image" value="05021010.info.iconRaw.png"/>
    </i>
    <i name="cash" value="1"/>
  </i>
  <i name="bullet">
    <i name="0">
      <i name="origin">
        <i name="x" value="18"/>
        <i name="y" value="9"/>
      </i>
      <i name="image" value="05021010.bullet.0.png"/>
    </i>
    <i name="1">
      <i name="origin">
        <i name="x" value="18"/>
        <i name="y" value="9"/>
      </i>
      <i name="image" value="05021010.bullet.1.png"/>
    </i>
    <i name="2">
      <i name="origin">
        <i name="x" value="19"/>
        <i name="y" value="9"/>
      </i>
      <i name="image" value="05021010.bullet.2.png"/>
    </i>
    <i name="3">
      <i name="origin">
        <i name="x" value="18"/>
        <i name="y" value="9"/>
      </i>
      <i name="image" value="05021010.bullet.3.png"/>
    </i>
  </i>
  <i name="hit">
    <i name="0">
      <i name="origin">
        <i name="x" value="25"/>
        <i name="y" value="29"/>
      </i>
      <i name="delay" value="90"/>
      <i name="image" value="05021010.hit.0.png"/>
    </i>
    <i name="1">
      <i name="origin">
        <i name="x" value="24"/>
        <i name="y" value="32"/>
      </i>
      <i name="delay" value="100"/>
      <i name="image" value="05021010.hit.1.png"/>
    </i>
    <i name="2">
      <i name="origin">
        <i name="x" value="25"/>
        <i name="y" value="36"/>
      </i>
      <i name="delay" value="100"/>
      <i name="image" value="05021010.hit.2.png"/>
    </i>
    <i name="3">
      <i name="origin">
        <i name="x" value="41"/>
        <i name="y" value="37"/>
      </i>
      <i name="delay" value="100"/>
      <i name="image" value="05021010.hit.3.png"/>
    </i>
    <i name="4">
      <i name="origin">
        <i name="x" value="52"/>
        <i name="y" value="9"/>
      </i>
      <i name="delay" value="100"/>
      <i name="image" value="05021010.hit.4.png"/>
    </i>
    <i name="5">
      <i name="origin">
        <i name="x" value="59"/>
        <i name="y" value="1"/>
      </i>
      <i name="delay" value="100"/>
      <i name="image" value="05021010.hit.5.png"/>
    </i>
  </i>
  </i>
