<i name="5000024">
<i name="stand0">
<i name="0">
<i name="origin">
<i name="x" value="2"/>
<i name="y" value="51"/>
</i>
<i name="image" value="5000024.stand0.0.png"/>
</i>
<i name="1">
<i name="pointer" value="5000024/stand0/0"/>
</i>
<i name="2">
<i name="pointer" value="5000024/stand0/0"/>
</i>
</i>
<i name="stand1">
<i name="0">
<i name="origin">
<i name="x" value="2"/>
<i name="y" value="51"/>
</i>
<i name="image" value="5000024.stand1.0.png"/>
</i>
<i name="1">
<i name="origin">
<i name="x" value="2"/>
<i name="y" value="50"/>
</i>
<i name="image" value="5000024.stand1.1.png"/>
</i>
<i name="2">
<i name="origin">
<i name="x" value="2"/>
<i name="y" value="49"/>
</i>
<i name="image" value="5000024.stand1.2.png"/>
</i>
<i name="3">
<i name="origin">
<i name="x" value="2"/>
<i name="y" value="48"/>
</i>
<i name="image" value="5000024.stand1.3.png"/>
</i>
<i name="4">
<i name="origin">
<i name="x" value="2"/>
<i name="y" value="49"/>
</i>
<i name="image" value="5000024.stand1.4.png"/>
</i>
<i name="5">
<i name="origin">
<i name="x" value="2"/>
<i name="y" value="50"/>
</i>
<i name="image" value="5000024.stand1.5.png"/>
</i>
</i>
<i name="hungry">
<i name="0">
<i name="origin">
<i name="x" value="6"/>
<i name="y" value="50"/>
</i>
<i name="image" value="5000024.hungry.0.png"/>
</i>
</i>
<i name="rest0">
<i name="0">
<i name="origin">
<i name="x" value="11"/>
<i name="y" value="42"/>
</i>
<i name="image" value="5000024.rest0.0.png"/>
</i>
<i name="1">
<i name="pointer" value="5000024/rest0/0"/>
</i>
<i name="2">
<i name="pointer" value="5000024/rest0/0"/>
</i>
</i>
<i name="charming">
<i name="0">
<i name="origin">
<i name="x" value="6"/>
<i name="y" value="51"/>
</i>
<i name="image" value="5000024.charming.0.png"/>
</i>
<i name="1">
<i name="origin">
<i name="x" value="6"/>
<i name="y" value="51"/>
</i>
<i name="image" value="5000024.charming.1.png"/>
</i>
<i name="2">
<i name="origin">
<i name="x" value="6"/>
<i name="y" value="51"/>
</i>
<i name="image" value="5000024.charming.2.png"/>
</i>
<i name="4">
<i name="pointer" value="5000024/charming/1"/>
</i>
<i name="5">
<i name="pointer" value="5000024/charming/2"/>
</i>
<i name="6">
<i name="pointer" value="5000024/charming/1"/>
</i>
</i>
<i name="jump">
<i name="0">
<i name="origin">
<i name="x" value="-8"/>
<i name="y" value="52"/>
</i>
<i name="image" value="5000024.jump.0.png"/>
</i>
</i>
<i name="move">
<i name="0">
<i name="origin">
<i name="x" value="-2"/>
<i name="y" value="52"/>
</i>
<i name="image" value="5000024.move.0.png"/>
</i>
<i name="1">
<i name="origin">
<i name="x" value="-2"/>
<i name="y" value="51"/>
</i>
<i name="image" value="5000024.move.1.png"/>
</i>
<i name="2">
<i name="origin">
<i name="x" value="-2"/>
<i name="y" value="52"/>
</i>
<i name="image" value="5000024.move.2.png"/>
</i>
<i name="3">
<i name="origin">
<i name="x" value="-2"/>
<i name="y" value="51"/>
</i>
<i name="image" value="5000024.move.3.png"/>
</i>
</i>
<i name="chat">
<i name="0">
<i name="origin">
<i name="x" value="2"/>
<i name="y" value="51"/>
</i>
<i name="image" value="5000024.chat.0.png"/>
</i>
</i>
<i name="angry">
<i name="0">
<i name="origin">
<i name="x" value="-21"/>
<i name="y" value="48"/>
</i>
<i name="image" value="5000024.angry.0.png"/>
</i>
<i name="1">
<i name="origin">
<i name="x" value="-21"/>
<i name="y" value="47"/>
</i>
<i name="image" value="5000024.angry.1.png"/>
</i>
</i>
<i name="hang">
<i name="0">
<i name="origin">
<i name="x" value="-6"/>
<i name="y" value="53"/>
</i>
<i name="image" value="5000024.hang.0.png"/>
</i>
</i>
<i name="fart">
<i name="0">
<i name="origin">
<i name="x" value="6"/>
<i name="y" value="51"/>
</i>
<i name="image" value="5000024.fart.0.png"/>
</i>
<i name="1">
<i name="origin">
<i name="x" value="6"/>
<i name="y" value="49"/>
</i>
<i name="image" value="5000024.fart.1.png"/>
</i>
<i name="2">
<i name="origin">
<i name="x" value="6"/>
<i name="y" value="50"/>
</i>
<i name="image" value="5000024.fart.2.png"/>
</i>
<i name="3">
<i name="origin">
<i name="x" value="6"/>
<i name="y" value="51"/>
</i>
<i name="image" value="5000024.fart.3.png"/>
</i>
<i name="4">
<i name="origin">
<i name="x" value="6"/>
<i name="y" value="51"/>
</i>
<i name="image" value="5000024.fart.4.png"/>
</i>
</i>
<i name="vomit">
<i name="0">
<i name="origin">
<i name="x" value="6"/>
<i name="y" value="51"/>
</i>
<i name="image" value="5000024.vomit.0.png"/>
</i>
<i name="1">
<i name="pointer" value="5000024/vomit/0"/>
</i>
<i name="2">
<i name="pointer" value="5000024/vomit/0"/>
</i>
<i name="3">
<i name="pointer" value="5000024/vomit/0"/>
</i>
<i name="4">
<i name="pointer" value="5000024/vomit/0"/>
</i>
<i name="5">
<i name="pointer" value="5000024/vomit/0"/>
</i>
<i name="6">
<i name="pointer" value="5000024/vomit/0"/>
</i>
<i name="7">
<i name="pointer" value="5000024/vomit/0"/>
</i>
<i name="8">
<i name="pointer" value="5000024/vomit/0"/>
</i>
<i name="9">
<i name="pointer" value="5000024/vomit/0"/>
</i>
<i name="10">
<i name="pointer" value="5000024/vomit/0"/>
</i>
<i name="11">
<i name="pointer" value="5000024/vomit/0"/>
</i>
<i name="12">
<i name="pointer" value="5000024/vomit/0"/>
</i>
<i name="13">
<i name="pointer" value="5000024/vomit/0"/>
</i>
<i name="14">
<i name="pointer" value="5000024/vomit/0"/>
</i>
<i name="15">
<i name="pointer" value="5000024/vomit/0"/>
</i>
</i>
<i name="smile">
<i name="0">
<i name="origin">
<i name="x" value="2"/>
<i name="y" value="50"/>
</i>
<i name="image" value="5000024.smile.0.png"/>
</i>
</i>
<i name="melong">
<i name="0">
<i name="origin">
<i name="x" value="6"/>
<i name="y" value="51"/>
</i>
<i name="image" value="5000024.melong.0.png"/>
</i>
</i>
<i name="cry">
<i name="0">
<i name="origin">
<i name="x" value="6"/>
<i name="y" value="50"/>
</i>
<i name="image" value="5000024.cry.0.png"/>
</i>
<i name="1">
<i name="origin">
<i name="x" value="6"/>
<i name="y" value="50"/>
</i>
<i name="image" value="5000024.cry.1.png"/>
</i>
<i name="2">
<i name="origin">
<i name="x" value="6"/>
<i name="y" value="50"/>
</i>
<i name="image" value="5000024.cry.2.png"/>
</i>
<i name="3">
<i name="origin">
<i name="x" value="6"/>
<i name="y" value="50"/>
</i>
<i name="image" value="5000024.cry.3.png"/>
</i>
<i name="4">
<i name="origin">
<i name="x" value="6"/>
<i name="y" value="50"/>
</i>
<i name="image" value="5000024.cry.4.png"/>
</i>
<i name="5">
<i name="origin">
<i name="x" value="6"/>
<i name="y" value="50"/>
</i>
<i name="image" value="5000024.cry.5.png"/>
</i>
<i name="6">
<i name="pointer" value="5000024/cry/0"/>
</i>
<i name="7">
<i name="pointer" value="5000024/cry/1"/>
</i>
<i name="8">
<i name="pointer" value="5000024/cry/2"/>
</i>
<i name="9">
<i name="pointer" value="5000024/cry/3"/>
</i>
<i name="10">
<i name="pointer" value="5000024/cry/4"/>
</i>
<i name="11">
<i name="pointer" value="5000024/cry/5"/>
</i>
</i>
<i name="glitter">
<i name="0">
<i name="origin">
<i name="x" value="6"/>
<i name="y" value="50"/>
</i>
<i name="image" value="5000024.glitter.0.png"/>
</i>
<i name="1">
<i name="origin">
<i name="x" value="6"/>
<i name="y" value="50"/>
</i>
<i name="image" value="5000024.glitter.1.png"/>
</i>
<i name="2">
<i name="pointer" value="5000024/glitter/0"/>
</i>
<i name="3">
<i name="pointer" value="5000024/glitter/1"/>
</i>
<i name="4">
<i name="pointer" value="5000024/glitter/0"/>
</i>
<i name="5">
<i name="pointer" value="5000024/glitter/1"/>
</i>
<i name="6">
<i name="pointer" value="5000024/glitter/0"/>
</i>
<i name="7">
<i name="pointer" value="5000024/glitter/1"/>
</i>
<i name="8">
<i name="pointer" value="5000024/glitter/0"/>
</i>
<i name="9">
<i name="pointer" value="5000024/glitter/1"/>
</i>
<i name="10">
<i name="pointer" value="5000024/glitter/0"/>
</i>
<i name="11">
<i name="pointer" value="5000024/glitter/1"/>
</i>
<i name="12">
<i name="pointer" value="5000024/glitter/0"/>
</i>
<i name="13">
<i name="pointer" value="5000024/glitter/1"/>
</i>
</i>
<i name="love">
<i name="0">
<i name="origin">
<i name="x" value="6"/>
<i name="y" value="51"/>
</i>
<i name="image" value="5000024.love.0.png"/>
</i>
<i name="1">
<i name="origin">
<i name="x" value="6"/>
<i name="y" value="51"/>
</i>
<i name="image" value="5000024.love.1.png"/>
</i>
<i name="2">
<i name="pointer" value="5000024/love/0"/>
</i>
<i name="3">
<i name="pointer" value="5000024/love/1"/>
</i>
<i name="4">
<i name="pointer" value="5000024/love/0"/>
</i>
<i name="5">
<i name="pointer" value="5000024/love/1"/>
</i>
<i name="6">
<i name="pointer" value="5000024/love/0"/>
</i>
<i name="7">
<i name="pointer" value="5000024/love/1"/>
</i>
<i name="8">
<i name="pointer" value="5000024/love/0"/>
</i>
<i name="9">
<i name="pointer" value="5000024/love/1"/>
</i>
<i name="10">
<i name="pointer" value="5000024/love/0"/>
</i>
<i name="11">
<i name="pointer" value="5000024/love/1"/>
</i>
</i>
<i name="eye">
<i name="0">
<i name="origin">
<i name="x" value="5"/>
<i name="y" value="49"/>
</i>
<i name="image" value="5000024.eye.0.png"/>
</i>
<i name="1">
<i name="origin">
<i name="x" value="5"/>
<i name="y" value="49"/>
</i>
<i name="image" value="5000024.eye.1.png"/>
</i>
<i name="2">
<i name="origin">
<i name="x" value="5"/>
<i name="y" value="49"/>
</i>
<i name="image" value="5000024.eye.2.png"/>
</i>
<i name="3">
<i name="origin">
<i name="x" value="5"/>
<i name="y" value="49"/>
</i>
<i name="image" value="5000024.eye.3.png"/>
</i>
<i name="4">
<i name="origin">
<i name="x" value="5"/>
<i name="y" value="49"/>
</i>
<i name="image" value="5000024.eye.4.png"/>
</i>
</i>
<i name="sleep">
<i name="0">
<i name="origin">
<i name="x" value="-3"/>
<i name="y" value="30"/>
</i>
<i name="image" value="5000024.sleep.0.png"/>
</i>
<i name="1">
<i name="origin">
<i name="x" value="-3"/>
<i name="y" value="30"/>
</i>
<i name="image" value="5000024.sleep.1.png"/>
</i>
<i name="2">
<i name="origin">
<i name="x" value="-3"/>
<i name="y" value="30"/>
</i>
<i name="image" value="5000024.sleep.2.png"/>
</i>
<i name="3">
<i name="origin">
<i name="x" value="-3"/>
<i name="y" value="30"/>
</i>
<i name="image" value="5000024.sleep.3.png"/>
</i>
<i name="4">
<i name="origin">
<i name="x" value="-3"/>
<i name="y" value="30"/>
</i>
<i name="image" value="5000024.sleep.4.png"/>
</i>
<i name="5">
<i name="pointer" value="5000024/sleep/0"/>
</i>
<i name="6">
<i name="pointer" value="5000024/sleep/1"/>
</i>
<i name="7">
<i name="pointer" value="5000024/sleep/2"/>
</i>
<i name="8">
<i name="pointer" value="5000024/sleep/3"/>
</i>
<i name="9">
<i name="pointer" value="5000024/sleep/4"/>
</i>
</i>
<i name="dung">
<i name="0">
<i name="origin">
<i name="x" value="-20"/>
<i name="y" value="49"/>
</i>
<i name="image" value="5000024.dung.0.png"/>
</i>
</i>
<i name="fly">
<i name="0">
<i name="origin">
<i name="x" value="4"/>
<i name="y" value="55"/>
</i>
<i name="image" value="5000024.fly.0.png"/>
</i>
<i name="1">
<i name="origin">
<i name="x" value="4"/>
<i name="y" value="57"/>
</i>
<i name="image" value="5000024.fly.1.png"/>
</i>
</i>
<i name="eat">
<i name="0">
<i name="origin">
<i name="x" value="2"/>
<i name="y" value="51"/>
</i>
<i name="image" value="5000024.eat.0.png"/>
</i>
</i>
</i>