
  <i name="1101007">
  <i name="icon">
    <i name="origin">
      <i name="x" value="0"/>
      <i name="y" value="32"/>
    </i>
    <i name="z" value="0"/>
    <i name="image" value="1101007.icon.png"/>
  </i>
  <i name="iconMouseOver">
    <i name="origin">
      <i name="x" value="0"/>
      <i name="y" value="32"/>
    </i>
    <i name="z" value="0"/>
    <i name="image" value="1101007.iconMouseOver.png"/>
  </i>
  <i name="iconDisabled">
    <i name="origin">
      <i name="x" value="0"/>
      <i name="y" value="32"/>
    </i>
    <i name="z" value="0"/>
    <i name="image" value="1101007.iconDisabled.png"/>
  </i>
  <i name="action">
    <i name="0" value="alert2"/>
  </i>
  <i name="level">
    <i name="1">
      <i name="hs" value="h1"/>
      <i name="mpCon" value="15"/>
      <i name="x" value="11"/>
      <i name="time" value="3"/>
    </i>
    <i name="2">
      <i name="hs" value="h2"/>
      <i name="mpCon" value="15"/>
      <i name="x" value="12"/>
      <i name="time" value="6"/>
    </i>
    <i name="3">
      <i name="hs" value="h3"/>
      <i name="mpCon" value="15"/>
      <i name="x" value="13"/>
      <i name="time" value="9"/>
    </i>
    <i name="4">
      <i name="hs" value="h4"/>
      <i name="mpCon" value="15"/>
      <i name="x" value="14"/>
      <i name="time" value="12"/>
    </i>
    <i name="5">
      <i name="hs" value="h5"/>
      <i name="mpCon" value="15"/>
      <i name="x" value="15"/>
      <i name="time" value="15"/>
    </i>
    <i name="6">
      <i name="hs" value="h6"/>
      <i name="mpCon" value="15"/>
      <i name="x" value="16"/>
      <i name="time" value="18"/>
    </i>
    <i name="7">
      <i name="hs" value="h7"/>
      <i name="mpCon" value="15"/>
      <i name="x" value="17"/>
      <i name="time" value="21"/>
    </i>
    <i name="8">
      <i name="hs" value="h8"/>
      <i name="mpCon" value="15"/>
      <i name="x" value="18"/>
      <i name="time" value="24"/>
    </i>
    <i name="9">
      <i name="hs" value="h9"/>
      <i name="mpCon" value="15"/>
      <i name="x" value="19"/>
      <i name="time" value="27"/>
    </i>
    <i name="10">
      <i name="hs" value="h10"/>
      <i name="mpCon" value="15"/>
      <i name="x" value="20"/>
      <i name="time" value="30"/>
    </i>
    <i name="11">
      <i name="hs" value="h11"/>
      <i name="mpCon" value="15"/>
      <i name="x" value="21"/>
      <i name="time" value="33"/>
    </i>
    <i name="12">
      <i name="hs" value="h12"/>
      <i name="mpCon" value="15"/>
      <i name="x" value="22"/>
      <i name="time" value="36"/>
    </i>
    <i name="13">
      <i name="hs" value="h13"/>
      <i name="mpCon" value="15"/>
      <i name="x" value="23"/>
      <i name="time" value="39"/>
    </i>
    <i name="14">
      <i name="hs" value="h14"/>
      <i name="mpCon" value="15"/>
      <i name="x" value="24"/>
      <i name="time" value="42"/>
    </i>
    <i name="15">
      <i name="hs" value="h15"/>
      <i name="mpCon" value="15"/>
      <i name="x" value="25"/>
      <i name="time" value="45"/>
    </i>
    <i name="16">
      <i name="hs" value="h16"/>
      <i name="mpCon" value="30"/>
      <i name="x" value="26"/>
      <i name="time" value="48"/>
    </i>
    <i name="17">
      <i name="hs" value="h17"/>
      <i name="mpCon" value="30"/>
      <i name="x" value="27"/>
      <i name="time" value="51"/>
    </i>
    <i name="18">
      <i name="hs" value="h18"/>
      <i name="mpCon" value="30"/>
      <i name="x" value="28"/>
      <i name="time" value="54"/>
    </i>
    <i name="19">
      <i name="hs" value="h19"/>
      <i name="mpCon" value="30"/>
      <i name="x" value="29"/>
      <i name="time" value="57"/>
    </i>
    <i name="20">
      <i name="hs" value="h20"/>
      <i name="mpCon" value="30"/>
      <i name="x" value="30"/>
      <i name="time" value="60"/>
    </i>
    <i name="21">
      <i name="hs" value="h21"/>
      <i name="mpCon" value="30"/>
      <i name="x" value="31"/>
      <i name="time" value="63"/>
    </i>
    <i name="22">
      <i name="hs" value="h22"/>
      <i name="mpCon" value="30"/>
      <i name="x" value="32"/>
      <i name="time" value="66"/>
    </i>
    <i name="23">
      <i name="hs" value="h23"/>
      <i name="mpCon" value="30"/>
      <i name="x" value="33"/>
      <i name="time" value="69"/>
    </i>
    <i name="24">
      <i name="hs" value="h24"/>
      <i name="mpCon" value="30"/>
      <i name="x" value="34"/>
      <i name="time" value="72"/>
    </i>
    <i name="25">
      <i name="hs" value="h25"/>
      <i name="mpCon" value="30"/>
      <i name="x" value="35"/>
      <i name="time" value="75"/>
    </i>
    <i name="26">
      <i name="hs" value="h26"/>
      <i name="mpCon" value="30"/>
      <i name="x" value="36"/>
      <i name="time" value="78"/>
    </i>
    <i name="27">
      <i name="hs" value="h27"/>
      <i name="mpCon" value="30"/>
      <i name="x" value="37"/>
      <i name="time" value="81"/>
    </i>
    <i name="28">
      <i name="hs" value="h28"/>
      <i name="mpCon" value="30"/>
      <i name="x" value="38"/>
      <i name="time" value="84"/>
    </i>
    <i name="29">
      <i name="hs" value="h29"/>
      <i name="mpCon" value="30"/>
      <i name="x" value="39"/>
      <i name="time" value="87"/>
    </i>
    <i name="30">
      <i name="hs" value="h30"/>
      <i name="mpCon" value="30"/>
      <i name="x" value="40"/>
      <i name="time" value="90"/>
    </i>
  </i>
  <i name="req">
    <i name="1101006" value="3"/>
  </i>
  <i name="effect">
    <i name="0">
      <i name="origin">
        <i name="x" value="52"/>
        <i name="y" value="77"/>
      </i>
      <i name="delay" value="100"/>
      <i name="image" value="1101007.effect.0.png"/>
    </i>
    <i name="1">
      <i name="origin">
        <i name="x" value="52"/>
        <i name="y" value="77"/>
      </i>
      <i name="delay" value="100"/>
      <i name="image" value="1101007.effect.1.png"/>
    </i>
    <i name="2">
      <i name="origin">
        <i name="x" value="52"/>
        <i name="y" value="77"/>
      </i>
      <i name="delay" value="100"/>
      <i name="image" value="1101007.effect.2.png"/>
    </i>
    <i name="3">
      <i name="origin">
        <i name="x" value="52"/>
        <i name="y" value="77"/>
      </i>
      <i name="delay" value="100"/>
      <i name="image" value="1101007.effect.3.png"/>
    </i>
    <i name="4">
      <i name="origin">
        <i name="x" value="32"/>
        <i name="y" value="85"/>
      </i>
      <i name="delay" value="100"/>
      <i name="image" value="1101007.effect.4.png"/>
    </i>
    <i name="5">
      <i name="origin">
        <i name="x" value="32"/>
        <i name="y" value="85"/>
      </i>
      <i name="delay" value="100"/>
      <i name="image" value="1101007.effect.5.png"/>
    </i>
    <i name="6">
      <i name="origin">
        <i name="x" value="32"/>
        <i name="y" value="87"/>
      </i>
      <i name="delay" value="100"/>
      <i name="image" value="1101007.effect.6.png"/>
    </i>
    <i name="7">
      <i name="origin">
        <i name="x" value="35"/>
        <i name="y" value="82"/>
      </i>
      <i name="delay" value="100"/>
      <i name="image" value="1101007.effect.7.png"/>
    </i>
    <i name="8">
      <i name="origin">
        <i name="x" value="33"/>
        <i name="y" value="82"/>
      </i>
      <i name="delay" value="100"/>
      <i name="image" value="1101007.effect.8.png"/>
    </i>
    <i name="9">
      <i name="origin">
        <i name="x" value="33"/>
        <i name="y" value="82"/>
      </i>
      <i name="delay" value="100"/>
      <i name="image" value="1101007.effect.9.png"/>
    </i>
    <i name="10">
      <i name="origin">
        <i name="x" value="33"/>
        <i name="y" value="82"/>
      </i>
      <i name="delay" value="100"/>
      <i name="image" value="1101007.effect.10.png"/>
    </i>
    <i name="11">
      <i name="origin">
        <i name="x" value="33"/>
        <i name="y" value="82"/>
      </i>
      <i name="delay" value="100"/>
      <i name="image" value="1101007.effect.11.png"/>
    </i>
  </i>
  <i name="effect0">
    <i name="0">
      <i name="origin">
        <i name="x" value="10"/>
        <i name="y" value="77"/>
      </i>
      <i name="delay" value="100"/>
      <i name="image" value="1101007.effect0.0.png"/>
    </i>
    <i name="1">
      <i name="origin">
        <i name="x" value="10"/>
        <i name="y" value="77"/>
      </i>
      <i name="delay" value="100"/>
      <i name="image" value="1101007.effect0.1.png"/>
    </i>
    <i name="2">
      <i name="origin">
        <i name="x" value="10"/>
        <i name="y" value="77"/>
      </i>
      <i name="delay" value="100"/>
      <i name="image" value="1101007.effect0.2.png"/>
    </i>
    <i name="3">
      <i name="origin">
        <i name="x" value="10"/>
        <i name="y" value="77"/>
      </i>
      <i name="delay" value="100"/>
      <i name="image" value="1101007.effect0.3.png"/>
    </i>
    <i name="z" value="-1"/>
  </i>
  </i>
