  <i name="3101005">
  <i name="hit">
    <i name="0">
      <i name="0">
        <i name="origin">
          <i name="x" value="67"/>
          <i name="y" value="61"/>
        </i>
        <i name="delay" value="70"/>
        <i name="image" value="3101005.hit.0.0.png"/>
      </i>
      <i name="1">
        <i name="origin">
          <i name="x" value="60"/>
          <i name="y" value="56"/>
        </i>
        <i name="delay" value="70"/>
        <i name="image" value="3101005.hit.0.1.png"/>
      </i>
      <i name="2">
        <i name="origin">
          <i name="x" value="83"/>
          <i name="y" value="72"/>
        </i>
        <i name="delay" value="70"/>
        <i name="image" value="3101005.hit.0.2.png"/>
      </i>
      <i name="3">
        <i name="origin">
          <i name="x" value="99"/>
          <i name="y" value="85"/>
        </i>
        <i name="delay" value="70"/>
        <i name="image" value="3101005.hit.0.3.png"/>
      </i>
      <i name="4">
        <i name="origin">
          <i name="x" value="119"/>
          <i name="y" value="96"/>
        </i>
        <i name="delay" value="70"/>
        <i name="image" value="3101005.hit.0.4.png"/>
      </i>
      <i name="5">
        <i name="origin">
          <i name="x" value="79"/>
          <i name="y" value="96"/>
        </i>
        <i name="delay" value="80"/>
        <i name="image" value="3101005.hit.0.5.png"/>
      </i>
      <i name="6">
        <i name="origin">
          <i name="x" value="94"/>
          <i name="y" value="88"/>
        </i>
        <i name="delay" value="90"/>
        <i name="image" value="3101005.hit.0.6.png"/>
      </i>
      <i name="7">
        <i name="origin">
          <i name="x" value="119"/>
          <i name="y" value="119"/>
        </i>
        <i name="delay" value="100"/>
        <i name="image" value="3101005.hit.0.7.png"/>
      </i>
      <i name="8">
        <i name="origin">
          <i name="x" value="129"/>
          <i name="y" value="138"/>
        </i>
        <i name="delay" value="120"/>
        <i name="a0" value="255"/>
        <i name="a1" value="0"/>
        <i name="image" value="3101005.hit.0.8.png"/>
      </i>
    </i>
    <i name="1">
      <i name="0">
        <i name="origin">
          <i name="x" value="56"/>
          <i name="y" value="54"/>
        </i>
        <i name="delay" value="90"/>
        <i name="image" value="3101005.hit.1.0.png"/>
      </i>
      <i name="1">
        <i name="origin">
          <i name="x" value="77"/>
          <i name="y" value="71"/>
        </i>
        <i name="delay" value="100"/>
        <i name="image" value="3101005.hit.1.1.png"/>
      </i>
      <i name="2">
        <i name="origin">
          <i name="x" value="77"/>
          <i name="y" value="74"/>
        </i>
        <i name="delay" value="110"/>
        <i name="image" value="3101005.hit.1.2.png"/>
      </i>
      <i name="3">
        <i name="origin">
          <i name="x" value="67"/>
          <i name="y" value="70"/>
        </i>
        <i name="delay" value="120"/>
        <i name="a0" value="255"/>
        <i name="a1" value="0"/>
        <i name="image" value="3101005.hit.1.3.png"/>
      </i>
    </i>
  </i>
  <i name="ball">
    <i name="0">
      <i name="origin">
        <i name="x" value="29"/>
        <i name="y" value="5"/>
      </i>
      <i name="image" value="3101005.ball.0.png"/>
    </i>
  </i>
  <i name="mob">
    <i name="0">
      <i name="origin">
        <i name="x" value="33"/>
        <i name="y" value="9"/>
      </i>
      <i name="delay" value="100"/>
      <i name="image" value="3101005.mob.0.png"/>
    </i>
    <i name="1">
      <i name="origin">
        <i name="x" value="29"/>
        <i name="y" value="9"/>
      </i>
      <i name="delay" value="100"/>
      <i name="image" value="3101005.mob.1.png"/>
    </i>
    <i name="2">
      <i name="origin">
        <i name="x" value="28"/>
        <i name="y" value="9"/>
      </i>
      <i name="delay" value="100"/>
      <i name="image" value="3101005.mob.2.png"/>
    </i>
  </i>
  </i>
