  <i name="3201005">
  <i name="effect">
    <i name="0">
      <i name="origin">
        <i name="x" value="102"/>
        <i name="y" value="108"/>
      </i>
      <i name="image" value="3201005.effect.0.png"/>
    </i>
    <i name="1">
      <i name="origin">
        <i name="x" value="98"/>
        <i name="y" value="104"/>
      </i>
      <i name="image" value="3201005.effect.1.png"/>
    </i>
    <i name="2">
      <i name="origin">
        <i name="x" value="92"/>
        <i name="y" value="104"/>
      </i>
      <i name="image" value="3201005.effect.2.png"/>
    </i>
    <i name="3">
      <i name="origin">
        <i name="x" value="63"/>
        <i name="y" value="70"/>
      </i>
      <i name="image" value="3201005.effect.3.png"/>
    </i>
    <i name="4">
      <i name="origin">
        <i name="x" value="47"/>
        <i name="y" value="42"/>
      </i>
      <i name="image" value="3201005.effect.4.png"/>
    </i>
  </i>
  <i name="ball">
    <i name="0">
      <i name="origin">
        <i name="x" value="30"/>
        <i name="y" value="12"/>
      </i>
      <i name="delay" value="90"/>
      <i name="image" value="3201005.ball.0.png"/>
    </i>
    <i name="1">
      <i name="origin">
        <i name="x" value="30"/>
        <i name="y" value="11"/>
      </i>
      <i name="delay" value="90"/>
      <i name="image" value="3201005.ball.1.png"/>
    </i>
    <i name="2">
      <i name="origin">
        <i name="x" value="30"/>
        <i name="y" value="11"/>
      </i>
      <i name="delay" value="90"/>
      <i name="image" value="3201005.ball.2.png"/>
    </i>
  </i>
  <i name="hit">
    <i name="0">
      <i name="0">
        <i name="origin">
          <i name="x" value="16"/>
          <i name="y" value="15"/>
        </i>
        <i name="delay" value="90"/>
        <i name="image" value="3201005.hit.0.0.png"/>
      </i>
      <i name="1">
        <i name="origin">
          <i name="x" value="21"/>
          <i name="y" value="52"/>
        </i>
        <i name="delay" value="100"/>
        <i name="image" value="3201005.hit.0.1.png"/>
      </i>
      <i name="2">
        <i name="origin">
          <i name="x" value="27"/>
          <i name="y" value="39"/>
        </i>
        <i name="delay" value="110"/>
        <i name="image" value="3201005.hit.0.2.png"/>
      </i>
      <i name="3">
        <i name="origin">
          <i name="x" value="21"/>
          <i name="y" value="36"/>
        </i>
        <i name="delay" value="120"/>
        <i name="image" value="3201005.hit.0.3.png"/>
      </i>
    </i>
  </i>
  </i>
