  <i name="02061001">
  <i name="info">
    <i name="icon">
      <i name="origin">
        <i name="x" value="0"/>
        <i name="y" value="32"/>
      </i>
      <i name="image" value="02061001.info.icon.png"/>
    </i>
    <i name="iconRaw">
      <i name="origin">
        <i name="x" value="0"/>
        <i name="y" value="32"/>
      </i>
      <i name="image" value="02061001.info.iconRaw.png"/>
    </i>
    <i name="price" value="5"/>
    <i name="slotMax" value="900"/>
    <i name="incPAD" value="1"/>
  </i>
  <i name="bullet">
    <i name="0">
      <i name="origin">
        <i name="x" value="19"/>
        <i name="y" value="3"/>
      </i>
      <i name="z" value="0"/>
      <i name="image" value="02061001.bullet.0.png"/>
    </i>
  </i>
  </i>
