<i>
<s name="info"><f name="icon" ><p name="info"  image="info.icon.png"/></f><f name="iconRaw" ><p name="info"  origin_x="-5" origin_y="35" image="info.iconRaw.png"/></f><p name="reqJob" v="1"/></s>
<s name="walk2"><f name="0" ><p name="walk2"  origin_x="25" origin_y="7" hand_x="-6" hand_y="19" z="weaponOverArm" image="walk2.0.weapon.png"/></f><f name="1" ><p name="walk2"  origin_x="25" origin_y="7" hand_x="-8" hand_y="21" z="weaponOverArm" image="walk2.1.weapon.png"/></f><f name="2" ><p name="pointer"  pointer="walk2/0/weapon"/></f><f name="3" ><p name="walk2"  origin_x="25" origin_y="7" hand_x="-5" hand_y="21" z="weaponOverArm" image="walk2.3.weapon.png"/></f></s>
<s name="stand2"><f name="0" ><p name="stand2"  origin_x="25" origin_y="7" hand_x="-12" hand_y="50" z="weaponOverArm" image="stand2.0.weapon.png"/></f><f name="1" ><p name="pointer"  pointer="stand2/0/weapon"/></f><f name="2" ><p name="pointer"  pointer="stand2/0/weapon"/></f></s>
<s name="alert"><f name="0" ><p name="alert"  origin_x="23" origin_y="10" hand_x="36" hand_y="23" z="weaponOverArm" image="alert.0.weapon.png"/></f><f name="1" ><p name="alert"  origin_x="23" origin_y="10" hand_x="35" hand_y="22" z="weaponOverArm" image="alert.1.weapon.png"/></f><f name="2" ><p name="alert"  origin_x="23" origin_y="10" hand_x="36" hand_y="21" z="weaponOverArm" image="alert.2.weapon.png"/></f></s>
<s name="swingT1"><f name="0" ><p name="swingT1"  origin_x="11" origin_y="5" navel_x="-10" navel_y="53" z="weaponBelowArm" image="swingT1.0.weapon.png"/></f><f name="1" ><p name="swingT1"  origin_x="11" origin_y="5" navel_x="18" navel_y="63" z="weaponBelowArm" image="swingT1.1.weapon.png"/></f><f name="2" ><p name="swingT1"  origin_x="11" origin_y="5" navel_x="49" navel_y="-6" z="weaponBelowBody" image="swingT1.2.weapon.png"/></f></s>
<s name="swingT2"><f name="0" ><p name="swingT2"  origin_x="11" origin_y="5" navel_x="-3" navel_y="43" z="weaponBelowBody" image="swingT2.0.weapon.png"/></f><f name="1" ><p name="swingT2"  origin_x="11" origin_y="5" navel_x="42" navel_y="52" z="weaponOverBody" image="swingT2.1.weapon.png"/></f><f name="2" ><p name="swingT2"  origin_x="11" origin_y="5" navel_x="26" navel_y="0" z="weaponOverBody" image="swingT2.2.weapon.png"/></f></s>
<s name="swingT3"><f name="0" ><p name="swingT3"  origin_x="11" origin_y="5" navel_x="-8" navel_y="12" z="weaponOverBody" image="swingT3.0.weapon.png"/></f><f name="1" ><p name="swingT3"  origin_x="11" origin_y="5" navel_x="-7" navel_y="2" z="weaponOverBody" image="swingT3.1.weapon.png"/></f><f name="2" ><p name="swingT3"  origin_x="11" origin_y="5" navel_x="30" navel_y="67" z="weaponBelowBody" image="swingT3.2.weapon.png"/></f></s>
<s name="swingTF"><f name="0" ><p name="swingTF"  origin_x="11" origin_y="5" navel_x="21" navel_y="68" z="backWeapon" image="swingTF.0.weapon.png"/></f><f name="1" ><p name="swingTF"  origin_x="11" origin_y="5" navel_x="7" navel_y="72" z="weaponBelowBody" image="swingTF.1.weapon.png"/></f><f name="2" ><p name="swingTF"  origin_x="11" origin_y="5" navel_x="9" navel_y="73" z="weaponBelowArm" image="swingTF.2.weapon.png"/></f><f name="3" ><p name="swingTF"  origin_x="11" origin_y="5" navel_x="42" navel_y="-3" z="weaponBelowBody" image="swingTF.3.weapon.png"/></f></s>
<s name="stabO1"><f name="0" ><p name="stabO1"  origin_x="12" origin_y="5" navel_x="28" navel_y="9" z="weapon" image="stabO1.0.weapon.png"/></f><f name="1" ><p name="stabO1"  origin_x="12" origin_y="5" navel_x="70" navel_y="19" z="weapon" image="stabO1.1.weapon.png"/></f></s>
<s name="stabO2"><f name="0" ><p name="stabO2"  origin_x="12" origin_y="5" navel_x="29" navel_y="23" z="weaponBelowArm" image="stabO2.0.weapon.png"/></f><f name="1" ><p name="stabO2"  origin_x="12" origin_y="5" navel_x="67" navel_y="18" z="weapon" image="stabO2.1.weapon.png"/></f></s>
<s name="stabOF"><f name="0" ><p name="stabOF"  origin_x="12" origin_y="5" navel_x="34" navel_y="13" z="weaponBelowArm" image="stabOF.0.weapon.png"/></f><f name="1" ><p name="stabOF"  origin_x="12" origin_y="5" navel_x="34" navel_y="10" z="weaponBelowArm" image="stabOF.1.weapon.png"/></f><f name="2" ><p name="stabOF"  origin_x="12" origin_y="5" navel_x="70" navel_y="18" z="weapon" image="stabOF.2.weapon.png"/></f></s>
<s name="proneStab"><f name="0" ><p name="proneStab"  origin_x="5" origin_y="3" navel_x="60" navel_y="15" z="weaponBelowArm" image="proneStab.0.weapon.png"/></f><f name="1" ><p name="proneStab"  origin_x="5" origin_y="3" navel_x="75" navel_y="15" z="weaponBelowArm" image="proneStab.1.weapon.png"/></f></s>
<s name="prone"><f name="0" ><p name="pointer"  pointer="proneStab/0/weapon"/></f></s>
<s name="fly"><f name="0" ><p name="fly"  origin_x="13" origin_y="5" navel_x="-4" navel_y="58" z="weaponOverArm" image="fly.0.weapon.png"/></f><f name="1" ><p name="pointer"  pointer="fly/0/weapon"/></f></s>
<s name="jump"><f name="0" ><p name="jump"  origin_x="13" origin_y="5" navel_x="-7" navel_y="60" z="weaponOverArm" image="jump.0.weapon.png"/></f></s>
</i>
