  <i name="3211005">
  <i name="summon">
    <i name="summoned">
      <i name="0">
        <i name="origin">
          <i name="x" value="94"/>
          <i name="y" value="182"/>
        </i>
        <i name="delay" value="100"/>
        <i name="image" value="3211005.summon.summoned.0.png"/>
      </i>
      <i name="1">
        <i name="origin">
          <i name="x" value="93"/>
          <i name="y" value="182"/>
        </i>
        <i name="delay" value="100"/>
        <i name="image" value="3211005.summon.summoned.1.png"/>
      </i>
      <i name="2">
        <i name="origin">
          <i name="x" value="93"/>
          <i name="y" value="181"/>
        </i>
        <i name="delay" value="100"/>
        <i name="image" value="3211005.summon.summoned.2.png"/>
      </i>
      <i name="3">
        <i name="origin">
          <i name="x" value="91"/>
          <i name="y" value="181"/>
        </i>
        <i name="delay" value="100"/>
        <i name="image" value="3211005.summon.summoned.3.png"/>
      </i>
      <i name="4">
        <i name="origin">
          <i name="x" value="42"/>
          <i name="y" value="221"/>
        </i>
        <i name="delay" value="100"/>
        <i name="image" value="3211005.summon.summoned.4.png"/>
      </i>
    </i>
    <i name="fly">
      <i name="0">
        <i name="origin">
          <i name="x" value="35"/>
          <i name="y" value="136"/>
        </i>
        <i name="delay" value="90"/>
        <i name="image" value="3211005.summon.fly.0.png"/>
      </i>
      <i name="1">
        <i name="origin">
          <i name="x" value="35"/>
          <i name="y" value="137"/>
        </i>
        <i name="delay" value="90"/>
        <i name="image" value="3211005.summon.fly.1.png"/>
      </i>
      <i name="2">
        <i name="origin">
          <i name="x" value="35"/>
          <i name="y" value="161"/>
        </i>
        <i name="delay" value="90"/>
        <i name="image" value="3211005.summon.fly.2.png"/>
      </i>
      <i name="3">
        <i name="origin">
          <i name="x" value="41"/>
          <i name="y" value="191"/>
        </i>
        <i name="delay" value="90"/>
        <i name="image" value="3211005.summon.fly.3.png"/>
      </i>
      <i name="4">
        <i name="origin">
          <i name="x" value="51"/>
          <i name="y" value="225"/>
        </i>
        <i name="delay" value="90"/>
        <i name="image" value="3211005.summon.fly.4.png"/>
      </i>
    </i>
    <i name="stand">
      <i name="0">
        <i name="origin">
          <i name="x" value="68"/>
          <i name="y" value="146"/>
        </i>
        <i name="delay" value="90"/>
        <i name="image" value="3211005.summon.stand.0.png"/>
      </i>
      <i name="1">
        <i name="origin">
          <i name="x" value="48"/>
          <i name="y" value="146"/>
        </i>
        <i name="delay" value="90"/>
        <i name="image" value="3211005.summon.stand.1.png"/>
      </i>
      <i name="2">
        <i name="origin">
          <i name="x" value="44"/>
          <i name="y" value="165"/>
        </i>
        <i name="delay" value="90"/>
        <i name="image" value="3211005.summon.stand.2.png"/>
      </i>
      <i name="3">
        <i name="origin">
          <i name="x" value="43"/>
          <i name="y" value="177"/>
        </i>
        <i name="delay" value="90"/>
        <i name="image" value="3211005.summon.stand.3.png"/>
      </i>
      <i name="4">
        <i name="origin">
          <i name="x" value="42"/>
          <i name="y" value="221"/>
        </i>
        <i name="delay" value="90"/>
        <i name="image" value="3211005.summon.stand.4.png"/>
      </i>
    </i>
    <i name="attack1">
      <i name="info">
        <i name="range">
          <i name="lt">
            <i name="x" value="-200"/>
            <i name="y" value="-150"/>
          </i>
          <i name="rb">
            <i name="x" value="200"/>
            <i name="y" value="150"/>
          </i>
          <i name="sp">
            <i name="x" value="-24"/>
            <i name="y" value="-37"/>
          </i>
          <i name="r" value="270"/>
        </i>
        <i name="hit">
          <i name="0">
            <i name="origin">
              <i name="x" value="41"/>
              <i name="y" value="64"/>
            </i>
            <i name="delay" value="90"/>
            <i name="image" value="3211005.summon.attack1.info.hit.0.png"/>
          </i>
          <i name="1">
            <i name="origin">
              <i name="x" value="38"/>
              <i name="y" value="26"/>
            </i>
            <i name="delay" value="90"/>
            <i name="image" value="3211005.summon.attack1.info.hit.1.png"/>
          </i>
          <i name="2">
            <i name="origin">
              <i name="x" value="36"/>
              <i name="y" value="45"/>
            </i>
            <i name="delay" value="90"/>
            <i name="image" value="3211005.summon.attack1.info.hit.2.png"/>
          </i>
          <i name="3">
            <i name="origin">
              <i name="x" value="32"/>
              <i name="y" value="46"/>
            </i>
            <i name="delay" value="90"/>
            <i name="image" value="3211005.summon.attack1.info.hit.3.png"/>
          </i>
          <i name="4">
            <i name="origin">
              <i name="x" value="29"/>
              <i name="y" value="114"/>
            </i>
            <i name="delay" value="90"/>
            <i name="image" value="3211005.summon.attack1.info.hit.4.png"/>
          </i>
          <i name="5">
            <i name="origin">
              <i name="x" value="16"/>
              <i name="y" value="90"/>
            </i>
            <i name="delay" value="90"/>
            <i name="image" value="3211005.summon.attack1.info.hit.5.png"/>
          </i>
        </i>
        <i name="effect">
          <i name="0">
            <i name="origin">
              <i name="x" value="34"/>
              <i name="y" value="202"/>
            </i>
            <i name="delay" value="80"/>
            <i name="image" value="3211005.summon.attack1.info.effect.0.png"/>
          </i>
          <i name="1">
            <i name="origin">
              <i name="x" value="25"/>
              <i name="y" value="185"/>
            </i>
            <i name="delay" value="80"/>
            <i name="image" value="3211005.summon.attack1.info.effect.1.png"/>
          </i>
          <i name="2">
            <i name="origin">
              <i name="x" value="20"/>
              <i name="y" value="174"/>
            </i>
            <i name="delay" value="80"/>
            <i name="image" value="3211005.summon.attack1.info.effect.2.png"/>
          </i>
          <i name="3">
            <i name="origin">
              <i name="x" value="17"/>
              <i name="y" value="141"/>
            </i>
            <i name="delay" value="80"/>
            <i name="image" value="3211005.summon.attack1.info.effect.3.png"/>
          </i>
        </i>
        <i name="type" value="1"/>
        <i name="attackAfter" value="100"/>
        <i name="effectAfter" value="600"/>
      </i>
      <i name="0">
        <i name="origin">
          <i name="x" value="57"/>
          <i name="y" value="159"/>
        </i>
        <i name="delay" value="100"/>
        <i name="image" value="3211005.summon.attack1.0.png"/>
      </i>
      <i name="1">
        <i name="origin">
          <i name="x" value="0"/>
          <i name="y" value="0"/>
        </i>
        <i name="delay" value="600"/>
        <i name="image" value="3211005.summon.attack1.1.png"/>
      </i>
    </i>
    <i name="die">
      <i name="0">
        <i name="origin">
          <i name="x" value="68"/>
          <i name="y" value="188"/>
        </i>
        <i name="delay" value="100"/>
        <i name="image" value="3211005.summon.die.0.png"/>
      </i>
      <i name="1">
        <i name="origin">
          <i name="x" value="57"/>
          <i name="y" value="200"/>
        </i>
        <i name="delay" value="100"/>
        <i name="image" value="3211005.summon.die.1.png"/>
      </i>
      <i name="2">
        <i name="origin">
          <i name="x" value="52"/>
          <i name="y" value="195"/>
        </i>
        <i name="delay" value="120"/>
        <i name="image" value="3211005.summon.die.2.png"/>
      </i>
      <i name="3">
        <i name="origin">
          <i name="x" value="50"/>
          <i name="y" value="183"/>
        </i>
        <i name="delay" value="130"/>
        <i name="image" value="3211005.summon.die.3.png"/>
      </i>
      <i name="4">
        <i name="origin">
          <i name="x" value="42"/>
          <i name="y" value="221"/>
        </i>
        <i name="delay" value="140"/>
        <i name="image" value="3211005.summon.die.4.png"/>
      </i>
      <i name="5">
        <i name="origin">
          <i name="x" value="40"/>
          <i name="y" value="186"/>
        </i>
        <i name="delay" value="300"/>
        <i name="a0" value="255"/>
        <i name="a1" value="0"/>
        <i name="image" value="3211005.summon.die.5.png"/>
      </i>
    </i>
  </i>
  <i name="hit">
    <i name="0">
      <i name="0">
        <i name="origin">
          <i name="x" value="41"/>
          <i name="y" value="64"/>
        </i>
        <i name="delay" value="100"/>
        <i name="image" value="3211005.hit.0.0.png"/>
      </i>
      <i name="1">
        <i name="origin">
          <i name="x" value="38"/>
          <i name="y" value="26"/>
        </i>
        <i name="delay" value="100"/>
        <i name="image" value="3211005.hit.0.1.png"/>
      </i>
      <i name="2">
        <i name="origin">
          <i name="x" value="36"/>
          <i name="y" value="45"/>
        </i>
        <i name="delay" value="100"/>
        <i name="image" value="3211005.hit.0.2.png"/>
      </i>
      <i name="3">
        <i name="origin">
          <i name="x" value="32"/>
          <i name="y" value="46"/>
        </i>
        <i name="delay" value="100"/>
        <i name="image" value="3211005.hit.0.3.png"/>
      </i>
      <i name="4">
        <i name="origin">
          <i name="x" value="29"/>
          <i name="y" value="114"/>
        </i>
        <i name="delay" value="100"/>
        <i name="image" value="3211005.hit.0.4.png"/>
      </i>
      <i name="5">
        <i name="origin">
          <i name="x" value="16"/>
          <i name="y" value="90"/>
        </i>
        <i name="delay" value="100"/>
        <i name="image" value="3211005.hit.0.5.png"/>
      </i>
    </i>
  </i>
  <i name="mob">
    <i name="0">
      <i name="origin">
        <i name="x" value="33"/>
        <i name="y" value="9"/>
      </i>
      <i name="delay" value="100"/>
      <i name="image" value="3211005.mob.0.png"/>
    </i>
    <i name="1">
      <i name="origin">
        <i name="x" value="29"/>
        <i name="y" value="9"/>
      </i>
      <i name="delay" value="100"/>
      <i name="image" value="3211005.mob.1.png"/>
    </i>
    <i name="2">
      <i name="origin">
        <i name="x" value="28"/>
        <i name="y" value="9"/>
      </i>
      <i name="delay" value="100"/>
      <i name="image" value="3211005.mob.2.png"/>
    </i>
  </i>
  </i>
