<i>
<s name="walk1"><f name="0" ><p name="48"  origin_x="27" origin_y="13" hand_x="0" hand_y="-1" z="weaponOverHand" image="48.walk1.0.weapon.png"/></f><f name="1" ><p name="48"  origin_x="15" origin_y="12" hand_x="0" hand_y="0" z="weaponOverHand" image="48.walk1.1.weapon.png"/></f><f name="2" ><p name="48"  origin_x="27" origin_y="13" hand_x="0" hand_y="0" z="weaponOverHand" image="48.walk1.2.weapon.png"/></f><f name="3" ><p name="48"  origin_x="33" origin_y="12" hand_x="0" hand_y="0" z="weaponOverHand" image="48.walk1.3.weapon.png"/></f></s>
<s name="stand1"><f name="0" ><p name="48"  origin_x="21" origin_y="11" hand_x="0" hand_y="0" z="weaponOverHand" image="48.stand1.0.weapon.png"/></f><f name="1" ><p name="48"  origin_x="22" origin_y="11" hand_x="0" hand_y="0" z="weaponOverHand" image="48.stand1.1.weapon.png"/></f><f name="2" ><p name="48"  origin_x="24" origin_y="11" hand_x="0" hand_y="0" z="weaponOverHand" image="48.stand1.2.weapon.png"/></f></s>
<s name="alert"><f name="0" ><p name="48"  origin_x="23" origin_y="14" hand_x="0" hand_y="0" z="weaponOverGlove" image="48.alert.0.weapon.png"/></f><f name="1" ><p name="48"  origin_x="23" origin_y="14" hand_x="0" hand_y="0" z="weaponOverGlove" image="48.alert.1.weapon.png"/></f><f name="2" ><p name="48"  origin_x="24" origin_y="16" hand_x="0" hand_y="0" z="weaponOverGlove" image="48.alert.2.weapon.png"/></f></s>
<s name="swingO2"><f name="0" ><p name="weapon"  origin_x="13" origin_y="13" hand_x="0" hand_y="0" z="weapon" image="48.swingO2.0.weapon.png"/><p name="effect"  origin_x="11" origin_y="1" hand_x="0" hand_y="-1" z="emotionOverBody" image="48.swingO2.0.effect.png"/></f><f name="1" ><p name="weapon"  origin_x="12" origin_y="24" hand_x="0" hand_y="0" z="weaponOverHand" image="48.swingO2.1.weapon.png"/><p name="effect"  origin_x="13" origin_y="12" hand_x="0" hand_y="-1" z="emotionOverBody" image="48.swingO2.1.effect.png"/></f></s>
<s name="swingOF"><f name="0" ><p name="weapon"  origin_x="26" origin_y="16" hand_x="13" hand_y="-4" z="weaponOverGlove" image="48.swingOF.0.weapon.png"/><p name="effect"  origin_x="33" origin_y="18" hand_x="22" hand_y="-15" z="emotionOverBody" image="48.swingOF.0.effect.png"/></f><f name="1" ><p name="weapon"  origin_x="23" origin_y="14" hand_x="12" hand_y="3" z="weaponOverGlove" image="48.swingOF.1.weapon.png"/><p name="effect"  origin_x="31" origin_y="27" hand_x="-3" hand_y="3" z="emotionOverBody" image="48.swingOF.1.effect.png"/></f><f name="2" ><p name="weapon"  origin_x="19" origin_y="8" hand_x="-10" hand_y="-1" z="weaponOverGlove" image="48.swingOF.2.weapon.png"/><p name="effect"  origin_x="64" origin_y="33" hand_x="-50" hand_y="12" z="emotionOverBody" image="48.swingOF.2.effect.png"/></f><f name="3" ><p name="48"  origin_x="48" origin_y="15" hand_x="0" hand_y="1" z="weaponOverGlove" image="48.swingOF.3.weapon.png"/></f></s>
<s name="swingT1"><f name="2" ><p name="weapon"  origin_x="11" origin_y="18" hand_x="0" hand_y="0" z="weaponOverGlove" image="48.swingT1.2.weapon.png"/><p name="weapon1"  origin_x="0" origin_y="8" hand_x="0" hand_y="0" z="weaponOverBody" image="48.swingT1.2.weapon1.png"/><p name="effect"  origin_x="16" origin_y="61" hand_x="0" hand_y="0" z="emotionOverBody" image="48.swingT1.2.effect.png"/></f></s>
<s name="swingT2"><f name="0" ><p name="weapon"  origin_x="18" origin_y="12" hand_x="-3" hand_y="-3" z="weaponOverArmBelowHead" image="48.swingT2.0.weapon.png"/><p name="effect"  origin_x="12" origin_y="21" hand_x="12" hand_y="-20" z="emotionOverBody" image="48.swingT2.0.effect.png"/></f><f name="2" ><p name="weapon"  origin_x="15" origin_y="20" hand_x="1" hand_y="-1" z="weaponOverHand" image="48.swingT2.2.weapon.png"/><p name="effect"  origin_x="64" origin_y="42" hand_x="0" hand_y="0" z="emotionOverBody" image="48.swingT2.2.effect.png"/></f></s>
<s name="swingTF"><f name="1" ><p name="48"  origin_x="18" origin_y="9" hand_x="0" hand_y="0" z="weaponOverArmBelowHead" image="48.swingTF.1.weapon.png"/></f></s>
<s name="swingP2"><f name="0" ><p name="weapon"  origin_x="12" origin_y="11" hand_x="0" hand_y="0" z="weaponBelowArm" image="48.swingP2.0.weapon.png"/><p name="weapon1"  origin_x="-1" origin_y="20" hand_x="0" hand_y="0" z="weaponBelowBody" image="48.swingP2.0.weapon1.png"/><p name="effect"  origin_x="10" origin_y="-3" hand_x="0" hand_y="-1" z="emotionOverBody" image="48.swingP2.0.effect.png"/></f><f name="1" ><p name="weapon"  origin_x="10" origin_y="12" hand_x="0" hand_y="0" z="weaponOverHand" image="48.swingP2.1.weapon.png"/><p name="weapon1"  origin_x="10" origin_y="29" hand_x="0" hand_y="0" z="weaponBelowBody" image="48.swingP2.1.weapon1.png"/><p name="effect"  origin_x="13" origin_y="9" hand_x="0" hand_y="-1" z="emotionOverBody" image="48.swingP2.1.effect.png"/></f></s>
<s name="swingPF"><f name="3" ><p name="weapon"  origin_x="6" origin_y="13" hand_x="0" hand_y="0" z="weaponWristOverGlove" image="48.swingPF.3.weapon.png"/><p name="effect"  origin_x="3" origin_y="38" hand_x="0" hand_y="0" z="emotionOverBody" image="48.swingPF.3.effect.png"/><p name="weapon1"  origin_x="-6" origin_y="3" hand_x="0" hand_y="0" z="weaponBelowArm" image="48.swingPF.3.weapon1.png"/></f></s>
<s name="stabO1"><f name="0" ><p name="weapon"  origin_x="46" origin_y="19" hand_x="0" hand_y="0" z="weaponBelowArm" image="48.stabO1.0.weapon.png"/><p name="effect"  origin_x="33" origin_y="17" hand_x="0" hand_y="-1" z="emotionOverBody" image="48.stabO1.0.effect.png"/></f><f name="1" ><p name="weapon"  origin_x="14" origin_y="14" hand_x="0" hand_y="0" z="weaponWristOverGlove" image="48.stabO1.1.weapon.png"/><p name="effect"  origin_x="18" origin_y="13" hand_x="0" hand_y="0" z="emotionOverBody" image="48.stabO1.1.effect.png"/></f></s>
<s name="stabO2"><f name="0" ><p name="weapon"  origin_x="43" origin_y="11" hand_x="0" hand_y="0" z="weaponWristOverGlove" image="48.stabO2.0.weapon.png"/><p name="effect"  origin_x="30" origin_y="10" hand_x="0" hand_y="-1" z="emotionOverBody" image="48.stabO2.0.effect.png"/></f><f name="1" ><p name="weapon"  origin_x="16" origin_y="13" hand_x="0" hand_y="0" z="weaponWristOverGlove" image="48.stabO2.1.weapon.png"/><p name="effect"  origin_x="20" origin_y="11" hand_x="0" hand_y="0" z="emotionOverBody" image="48.stabO2.1.effect.png"/></f></s>
<s name="stabOF"><f name="0" ><p name="48"  origin_x="23" origin_y="16" hand_x="0" hand_y="0" z="weaponOverArm" image="48.stabOF.0.weapon.png"/></f><f name="1" ><p name="weapon"  origin_x="22" origin_y="25" hand_x="0" hand_y="0" z="weaponOverArm" image="48.stabOF.1.weapon.png"/><p name="effect"  origin_x="7" origin_y="24" hand_x="0" hand_y="-1" z="emotionOverBody" image="48.stabOF.1.effect.png"/></f></s>
<s name="stabT2"><f name="0" ><p name="weapon"  origin_x="36" origin_y="19" hand_x="0" hand_y="0" z="weaponWristOverGlove" image="48.stabT2.0.weapon.png"/><p name="effect"  origin_x="31" origin_y="5" hand_x="0" hand_y="0" z="emotionOverBody" image="48.stabT2.0.effect.png"/></f><f name="1" ><p name="weapon"  origin_x="39" origin_y="17" hand_x="0" hand_y="0" z="weaponWristOverGlove" image="48.stabT2.1.weapon.png"/><p name="effect"  origin_x="30" origin_y="32" hand_x="0" hand_y="-1" z="emotionOverBody" image="48.stabT2.1.effect.png"/></f></s>
<s name="stabTF"><f name="2" ><p name="weapon"  origin_x="23" origin_y="-7" hand_x="0" hand_y="0" z="weaponWristOverGlove" image="48.stabTF.2.weapon.png"/><p name="effect"  origin_x="20" origin_y="26" hand_x="0" hand_y="0" z="emotionOverBody" image="48.stabTF.2.effect.png"/></f></s>
<s name="shoot2"><f name="3" ><p name="weapon"  origin_x="26" origin_y="4" hand_x="0" hand_y="1" z="weaponWristOverGlove" image="48.shoot2.3.weapon.png"/><p name="effect"  origin_x="64" origin_y="2" hand_x="0" hand_y="1" z="emotionOverBody" image="48.shoot2.3.effect.png"/></f></s>
<s name="proneStab"><f name="0" ><p name="48"  origin_x="39" origin_y="9" hand_x="0" hand_y="0" z="weaponWristOverGlove" image="48.proneStab.0.weapon.png"/></f><f name="1" ><p name="weapon"  origin_x="23" origin_y="10" hand_x="0" hand_y="0" z="weaponWristOverGlove" image="48.proneStab.1.weapon.png"/><p name="effect"  origin_x="25" origin_y="12" hand_x="0" hand_y="0" z="emotionOverBody" image="48.proneStab.1.effect.png"/></f></s>
<s name="prone"><f name="0" ><p name="pointer"  pointer="48/proneStab/0/weapon"/></f></s>
<s name="jump"><f name="0" ><p name="48"  origin_x="21" origin_y="11" hand_x="0" hand_y="0" z="weaponOverGlove" image="48.jump.0.weapon.png"/></f></s>
<s name="fly"><f name="0" ><p name="48"  origin_x="21" origin_y="11" hand_x="0" hand_y="0" z="weaponOverGlove" image="48.fly.0.weapon.png"/></f><f name="1" ><p name="48"  origin_x="20" origin_y="12" hand_x="0" hand_y="0" z="weaponOverGlove" image="48.fly.1.weapon.png"/></f></s>
<s name="sit"><f name="0" ><p name="48"  origin_x="17" origin_y="1" hand_x="0" hand_y="0" z="weaponOverArm" image="48.sit.0.weapon.png"/></f></s>
<s name="somersault"><f name="0" ><p name="pointer"  pointer="48/alert/0/weapon"/></f><f name="1" ><p name="weapon"  pointer="48/swingPF/3/weapon"/><p name="effect"  pointer="48/swingPF/3/effect"/><p name="weapon1"  pointer="48/swingPF/3/weapon1"/></f><f name="2" ><p name="pointer"  pointer="48/swingT2/0/effect"/></f><f name="3" ><p name="weapon"  pointer="48/swingP2/1/weapon"/><p name="weapon1"  pointer="48/swingP2/1/weapon1"/><p name="effect"  pointer="48/swingP2/1/effect"/></f><f name="4" ><p name="weapon"  pointer="48/swingP2/0/weapon"/><p name="effect"  pointer="48/swingP2/0/effect"/><p name="weapon1"  pointer="48/swingP2/0/weapon1"/></f><f name="5" ><p name="weapon"  pointer="48/swingP2/0/weapon"/><p name="effect"  pointer="48/swingP2/0/effect"/><p name="weapon1"  pointer="48/swingP2/0/weapon1"/></f><f name="6" ><p name="weapon"  pointer="48/stabT2/1/weapon"/><p name="effect"  pointer="48/stabT2/1/effect"/></f><f name="7" ><p name="weapon"  pointer="48/swingPF/3/weapon"/><p name="effect"  pointer="48/swingPF/3/effect"/><p name="weapon1"  pointer="48/swingPF/3/weapon1"/></f><f name="8" ><p name="pointer"  pointer="48/alert/0/weapon"/></f></s>
<s name="backspin"><f name="0" ><p name="effect"  pointer="48/swingP2/0/effect"/><p name="weapon"  pointer="48/swingP2/1/weapon"/><p name="weapon1"  pointer="48/swingP2/1/weapon1"/></f><f name="1" ><p name="weapon"  pointer="48/swingO2/1/weapon"/><p name="effect"  pointer="48/swingO2/1/effect"/></f><f name="2" ><p name="weapon"  pointer="48/swingO2/1/weapon"/><p name="effect"  origin_x="8" origin_y="16" hand_x="0" hand_y="-1" z="emotionOverBody" image="48.backspin.2.effect.png"/></f><f name="3" ><p name="weapon"  pointer="48/swingO2/1/weapon"/><p name="effect"  origin_x="8" origin_y="16" hand_x="0" hand_y="-1" z="emotionOverBody" image="48.backspin.3.effect.png"/></f><f name="4" ><p name="weapon"  origin_x="10" origin_y="4" hand_x="0" hand_y="0" z="weaponOverHand" image="48.backspin.4.weapon.png"/><p name="effect"  origin_x="64" origin_y="2" hand_x="0" hand_y="-1" z="emotionOverBody" image="48.backspin.4.effect.png"/></f></s>
<s name="eorb"><f name="0" ><p name="weapon"  pointer="48/swingOF/0/weapon"/><p name="effect"  pointer="48/swingOF/0/effect"/></f><f name="1" ><p name="pointer"  pointer="48/swingOF/1/effect"/></f><f name="2" ><p name="48"  origin_x="13" origin_y="18" hand_x="-25" hand_y="2" z="emotionOverBody" image="48.eorb.2.effect.png"/></f><f name="3" ><p name="48"  origin_x="64" origin_y="33" hand_x="-25" hand_y="2" z="emotionOverBody" image="48.eorb.3.effect.png"/></f><f name="4" ><p name="pointer"  pointer="48/swingOF/3/weapon"/></f><f name="5" ><p name="weapon"  pointer="48/stabT2/0/weapon"/><p name="effect"  pointer="48/stabT2/0/effect"/></f><f name="6" ><p name="pointer"  pointer="48/alert/1/weapon"/></f></s>
<s name="dragonstrike"><f name="0" ><p name="weapon"  pointer="48/swingP2/1/weapon"/><p name="weapon1"  pointer="48/swingP2/1/weapon1"/><p name="effect"  pointer="48/swingP2/1/effect"/></f><f name="1" ><p name="weapon"  pointer="48/swingP2/0/weapon1"/><p name="weapon1"  pointer="48/swingP2/0/weapon"/><p name="effect"  origin_x="21" origin_y="4" hand_x="0" hand_y="0" z="emotionOverBody" image="48.dragonstrike.1.effect.png"/></f><f name="2" ><p name="pointer"  pointer="48/swingOF/1/effect"/></f><f name="3" ><p name="48"  origin_x="17" origin_y="14" hand_x="4" hand_y="-26" z="emotionOverBody" image="48.dragonstrike.3.effect.png"/></f><f name="4" ><p name="pointer"  pointer="48/swingTF/1/weapon"/></f><f name="5" ><p name="pointer"  pointer="48/swingTF/1/weapon"/></f><f name="6" ><p name="pointer"  pointer="48/swingTF/1/weapon"/></f><f name="7" ><p name="pointer"  pointer="48/swingTF/1/weapon"/></f><f name="8" ><p name="pointer"  pointer="48/swingOF/3/weapon"/></f><f name="9" ><p name="pointer"  pointer="48/swingOF/3/weapon"/></f><f name="10" ><p name="pointer"  pointer="48/swingOF/3/weapon"/></f><f name="11" ><p name="pointer"  pointer="48/swingOF/3/weapon"/></f></s>
<s name="fist"><f name="0" ><p name="pointer"  pointer="48/alert/0/weapon"/></f><f name="1" ><p name="pointer"  pointer="48/alert/1/weapon"/></f><f name="2" ><p name="pointer"  pointer="48/alert/0/weapon"/></f><f name="3" ><p name="effect"  pointer="48/stabOF/1/weapon"/><p name="weapon"  pointer="48/stabOF/1/weapon"/></f><f name="4" ><p name="weapon"  pointer="48/stabOF/1/weapon"/><p name="effect"  pointer="48/stabOF/1/weapon"/></f><f name="5" ><p name="weapon"  pointer="48/stabO2/0/weapon"/><p name="effect"  pointer="48/stabO2/0/effect"/></f><f name="6" ><p name="weapon"  pointer="48/stabO1/1/weapon"/><p name="effect"  pointer="48/stabO1/1/effect"/></f><f name="7" ><p name="weapon"  pointer="48/stabO1/1/weapon"/><p name="effect"  pointer="48/stabO1/1/effect"/></f><f name="8" ><p name="pointer"  pointer="48/swingTF/1/weapon"/></f><f name="9" ><p name="weapon"  pointer="48/stabOF/1/weapon"/><p name="effect"  pointer="48/stabOF/1/effect"/></f><f name="10" ><p name="weapon"  pointer="48/stabOF/1/weapon"/><p name="effect"  pointer="48/stabOF/1/effect"/></f><f name="11" ><p name="48"  origin_x="26" origin_y="16" hand_x="0" hand_y="-1" z="emotionOverBody" image="48.fist.11.effect.png"/></f><f name="12" ><p name="weapon"  pointer="48/stabO1/1/weapon"/><p name="effect"  pointer="48/stabO1/1/effect"/></f><f name="13" ><p name="weapon"  pointer="48/stabO1/1/weapon"/><p name="effect"  pointer="48/stabO1/1/effect"/></f><f name="14" ><p name="pointer"  pointer="48/stabTF/2/weapon"/></f><f name="15" ><p name="pointer"  pointer="48/swingOF/1/effect"/></f><f name="16" ><p name="pointer"  pointer="48/swingOF/2/effect"/></f><f name="17" ><p name="weapon"  pointer="48/swingT1/2/weapon"/><p name="weapon1"  pointer="48/swingT1/2/weapon1"/></f><f name="18" ><p name="weapon"  pointer="48/swingT1/2/weapon"/><p name="weapon1"  pointer="48/swingT1/2/weapon1"/></f><f name="19" ><p name="48"  origin_x="23" origin_y="16" hand_x="0" hand_y="0" z="weaponOverArm" image="48.fist.19.weapon.png"/></f><f name="20" ><p name="weapon"  pointer="48/swingP2/0/weapon"/><p name="weapon1"  pointer="48/swingP2/0/weapon1"/></f><f name="21" ><p name="pointer"  pointer="48/swingOF/1/effect"/></f><f name="22" ><p name="pointer"  pointer="48/swingOF/1/effect"/></f><f name="23" ><p name="48"  origin_x="64" origin_y="33" hand_x="-60" hand_y="20" z="emotionOverBody" image="48.fist.23.effect.png"/></f><f name="24" ><p name="weapon"  pointer="48/swingPF/3/weapon"/><p name="weapon1"  pointer="48/swingPF/3/weapon1"/></f></s>
</i>
