<i name="5000022">
<i name="stand0">
<i name="0">
<i name="origin">
<i name="x" value="26"/>
<i name="y" value="52"/>
</i>
<i name="image" value="5000022.stand0.0.png"/>
</i>
<i name="1">
<i name="pointer" value="5000022/stand0/0"/>
</i>
<i name="2">
<i name="pointer" value="5000022/stand0/0"/>
</i>
<i name="3">
<i name="pointer" value="5000022/stand0/0"/>
</i>
</i>
<i name="stand1">
<i name="0">
<i name="origin">
<i name="x" value="26"/>
<i name="y" value="52"/>
</i>
<i name="image" value="5000022.stand1.0.png"/>
</i>
<i name="1">
<i name="pointer" value="5000022/stand1/0"/>
</i>
<i name="2">
<i name="origin">
<i name="x" value="26"/>
<i name="y" value="51"/>
</i>
<i name="image" value="5000022.stand1.2.png"/>
</i>
<i name="3">
<i name="origin">
<i name="x" value="27"/>
<i name="y" value="51"/>
</i>
<i name="image" value="5000022.stand1.3.png"/>
</i>
<i name="4">
<i name="origin">
<i name="x" value="27"/>
<i name="y" value="52"/>
</i>
<i name="image" value="5000022.stand1.4.png"/>
</i>
<i name="5">
<i name="origin">
<i name="x" value="26"/>
<i name="y" value="51"/>
</i>
<i name="image" value="5000022.stand1.5.png"/>
</i>
</i>
<i name="rest0">
<i name="0">
<i name="origin">
<i name="x" value="28"/>
<i name="y" value="46"/>
</i>
<i name="image" value="5000022.rest0.0.png"/>
</i>
<i name="1">
<i name="origin">
<i name="x" value="30"/>
<i name="y" value="45"/>
</i>
<i name="image" value="5000022.rest0.1.png"/>
</i>
</i>
<i name="move">
<i name="0">
<i name="origin">
<i name="x" value="28"/>
<i name="y" value="51"/>
</i>
<i name="image" value="5000022.move.0.png"/>
</i>
<i name="1">
<i name="origin">
<i name="x" value="28"/>
<i name="y" value="52"/>
</i>
<i name="image" value="5000022.move.1.png"/>
</i>
<i name="2">
<i name="origin">
<i name="x" value="28"/>
<i name="y" value="51"/>
</i>
<i name="image" value="5000022.move.2.png"/>
</i>
<i name="3">
<i name="origin">
<i name="x" value="29"/>
<i name="y" value="52"/>
</i>
<i name="image" value="5000022.move.3.png"/>
</i>
</i>
<i name="jump">
<i name="0">
<i name="origin">
<i name="x" value="34"/>
<i name="y" value="53"/>
</i>
<i name="image" value="5000022.jump.0.png"/>
</i>
</i>
<i name="hungry">
<i name="0">
<i name="origin">
<i name="x" value="36"/>
<i name="y" value="45"/>
</i>
<i name="image" value="5000022.hungry.0.png"/>
</i>
</i>
<i name="angry">
<i name="0">
<i name="origin">
<i name="x" value="27"/>
<i name="y" value="52"/>
</i>
<i name="image" value="5000022.angry.0.png"/>
</i>
<i name="1">
<i name="origin">
<i name="x" value="28"/>
<i name="y" value="51"/>
</i>
<i name="image" value="5000022.angry.1.png"/>
</i>
</i>
<i name="chat">
<i name="0">
<i name="origin">
<i name="x" value="26"/>
<i name="y" value="52"/>
</i>
<i name="image" value="5000022.chat.0.png"/>
</i>
</i>
<i name="hang">
<i name="0">
<i name="origin">
<i name="x" value="13"/>
<i name="y" value="61"/>
</i>
<i name="image" value="5000022.hang.0.png"/>
</i>
</i>
<i name="sit">
<i name="0">
<i name="origin">
<i name="x" value="27"/>
<i name="y" value="46"/>
</i>
<i name="image" value="5000022.sit.0.png"/>
</i>
</i>
<i name="birdeye">
<i name="0">
<i name="origin">
<i name="x" value="25"/>
<i name="y" value="51"/>
</i>
<i name="image" value="5000022.birdeye.0.png"/>
</i>
</i>
<i name="sleep">
<i name="0">
<i name="origin">
<i name="x" value="28"/>
<i name="y" value="33"/>
</i>
<i name="image" value="5000022.sleep.0.png"/>
</i>
<i name="1">
<i name="pointer" value="5000022/sleep/0"/>
</i>
</i>
<i name="imhungry">
<i name="0">
<i name="origin">
<i name="x" value="10"/>
<i name="y" value="53"/>
</i>
<i name="image" value="5000022.imhungry.0.png"/>
</i>
</i>
<i name="love">
<i name="0">
<i name="origin">
<i name="x" value="26"/>
<i name="y" value="53"/>
</i>
<i name="image" value="5000022.love.0.png"/>
</i>
<i name="1">
<i name="origin">
<i name="x" value="26"/>
<i name="y" value="53"/>
</i>
<i name="image" value="5000022.love.1.png"/>
</i>
</i>
<i name="goodboy">
<i name="0">
<i name="origin">
<i name="x" value="25"/>
<i name="y" value="51"/>
</i>
<i name="image" value="5000022.goodboy.0.png"/>
</i>
<i name="1">
<i name="origin">
<i name="x" value="24"/>
<i name="y" value="52"/>
</i>
<i name="image" value="5000022.goodboy.1.png"/>
</i>
</i>
<i name="thanksgiving">
<i name="0">
<i name="origin">
<i name="x" value="22"/>
<i name="y" value="53"/>
</i>
<i name="image" value="5000022.thanksgiving.0.png"/>
</i>
<i name="1">
<i name="pointer" value="5000022/thanksgiving/0"/>
</i>
</i>
<i name="no">
<i name="0">
<i name="origin">
<i name="x" value="16"/>
<i name="y" value="50"/>
</i>
<i name="image" value="5000022.no.0.png"/>
</i>
</i>
<i name="cry">
<i name="0">
<i name="origin">
<i name="x" value="26"/>
<i name="y" value="45"/>
</i>
<i name="image" value="5000022.cry.0.png"/>
</i>
</i>
<i name="mischief">
<i name="0">
<i name="origin">
<i name="x" value="26"/>
<i name="y" value="59"/>
</i>
<i name="image" value="5000022.mischief.0.png"/>
</i>
<i name="1">
<i name="origin">
<i name="x" value="26"/>
<i name="y" value="56"/>
</i>
<i name="image" value="5000022.mischief.1.png"/>
</i>
<i name="2">
<i name="origin">
<i name="x" value="26"/>
<i name="y" value="57"/>
</i>
<i name="image" value="5000022.mischief.2.png"/>
</i>
<i name="3">
<i name="origin">
<i name="x" value="23"/>
<i name="y" value="57"/>
</i>
<i name="image" value="5000022.mischief.3.png"/>
</i>
<i name="4">
<i name="origin">
<i name="x" value="31"/>
<i name="y" value="58"/>
</i>
<i name="image" value="5000022.mischief.4.png"/>
</i>
<i name="5">
<i name="origin">
<i name="x" value="23"/>
<i name="y" value="57"/>
</i>
<i name="image" value="5000022.mischief.5.png"/>
</i>
<i name="6">
<i name="origin">
<i name="x" value="31"/>
<i name="y" value="58"/>
</i>
<i name="image" value="5000022.mischief.6.png"/>
</i>
<i name="7">
<i name="pointer" value="5000022/mischief/5"/>
</i>
<i name="8">
<i name="pointer" value="5000022/mischief/6"/>
</i>
<i name="9">
<i name="pointer" value="5000022/mischief/5"/>
</i>
<i name="10">
<i name="pointer" value="5000022/mischief/6"/>
</i>
<i name="11">
<i name="pointer" value="5000022/mischief/5"/>
</i>
<i name="12">
<i name="pointer" value="5000022/mischief/6"/>
</i>
<i name="13">
<i name="origin">
<i name="x" value="26"/>
<i name="y" value="58"/>
</i>
<i name="image" value="5000022.mischief.13.png"/>
</i>
<i name="14">
<i name="origin">
<i name="x" value="26"/>
<i name="y" value="58"/>
</i>
<i name="image" value="5000022.mischief.14.png"/>
</i>
<i name="15">
<i name="origin">
<i name="x" value="26"/>
<i name="y" value="57"/>
</i>
<i name="image" value="5000022.mischief.15.png"/>
</i>
<i name="16">
<i name="origin">
<i name="x" value="26"/>
<i name="y" value="60"/>
</i>
<i name="image" value="5000022.mischief.16.png"/>
</i>
</i>
<i name="fly">
<i name="0">
<i name="origin">
<i name="x" value="29"/>
<i name="y" value="51"/>
</i>
<i name="image" value="5000022.fly.0.png"/>
</i>
<i name="1">
<i name="origin">
<i name="x" value="28"/>
<i name="y" value="53"/>
</i>
<i name="image" value="5000022.fly.1.png"/>
</i>
</i>
<i name="jumpfly">
<i name="0">
<i name="origin">
<i name="x" value="34"/>
<i name="y" value="52"/>
</i>
<i name="image" value="5000022.jumpfly.0.png"/>
</i>
<i name="1">
<i name="origin">
<i name="x" value="34"/>
<i name="y" value="52"/>
</i>
<i name="image" value="5000022.jumpfly.1.png"/>
</i>
<i name="2">
<i name="origin">
<i name="x" value="34"/>
<i name="y" value="64"/>
</i>
<i name="image" value="5000022.jumpfly.2.png"/>
</i>
<i name="3">
<i name="origin">
<i name="x" value="33"/>
<i name="y" value="66"/>
</i>
<i name="image" value="5000022.jumpfly.3.png"/>
</i>
<i name="4">
<i name="origin">
<i name="x" value="34"/>
<i name="y" value="64"/>
</i>
<i name="image" value="5000022.jumpfly.4.png"/>
</i>
<i name="5">
<i name="pointer" value="5000022/jumpfly/3"/>
</i>
<i name="6">
<i name="origin">
<i name="x" value="34"/>
<i name="y" value="52"/>
</i>
<i name="image" value="5000022.jumpfly.6.png"/>
</i>
<i name="7">
<i name="origin">
<i name="x" value="34"/>
<i name="y" value="45"/>
</i>
<i name="image" value="5000022.jumpfly.7.png"/>
</i>
<i name="8">
<i name="origin">
<i name="x" value="34"/>
<i name="y" value="44"/>
</i>
<i name="image" value="5000022.jumpfly.8.png"/>
</i>
<i name="9">
<i name="pointer" value="5000022/jumpfly/8"/>
</i>
</i>
</i>