<i>
<s name="info"><f name="icon" ><p name="info"  image="info.icon.png"/></f><f name="iconRaw" ><p name="info"  origin_x="0" origin_y="32" image="info.iconRaw.png"/></f><p name="reqJob" v="0"/></s>
<s name="walk1"><f name="0" ><p name="walk1"  origin_x="25" origin_y="7" hand_x="17" hand_y="-3" z="weapon" image="walk1.0.weapon.png"/></f><f name="1" ><p name="walk1"  origin_x="25" origin_y="7" hand_x="14" hand_y="7" z="weapon" image="walk1.1.weapon.png"/></f><f name="2" ><p name="pointer"  pointer="walk1/0/weapon"/></f><f name="3" ><p name="walk1"  origin_x="25" origin_y="7" hand_x="16" hand_y="-1" z="weapon" image="walk1.3.weapon.png"/></f></s>
<s name="stand2"><f name="0" ><p name="stand2"  origin_x="25" origin_y="7" hand_x="-9" hand_y="20" z="weaponOverArm" image="stand2.0.weapon.png"/></f><f name="1" ><p name="stand2"  origin_x="25" origin_y="7" hand_x="-9" hand_y="20" z="weaponOverArm" image="stand2.1.weapon.png"/></f><f name="2" ><p name="stand2"  origin_x="25" origin_y="7" hand_x="-9" hand_y="20" z="weaponOverArm" image="stand2.2.weapon.png"/></f></s>
<s name="alert"><f name="0" ><p name="alert"  origin_x="23" origin_y="10" hand_x="23" hand_y="5" handMove_x="14" handMove_y="1" z="weaponOverArm" image="alert.0.weapon.png"/></f><f name="1" ><p name="alert"  origin_x="23" origin_y="10" hand_x="22" hand_y="4" handMove_x="12" handMove_y="1" z="weaponOverArm" image="alert.1.weapon.png"/></f><f name="2" ><p name="alert"  origin_x="23" origin_y="10" hand_x="23" hand_y="3" handMove_x="10" handMove_y="2" z="weaponOverArm" image="alert.2.weapon.png"/></f></s>
<s name="swingT1"><f name="0" ><p name="swingT1"  origin_x="11" origin_y="5" navel_x="-12" navel_y="33" z="weaponBelowArm" image="swingT1.0.weapon.png"/></f><f name="1" ><p name="swingT1"  origin_x="11" origin_y="5" navel_x="11" navel_y="56" z="weaponBelowArm" image="swingT1.1.weapon.png"/></f><f name="2" ><p name="swingT1"  origin_x="11" origin_y="5" navel_x="47" navel_y="-10" z="weaponBelowBody" image="swingT1.2.weapon.png"/></f></s>
<s name="swingT2"><f name="0" ><p name="swingT2"  origin_x="11" origin_y="5" navel_x="-7" navel_y="56" z="weaponBelowBody" image="swingT2.0.weapon.png"/></f><f name="1" ><p name="swingT2"  origin_x="11" origin_y="5" navel_x="19" navel_y="49" z="weaponOverBody" image="swingT2.1.weapon.png"/></f><f name="2" ><p name="swingT2"  origin_x="11" origin_y="5" navel_x="26" navel_y="-5" z="weaponOverBody" image="swingT2.2.weapon.png"/></f></s>
<s name="swingT3"><f name="0" ><p name="swingT3"  origin_x="11" origin_y="5" navel_x="-11" navel_y="-5" z="weaponOverBody" image="swingT3.0.weapon.png"/></f><f name="1" ><p name="swingT3"  origin_x="11" origin_y="5" navel_x="-7" navel_y="-3" z="weaponOverBody" image="swingT3.1.weapon.png"/></f><f name="2" ><p name="swingT3"  origin_x="11" origin_y="5" navel_x="6" navel_y="57" z="weaponBelowBody" image="swingT3.2.weapon.png"/></f></s>
<s name="swingTF"><f name="0" ><p name="swingTF"  origin_x="11" origin_y="5" navel_x="-8" navel_y="58" z="backWeapon" image="swingTF.0.weapon.png"/></f><f name="1" ><p name="swingTF"  origin_x="11" origin_y="5" navel_x="-3" navel_y="59" z="weaponBelowBody" image="swingTF.1.weapon.png"/></f><f name="2" ><p name="swingTF"  origin_x="11" origin_y="5" navel_x="6" navel_y="53" z="weaponBelowArm" image="swingTF.2.weapon.png"/></f><f name="3" ><p name="swingTF"  origin_x="11" origin_y="5" navel_x="51" navel_y="-8" z="weaponBelowBody" image="swingTF.3.weapon.png"/></f></s>
<s name="stabO1"><f name="0" ><p name="stabO1"  origin_x="12" origin_y="5" navel_x="19" navel_y="-4" z="weapon" image="stabO1.0.weapon.png"/></f><f name="1" ><p name="stabO1"  origin_x="12" origin_y="5" navel_x="60" navel_y="6" z="weapon" image="stabO1.1.weapon.png"/></f></s>
<s name="stabO2"><f name="0" ><p name="stabO2"  origin_x="12" origin_y="5" navel_x="23" navel_y="10" z="weaponBelowArm" image="stabO2.0.weapon.png"/></f><f name="1" ><p name="stabO2"  origin_x="12" origin_y="5" navel_x="58" navel_y="5" z="weapon" image="stabO2.1.weapon.png"/></f></s>
<s name="stabOF"><f name="0" ><p name="stabOF"  origin_x="12" origin_y="5" navel_x="28" navel_y="-1" z="weaponBelowArm" image="stabOF.0.weapon.png"/></f><f name="1" ><p name="stabOF"  origin_x="12" origin_y="5" navel_x="23" navel_y="-4" z="weaponBelowArm" image="stabOF.1.weapon.png"/></f><f name="2" ><p name="stabOF"  origin_x="12" origin_y="5" navel_x="62" navel_y="4" z="weapon" image="stabOF.2.weapon.png"/></f></s>
<s name="proneStab"><f name="0" ><p name="proneStab"  origin_x="5" origin_y="3" navel_x="52" navel_y="1" z="weaponBelowArm" image="proneStab.0.weapon.png"/></f><f name="1" ><p name="proneStab"  origin_x="5" origin_y="3" navel_x="67" navel_y="1" z="weaponBelowArm" image="proneStab.1.weapon.png"/></f></s>
<s name="prone"><f name="0" ><p name="pointer"  pointer="proneStab/0/weapon"/></f></s>
<s name="fly"><f name="0" ><p name="fly"  origin_x="13" origin_y="5" navel_x="0" navel_y="31" z="weaponOverArm" image="fly.0.weapon.png"/></f><f name="1" ><p name="pointer"  pointer="fly/0/weapon"/></f></s>
<s name="jump"><f name="0" ><p name="jump"  origin_x="13" origin_y="5" navel_x="-1" navel_y="30" z="weaponOverArm" image="jump.0.weapon.png"/></f></s>
<s name="heal"><f name="0" ><p name="pointer"  pointer="alert/1/weapon"/></f><f name="1" ><p name="pointer"  pointer="swingO2/1/weapon"/></f><f name="2" ><p name="pointer"  pointer="swingO2/0/weapon"/></f></s>
</i>
