<i name="1001004">
<i name="hit">
<i name="0">
<i name="0">
<i name="origin">
<i name="x" value="34"/>
<i name="y" value="37"/>
</i>
<i name="z" value="0"/>
<i name="delay" value="90"/>
<i name="image" value="1001004.hit.0.0.png"/>
</i>
<i name="1">
<i name="origin">
<i name="x" value="75"/>
<i name="y" value="58"/>
</i>
<i name="z" value="0"/>
<i name="delay" value="90"/>
<i name="image" value="1001004.hit.0.1.png"/>
</i>
</i>
</i>
<i name="effect">
<i name="0">
<i name="origin">
<i name="x" value="85"/>
<i name="y" value="100"/>
</i>
<i name="z" value="0"/>
<i name="delay" value="50"/>
<i name="image" value="1001004.effect.0.png"/>
</i>
<i name="1">
<i name="origin">
<i name="x" value="85"/>
<i name="y" value="97"/>
</i>
<i name="z" value="0"/>
<i name="delay" value="50"/>
<i name="image" value="1001004.effect.1.png"/>
</i>
<i name="2">
<i name="origin">
<i name="x" value="85"/>
<i name="y" value="94"/>
</i>
<i name="z" value="0"/>
<i name="delay" value="50"/>
<i name="image" value="1001004.effect.2.png"/>
</i>
<i name="3">
<i name="origin">
<i name="x" value="70"/>
<i name="y" value="90"/>
</i>
<i name="z" value="0"/>
<i name="delay" value="50"/>
<i name="image" value="1001004.effect.3.png"/>
</i>
<i name="4">
<i name="origin">
<i name="x" value="56"/>
<i name="y" value="73"/>
</i>
<i name="z" value="0"/>
<i name="delay" value="50"/>
<i name="image" value="1001004.effect.4.png"/>
</i>
<i name="5">
<i name="origin">
<i name="x" value="39"/>
<i name="y" value="57"/>
</i>
<i name="z" value="0"/>
<i name="delay" value="50"/>
<i name="a0" value="255"/>
<i name="a1" value="0"/>
<i name="image" value="1001004.effect.5.png"/>
</i>
</i>
</i>