<i>
<s name="info"><f name="icon" ><p name="info"  image="info.icon.png"/></f><f name="iconRaw" ><p name="info"  origin_x="0" origin_y="27" image="info.iconRaw.png"/></f><f name="iconD" ><p name="info"  origin_x="0" origin_y="32" image="info.iconD.png"/></f><f name="iconRawD" ><p name="info"  origin_x="0" origin_y="32" image="info.iconRawD.png"/></f></s>
<s name="stand0"><f name="0" delay="450" ><p name="stand0"  origin_x="27" origin_y="32" lt_x="-27" lt_y="-32" rb_x="20" rb_y="0" image="stand0.0.png"/></f><f name="1" delay="250" ><p name="stand0"  origin_x="27" origin_y="32" lt_x="-27" lt_y="-32" rb_x="20" rb_y="0" image="stand0.1.png"/></f><f name="2" delay="250" ><p name="stand0"  origin_x="27" origin_y="32" lt_x="-27" lt_y="-32" rb_x="20" rb_y="0" image="stand0.2.png"/></f><f name="3" ><p name="pointer"  pointer="stand0/0"/></f></s>
<s name="stand1"><f name="0" delay="280" ><p name="stand1"  origin_x="27" origin_y="32" lt_x="-27" lt_y="-32" rb_x="20" rb_y="0" image="stand1.0.png"/></f><f name="1" delay="280" ><p name="stand1"  origin_x="27" origin_y="32" lt_x="-27" lt_y="-32" rb_x="20" rb_y="0" image="stand1.1.png"/></f><f name="2" delay="280" ><p name="stand1"  origin_x="26" origin_y="32" lt_x="-27" lt_y="-32" rb_x="20" rb_y="0" image="stand1.2.png"/></f><f name="3" delay="280" ><p name="stand1"  origin_x="27" origin_y="32" lt_x="-27" lt_y="-32" rb_x="20" rb_y="0" image="stand1.3.png"/></f></s>
<s name="rest0"><f name="0" delay="450" ><p name="rest0"  origin_x="28" origin_y="33" lt_x="-28" lt_y="-33" rb_x="19" rb_y="0" image="rest0.0.png"/></f><f name="1" delay="450" ><p name="rest0"  origin_x="28" origin_y="33" lt_x="-28" lt_y="-33" rb_x="19" rb_y="0" image="rest0.1.png"/></f><f name="2" delay="450" ><p name="rest0"  origin_x="28" origin_y="33" lt_x="-28" lt_y="-33" rb_x="19" rb_y="0" image="rest0.2.png"/></f></s>
<s name="move"><f name="0" delay="100" ><p name="move"  origin_x="27" origin_y="32" lt_x="-27" lt_y="-32" rb_x="20" rb_y="0" image="move.0.png"/></f><f name="1" delay="100" ><p name="move"  origin_x="27" origin_y="32" lt_x="-27" lt_y="-32" rb_x="20" rb_y="0" image="move.1.png"/></f><f name="2" delay="100" ><p name="move"  origin_x="27" origin_y="31" lt_x="-27" lt_y="-32" rb_x="20" rb_y="0" image="move.2.png"/></f><f name="3" delay="100" ><p name="move"  origin_x="27" origin_y="32" lt_x="-27" lt_y="-32" rb_x="20" rb_y="0" image="move.3.png"/></f><f name="4" delay="100" ><p name="move"  origin_x="27" origin_y="32" lt_x="-27" lt_y="-32" rb_x="20" rb_y="0" image="move.4.png"/></f><f name="5" delay="100" ><p name="move"  origin_x="27" origin_y="31" lt_x="-27" lt_y="-32" rb_x="20" rb_y="0" image="move.5.png"/></f></s>
<s name="jump"><f name="0" delay="200" ><p name="jump"  origin_x="27" origin_y="35" lt_x="-27" lt_y="-32" rb_x="20" rb_y="0" image="jump.0.png"/></f></s>
<s name="hungry"><f name="0" delay="2000" ><p name="hungry"  origin_x="27" origin_y="33" lt_x="-27" lt_y="-33" rb_x="19" rb_y="0" image="hungry.0.png"/></f></s>
<s name="angry"><f name="0" delay="4000" ><p name="angry"  origin_x="51" origin_y="35" lt_x="-38" lt_y="-35" rb_x="19" rb_y="0" image="angry.0.png"/></f></s>
<s name="chat"><f name="0" delay="400" ><p name="chat"  origin_x="27" origin_y="32" lt_x="-27" lt_y="-32" rb_x="20" rb_y="0" image="chat.0.png"/></f><f name="1" delay="400" ><p name="chat"  origin_x="27" origin_y="32" lt_x="-27" lt_y="-32" rb_x="20" rb_y="0" image="chat.1.png"/></f><f name="2" ><p name="pointer"  pointer="chat/0"/></f><f name="3" ><p name="pointer"  pointer="chat/1"/></f></s>
<s name="hang"><f name="0" ><p name="hang"  origin_x="20" origin_y="57" lt_x="-17" lt_y="-57" rb_x="26" rb_y="-16" image="hang.0.png"/></f></s>
<s name="rise"><f name="0" delay="300" ><p name="rise"  origin_x="27" origin_y="32" lt_x="-27" lt_y="-32" rb_x="20" rb_y="0" image="rise.0.png"/></f><f name="1" delay="180" ><p name="rise"  origin_x="25" origin_y="34" lt_x="-25" lt_y="-34" rb_x="20" rb_y="0" image="rise.1.png"/></f><f name="2" delay="180" ><p name="rise"  origin_x="22" origin_y="36" lt_x="-22" lt_y="-36" rb_x="21" rb_y="0" image="rise.2.png"/></f><f name="3" delay="250" ><p name="rise"  origin_x="20" origin_y="38" lt_x="-20" lt_y="-38" rb_x="19" rb_y="0" image="rise.3.png"/></f><f name="4" delay="180" ><p name="rise"  origin_x="20" origin_y="38" lt_x="-20" lt_y="-38" rb_x="19" rb_y="0" image="rise.4.png"/></f><f name="5" delay="260" ><p name="rise"  origin_x="29" origin_y="38" lt_x="-20" lt_y="-38" rb_x="19" rb_y="0" image="rise.5.png"/></f><f name="6" ><p name="pointer"  pointer="rise/4"/></f><f name="7" ><p name="pointer"  pointer="rise/3"/></f><f name="8" ><p name="pointer"  pointer="rise/4"/></f><f name="9" ><p name="pointer"  pointer="rise/5"/></f></s>
<s name="piddle"><f name="0" delay="150" ><p name="piddle"  origin_x="26" origin_y="34" lt_x="-27" lt_y="-32" rb_x="20" rb_y="0" image="piddle.0.png"/></f><f name="1" delay="150" ><p name="piddle"  origin_x="26" origin_y="34" lt_x="-27" lt_y="-32" rb_x="20" rb_y="0" image="piddle.1.png"/></f><f name="2" ><p name="pointer"  pointer="piddle/0"/></f><f name="3" ><p name="pointer"  pointer="piddle/1"/></f><f name="4" ><p name="pointer"  pointer="piddle/0"/></f><f name="5" ><p name="pointer"  pointer="piddle/1"/></f><f name="6" ><p name="pointer"  pointer="piddle/0"/></f><f name="7" ><p name="pointer"  pointer="piddle/1"/></f></s>
<s name="cry"><f name="0" delay="250" ><p name="cry"  origin_x="27" origin_y="33" lt_x="-27" lt_y="-33" rb_x="19" rb_y="0" image="cry.0.png"/></f><f name="1" delay="250" ><p name="cry"  origin_x="27" origin_y="33" lt_x="-27" lt_y="-32" rb_x="20" rb_y="0" image="cry.1.png"/></f><f name="2" delay="250" ><p name="cry"  origin_x="27" origin_y="33" lt_x="-27" lt_y="-32" rb_x="20" rb_y="0" image="cry.2.png"/></f><f name="3" ><p name="pointer"  pointer="cry/1"/></f><f name="4" ><p name="pointer"  pointer="cry/2"/></f><f name="5" ><p name="pointer"  pointer="cry/1"/></f><f name="6" ><p name="pointer"  pointer="cry/2"/></f><f name="7" ><p name="pointer"  pointer="cry/0"/></f></s>
<s name="plot"><f name="0" delay="300" ><p name="plot"  origin_x="27" origin_y="31" lt_x="-27" lt_y="-32" rb_x="20" rb_y="0" image="plot.0.png"/></f><f name="1" delay="160" ><p name="plot"  origin_x="27" origin_y="31" lt_x="-27" lt_y="-32" rb_x="20" rb_y="0" image="plot.1.png"/></f><f name="2" delay="250" ><p name="plot"  origin_x="27" origin_y="31" lt_x="-27" lt_y="-32" rb_x="20" rb_y="0" image="plot.2.png"/></f><f name="3" delay="310" ><p name="plot"  origin_x="27" origin_y="31" lt_x="-27" lt_y="-32" rb_x="20" rb_y="0" image="plot.3.png"/></f></s>
<s name="blush"><f name="0" delay="4000" ><p name="blush"  origin_x="36" origin_y="32" lt_x="-27" lt_y="-32" rb_x="20" rb_y="0" image="blush.0.png"/></f></s>
<s name="happy"><f name="0" delay="250" ><p name="happy"  origin_x="27" origin_y="32" lt_x="-27" lt_y="-32" rb_x="20" rb_y="0" image="happy.0.png"/></f><f name="1" delay="250" ><p name="happy"  origin_x="26" origin_y="34" lt_x="-27" lt_y="-32" rb_x="20" rb_y="0" image="happy.1.png"/></f><f name="2" delay="350" ><p name="happy"  origin_x="24" origin_y="35" lt_x="-27" lt_y="-32" rb_x="20" rb_y="0" image="happy.2.png"/></f><f name="3" ><p name="pointer"  pointer="happy/0"/></f><f name="4" ><p name="pointer"  pointer="happy/1"/></f><f name="5" ><p name="pointer"  pointer="happy/2"/></f><f name="6" ><p name="pointer"  pointer="happy/0"/></f></s>
<s name="sleep"><f name="0" delay="200" ><p name="sleep"  origin_x="27" origin_y="31" lt_x="-27" lt_y="-32" rb_x="20" rb_y="0" image="sleep.0.png"/></f><f name="1" delay="250" ><p name="sleep"  origin_x="31" origin_y="30" lt_x="-27" lt_y="-30" rb_x="20" rb_y="0" image="sleep.1.png"/></f><f name="2" delay="1000" ><p name="sleep"  origin_x="36" origin_y="29" lt_x="-27" lt_y="-29" rb_x="20" rb_y="0" image="sleep.2.png"/></f><f name="3" delay="250" ><p name="sleep"  origin_x="31" origin_y="30" lt_x="-27" lt_y="-30" rb_x="20" rb_y="0" image="sleep.3.png"/></f><f name="4" delay="200" ><p name="sleep"  origin_x="27" origin_y="31" lt_x="-27" lt_y="-32" rb_x="20" rb_y="0" image="sleep.4.png"/></f></s>
<s name="eat"><f name="0" delay="400" ><p name="eat"  origin_x="32" origin_y="32" lt_x="-27" lt_y="-32" rb_x="20" rb_y="0" image="eat.0.png"/></f><f name="1" delay="200" ><p name="eat"  origin_x="32" origin_y="32" lt_x="-27" lt_y="-32" rb_x="20" rb_y="0" image="eat.1.png"/></f><f name="2" delay="280" ><p name="eat"  origin_x="27" origin_y="32" lt_x="-27" lt_y="-32" rb_x="20" rb_y="0" image="eat.2.png"/></f><f name="3" delay="200" ><p name="eat"  origin_x="27" origin_y="32" lt_x="-27" lt_y="-32" rb_x="20" rb_y="0" image="eat.3.png"/></f><f name="4" delay="200" ><p name="eat"  origin_x="27" origin_y="31" lt_x="-27" lt_y="-32" rb_x="20" rb_y="0" image="eat.4.png"/></f><f name="5" delay="200" ><p name="eat"  origin_x="27" origin_y="32" lt_x="-27" lt_y="-32" rb_x="20" rb_y="0" image="eat.5.png"/></f><f name="6" delay="200" ><p name="eat"  origin_x="27" origin_y="31" lt_x="-27" lt_y="-32" rb_x="20" rb_y="0" image="eat.6.png"/></f></s>
<s name="fly"><f name="0" delay="280" ><p name="fly"  origin_x="27" origin_y="32" lt_x="-27" lt_y="-32" rb_x="20" rb_y="0" image="fly.0.png"/></f><f name="1" delay="280" ><p name="fly"  origin_x="26" origin_y="34" lt_x="-27" lt_y="-32" rb_x="20" rb_y="0" image="fly.1.png"/></f></s>
</i>
