<i>
<s name="walk2"><f name="0" ><p name="walk2"  origin_x="25" origin_y="15" hand_x="0" hand_y="0" z="weaponOverArm" image="walk2.0.weapon.png"/></f><f name="1" ><p name="walk2"  origin_x="25" origin_y="15" hand_x="0" hand_y="0" z="weaponOverArm" image="walk2.1.weapon.png"/></f><f name="2" ><p name="pointer"  pointer="walk2/0/weapon"/></f><f name="3" ><p name="walk2"  origin_x="24" origin_y="18" hand_x="0" hand_y="0" z="weaponOverArm" image="walk2.3.weapon.png"/></f></s>
<s name="stand2"><f name="0" ><p name="stand2"  origin_x="25" origin_y="15" hand_x="0" hand_y="0" z="weaponOverArm" image="stand2.0.weapon.png"/></f><f name="1" ><p name="stand2"  origin_x="25" origin_y="15" hand_x="0" hand_y="0" z="weaponOverArm" image="stand2.1.weapon.png"/></f><f name="2" ><p name="stand2"  origin_x="25" origin_y="15" hand_x="0" hand_y="0" z="weaponOverArm" image="stand2.2.weapon.png"/></f></s>
<s name="alert"><f name="0" ><p name="alert"  origin_x="12" origin_y="6" hand_x="0" hand_y="0" z="weaponOverArm" image="alert.0.weapon.png"/></f><f name="1" ><p name="alert"  origin_x="11" origin_y="6" hand_x="0" hand_y="0" z="weaponOverArm" image="alert.1.weapon.png"/></f><f name="2" ><p name="alert"  origin_x="12" origin_y="6" hand_x="0" hand_y="0" z="weaponOverArm" image="alert.2.weapon.png"/></f></s>
<s name="swingT1"><f name="0" ><p name="swingT1"  origin_x="7" origin_y="8" hand_x="0" hand_y="0" z="weaponBelowArm" image="swingT1.0.weapon.png"/></f><f name="1" ><p name="swingT1"  origin_x="6" origin_y="29" hand_x="0" hand_y="0" z="weaponBelowArm" image="swingT1.1.weapon.png"/></f><f name="2" ><p name="swingT1"  origin_x="37" origin_y="22" hand_x="0" hand_y="0" z="weaponOverBody" image="swingT1.2.weapon.png"/></f></s>
<s name="swingT2"><f name="0" ><p name="swingT2"  origin_x="16" origin_y="16" hand_x="-9" hand_y="25" z="weaponBelowBody" image="swingT2.0.weapon.png"/></f><f name="1" ><p name="swingT2"  origin_x="20" origin_y="33" hand_x="0" hand_y="0" z="weaponOverBody" image="swingT2.1.weapon.png"/></f><f name="2" ><p name="swingT2"  origin_x="38" origin_y="9" hand_x="0" hand_y="0" z="weaponOverBody" image="swingT2.2.weapon.png"/></f></s>
<s name="swingT3"><f name="0" ><p name="swingT3"  origin_x="9" origin_y="4" hand_x="0" hand_y="0" z="weaponOverBody" image="swingT3.0.weapon.png"/></f><f name="1" ><p name="swingT3"  origin_x="16" origin_y="8" hand_x="0" hand_y="0" z="weaponOverBody" image="swingT3.1.weapon.png"/></f><f name="2" ><p name="swingT3"  origin_x="1" origin_y="26" hand_x="0" hand_y="0" z="weaponOverBody" image="swingT3.2.weapon.png"/></f></s>
<s name="stabO1"><f name="0" ><p name="stabO1"  origin_x="9" origin_y="3" hand_x="0" hand_y="0" z="weapon" image="stabO1.0.weapon.png"/></f><f name="1" ><p name="stabO1"  origin_x="42" origin_y="21" hand_x="0" hand_y="0" z="weapon" image="stabO1.1.weapon.png"/></f></s>
<s name="stabO2"><f name="0" ><p name="stabO2"  origin_x="6" origin_y="22" hand_x="0" hand_y="0" z="weaponBelowArm" image="stabO2.0.weapon.png"/></f><f name="1" ><p name="stabO2"  origin_x="38" origin_y="21" hand_x="0" hand_y="0" z="weapon" image="stabO2.1.weapon.png"/></f></s>
<s name="stabOF"><f name="0" ><p name="stabOF"  origin_x="9" origin_y="4" hand_x="0" hand_y="0" z="weapon" image="stabOF.0.weapon.png"/></f><f name="1" ><p name="stabOF"  origin_x="-24" origin_y="7" hand_x="0" hand_y="0" z="weapon" image="stabOF.1.weapon.png"/></f><f name="2" ><p name="stabOF"  origin_x="48" origin_y="33" hand_x="0" hand_y="0" z="weapon" image="stabOF.2.weapon.png"/></f></s>
<s name="proneStab"><f name="0" ><p name="proneStab"  origin_x="36" origin_y="16" hand_x="0" hand_y="0" z="weaponBelowArm" image="proneStab.0.weapon.png"/></f><f name="1" ><p name="proneStab"  origin_x="36" origin_y="22" hand_x="0" hand_y="0" z="weaponBelowArm" image="proneStab.1.weapon.png"/></f></s>
<s name="prone"><f name="0" ><p name="pointer"  pointer="proneStab/0/weapon"/></f></s>
<s name="jump"><f name="0" ><p name="jump"  origin_x="25" origin_y="14" hand_x="0" hand_y="0" z="weaponOverArm" image="jump.0.weapon.png"/></f></s>
<s name="fly"><f name="0" ><p name="fly"  origin_x="25" origin_y="14" hand_x="0" hand_y="0" z="weaponOverArm" image="fly.0.weapon.png"/></f><f name="1" ><p name="pointer"  pointer="fly/0/weapon"/></f></s>
<s name="sit"><f name="0" ><p name="sit"  origin_x="8" origin_y="-3" hand_x="0" hand_y="0" z="weaponOverArm" image="sit.0.weapon.png"/></f></s>
<s name="rope"><f name="0" ><p name="rope"  origin_x="16" origin_y="16" navel_x="0" navel_y="5" z="backWeaponOverHead" image="rope.0.weapon.png"/></f><f name="1" ><p name="rope"  origin_x="16" origin_y="16" navel_x="-1" navel_y="8" z="backWeaponOverHead" image="rope.1.weapon.png"/></f></s>
<s name="ladder"><f name="0" ><p name="ladder"  origin_x="16" origin_y="16" navel_x="1" navel_y="7" z="backWeaponOverHead" image="ladder.0.weapon.png"/></f><f name="1" ><p name="ladder"  origin_x="16" origin_y="16" navel_x="-1" navel_y="7" z="backWeaponOverHead" image="ladder.1.weapon.png"/></f></s>
</i>
