  <i name="05021004">
  <i name="info">
    <i name="icon">
      <i name="origin">
        <i name="x" value="-2"/>
        <i name="y" value="30"/>
      </i>
      <i name="image" value="05021004.info.icon.png"/>
    </i>
    <i name="iconRaw">
      <i name="origin">
        <i name="x" value="-2"/>
        <i name="y" value="30"/>
      </i>
      <i name="image" value="05021004.info.iconRaw.png"/>
    </i>
    <i name="cash" value="1"/>
  </i>
  <i name="bullet">
    <i name="0">
      <i name="origin">
        <i name="x" value="10"/>
        <i name="y" value="10"/>
      </i>
      <i name="image" value="05021004.bullet.0.png"/>
    </i>
    <i name="1">
      <i name="origin">
        <i name="x" value="10"/>
        <i name="y" value="10"/>
      </i>
      <i name="image" value="05021004.bullet.1.png"/>
    </i>
    <i name="2">
      <i name="origin">
        <i name="x" value="10"/>
        <i name="y" value="10"/>
      </i>
      <i name="image" value="05021004.bullet.2.png"/>
    </i>
  </i>
  <i name="hit">
    <i name="0">
      <i name="origin">
        <i name="x" value="44"/>
        <i name="y" value="58"/>
      </i>
      <i name="delay" value="90"/>
      <i name="image" value="05021004.hit.0.png"/>
    </i>
    <i name="1">
      <i name="origin">
        <i name="x" value="43"/>
        <i name="y" value="57"/>
      </i>
      <i name="delay" value="90"/>
      <i name="image" value="05021004.hit.1.png"/>
    </i>
    <i name="2">
      <i name="origin">
        <i name="x" value="42"/>
        <i name="y" value="56"/>
      </i>
      <i name="delay" value="90"/>
      <i name="image" value="05021004.hit.2.png"/>
    </i>
    <i name="3">
      <i name="origin">
        <i name="x" value="40"/>
        <i name="y" value="53"/>
      </i>
      <i name="delay" value="90"/>
      <i name="image" value="05021004.hit.3.png"/>
    </i>
    <i name="4">
      <i name="origin">
        <i name="x" value="38"/>
        <i name="y" value="38"/>
      </i>
      <i name="delay" value="90"/>
      <i name="image" value="05021004.hit.4.png"/>
    </i>
    <i name="5">
      <i name="origin">
        <i name="x" value="36"/>
        <i name="y" value="37"/>
      </i>
      <i name="image" value="05021004.hit.5.png"/>
    </i>
  </i>
  </i>
