<i>
<s name="walk1"><f name="0" ><p name="walk1"  origin_x="23" origin_y="25" navel_x="0" navel_y="0" z="shieldBelowBody" image="walk1.0.shield.png"/></f><f name="1" ><p name="walk1"  origin_x="20" origin_y="14" navel_x="0" navel_y="0" z="shieldBelowBody" image="walk1.1.shield.png"/></f><f name="2" ><p name="pointer"  pointer="walk1/0/shield"/></f><f name="3" ><p name="walk1"  origin_x="20" origin_y="31" navel_x="0" navel_y="0" z="shieldBelowBody" image="walk1.3.shield.png"/></f></s>
<s name="stand1"><f name="0" ><p name="stand1"  origin_x="32" origin_y="-1" navel_x="0" navel_y="0" z="shieldBelowBody" image="stand1.0.shield.png"/></f><f name="1" ><p name="stand1"  origin_x="34" origin_y="0" navel_x="0" navel_y="0" z="shieldBelowBody" image="stand1.1.shield.png"/></f><f name="2" ><p name="stand1"  origin_x="36" origin_y="-1" navel_x="0" navel_y="0" z="shieldBelowBody" image="stand1.2.shield.png"/></f></s>
<s name="alert"><f name="0" ><p name="alert"  origin_x="16" origin_y="16" navel_x="0" navel_y="0" z="shieldOverHair" image="alert.0.shield.png"/></f><f name="1" ><p name="alert"  origin_x="16" origin_y="14" navel_x="0" navel_y="0" z="shieldOverHair" image="alert.1.shield.png"/></f><f name="2" ><p name="alert"  origin_x="16" origin_y="12" navel_x="0" navel_y="0" z="shieldOverHair" image="alert.2.shield.png"/></f></s>
<s name="swingO1"><f name="0" ><p name="swingO1"  origin_x="13" origin_y="12" navel_x="0" navel_y="0" z="shieldBelowBody" image="swingO1.0.shield.png"/></f><f name="1" ><p name="swingO1"  origin_x="9" origin_y="8" navel_x="0" navel_y="0" z="shieldBelowBody" image="swingO1.1.shield.png"/></f><f name="2" ><p name="swingO1"  origin_x="21" origin_y="32" navel_x="0" navel_y="0" z="shieldBelowBody" image="swingO1.2.shield.png"/></f></s>
<s name="swingO2"><f name="0" ><p name="swingO2"  origin_x="22" origin_y="25" navel_x="0" navel_y="0" z="shieldBelowBody" image="swingO2.0.shield.png"/></f><f name="1" ><p name="swingO2"  origin_x="16" origin_y="21" navel_x="0" navel_y="0" z="shieldBelowBody" image="swingO2.1.shield.png"/></f><f name="2" ><p name="swingO2"  origin_x="30" origin_y="17" navel_x="0" navel_y="0" z="shieldBelowBody" image="swingO2.2.shield.png"/></f></s>
<s name="swingO3"><f name="0" ><p name="swingO3"  origin_x="36" origin_y="33" navel_x="0" navel_y="0" z="shieldBelowBody" image="swingO3.0.shield.png"/></f><f name="1" ><p name="swingO3"  origin_x="20" origin_y="10" navel_x="0" navel_y="0" z="shieldBelowBody" image="swingO3.1.shield.png"/></f><f name="2" ><p name="swingO3"  origin_x="9" origin_y="12" navel_x="0" navel_y="0" z="shieldBelowBody" image="swingO3.2.shield.png"/></f></s>
<s name="swingOF"><f name="0" ><p name="swingOF"  origin_x="17" origin_y="4" navel_x="0" navel_y="0" z="shieldBelowBody" image="swingOF.0.shield.png"/></f><f name="1" ><p name="swingOF"  origin_x="5" origin_y="20" navel_x="0" navel_y="0" z="backShieldBelowBody" image="swingOF.1.shield.png"/></f><f name="2" ><p name="swingOF"  origin_x="20" origin_y="12" navel_x="0" navel_y="0" z="shieldBelowBody" image="swingOF.2.shield.png"/></f><f name="3" ><p name="swingOF"  origin_x="22" origin_y="2" navel_x="0" navel_y="0" z="shield" image="swingOF.3.shield.png"/></f></s>
<s name="stabO1"><f name="0" ><p name="stabO1"  origin_x="42" origin_y="9" navel_x="0" navel_y="0" z="shieldBelowBody" image="stabO1.0.shield.png"/></f><f name="1" ><p name="stabO1"  origin_x="27" origin_y="8" navel_x="0" navel_y="0" z="shieldBelowBody" image="stabO1.1.shield.png"/></f></s>
<s name="stabO2"><f name="0" ><p name="stabO2"  origin_x="28" origin_y="21" navel_x="0" navel_y="0" z="shieldOverHair" image="stabO2.0.shield.png"/></f><f name="1" ><p name="stabO2"  origin_x="27" origin_y="6" navel_x="0" navel_y="0" z="shieldBelowBody" image="stabO2.1.shield.png"/></f></s>
<s name="stabOF"><f name="0" ><p name="stabOF"  origin_x="19" origin_y="6" navel_x="0" navel_y="0" z="shield" image="stabOF.0.shield.png"/></f><f name="1" ><p name="stabOF"  origin_x="38" origin_y="27" navel_x="0" navel_y="0" z="shieldBelowBody" image="stabOF.1.shield.png"/></f><f name="2" ><p name="stabOF"  origin_x="27" origin_y="25" navel_x="0" navel_y="0" z="shieldBelowBody" image="stabOF.2.shield.png"/></f></s>
<s name="proneStab"><f name="0" ><p name="proneStab"  origin_x="43" origin_y="22" navel_x="0" navel_y="0" z="shieldOverHair" image="proneStab.0.shield.png"/></f><f name="1" ><p name="pointer"  pointer="proneStab/0/shield"/></f></s>
<s name="prone"><f name="0" ><p name="pointer"  pointer="proneStab/0/shield"/></f></s>
<s name="heal"><f name="0" ><p name="pointer"  pointer="alert/1/shield"/></f><f name="1" ><p name="pointer"  pointer="swingO2/1/shield"/></f><f name="2" ><p name="pointer"  pointer="swingO2/0/shield"/></f></s>
<s name="fly"><f name="0" ><p name="fly"  origin_x="23" origin_y="31" navel_x="0" navel_y="0" z="shieldBelowBody" image="fly.0.shield.png"/></f><f name="1" ><p name="pointer"  pointer="fly/0/shield"/></f></s>
<s name="jump"><f name="0" ><p name="jump"  origin_x="22" origin_y="30" navel_x="0" navel_y="0" z="shieldBelowBody" image="jump.0.shield.png"/></f></s>
</i>
