<i>
<s name="info"><f name="icon" ><p name="info"  image="info.icon.png"/></f><f name="iconRaw" ><p name="info"  origin_x="0" origin_y="32" image="info.iconRaw.png"/></f><p name="reqJob" v="0"/></s>
<s name="walk1"><f name="0" ><p name="walk1"  origin_x="25" origin_y="7" hand_x="33" hand_y="-1" z="weapon" image="walk1.0.weapon.png"/></f><f name="1" ><p name="walk1"  origin_x="25" origin_y="7" hand_x="33" hand_y="1" z="weapon" image="walk1.1.weapon.png"/></f><f name="2" ><p name="pointer"  pointer="walk1/0/weapon"/></f><f name="3" ><p name="walk1"  origin_x="25" origin_y="7" hand_x="34" hand_y="0" z="weapon" image="walk1.3.weapon.png"/></f></s>
<s name="stand2"><f name="0" ><p name="stand2"  origin_x="25" origin_y="7" hand_x="-16" hand_y="38" z="weaponOverArm" image="stand2.0.weapon.png"/></f><f name="1" ><p name="stand2"  origin_x="25" origin_y="7" hand_x="-17" hand_y="38" z="weaponOverArm" image="stand2.1.weapon.png"/></f><f name="2" ><p name="stand2"  origin_x="25" origin_y="7" hand_x="-17" hand_y="38" z="weaponOverArm" image="stand2.2.weapon.png"/></f></s>
<s name="alert"><f name="0" ><p name="alert"  origin_x="23" origin_y="10" hand_x="41" hand_y="12" z="weaponOverArm" image="alert.0.weapon.png"/></f><f name="1" ><p name="alert"  origin_x="23" origin_y="10" hand_x="40" hand_y="10" z="weaponOverArm" image="alert.1.weapon.png"/></f><f name="2" ><p name="alert"  origin_x="23" origin_y="10" hand_x="41" hand_y="9" z="weaponOverArm" image="alert.2.weapon.png"/></f></s>
<s name="swingT1"><f name="0" ><p name="swingT1"  origin_x="11" origin_y="5" navel_x="-19" navel_y="39" z="weaponBelowArm" image="swingT1.0.weapon.png"/></f><f name="1" ><p name="swingT1"  origin_x="11" origin_y="5" navel_x="8" navel_y="71" z="weaponBelowArm" image="swingT1.1.weapon.png"/></f><f name="2" ><p name="swingT1"  origin_x="11" origin_y="5" navel_x="60" navel_y="-11" z="weaponBelowBody" image="swingT1.2.weapon.png"/></f></s>
<s name="swingT2"><f name="0" ><p name="swingT2"  origin_x="11" origin_y="5" navel_x="-11" navel_y="65" z="weaponBelowBody" image="swingT2.0.weapon.png"/></f><f name="1" ><p name="swingT2"  origin_x="11" origin_y="5" navel_x="24" navel_y="60" z="weaponBelowBody" image="swingT2.1.weapon.png"/></f><f name="2" ><p name="swingT2"  origin_x="11" origin_y="5" navel_x="40" navel_y="-7" z="weaponOverBody" image="swingT2.2.weapon.png"/></f></s>
<s name="swingT3"><f name="0" ><p name="swingT3"  origin_x="11" origin_y="5" navel_x="-12" navel_y="-2" z="weaponOverBody" image="swingT3.0.weapon.png"/></f><f name="1" ><p name="swingT3"  origin_x="11" origin_y="5" navel_x="-11" navel_y="-4" z="weaponOverBody" image="swingT3.1.weapon.png"/></f><f name="2" ><p name="swingT3"  origin_x="11" origin_y="5" navel_x="20" navel_y="67" z="weaponBelowBody" image="swingT3.2.weapon.png"/></f></s>
<s name="swingTF"><f name="0" ><p name="swingTF"  origin_x="11" origin_y="5" navel_x="-6" navel_y="71" z="backWeapon" image="swingTF.0.weapon.png"/></f><f name="1" ><p name="swingTF"  origin_x="11" origin_y="5" navel_x="3" navel_y="69" z="weaponBelowBody" image="swingTF.1.weapon.png"/></f><f name="2" ><p name="swingTF"  origin_x="11" origin_y="5" navel_x="-1" navel_y="68" z="weaponBelowArm" image="swingTF.2.weapon.png"/></f><f name="3" ><p name="swingTF"  origin_x="11" origin_y="5" navel_x="62" navel_y="-9" z="weaponBelowBody" image="swingTF.3.weapon.png"/></f></s>
<s name="stabO1"><f name="0" ><p name="stabO1"  origin_x="12" origin_y="5" navel_x="32" navel_y="-2" z="weapon" image="stabO1.0.weapon.png"/></f><f name="1" ><p name="stabO1"  origin_x="12" origin_y="5" navel_x="72" navel_y="8" z="weapon" image="stabO1.1.weapon.png"/></f></s>
<s name="stabO2"><f name="0" ><p name="stabO2"  origin_x="12" origin_y="5" navel_x="36" navel_y="11" z="weaponBelowArm" image="stabO2.0.weapon.png"/></f><f name="1" ><p name="stabO2"  origin_x="12" origin_y="5" navel_x="69" navel_y="7" z="weaponBelowArm" image="stabO2.1.weapon.png"/></f></s>
<s name="stabOF"><f name="0" ><p name="stabOF"  origin_x="12" origin_y="5" navel_x="39" navel_y="2" z="weaponBelowArm" image="stabOF.0.weapon.png"/></f><f name="1" ><p name="stabOF"  origin_x="12" origin_y="5" navel_x="35" navel_y="-1" z="weaponBelowArm" image="stabOF.1.weapon.png"/></f><f name="2" ><p name="stabOF"  origin_x="12" origin_y="5" navel_x="74" navel_y="7" z="weapon" image="stabOF.2.weapon.png"/></f></s>
<s name="proneStab"><f name="0" ><p name="proneStab"  origin_x="5" origin_y="3" navel_x="63" navel_y="4" z="weaponBelowArm" image="proneStab.0.weapon.png"/></f><f name="1" ><p name="proneStab"  origin_x="5" origin_y="3" navel_x="78" navel_y="4" z="weaponBelowArm" image="proneStab.1.weapon.png"/></f></s>
<s name="prone"><f name="0" ><p name="pointer"  pointer="proneStab/0/weapon"/></f></s>
<s name="fly"><f name="0" ><p name="fly"  origin_x="13" origin_y="5" navel_x="-7" navel_y="47" z="weaponOverArm" image="fly.0.weapon.png"/></f><f name="1" ><p name="pointer"  pointer="fly/0/weapon"/></f></s>
<s name="jump"><f name="0" ><p name="jump"  origin_x="13" origin_y="5" navel_x="-9" navel_y="46" z="weaponOverArm" image="jump.0.weapon.png"/></f></s>
</i>
