<i name="5000026">
<i name="stand0">
<i name="0">
<i name="origin">
<i name="x" value="-3"/>
<i name="y" value="47"/>
</i>
<i name="image" value="5000026.stand0.0.png"/>
</i>
<i name="1">
<i name="pointer" value="5000026/stand0/0"/>
</i>
</i>
<i name="stand1">
<i name="0">
<i name="origin">
<i name="x" value="-2"/>
<i name="y" value="47"/>
</i>
<i name="image" value="5000026.stand1.0.png"/>
</i>
<i name="1">
<i name="pointer" value="5000026/stand1/0"/>
</i>
<i name="2">
<i name="pointer" value="5000026/stand1/0"/>
</i>
<i name="3">
<i name="pointer" value="5000026/stand1/0"/>
</i>
<i name="4">
<i name="pointer" value="5000026/stand1/0"/>
</i>
<i name="5">
<i name="pointer" value="5000026/stand1/0"/>
</i>
<i name="6">
<i name="pointer" value="5000026/stand1/0"/>
</i>
<i name="7">
<i name="pointer" value="5000026/stand1/0"/>
</i>
</i>
<i name="hungry">
<i name="0">
<i name="origin">
<i name="x" value="-2"/>
<i name="y" value="43"/>
</i>
<i name="image" value="5000026.hungry.0.png"/>
</i>
</i>
<i name="move">
<i name="0">
<i name="origin">
<i name="x" value="-1"/>
<i name="y" value="57"/>
</i>
<i name="image" value="5000026.move.0.png"/>
</i>
<i name="1">
<i name="origin">
<i name="x" value="-2"/>
<i name="y" value="58"/>
</i>
<i name="image" value="5000026.move.1.png"/>
</i>
<i name="2">
<i name="pointer" value="5000026/move/0"/>
</i>
<i name="3">
<i name="origin">
<i name="x" value="-2"/>
<i name="y" value="56"/>
</i>
<i name="image" value="5000026.move.3.png"/>
</i>
</i>
<i name="rest0">
<i name="0">
<i name="origin">
<i name="x" value="-3"/>
<i name="y" value="44"/>
</i>
<i name="image" value="5000026.rest0.0.png"/>
</i>
<i name="1">
<i name="pointer" value="5000026/rest0/0"/>
</i>
<i name="2">
<i name="pointer" value="5000026/rest0/0"/>
</i>
<i name="3">
<i name="pointer" value="5000026/rest0/0"/>
</i>
</i>
<i name="chat">
<i name="0">
<i name="origin">
<i name="x" value="-3"/>
<i name="y" value="47"/>
</i>
<i name="image" value="5000026.chat.0.png"/>
</i>
<i name="1">
<i name="pointer" value="5000026/chat/0"/>
</i>
<i name="2">
<i name="pointer" value="5000026/chat/0"/>
</i>
<i name="3">
<i name="pointer" value="5000026/chat/0"/>
</i>
<i name="4">
<i name="pointer" value="5000026/chat/0"/>
</i>
<i name="5">
<i name="pointer" value="5000026/chat/0"/>
</i>
<i name="6">
<i name="pointer" value="5000026/chat/0"/>
</i>
<i name="7">
<i name="pointer" value="5000026/chat/0"/>
</i>
<i name="8">
<i name="pointer" value="5000026/chat/0"/>
</i>
<i name="9">
<i name="pointer" value="5000026/chat/0"/>
</i>
<i name="10">
<i name="pointer" value="5000026/chat/0"/>
</i>
</i>
<i name="angry">
<i name="0">
<i name="origin">
<i name="x" value="2"/>
<i name="y" value="47"/>
</i>
<i name="image" value="5000026.angry.0.png"/>
</i>
<i name="1">
<i name="pointer" value="5000026/angry/0"/>
</i>
<i name="2">
<i name="pointer" value="5000026/angry/0"/>
</i>
<i name="3">
<i name="pointer" value="5000026/angry/0"/>
</i>
</i>
<i name="hang">
<i name="0">
<i name="origin">
<i name="x" value="20"/>
<i name="y" value="56"/>
</i>
<i name="image" value="5000026.hang.0.png"/>
</i>
</i>
<i name="dung">
<i name="0">
<i name="origin">
<i name="x" value="2"/>
<i name="y" value="42"/>
</i>
<i name="image" value="5000026.dung.0.png"/>
</i>
</i>
<i name="jump">
<i name="0">
<i name="origin">
<i name="x" value="1"/>
<i name="y" value="51"/>
</i>
<i name="image" value="5000026.jump.0.png"/>
</i>
</i>
<i name="fly">
<i name="0">
<i name="origin">
<i name="x" value="-1"/>
<i name="y" value="47"/>
</i>
<i name="image" value="5000026.fly.0.png"/>
</i>
<i name="1">
<i name="origin">
<i name="x" value="0"/>
<i name="y" value="47"/>
</i>
<i name="image" value="5000026.fly.1.png"/>
</i>
</i>
<i name="sleep">
<i name="0">
<i name="origin">
<i name="x" value="1"/>
<i name="y" value="53"/>
</i>
<i name="image" value="5000026.sleep.0.png"/>
</i>
<i name="1">
<i name="origin">
<i name="x" value="1"/>
<i name="y" value="52"/>
</i>
<i name="image" value="5000026.sleep.1.png"/>
</i>
<i name="2">
<i name="origin">
<i name="x" value="1"/>
<i name="y" value="51"/>
</i>
<i name="image" value="5000026.sleep.2.png"/>
</i>
<i name="3">
<i name="origin">
<i name="x" value="1"/>
<i name="y" value="52"/>
</i>
<i name="image" value="5000026.sleep.3.png"/>
</i>
<i name="4">
<i name="origin">
<i name="x" value="1"/>
<i name="y" value="53"/>
</i>
<i name="image" value="5000026.sleep.4.png"/>
</i>
<i name="5">
<i name="origin">
<i name="x" value="1"/>
<i name="y" value="54"/>
</i>
<i name="image" value="5000026.sleep.5.png"/>
</i>
<i name="6">
<i name="pointer" value="5000026/sleep/0"/>
</i>
<i name="7">
<i name="pointer" value="5000026/sleep/1"/>
</i>
<i name="8">
<i name="pointer" value="5000026/sleep/2"/>
</i>
<i name="9">
<i name="pointer" value="5000026/sleep/3"/>
</i>
<i name="10">
<i name="pointer" value="5000026/sleep/4"/>
</i>
<i name="11">
<i name="pointer" value="5000026/sleep/5"/>
</i>
</i>
<i name="stunned">
<i name="0">
<i name="origin">
<i name="x" value="-7"/>
<i name="y" value="47"/>
</i>
<i name="image" value="5000026.stunned.0.png"/>
</i>
<i name="1">
<i name="pointer" value="5000026/stunned/0"/>
</i>
<i name="2">
<i name="pointer" value="5000026/stunned/0"/>
</i>
<i name="3">
<i name="pointer" value="5000026/stunned/0"/>
</i>
<i name="4">
<i name="pointer" value="5000026/stunned/0"/>
</i>
<i name="5">
<i name="pointer" value="5000026/stunned/0"/>
</i>
</i>
<i name="eat">
<i name="0">
<i name="origin">
<i name="x" value="-3"/>
<i name="y" value="44"/>
</i>
<i name="image" value="5000026.eat.0.png"/>
</i>
<i name="1">
<i name="pointer" value="5000026/eat/0"/>
</i>
<i name="2">
<i name="pointer" value="5000026/eat/0"/>
</i>
<i name="3">
<i name="pointer" value="5000026/eat/0"/>
</i>
<i name="4">
<i name="pointer" value="5000026/eat/0"/>
</i>
<i name="5">
<i name="pointer" value="5000026/eat/0"/>
</i>
<i name="6">
<i name="pointer" value="5000026/eat/0"/>
</i>
<i name="7">
<i name="pointer" value="5000026/eat/0"/>
</i>
</i>
<i name="cry">
<i name="0">
<i name="origin">
<i name="x" value="3"/>
<i name="y" value="46"/>
</i>
<i name="image" value="5000026.cry.0.png"/>
</i>
<i name="1">
<i name="pointer" value="5000026/cry/0"/>
</i>
<i name="2">
<i name="pointer" value="5000026/cry/0"/>
</i>
<i name="3">
<i name="pointer" value="5000026/cry/0"/>
</i>
<i name="4">
<i name="pointer" value="5000026/cry/0"/>
</i>
<i name="5">
<i name="pointer" value="5000026/cry/0"/>
</i>
<i name="6">
<i name="origin">
<i name="x" value="24"/>
<i name="y" value="49"/>
</i>
<i name="image" value="5000026.cry.6.png"/>
</i>
<i name="7">
<i name="pointer" value="5000026/cry/0"/>
</i>
<i name="8">
<i name="pointer" value="5000026/cry/6"/>
</i>
<i name="9">
<i name="pointer" value="5000026/cry/0"/>
</i>
</i>
<i name="love">
<i name="0">
<i name="origin">
<i name="x" value="-7"/>
<i name="y" value="47"/>
</i>
<i name="image" value="5000026.love.0.png"/>
</i>
<i name="1">
<i name="pointer" value="5000026/love/0"/>
</i>
<i name="2">
<i name="pointer" value="5000026/love/0"/>
</i>
<i name="3">
<i name="origin">
<i name="x" value="-8"/>
<i name="y" value="47"/>
</i>
<i name="image" value="5000026.love.3.png"/>
</i>
<i name="4">
<i name="pointer" value="5000026/love/0"/>
</i>
<i name="5">
<i name="pointer" value="5000026/love/0"/>
</i>
<i name="6">
<i name="pointer" value="5000026/love/0"/>
</i>
<i name="7">
<i name="pointer" value="5000026/love/0"/>
</i>
<i name="8">
<i name="pointer" value="5000026/love/0"/>
</i>
<i name="9">
<i name="pointer" value="5000026/love/3"/>
</i>
<i name="10">
<i name="pointer" value="5000026/love/0"/>
</i>
<i name="11">
<i name="pointer" value="5000026/love/0"/>
</i>
</i>
<i name="happy">
<i name="0">
<i name="origin">
<i name="x" value="11"/>
<i name="y" value="45"/>
</i>
<i name="image" value="5000026.happy.0.png"/>
</i>
<i name="1">
<i name="origin">
<i name="x" value="10"/>
<i name="y" value="45"/>
</i>
<i name="image" value="5000026.happy.1.png"/>
</i>
<i name="2">
<i name="pointer" value="5000026/happy/0"/>
</i>
<i name="3">
<i name="pointer" value="5000026/happy/1"/>
</i>
<i name="4">
<i name="pointer" value="5000026/happy/0"/>
</i>
<i name="5">
<i name="pointer" value="5000026/happy/1"/>
</i>
<i name="6">
<i name="pointer" value="5000026/happy/0"/>
</i>
<i name="7">
<i name="pointer" value="5000026/happy/1"/>
</i>
</i>
<i name="transformation">
<i name="0">
<i name="origin">
<i name="x" value="-3"/>
<i name="y" value="47"/>
</i>
<i name="image" value="5000026.transformation.0.png"/>
</i>
<i name="1">
<i name="origin">
<i name="x" value="-4"/>
<i name="y" value="47"/>
</i>
<i name="image" value="5000026.transformation.1.png"/>
</i>
<i name="2">
<i name="pointer" value="5000026/transformation/1"/>
</i>
<i name="3">
<i name="pointer" value="5000026/transformation/1"/>
</i>
<i name="4">
<i name="pointer" value="5000026/transformation/1"/>
</i>
<i name="5">
<i name="pointer" value="5000026/transformation/0"/>
</i>
<i name="6">
<i name="pointer" value="5000026/transformation/0"/>
</i>
<i name="7">
<i name="pointer" value="5000026/transformation/0"/>
</i>
<i name="8">
<i name="origin">
<i name="x" value="-3"/>
<i name="y" value="47"/>
</i>
<i name="image" value="5000026.transformation.8.png"/>
</i>
<i name="9">
<i name="pointer" value="5000026/transformation/0"/>
</i>
<i name="10">
<i name="origin">
<i name="x" value="-3"/>
<i name="y" value="47"/>
</i>
<i name="image" value="5000026.transformation.10.png"/>
</i>
<i name="11">
<i name="origin">
<i name="x" value="-3"/>
<i name="y" value="47"/>
</i>
<i name="image" value="5000026.transformation.11.png"/>
</i>
<i name="12">
<i name="origin">
<i name="x" value="-8"/>
<i name="y" value="37"/>
</i>
<i name="image" value="5000026.transformation.12.png"/>
</i>
<i name="13">
<i name="origin">
<i name="x" value="24"/>
<i name="y" value="49"/>
</i>
<i name="image" value="5000026.transformation.13.png"/>
</i>
<i name="14">
<i name="origin">
<i name="x" value="24"/>
<i name="y" value="49"/>
</i>
<i name="image" value="5000026.transformation.14.png"/>
</i>
<i name="15">
<i name="origin">
<i name="x" value="24"/>
<i name="y" value="49"/>
</i>
<i name="image" value="5000026.transformation.15.png"/>
</i>
<i name="16">
<i name="origin">
<i name="x" value="24"/>
<i name="y" value="49"/>
</i>
<i name="image" value="5000026.transformation.16.png"/>
</i>
<i name="17">
<i name="origin">
<i name="x" value="24"/>
<i name="y" value="49"/>
</i>
<i name="image" value="5000026.transformation.17.png"/>
</i>
<i name="18">
<i name="origin">
<i name="x" value="24"/>
<i name="y" value="49"/>
</i>
<i name="image" value="5000026.transformation.18.png"/>
</i>
<i name="19">
<i name="origin">
<i name="x" value="24"/>
<i name="y" value="49"/>
</i>
<i name="image" value="5000026.transformation.19.png"/>
</i>
<i name="20">
<i name="origin">
<i name="x" value="24"/>
<i name="y" value="49"/>
</i>
<i name="image" value="5000026.transformation.20.png"/>
</i>
<i name="21">
<i name="origin">
<i name="x" value="24"/>
<i name="y" value="49"/>
</i>
<i name="image" value="5000026.transformation.21.png"/>
</i>
<i name="22">
<i name="origin">
<i name="x" value="24"/>
<i name="y" value="49"/>
</i>
<i name="image" value="5000026.transformation.22.png"/>
</i>
<i name="23">
<i name="origin">
<i name="x" value="24"/>
<i name="y" value="49"/>
</i>
<i name="image" value="5000026.transformation.23.png"/>
</i>
<i name="24">
<i name="origin">
<i name="x" value="24"/>
<i name="y" value="49"/>
</i>
<i name="image" value="5000026.transformation.24.png"/>
</i>
<i name="25">
<i name="origin">
<i name="x" value="24"/>
<i name="y" value="49"/>
</i>
<i name="image" value="5000026.transformation.25.png"/>
</i>
<i name="26">
<i name="origin">
<i name="x" value="-3"/>
<i name="y" value="71"/>
</i>
<i name="image" value="5000026.transformation.26.png"/>
</i>
<i name="27">
<i name="origin">
<i name="x" value="-3"/>
<i name="y" value="46"/>
</i>
<i name="image" value="5000026.transformation.27.png"/>
</i>
</i>
</i>