<i>
<s name="info"><f name="icon" ><p name="info"  image="info.icon.png"/></f><f name="iconRaw" ><p name="info"  origin_x="1" origin_y="33" image="info.iconRaw.png"/></f><p name="reqJob" v="0"/></s>
<s name="walk1"><f name="0" ><p name="40"  origin_x="25" origin_y="7" hand_x="46" hand_y="3" z="weapon" image="40.walk1.0.weapon.png"/></f><f name="1" ><p name="40"  origin_x="25" origin_y="7" hand_x="46" hand_y="4" z="weapon" image="40.walk1.1.weapon.png"/></f><f name="2" ><p name="pointer"  pointer="40/walk1/0/weapon"/></f><f name="3" ><p name="40"  origin_x="25" origin_y="7" hand_x="46" hand_y="4" z="weapon" image="40.walk1.3.weapon.png"/></f><f name="image*" ><p name="pointer" /></f></s>
<s name="stand2"><f name="0" ><p name="40"  origin_x="10" origin_y="15" navel_x="9" navel_y="42" z="weaponOverArm" image="40.stand2.0.weapon.png"/></f><f name="1" ><p name="40"  origin_x="10" origin_y="5" navel_x="9" navel_y="54" z="weaponOverArm" image="40.stand2.1.weapon.png"/></f><f name="2" ><p name="40"  origin_x="10" origin_y="5" navel_x="8" navel_y="51" z="weaponOverArm" image="40.stand2.2.weapon.png"/></f></s>
<s name="alert"><f name="0" ><p name="40"  origin_x="12" origin_y="5" navel_x="49" navel_y="54" z="weaponOverArm" image="40.alert.0.weapon.png"/></f><f name="1" ><p name="40"  origin_x="12" origin_y="5" navel_x="49" navel_y="52" z="weaponOverArm" image="40.alert.1.weapon.png"/></f><f name="2" ><p name="40"  origin_x="12" origin_y="5" navel_x="50" navel_y="51" z="weaponOverArm" image="40.alert.2.weapon.png"/></f></s>
<s name="swingT1"><f name="0" ><p name="40"  origin_x="11" origin_y="5" navel_x="5" navel_y="46" z="weaponBelowArm" image="40.swingT1.0.weapon.png"/></f><f name="1" ><p name="40"  origin_x="11" origin_y="5" navel_x="14" navel_y="86" z="weaponBelowArm" image="40.swingT1.1.weapon.png"/></f><f name="2" ><p name="40"  origin_x="11" origin_y="5" navel_x="71" navel_y="-2" z="weaponBelowBody" image="40.swingT1.2.weapon.png"/></f></s>
<s name="swingT2"><f name="0" ><p name="40"  origin_x="11" origin_y="5" navel_x="-13" navel_y="97" z="weaponBelowBody" image="40.swingT2.0.weapon.png"/></f><f name="1" ><p name="40"  origin_x="11" origin_y="5" navel_x="31" navel_y="87" z="weaponBelowBody" image="40.swingT2.1.weapon.png"/></f><f name="2" ><p name="40"  origin_x="11" origin_y="5" navel_x="67" navel_y="-2" z="weaponOverBody" image="40.swingT2.2.weapon.png"/></f></s>
<s name="swingT3"><f name="0" ><p name="40"  origin_x="11" origin_y="5" navel_x="12" navel_y="3" z="weaponOverBody" image="40.swingT3.0.weapon.png"/></f><f name="1" ><p name="40"  origin_x="11" origin_y="5" navel_x="12" navel_y="4" z="weaponOverBody" image="40.swingT3.1.weapon.png"/></f><f name="2" ><p name="40"  origin_x="11" origin_y="5" navel_x="25" navel_y="78" z="weaponBelowBody" image="40.swingT3.2.weapon.png"/></f></s>
<s name="swingTF"><f name="0" ><p name="40"  origin_x="11" origin_y="5" navel_x="-3" navel_y="82" z="backWeapon" image="40.swingTF.0.weapon.png"/></f><f name="1" ><p name="40"  origin_x="11" origin_y="5" navel_x="8" navel_y="80" z="weaponBelowBody" image="40.swingTF.1.weapon.png"/></f><f name="2" ><p name="40"  origin_x="11" origin_y="5" navel_x="16" navel_y="77" z="weaponBelowArm" image="40.swingTF.2.weapon.png"/></f><f name="3" ><p name="40"  origin_x="11" origin_y="5" navel_x="73" navel_y="0" z="weaponBelowBody" image="40.swingTF.3.weapon.png"/></f></s>
<s name="stabO1"><f name="0" ><p name="40"  origin_x="12" origin_y="5" navel_x="44" navel_y="2" z="weapon" image="40.stabO1.0.weapon.png"/></f><f name="1" ><p name="40"  origin_x="12" origin_y="5" navel_x="84" navel_y="12" z="weapon" image="40.stabO1.1.weapon.png"/></f></s>
<s name="stabO2"><f name="0" ><p name="40"  origin_x="12" origin_y="5" navel_x="48" navel_y="16" z="weaponBelowArm" image="40.stabO2.0.weapon.png"/></f><f name="1" ><p name="40"  origin_x="12" origin_y="5" navel_x="81" navel_y="11" z="weaponBelowArm" image="40.stabO2.1.weapon.png"/></f></s>
<s name="stabOF"><f name="0" ><p name="40"  origin_x="12" origin_y="5" navel_x="50" navel_y="7" z="weaponBelowArm" image="40.stabOF.0.weapon.png"/></f><f name="1" ><p name="40"  origin_x="12" origin_y="5" navel_x="46" navel_y="4" z="weaponBelowArm" image="40.stabOF.1.weapon.png"/></f><f name="2" ><p name="40"  origin_x="12" origin_y="5" navel_x="85" navel_y="12" z="weapon" image="40.stabOF.2.weapon.png"/></f></s>
<s name="proneStab"><f name="0" ><p name="40"  origin_x="5" origin_y="3" navel_x="93" navel_y="8" z="weaponBelowArm" image="40.proneStab.0.weapon.png"/></f><f name="1" ><p name="40"  origin_x="5" origin_y="3" navel_x="109" navel_y="8" z="weaponBelowArm" image="40.proneStab.1.weapon.png"/></f></s>
<s name="prone"><f name="0" ><p name="pointer"  pointer="40/proneStab/0/weapon"/></f></s>
<s name="fly"><f name="0" ><p name="40"  origin_x="13" origin_y="5" navel_x="12" navel_y="60" z="weaponOverArm" image="40.fly.0.weapon.png"/></f><f name="1" ><p name="pointer"  pointer="40/fly/0/weapon"/></f></s>
<s name="jump"><f name="0" ><p name="40"  origin_x="13" origin_y="5" navel_x="10" navel_y="59" z="weaponOverArm" image="40.jump.0.weapon.png"/></f></s>
<s name="walk2"><f name="0" ><p name="41"  origin_x="5" origin_y="5" navel_x="16" navel_y="53" z="weaponOverArm" image="41.walk2.0.weapon.png"/></f><f name="1" ><p name="41"  origin_x="13" origin_y="5" navel_x="9" navel_y="51" z="weaponOverArm" image="41.walk2.1.weapon.png"/></f><f name="2" ><p name="pointer"  pointer="41/walk2/0/weapon"/></f><f name="3" ><p name="41"  origin_x="11" origin_y="5" navel_x="9" navel_y="52" z="weaponOverArm" image="41.walk2.3.weapon.png"/></f></s>
<s name="swingP1"><f name="0" ><p name="43"  origin_x="12" origin_y="5" navel_x="1" navel_y="47" z="weaponBelowArm" image="43.swingP1.0.weapon.png"/></f><f name="1" ><p name="43"  origin_x="12" origin_y="5" navel_x="13" navel_y="93" z="weaponBelowArm" image="43.swingP1.1.weapon.png"/></f><f name="2" ><p name="43"  origin_x="12" origin_y="5" navel_x="88" navel_y="-7" z="weaponBelowBody" image="43.swingP1.2.weapon.png"/></f><f name="image*" ><p name="pointer" /></f></s>
<s name="swingP2"><f name="0" ><p name="43"  origin_x="12" origin_y="5" navel_x="16" navel_y="72" z="weaponBelowBody" image="43.swingP2.0.weapon.png"/></f><f name="1" ><p name="43"  origin_x="12" origin_y="5" navel_x="12" navel_y="84" z="weaponBelowBody" image="43.swingP2.1.weapon.png"/></f><f name="2" ><p name="43"  origin_x="12" origin_y="5" navel_x="66" navel_y="-2" z="weaponOverBody" image="43.swingP2.2.weapon.png"/></f><f name="image*" ><p name="pointer" /></f></s>
<s name="swingPF"><f name="0" ><p name="43"  origin_x="12" origin_y="5" navel_x="61" navel_y="8" z="weapon" image="43.swingPF.0.weapon.png"/></f><f name="1" ><p name="43"  origin_x="12" origin_y="5" navel_x="58" navel_y="9" z="weapon" image="43.swingPF.1.weapon.png"/></f><f name="2" ><p name="43"  origin_x="12" origin_y="5" navel_x="7" navel_y="48" z="weaponBelowArm" image="43.swingPF.2.weapon.png"/></f><f name="3" ><p name="43"  origin_x="12" origin_y="5" navel_x="89" navel_y="-7" z="weaponBelowBody" image="43.swingPF.3.weapon.png"/></f><f name="image*" ><p name="pointer" /></f></s>
<s name="stabT1"><f name="0" ><p name="43"  origin_x="12" origin_y="5" navel_x="60" navel_y="4" z="weaponOverBody" image="43.stabT1.0.weapon.png"/></f><f name="1" ><p name="43"  origin_x="12" origin_y="5" navel_x="61" navel_y="3" z="weaponOverBody" image="43.stabT1.1.weapon.png"/></f><f name="2" ><p name="43"  origin_x="12" origin_y="5" navel_x="82" navel_y="8" z="weaponOverBody" image="43.stabT1.2.weapon.png"/></f><f name="image*" ><p name="pointer" /></f></s>
<s name="stabT2"><f name="0" ><p name="43"  origin_x="12" origin_y="5" navel_x="65" navel_y="4" z="weaponOverBody" image="43.stabT2.0.weapon.png"/></f><f name="1" ><p name="43"  origin_x="12" origin_y="5" navel_x="65" navel_y="6" z="weaponOverBody" image="43.stabT2.1.weapon.png"/></f><f name="2" ><p name="43"  origin_x="12" origin_y="5" navel_x="72" navel_y="23" z="weaponOverBody" image="43.stabT2.2.weapon.png"/></f><f name="image*" ><p name="pointer" /></f></s>
<s name="stabTF"><f name="0" ><p name="pointer"  pointer="43/swingPF/0/weapon"/></f><f name="1" ><p name="pointer"  pointer="43/swingPF/1/weapon"/></f><f name="2" ><p name="43"  origin_x="12" origin_y="5" navel_x="33" navel_y="17" z="weaponOverBody" image="43.stabTF.2.weapon.png"/></f><f name="3" ><p name="pointer"  pointer="43/stabT1/2/weapon"/></f><f name="image*" ><p name="pointer" /></f></s>
<s name="stand1"><f name="0" ><p name="44"  origin_x="25" origin_y="7" hand_x="46" hand_y="2" z="weapon" image="44.stand1.0.weapon.png"/></f><f name="1" ><p name="pointer"  pointer="44/stand1/0/weapon"/></f><f name="2" ><p name="pointer"  pointer="44/stand1/0/weapon"/></f></s>
</i>
