  <i name="3001003">
  <i name="effect">
    <i name="0">
      <i name="origin">
        <i name="x" value="51"/>
        <i name="y" value="109"/>
      </i>
      <i name="z" value="1"/>
      <i name="image" value="3001003.effect.0.png"/>
    </i>
    <i name="1">
      <i name="origin">
        <i name="x" value="51"/>
        <i name="y" value="111"/>
      </i>
      <i name="z" value="0"/>
      <i name="image" value="3001003.effect.1.png"/>
    </i>
    <i name="2">
      <i name="origin">
        <i name="x" value="51"/>
        <i name="y" value="116"/>
      </i>
      <i name="z" value="0"/>
      <i name="image" value="3001003.effect.2.png"/>
    </i>
    <i name="3">
      <i name="origin">
        <i name="x" value="51"/>
        <i name="y" value="116"/>
      </i>
      <i name="z" value="0"/>
      <i name="image" value="3001003.effect.3.png"/>
    </i>
    <i name="4">
      <i name="origin">
        <i name="x" value="51"/>
        <i name="y" value="116"/>
      </i>
      <i name="z" value="0"/>
      <i name="image" value="3001003.effect.4.png"/>
    </i>
    <i name="5">
      <i name="origin">
        <i name="x" value="52"/>
        <i name="y" value="116"/>
      </i>
      <i name="z" value="0"/>
      <i name="a0" value="255"/>
      <i name="a1" value="0"/>
      <i name="image" value="3001003.effect.5.png"/>
    </i>
  </i>
  </i>
