<i>
<s name="info"><f name="icon" ><p name="info"  image="info.icon.png"/></f><f name="iconRaw" ><p name="info"  origin_x="0" origin_y="23" image="info.iconRaw.png"/></f><f name="iconD" ><p name="info"  origin_x="0" origin_y="31" image="info.iconD.png"/></f><f name="iconRawD" ><p name="info"  origin_x="0" origin_y="31" image="info.iconRawD.png"/></f></s>
<s name="stand0"><f name="0" delay="2000" ><p name="stand0"  origin_x="27" origin_y="35" lt_x="-27" lt_y="-35" rb_x="27" rb_y="0" image="stand0.0.png"/></f><f name="1" delay="100" ><p name="stand0"  origin_x="27" origin_y="35" lt_x="-29" lt_y="-35" rb_x="25" rb_y="0" image="stand0.1.png"/></f><f name="2" delay="80" ><p name="stand0"  origin_x="27" origin_y="35" lt_x="-30" lt_y="-36" rb_x="24" rb_y="0" image="stand0.2.png"/></f></s>
<s name="stand1"><f name="0" delay="135" ><p name="stand1"  origin_x="26" origin_y="35" lt_x="-26" lt_y="-35" rb_x="27" rb_y="0" image="stand1.0.png"/></f><f name="1" delay="135" ><p name="stand1"  origin_x="27" origin_y="35" lt_x="-27" lt_y="-35" rb_x="27" rb_y="0" image="stand1.1.png"/></f><f name="2" delay="135" ><p name="stand1"  origin_x="27" origin_y="36" lt_x="-28" lt_y="-36" rb_x="27" rb_y="0" image="stand1.2.png"/></f><f name="3" delay="135" ><p name="stand1"  origin_x="27" origin_y="36" lt_x="-28" lt_y="-36" rb_x="27" rb_y="0" image="stand1.3.png"/></f><f name="4" delay="135" ><p name="stand1"  origin_x="28" origin_y="36" lt_x="-28" lt_y="-36" rb_x="27" rb_y="0" image="stand1.4.png"/></f><f name="5" delay="135" ><p name="stand1"  origin_x="27" origin_y="35" lt_x="-27" lt_y="-35" rb_x="27" rb_y="0" image="stand1.5.png"/></f></s>
<s name="hungry"><f name="0" ><p name="hungry"  origin_x="27" origin_y="28" lt_x="-27" lt_y="-28" rb_x="28" rb_y="0" image="hungry.0.png"/></f></s>
<s name="move"><f name="0" delay="120" ><p name="move"  origin_x="27" origin_y="34" lt_x="-27" lt_y="-34" rb_x="27" rb_y="0" image="move.0.png"/></f><f name="1" delay="120" ><p name="move"  origin_x="29" origin_y="34" lt_x="-29" lt_y="-34" rb_x="28" rb_y="0" image="move.1.png"/></f><f name="2" delay="120" ><p name="move"  origin_x="30" origin_y="33" lt_x="-30" lt_y="-35" rb_x="24" rb_y="0" image="move.2.png"/></f></s>
<s name="jump"><f name="0" ><p name="jump"  origin_x="27" origin_y="32" lt_x="-27" lt_y="-32" rb_x="28" rb_y="0" image="jump.0.png"/></f></s>
<s name="rest0"><f name="0" delay="100" ><p name="rest0"  origin_x="34" origin_y="28" lt_x="-27" lt_y="-28" rb_x="28" rb_y="0" image="rest0.0.png"/></f><f name="1" delay="100" ><p name="rest0"  origin_x="40" origin_y="28" lt_x="-26" lt_y="-30" rb_x="28" rb_y="0" image="rest0.1.png"/></f><f name="2" delay="100" ><p name="rest0"  origin_x="44" origin_y="28" lt_x="-24" lt_y="-31" rb_x="28" rb_y="0" image="rest0.2.png"/></f><f name="3" delay="100" ><p name="rest0"  origin_x="49" origin_y="28" lt_x="-26" lt_y="-30" rb_x="28" rb_y="0" image="rest0.3.png"/></f><f name="4" delay="100" ><p name="rest0"  origin_x="42" origin_y="28" lt_x="-26" lt_y="-28" rb_x="28" rb_y="0" image="rest0.4.png"/></f><f name="5" delay="1000" ><p name="rest0"  origin_x="27" origin_y="28" lt_x="-26" lt_y="-28" rb_x="28" rb_y="0" image="rest0.5.png"/></f></s>
<s name="chat"><f name="0" delay="300" ><p name="chat"  origin_x="27" origin_y="37" lt_x="-27" lt_y="-37" rb_x="27" rb_y="0" image="chat.0.png"/></f><f name="1" delay="300" ><p name="chat"  origin_x="25" origin_y="34" lt_x="-25" lt_y="-34" rb_x="29" rb_y="0" image="chat.1.png"/></f><f name="2" ><p name="pointer"  pointer="chat/0"/></f><f name="3" ><p name="pointer"  pointer="chat/1"/></f><f name="4" ><p name="pointer"  pointer="chat/0"/></f><f name="5" ><p name="pointer"  pointer="chat/1"/></f><f name="6" ><p name="pointer"  pointer="chat/0"/></f><f name="7" ><p name="pointer"  pointer="chat/1"/></f><f name="8" ><p name="pointer"  pointer="chat/0"/></f><f name="9" ><p name="pointer"  pointer="chat/1"/></f></s>
<s name="angry"><f name="0" delay="3000" ><p name="angry"  origin_x="26" origin_y="38" lt_x="-26" lt_y="-38" rb_x="26" rb_y="0" image="angry.0.png"/></f></s>
<s name="hang"><f name="0" ><p name="hang"  origin_x="13" origin_y="60" lt_x="-13" lt_y="-60" rb_x="15" rb_y="-11" image="hang.0.png"/></f></s>
<s name="love"><f name="0" delay="3000" ><p name="love"  origin_x="27" origin_y="35" lt_x="-27" lt_y="-35" rb_x="27" rb_y="0" image="love.0.png"/></f></s>
<s name="dung"><f name="0" delay="3000" ><p name="dung"  origin_x="26" origin_y="35" lt_x="-26" lt_y="-35" rb_x="28" rb_y="0" image="dung.0.png"/></f></s>
<s name="no"><f name="0" delay="150" ><p name="no"  origin_x="35" origin_y="36" lt_x="-27" lt_y="-36" rb_x="25" rb_y="0" image="no.0.png"/></f><f name="1" delay="150" ><p name="no"  origin_x="43" origin_y="38" lt_x="-24" lt_y="-38" rb_x="27" rb_y="0" image="no.1.png"/></f><f name="2" delay="150" ><p name="no"  origin_x="39" origin_y="37" lt_x="-26" lt_y="-37" rb_x="25" rb_y="0" image="no.2.png"/></f><f name="3" delay="150" ><p name="no"  origin_x="27" origin_y="36" lt_x="-27" lt_y="-36" rb_x="25" rb_y="0" image="no.3.png"/></f><f name="4" ><p name="pointer"  pointer="no/0"/></f><f name="5" ><p name="pointer"  pointer="no/1"/></f><f name="6" ><p name="pointer"  pointer="no/2"/></f><f name="7" ><p name="pointer"  pointer="no/3"/></f><f name="8" ><p name="pointer"  pointer="no/0"/></f><f name="9" ><p name="pointer"  pointer="no/1"/></f><f name="10" ><p name="pointer"  pointer="no/2"/></f><f name="11" ><p name="pointer"  pointer="no/3"/></f><f name="12" ><p name="pointer"  pointer="no/0"/></f><f name="13" ><p name="pointer"  pointer="no/1"/></f><f name="14" ><p name="pointer"  pointer="no/2"/></f><f name="15" ><p name="pointer"  pointer="no/3"/></f><f name="16" ><p name="pointer"  pointer="no/0"/></f><f name="17" ><p name="pointer"  pointer="no/1"/></f><f name="18" ><p name="pointer"  pointer="no/2"/></f><f name="19" ><p name="pointer"  pointer="no/3"/></f></s>
<s name="stunned"><f name="0" delay="100" ><p name="stunned"  origin_x="27" origin_y="28" lt_x="-27" lt_y="-28" rb_x="27" rb_y="0" image="stunned.0.png"/></f><f name="1" delay="100" ><p name="stunned"  origin_x="27" origin_y="28" lt_x="-27" lt_y="-28" rb_x="27" rb_y="0" image="stunned.1.png"/></f><f name="2" delay="100" ><p name="stunned"  origin_x="27" origin_y="28" lt_x="-27" lt_y="-28" rb_x="27" rb_y="0" image="stunned.2.png"/></f><f name="3" delay="100" ><p name="stunned"  origin_x="27" origin_y="28" lt_x="-27" lt_y="-28" rb_x="27" rb_y="0" image="stunned.3.png"/></f><f name="4" delay="350" ><p name="stunned"  origin_x="27" origin_y="28" lt_x="-27" lt_y="-28" rb_x="27" rb_y="0" image="stunned.4.png"/></f><f name="5" ><p name="pointer"  pointer="stunned/0"/></f><f name="6" ><p name="pointer"  pointer="stunned/1"/></f><f name="7" ><p name="pointer"  pointer="stunned/2"/></f><f name="8" ><p name="pointer"  pointer="stunned/3"/></f><f name="9" ><p name="pointer"  pointer="stunned/4"/></f><f name="10" ><p name="pointer"  pointer="stunned/0"/></f><f name="11" ><p name="pointer"  pointer="stunned/1"/></f><f name="12" ><p name="pointer"  pointer="stunned/2"/></f><f name="13" ><p name="pointer"  pointer="stunned/3"/></f><f name="14" ><p name="pointer"  pointer="stunned/4"/></f><f name="15" ><p name="pointer"  pointer="stunned/0"/></f><f name="16" ><p name="pointer"  pointer="stunned/1"/></f><f name="17" ><p name="pointer"  pointer="stunned/2"/></f><f name="18" ><p name="pointer"  pointer="stunned/3"/></f><f name="19" ><p name="pointer"  pointer="stunned/4"/></f></s>
<s name="cry"><f name="0" delay="150" ><p name="cry"  origin_x="28" origin_y="38" lt_x="-28" lt_y="-38" rb_x="26" rb_y="0" image="cry.0.png"/></f><f name="1" delay="150" ><p name="cry"  origin_x="26" origin_y="38" lt_x="-26" lt_y="-38" rb_x="28" rb_y="0" image="cry.1.png"/></f><f name="2" delay="150" ><p name="cry"  origin_x="27" origin_y="38" lt_x="-26" lt_y="-38" rb_x="28" rb_y="0" image="cry.2.png"/></f><f name="3" delay="150" ><p name="cry"  origin_x="26" origin_y="38" lt_x="-26" lt_y="-38" rb_x="28" rb_y="0" image="cry.3.png"/></f><f name="4" ><p name="pointer"  pointer="cry/0"/></f><f name="5" ><p name="pointer"  pointer="cry/1"/></f><f name="6" ><p name="pointer"  pointer="cry/2"/></f><f name="7" ><p name="pointer"  pointer="cry/3"/></f><f name="8" ><p name="pointer"  pointer="cry/0"/></f><f name="9" ><p name="pointer"  pointer="cry/1"/></f><f name="10" ><p name="pointer"  pointer="cry/2"/></f><f name="11" ><p name="pointer"  pointer="cry/3"/></f><f name="12" ><p name="pointer"  pointer="cry/0"/></f><f name="13" ><p name="pointer"  pointer="cry/1"/></f><f name="14" ><p name="pointer"  pointer="cry/2"/></f><f name="15" ><p name="pointer"  pointer="cry/3"/></f><f name="16" ><p name="pointer"  pointer="cry/0"/></f><f name="17" ><p name="pointer"  pointer="cry/1"/></f><f name="18" ><p name="pointer"  pointer="cry/2"/></f><f name="19" ><p name="pointer"  pointer="cry/3"/></f></s>
<s name="lonely"><f name="0" delay="1300" ><p name="lonely"  origin_x="27" origin_y="28" lt_x="-27" lt_y="-28" rb_x="28" rb_y="0" image="lonely.0.png"/></f><f name="1" delay="200" ><p name="lonely"  origin_x="27" origin_y="28" lt_x="-27" lt_y="-28" rb_x="28" rb_y="0" image="lonely.1.png"/></f><f name="2" ><p name="pointer"  pointer="lonely/0"/></f><f name="3" ><p name="pointer"  pointer="lonely/1"/></f></s>
<s name="hand"><f name="0" delay="3000" ><p name="hand"  origin_x="27" origin_y="31" lt_x="-27" lt_y="-31" rb_x="27" rb_y="0" image="hand.0.png"/></f></s>
<s name="smile"><f name="0" delay="3000" ><p name="smile"  origin_x="27" origin_y="37" lt_x="-27" lt_y="-37" rb_x="27" rb_y="0" image="smile.0.png"/></f></s>
<s name="eat"><f name="0" delay="150" ><p name="eat"  origin_x="26" origin_y="30" lt_x="-26" lt_y="-30" rb_x="27" rb_y="0" image="eat.0.png"/></f><f name="1" delay="150" ><p name="eat"  origin_x="29" origin_y="30" lt_x="-26" lt_y="-30" rb_x="27" rb_y="0" image="eat.1.png"/></f><f name="2" delay="150" ><p name="eat"  origin_x="26" origin_y="30" lt_x="-26" lt_y="-30" rb_x="27" rb_y="0" image="eat.2.png"/></f><f name="3" delay="150" ><p name="eat"  origin_x="26" origin_y="30" lt_x="-26" lt_y="-30" rb_x="27" rb_y="0" image="eat.3.png"/></f><f name="4" delay="150" ><p name="eat"  origin_x="26" origin_y="30" lt_x="-26" lt_y="-30" rb_x="27" rb_y="0" image="eat.4.png"/></f><f name="5" delay="150" ><p name="eat"  origin_x="26" origin_y="30" lt_x="-26" lt_y="-30" rb_x="27" rb_y="0" image="eat.5.png"/></f><f name="6" delay="150" ><p name="eat"  origin_x="26" origin_y="30" lt_x="-26" lt_y="-30" rb_x="27" rb_y="0" image="eat.6.png"/></f><f name="7" delay="150" ><p name="eat"  origin_x="26" origin_y="30" lt_x="-26" lt_y="-30" rb_x="27" rb_y="0" image="eat.7.png"/></f><f name="8" delay="150" ><p name="eat"  origin_x="26" origin_y="30" lt_x="-26" lt_y="-30" rb_x="27" rb_y="0" image="eat.8.png"/></f><f name="9" ><p name="pointer"  pointer="eat/0"/></f><f name="10" ><p name="pointer"  pointer="eat/1"/></f><f name="11" ><p name="pointer"  pointer="eat/2"/></f><f name="12" ><p name="pointer"  pointer="eat/3"/></f><f name="13" ><p name="pointer"  pointer="eat/4"/></f><f name="14" ><p name="pointer"  pointer="eat/5"/></f><f name="15" ><p name="pointer"  pointer="eat/6"/></f><f name="16" ><p name="pointer"  pointer="eat/7"/></f><f name="17" ><p name="pointer"  pointer="eat/8"/></f><f name="18" ><p name="pointer"  pointer="eat/0"/></f><f name="19" ><p name="pointer"  pointer="eat/1"/></f><f name="20" ><p name="pointer"  pointer="eat/2"/></f><f name="21" ><p name="pointer"  pointer="eat/3"/></f><f name="22" ><p name="pointer"  pointer="eat/4"/></f><f name="23" ><p name="pointer"  pointer="eat/5"/></f><f name="24" ><p name="pointer"  pointer="eat/6"/></f><f name="25" ><p name="pointer"  pointer="eat/7"/></f><f name="26" ><p name="pointer"  pointer="eat/8"/></f></s>
<s name="fly"><f name="0" delay="200" ><p name="fly"  origin_x="26" origin_y="34" lt_x="-26" lt_y="-35" rb_x="27" rb_y="0" image="fly.0.png"/></f><f name="1" delay="200" ><p name="fly"  origin_x="27" origin_y="33" lt_x="-27" lt_y="-35" rb_x="27" rb_y="0" image="fly.1.png"/></f></s>
</i>
