<i>
<s name="stand1"><f name="0" ><p name="47"  origin_x="-6" origin_y="0" hand_x="12" hand_y="7" z="weaponOverGlove" image="47.stand1.0.weapon.png"/></f><f name="1" ><p name="pointer"  pointer="47/stand1/0/weapon"/></f><f name="2" ><p name="pointer"  pointer="47/stand1/0/weapon"/></f></s>
<s name="walk1"><f name="0" ><p name="47"  origin_x="-7" origin_y="1" hand_x="13" hand_y="7" z="weaponOverGlove" image="47.walk1.0.weapon.png"/></f><f name="1" ><p name="47"  origin_x="3" origin_y="3" hand_x="4" hand_y="6" z="weaponOverGlove" image="47.walk1.1.weapon.png"/></f><f name="2" ><p name="pointer"  pointer="47/walk1/0/weapon"/></f><f name="3" ><p name="47"  origin_x="-8" origin_y="8" hand_x="16" hand_y="1" z="weaponOverGlove" image="47.walk1.3.weapon.png"/></f></s>
<s name="alert"><f name="0" ><p name="47"  origin_x="10" origin_y="7" hand_x="6" hand_y="4" z="weaponOverGlove" image="47.alert.0.weapon.png"/></f><f name="1" ><p name="47"  origin_x="10" origin_y="5" hand_x="5" hand_y="5" z="weaponOverGlove" image="47.alert.1.weapon.png"/></f><f name="2" ><p name="47"  origin_x="10" origin_y="3" hand_x="6" hand_y="5" z="weaponOverGlove" image="47.alert.2.weapon.png"/></f></s>
<s name="swingO1"><f name="0" ><p name="47"  origin_x="26" origin_y="16" navel_x="0" navel_y="0" z="weaponOverGlove" image="47.swingO1.0.weapon.png"/></f><f name="1" ><p name="47"  origin_x="23" origin_y="11" navel_x="1" navel_y="0" z="weaponOverGlove" image="47.swingO1.1.weapon.png"/></f><f name="2" ><p name="47"  origin_x="32" origin_y="39" navel_x="-1" navel_y="1" z="weaponOverGlove" image="47.swingO1.2.weapon.png"/></f></s>
<s name="swingO2"><f name="0" ><p name="47"  origin_x="33" origin_y="34" navel_x="0" navel_y="0" z="weapon" image="47.swingO2.0.weapon.png"/></f><f name="1" ><p name="47"  origin_x="42" origin_y="39" navel_x="0" navel_y="0" z="weapon" image="47.swingO2.1.weapon.png"/></f><f name="2" ><p name="47"  origin_x="30" origin_y="18" navel_x="0" navel_y="0" z="weaponOverGlove" image="47.swingO2.2.weapon.png"/></f></s>
<s name="swingO3"><f name="0" ><p name="47"  origin_x="-3" origin_y="25" navel_x="0" navel_y="0" z="weaponOverGlove" image="47.swingO3.0.weapon.png"/></f><f name="1" ><p name="47"  origin_x="35" origin_y="19" navel_x="-1" navel_y="-1" z="weaponOverGlove" image="47.swingO3.1.weapon.png"/></f><f name="2" ><p name="47"  origin_x="45" origin_y="11" navel_x="0" navel_y="0" z="weaponOverGlove" image="47.swingO3.2.weapon.png"/></f></s>
<s name="swingOF"><f name="0" ><p name="47"  origin_x="1" origin_y="24" navel_x="0" navel_y="0" z="weaponOverGlove" image="47.swingOF.0.weapon.png"/></f><f name="3" ><p name="47"  origin_x="41" origin_y="34" navel_x="-1" navel_y="0" z="weapon" image="47.swingOF.3.weapon.png"/></f></s>
<s name="stabO1"><f name="0" ><p name="47"  origin_x="4" origin_y="12" navel_x="0" navel_y="0" z="weaponOverGlove" image="47.stabO1.0.weapon.png"/></f><f name="1" ><p name="47"  origin_x="47" origin_y="24" navel_x="0" navel_y="0" z="weaponOverGlove" image="47.stabO1.1.weapon.png"/></f></s>
<s name="stabO2"><f name="0" ><p name="47"  origin_x="7" origin_y="24" navel_x="0" navel_y="0" z="weaponOverGlove" image="47.stabO2.0.weapon.png"/></f><f name="1" ><p name="47"  origin_x="44" origin_y="24" navel_x="0" navel_y="0" z="weaponOverGlove" image="47.stabO2.1.weapon.png"/></f></s>
<s name="stabOF"><f name="0" ><p name="47"  origin_x="11" origin_y="15" navel_x="0" navel_y="0" z="weaponOverGlove" image="47.stabOF.0.weapon.png"/></f><f name="1" ><p name="47"  origin_x="22" origin_y="17" navel_x="0" navel_y="0" z="weaponOverGlove" image="47.stabOF.1.weapon.png"/></f><f name="2" ><p name="47"  origin_x="47" origin_y="24" navel_x="0" navel_y="0" z="weaponOverGlove" image="47.stabOF.2.weapon.png"/></f></s>
<s name="proneStab"><f name="0" ><p name="47"  origin_x="28" origin_y="17" navel_x="0" navel_y="0" z="weaponOverGlove" image="47.proneStab.0.weapon.png"/></f><f name="1" ><p name="47"  origin_x="44" origin_y="17" navel_x="0" navel_y="0" z="weaponOverGlove" image="47.proneStab.1.weapon.png"/></f></s>
<s name="prone"><f name="0" ><p name="pointer"  pointer="47/proneStab/0/weapon"/></f></s>
<s name="heal"><f name="0" ><p name="pointer"  pointer="47/alert/1/weapon"/></f><f name="1" ><p name="pointer"  pointer="47/swingO2/1/weapon"/></f><f name="2" ><p name="pointer"  pointer="47/swingO2/0/weapon"/></f></s>
<s name="fly"><f name="0" ><p name="47"  origin_x="7" origin_y="19" navel_x="0" navel_y="0" z="weaponOverGlove" image="47.fly.0.weapon.png"/></f><f name="1" ><p name="pointer"  pointer="47/fly/0/weapon"/></f></s>
<s name="jump"><f name="0" ><p name="47"  origin_x="6" origin_y="18" navel_x="0" navel_y="0" z="weaponOverGlove" image="47.jump.0.weapon.png"/></f></s>
<s name="ladder"><f name="0" ><p name="47"  origin_x="-1" origin_y="23" navel_x="15" navel_y="7" z="backWeaponOverGlove" image="47.ladder.0.weapon.png"/></f><f name="1" ><p name="47"  origin_x="2" origin_y="30" navel_x="2" navel_y="12" z="backWeaponOverGlove" image="47.ladder.1.weapon.png"/></f></s>
<s name="rope"><f name="0" ><p name="47"  origin_x="13" origin_y="5" navel_x="-3" navel_y="21" z="backWeaponOverGlove" image="47.rope.0.weapon.png"/></f><f name="1" ><p name="47"  origin_x="13" origin_y="5" navel_x="-5" navel_y="18" z="backWeaponOverGlove" image="47.rope.1.weapon.png"/></f></s>
</i>
