  <i name="4211003">
  <i name="effect">
    <i name="0">
      <i name="origin">
        <i name="x" value="56"/>
        <i name="y" value="84"/>
      </i>
      <i name="delay" value="112"/>
      <i name="image" value="4211003.effect.0.png"/>
    </i>
    <i name="1">
      <i name="origin">
        <i name="x" value="62"/>
        <i name="y" value="96"/>
      </i>
      <i name="delay" value="112"/>
      <i name="image" value="4211003.effect.1.png"/>
    </i>
    <i name="2">
      <i name="origin">
        <i name="x" value="62"/>
        <i name="y" value="96"/>
      </i>
      <i name="delay" value="112"/>
      <i name="image" value="4211003.effect.2.png"/>
    </i>
    <i name="3">
      <i name="origin">
        <i name="x" value="61"/>
        <i name="y" value="95"/>
      </i>
      <i name="delay" value="112"/>
      <i name="image" value="4211003.effect.3.png"/>
    </i>
    <i name="4">
      <i name="origin">
        <i name="x" value="58"/>
        <i name="y" value="91"/>
      </i>
      <i name="delay" value="112"/>
      <i name="image" value="4211003.effect.4.png"/>
    </i>
    <i name="5">
      <i name="origin">
        <i name="x" value="54"/>
        <i name="y" value="86"/>
      </i>
      <i name="delay" value="112"/>
      <i name="image" value="4211003.effect.5.png"/>
    </i>
    <i name="6">
      <i name="origin">
        <i name="x" value="53"/>
        <i name="y" value="81"/>
      </i>
      <i name="delay" value="112"/>
      <i name="image" value="4211003.effect.6.png"/>
    </i>
    <i name="7">
      <i name="origin">
        <i name="x" value="39"/>
        <i name="y" value="75"/>
      </i>
      <i name="delay" value="112"/>
      <i name="image" value="4211003.effect.7.png"/>
    </i>
  </i>
  </i>
