<i name="5000025">
<i name="stand0">
<i name="0">
<i name="origin">
<i name="x" value="18"/>
<i name="y" value="57"/>
</i>
<i name="image" value="5000025.stand0.0.png"/>
</i>
<i name="1">
<i name="origin">
<i name="x" value="18"/>
<i name="y" value="57"/>
</i>
<i name="image" value="5000025.stand0.1.png"/>
</i>
<i name="2">
<i name="origin">
<i name="x" value="18"/>
<i name="y" value="57"/>
</i>
<i name="image" value="5000025.stand0.2.png"/>
</i>
</i>
<i name="stand1">
<i name="0">
<i name="origin">
<i name="x" value="18"/>
<i name="y" value="57"/>
</i>
<i name="image" value="5000025.stand1.0.png"/>
</i>
<i name="1">
<i name="origin">
<i name="x" value="18"/>
<i name="y" value="58"/>
</i>
<i name="image" value="5000025.stand1.1.png"/>
</i>
<i name="2">
<i name="pointer" value="5000025/stand1/0"/>
</i>
<i name="3">
<i name="pointer" value="5000025/stand1/1"/>
</i>
</i>
<i name="hungry">
<i name="0">
<i name="origin">
<i name="x" value="22"/>
<i name="y" value="50"/>
</i>
<i name="image" value="5000025.hungry.0.png"/>
</i>
</i>
<i name="move">
<i name="0">
<i name="origin">
<i name="x" value="18"/>
<i name="y" value="58"/>
</i>
<i name="image" value="5000025.move.0.png"/>
</i>
<i name="1">
<i name="origin">
<i name="x" value="18"/>
<i name="y" value="57"/>
</i>
<i name="image" value="5000025.move.1.png"/>
</i>
<i name="2">
<i name="origin">
<i name="x" value="18"/>
<i name="y" value="56"/>
</i>
<i name="image" value="5000025.move.2.png"/>
</i>
<i name="3">
<i name="origin">
<i name="x" value="18"/>
<i name="y" value="58"/>
</i>
<i name="image" value="5000025.move.3.png"/>
</i>
<i name="4">
<i name="pointer" value="5000025/move/1"/>
</i>
<i name="5">
<i name="pointer" value="5000025/move/2"/>
</i>
<i name="6">
<i name="pointer" value="5000025/move/3"/>
</i>
<i name="7">
<i name="origin">
<i name="x" value="17"/>
<i name="y" value="59"/>
</i>
<i name="image" value="5000025.move.7.png"/>
</i>
<i name="8">
<i name="origin">
<i name="x" value="18"/>
<i name="y" value="59"/>
</i>
<i name="image" value="5000025.move.8.png"/>
</i>
</i>
<i name="rest0">
<i name="0">
<i name="origin">
<i name="x" value="18"/>
<i name="y" value="52"/>
</i>
<i name="image" value="5000025.rest0.0.png"/>
</i>
<i name="1">
<i name="origin">
<i name="x" value="18"/>
<i name="y" value="52"/>
</i>
<i name="image" value="5000025.rest0.1.png"/>
</i>
<i name="2">
<i name="pointer" value="5000025/rest0/0"/>
</i>
<i name="3">
<i name="pointer" value="5000025/rest0/1"/>
</i>
</i>
<i name="chat">
<i name="0">
<i name="origin">
<i name="x" value="18"/>
<i name="y" value="57"/>
</i>
<i name="image" value="5000025.chat.0.png"/>
</i>
<i name="1">
<i name="origin">
<i name="x" value="18"/>
<i name="y" value="57"/>
</i>
<i name="image" value="5000025.chat.1.png"/>
</i>
<i name="2">
<i name="pointer" value="5000025/chat/0"/>
</i>
<i name="3">
<i name="pointer" value="5000025/chat/1"/>
</i>
<i name="4">
<i name="pointer" value="5000025/chat/0"/>
</i>
<i name="5">
<i name="pointer" value="5000025/chat/1"/>
</i>
<i name="6">
<i name="pointer" value="5000025/chat/0"/>
</i>
<i name="7">
<i name="pointer" value="5000025/chat/1"/>
</i>
<i name="8">
<i name="pointer" value="5000025/chat/0"/>
</i>
<i name="9">
<i name="pointer" value="5000025/chat/1"/>
</i>
<i name="10">
<i name="pointer" value="5000025/chat/0"/>
</i>
<i name="11">
<i name="pointer" value="5000025/chat/1"/>
</i>
<i name="12">
<i name="pointer" value="5000025/chat/0"/>
</i>
<i name="13">
<i name="pointer" value="5000025/chat/1"/>
</i>
<i name="14">
<i name="pointer" value="5000025/chat/0"/>
</i>
<i name="15">
<i name="pointer" value="5000025/chat/1"/>
</i>
</i>
<i name="angry">
<i name="0">
<i name="origin">
<i name="x" value="11"/>
<i name="y" value="61"/>
</i>
<i name="image" value="5000025.angry.0.png"/>
</i>
</i>
<i name="hang">
<i name="0">
<i name="origin">
<i name="x" value="-25"/>
<i name="y" value="74"/>
</i>
<i name="image" value="5000025.hang.0.png"/>
</i>
<i name="1">
<i name="origin">
<i name="x" value="-25"/>
<i name="y" value="75"/>
</i>
<i name="image" value="5000025.hang.1.png"/>
</i>
</i>
<i name="jump">
<i name="0">
<i name="origin">
<i name="x" value="13"/>
<i name="y" value="58"/>
</i>
<i name="image" value="5000025.jump.0.png"/>
</i>
</i>
<i name="good">
<i name="0">
<i name="origin">
<i name="x" value="18"/>
<i name="y" value="66"/>
</i>
<i name="image" value="5000025.good.0.png"/>
</i>
<i name="1">
<i name="origin">
<i name="x" value="22"/>
<i name="y" value="65"/>
</i>
<i name="image" value="5000025.good.1.png"/>
</i>
<i name="2">
<i name="origin">
<i name="x" value="31"/>
<i name="y" value="66"/>
</i>
<i name="image" value="5000025.good.2.png"/>
</i>
<i name="3">
<i name="origin">
<i name="x" value="36"/>
<i name="y" value="67"/>
</i>
<i name="image" value="5000025.good.3.png"/>
</i>
<i name="4">
<i name="pointer" value="5000025/good/2"/>
</i>
<i name="5">
<i name="pointer" value="5000025/good/1"/>
</i>
<i name="6">
<i name="origin">
<i name="x" value="13"/>
<i name="y" value="66"/>
</i>
<i name="image" value="5000025.good.6.png"/>
</i>
<i name="7">
<i name="origin">
<i name="x" value="16"/>
<i name="y" value="65"/>
</i>
<i name="image" value="5000025.good.7.png"/>
</i>
<i name="8">
<i name="origin">
<i name="x" value="13"/>
<i name="y" value="66"/>
</i>
<i name="image" value="5000025.good.8.png"/>
</i>
<i name="9">
<i name="origin">
<i name="x" value="12"/>
<i name="y" value="67"/>
</i>
<i name="image" value="5000025.good.9.png"/>
</i>
<i name="10">
<i name="pointer" value="5000025/good/0"/>
</i>
<i name="11">
<i name="pointer" value="5000025/good/1"/>
</i>
<i name="12">
<i name="pointer" value="5000025/good/2"/>
</i>
<i name="13">
<i name="pointer" value="5000025/good/3"/>
</i>
<i name="14">
<i name="pointer" value="5000025/good/4"/>
</i>
<i name="15">
<i name="pointer" value="5000025/good/5"/>
</i>
<i name="16">
<i name="pointer" value="5000025/good/6"/>
</i>
<i name="17">
<i name="pointer" value="5000025/good/7"/>
</i>
<i name="18">
<i name="pointer" value="5000025/good/8"/>
</i>
<i name="19">
<i name="pointer" value="5000025/good/9"/>
</i>
</i>
<i name="sleep">
<i name="0">
<i name="origin">
<i name="x" value="7"/>
<i name="y" value="51"/>
</i>
<i name="image" value="5000025.sleep.0.png"/>
</i>
<i name="1">
<i name="origin">
<i name="x" value="7"/>
<i name="y" value="51"/>
</i>
<i name="image" value="5000025.sleep.1.png"/>
</i>
<i name="2">
<i name="origin">
<i name="x" value="7"/>
<i name="y" value="51"/>
</i>
<i name="image" value="5000025.sleep.2.png"/>
</i>
<i name="3">
<i name="origin">
<i name="x" value="7"/>
<i name="y" value="51"/>
</i>
<i name="image" value="5000025.sleep.3.png"/>
</i>
<i name="4">
<i name="origin">
<i name="x" value="7"/>
<i name="y" value="51"/>
</i>
<i name="image" value="5000025.sleep.4.png"/>
</i>
<i name="5">
<i name="origin">
<i name="x" value="7"/>
<i name="y" value="50"/>
</i>
<i name="image" value="5000025.sleep.5.png"/>
</i>
<i name="6">
<i name="pointer" value="5000025/sleep/0"/>
</i>
<i name="7">
<i name="pointer" value="5000025/sleep/1"/>
</i>
<i name="8">
<i name="pointer" value="5000025/sleep/2"/>
</i>
<i name="9">
<i name="pointer" value="5000025/sleep/3"/>
</i>
<i name="10">
<i name="pointer" value="5000025/sleep/4"/>
</i>
<i name="11">
<i name="pointer" value="5000025/sleep/5"/>
</i>
</i>
<i name="stunned">
<i name="0">
<i name="origin">
<i name="x" value="19"/>
<i name="y" value="56"/>
</i>
<i name="image" value="5000025.stunned.0.png"/>
</i>
<i name="1">
<i name="origin">
<i name="x" value="19"/>
<i name="y" value="56"/>
</i>
<i name="image" value="5000025.stunned.1.png"/>
</i>
<i name="2">
<i name="pointer" value="5000025/stunned/0"/>
</i>
<i name="3">
<i name="pointer" value="5000025/stunned/1"/>
</i>
<i name="4">
<i name="pointer" value="5000025/stunned/0"/>
</i>
<i name="5">
<i name="pointer" value="5000025/stunned/1"/>
</i>
</i>
<i name="dung">
<i name="0">
<i name="origin">
<i name="x" value="23"/>
<i name="y" value="53"/>
</i>
<i name="image" value="5000025.dung.0.png"/>
</i>
</i>
<i name="charge">
<i name="0">
<i name="origin">
<i name="x" value="18"/>
<i name="y" value="57"/>
</i>
<i name="image" value="5000025.charge.0.png"/>
</i>
<i name="1">
<i name="origin">
<i name="x" value="18"/>
<i name="y" value="57"/>
</i>
<i name="image" value="5000025.charge.1.png"/>
</i>
<i name="2">
<i name="pointer" value="5000025/charge/0"/>
</i>
<i name="3">
<i name="pointer" value="5000025/charge/1"/>
</i>
<i name="4">
<i name="pointer" value="5000025/charge/0"/>
</i>
<i name="5">
<i name="pointer" value="5000025/charge/1"/>
</i>
</i>
<i name="cry">
<i name="0">
<i name="origin">
<i name="x" value="22"/>
<i name="y" value="49"/>
</i>
<i name="image" value="5000025.cry.0.png"/>
</i>
<i name="1">
<i name="origin">
<i name="x" value="22"/>
<i name="y" value="49"/>
</i>
<i name="image" value="5000025.cry.1.png"/>
</i>
<i name="2">
<i name="origin">
<i name="x" value="22"/>
<i name="y" value="49"/>
</i>
<i name="image" value="5000025.cry.2.png"/>
</i>
<i name="3">
<i name="origin">
<i name="x" value="22"/>
<i name="y" value="49"/>
</i>
<i name="image" value="5000025.cry.3.png"/>
</i>
<i name="4">
<i name="origin">
<i name="x" value="22"/>
<i name="y" value="50"/>
</i>
<i name="image" value="5000025.cry.4.png"/>
</i>
<i name="5">
<i name="origin">
<i name="x" value="22"/>
<i name="y" value="50"/>
</i>
<i name="image" value="5000025.cry.5.png"/>
</i>
</i>
<i name="love">
<i name="0">
<i name="origin">
<i name="x" value="19"/>
<i name="y" value="56"/>
</i>
<i name="image" value="5000025.love.0.png"/>
</i>
<i name="1">
<i name="origin">
<i name="x" value="18"/>
<i name="y" value="57"/>
</i>
<i name="image" value="5000025.love.1.png"/>
</i>
<i name="2">
<i name="pointer" value="5000025/love/0"/>
</i>
<i name="3">
<i name="pointer" value="5000025/love/1"/>
</i>
<i name="4">
<i name="pointer" value="5000025/love/0"/>
</i>
<i name="5">
<i name="pointer" value="5000025/love/1"/>
</i>
<i name="6">
<i name="pointer" value="5000025/love/0"/>
</i>
<i name="7">
<i name="pointer" value="5000025/love/1"/>
</i>
<i name="8">
<i name="pointer" value="5000025/love/0"/>
</i>
<i name="9">
<i name="pointer" value="5000025/love/1"/>
</i>
</i>
<i name="love2">
<i name="0">
<i name="origin">
<i name="x" value="19"/>
<i name="y" value="50"/>
</i>
<i name="image" value="5000025.love2.0.png"/>
</i>
<i name="1">
<i name="origin">
<i name="x" value="19"/>
<i name="y" value="50"/>
</i>
<i name="image" value="5000025.love2.1.png"/>
</i>
<i name="2">
<i name="origin">
<i name="x" value="19"/>
<i name="y" value="50"/>
</i>
<i name="image" value="5000025.love2.2.png"/>
</i>
<i name="3">
<i name="pointer" value="5000025/love2/1"/>
</i>
<i name="4">
<i name="pointer" value="5000025/love2/0"/>
</i>
<i name="5">
<i name="pointer" value="5000025/love2/1"/>
</i>
<i name="6">
<i name="pointer" value="5000025/love2/2"/>
</i>
<i name="7">
<i name="pointer" value="5000025/love2/3"/>
</i>
</i>
<i name="hug">
<i name="0">
<i name="origin">
<i name="x" value="16"/>
<i name="y" value="57"/>
</i>
<i name="image" value="5000025.hug.0.png"/>
</i>
</i>
<i name="ignore">
<i name="0">
<i name="origin">
<i name="x" value="13"/>
<i name="y" value="45"/>
</i>
<i name="image" value="5000025.ignore.0.png"/>
</i>
</i>
<i name="fly">
<i name="0">
<i name="origin">
<i name="x" value="18"/>
<i name="y" value="57"/>
</i>
<i name="image" value="5000025.fly.0.png"/>
</i>
<i name="1">
<i name="origin">
<i name="x" value="17"/>
<i name="y" value="56"/>
</i>
<i name="image" value="5000025.fly.1.png"/>
</i>
<i name="2">
<i name="pointer" value="5000025/fly/0"/>
</i>
<i name="3">
<i name="pointer" value="5000025/fly/1"/>
</i>
<i name="4">
<i name="pointer" value="5000025/fly/0"/>
</i>
<i name="5">
<i name="pointer" value="5000025/fly/1"/>
</i>
</i>
</i>