<i>
<s name="info"><f name="icon" ><p name="info"  image="info.icon.png"/></f><f name="iconRaw" ><p name="info"  origin_x="-1" origin_y="31" image="info.iconRaw.png"/></f><p name="reqJob" v="0"/></s>
<s name="walk2"><f name="0" ><p name="46"  origin_x="5" origin_y="5" navel_x="4" navel_y="11" z="weaponOverArm" image="46.walk2.0.weapon.png"/></f><f name="1" ><p name="46"  origin_x="13" origin_y="5" navel_x="-3" navel_y="10" z="weaponOverArm" image="46.walk2.1.weapon.png"/></f><f name="2" ><p name="pointer"  pointer="46/walk2/0/weapon"/></f><f name="3" ><p name="46"  origin_x="11" origin_y="5" navel_x="-3" navel_y="12" z="weaponOverArm" image="46.walk2.3.weapon.png"/></f></s>
<s name="stand2"><f name="0" ><p name="46"  origin_x="10" origin_y="5" navel_x="-1" navel_y="10" z="weaponOverArm" image="46.stand2.0.weapon.png"/></f><f name="1" ><p name="46"  origin_x="10" origin_y="5" navel_x="-1" navel_y="11" z="weaponOverArm" image="46.stand2.1.weapon.png"/></f><f name="2" ><p name="46"  origin_x="10" origin_y="5" navel_x="-1" navel_y="10" z="weaponOverArm" image="46.stand2.2.weapon.png"/></f></s>
<s name="alert"><f name="0" ><p name="46"  origin_x="12" origin_y="5" navel_x="11" navel_y="4" z="weaponBelowArm" image="46.alert.0.weapon.png"/></f><f name="1" ><p name="46"  origin_x="12" origin_y="5" navel_x="11" navel_y="2" z="weaponBelowArm" image="46.alert.1.weapon.png"/></f><f name="2" ><p name="46"  origin_x="12" origin_y="5" navel_x="11" navel_y="0" z="weaponBelowArm" image="46.alert.2.weapon.png"/></f></s>
<s name="swingT1"><f name="0" ><p name="46"  origin_x="11" origin_y="5" navel_x="-14" navel_y="27" z="weaponBelowArm" image="46.swingT1.0.weapon.png"/></f><f name="1" ><p name="46"  origin_x="11" origin_y="5" navel_x="10" navel_y="33" z="weaponBelowArm" image="46.swingT1.1.weapon.png"/></f><f name="2" ><p name="46"  origin_x="11" origin_y="5" navel_x="24" navel_y="-10" z="weapon" image="46.swingT1.2.weapon.png"/></f></s>
<s name="stabT1"><f name="0" ><p name="46"  origin_x="12" origin_y="5" navel_x="-1" navel_y="0" z="weapon" image="46.stabT1.0.weapon.png"/></f><f name="1" ><p name="46"  origin_x="12" origin_y="5" navel_x="2" navel_y="-1" z="weapon" image="46.stabT1.1.weapon.png"/></f><f name="2" ><p name="46"  origin_x="12" origin_y="5" navel_x="22" navel_y="4" z="weapon" image="46.stabT1.2.weapon.png"/></f></s>
<s name="shoot2"><f name="0" ><p name="46"  origin_x="13" origin_y="5" navel_x="16" navel_y="25" z="weaponBelowArm" image="46.shoot2.0.weapon.png"/></f><f name="1" ><p name="pointer"  pointer="46/shoot2/0/weapon"/></f><f name="2" ><p name="pointer"  pointer="46/shoot2/0/weapon"/></f><f name="3" ><p name="pointer"  pointer="46/shoot2/0/weapon"/></f><f name="4" ><p name="46"  origin_x="13" origin_y="5" navel_x="14" navel_y="24" z="weaponBelowArm" image="46.shoot2.4.weapon.png"/></f></s>
<s name="proneStab"><f name="0" ><p name="46"  origin_x="5" origin_y="3" navel_x="26" navel_y="4" z="weaponBelowArm" image="46.proneStab.0.weapon.png"/></f><f name="1" ><p name="46"  origin_x="5" origin_y="3" navel_x="41" navel_y="4" z="weaponBelowArm" image="46.proneStab.1.weapon.png"/></f></s>
<s name="prone"><f name="0" ><p name="pointer"  pointer="46/proneStab/0/weapon"/></f></s>
<s name="fly"><f name="0" ><p name="46"  origin_x="13" origin_y="5" navel_x="-1" navel_y="15" z="weaponOverArm" image="46.fly.0.weapon.png"/></f><f name="1" ><p name="pointer"  pointer="46/fly/0/weapon"/></f></s>
<s name="jump"><f name="0" ><p name="46"  origin_x="17" origin_y="6" navel_x="-6" navel_y="13" z="weaponOverArm" image="46.jump.0.weapon.png"/></f></s>
</i>
