  <i name="1211004">
  <i name="effect">
    <i name="0">
      <i name="origin">
        <i name="x" value="10"/>
        <i name="y" value="5"/>
      </i>
      <i name="delay" value="60"/>
      <i name="image" value="1211004.effect.0.png"/>
    </i>
    <i name="1">
      <i name="origin">
        <i name="x" value="23"/>
        <i name="y" value="5"/>
      </i>
      <i name="delay" value="60"/>
      <i name="image" value="1211004.effect.1.png"/>
    </i>
    <i name="2">
      <i name="origin">
        <i name="x" value="33"/>
        <i name="y" value="5"/>
      </i>
      <i name="delay" value="60"/>
      <i name="image" value="1211004.effect.2.png"/>
    </i>
    <i name="3">
      <i name="origin">
        <i name="x" value="47"/>
        <i name="y" value="5"/>
      </i>
      <i name="delay" value="60"/>
      <i name="image" value="1211004.effect.3.png"/>
    </i>
    <i name="4">
      <i name="origin">
        <i name="x" value="50"/>
        <i name="y" value="8"/>
      </i>
      <i name="delay" value="60"/>
      <i name="image" value="1211004.effect.4.png"/>
    </i>
    <i name="5">
      <i name="origin">
        <i name="x" value="56"/>
        <i name="y" value="103"/>
      </i>
      <i name="delay" value="60"/>
      <i name="image" value="1211004.effect.5.png"/>
    </i>
    <i name="6">
      <i name="origin">
        <i name="x" value="55"/>
        <i name="y" value="120"/>
      </i>
      <i name="delay" value="60"/>
      <i name="image" value="1211004.effect.6.png"/>
    </i>
    <i name="7">
      <i name="origin">
        <i name="x" value="58"/>
        <i name="y" value="125"/>
      </i>
      <i name="delay" value="60"/>
      <i name="image" value="1211004.effect.7.png"/>
    </i>
    <i name="8">
      <i name="origin">
        <i name="x" value="52"/>
        <i name="y" value="125"/>
      </i>
      <i name="delay" value="60"/>
      <i name="image" value="1211004.effect.8.png"/>
    </i>
    <i name="9">
      <i name="origin">
        <i name="x" value="55"/>
        <i name="y" value="130"/>
      </i>
      <i name="delay" value="60"/>
      <i name="image" value="1211004.effect.9.png"/>
    </i>
    <i name="10">
      <i name="origin">
        <i name="x" value="58"/>
        <i name="y" value="126"/>
      </i>
      <i name="delay" value="60"/>
      <i name="image" value="1211004.effect.10.png"/>
    </i>
    <i name="11">
      <i name="origin">
        <i name="x" value="51"/>
        <i name="y" value="128"/>
      </i>
      <i name="delay" value="60"/>
      <i name="image" value="1211004.effect.11.png"/>
    </i>
    <i name="12">
      <i name="origin">
        <i name="x" value="51"/>
        <i name="y" value="139"/>
      </i>
      <i name="delay" value="60"/>
      <i name="image" value="1211004.effect.12.png"/>
    </i>
    <i name="13">
      <i name="origin">
        <i name="x" value="32"/>
        <i name="y" value="144"/>
      </i>
      <i name="delay" value="60"/>
      <i name="image" value="1211004.effect.13.png"/>
    </i>
    <i name="14">
      <i name="origin">
        <i name="x" value="26"/>
        <i name="y" value="65"/>
      </i>
      <i name="delay" value="60"/>
      <i name="image" value="1211004.effect.14.png"/>
    </i>
  </i>
  </i>
