<i>
<s name="stand0"><f name="0" delay="120" ><p name="stand0"  origin_x="20" origin_y="37" lt_x="-20" lt_y="-37" rb_x="21" rb_y="0" image="stand0.0.png"/></f><f name="1" delay="60" ><p name="stand0"  origin_x="20" origin_y="37" lt_x="-20" lt_y="-37" rb_x="24" rb_y="0" image="stand0.1.png"/></f><f name="2" delay="120" ><p name="stand0"  origin_x="20" origin_y="37" lt_x="-20" lt_y="-37" rb_x="26" rb_y="0" image="stand0.2.png"/></f></s>
<s name="stand1"><f name="0" delay="120" ><p name="stand1"  origin_x="20" origin_y="37" lt_x="-20" lt_y="-37" rb_x="21" rb_y="0" image="stand1.0.png"/></f><f name="1" delay="60" ><p name="stand1"  origin_x="20" origin_y="36" lt_x="-20" lt_y="-36" rb_x="24" rb_y="0" image="stand1.1.png"/></f><f name="2" delay="120" ><p name="stand1"  origin_x="20" origin_y="35" lt_x="-20" lt_y="-35" rb_x="26" rb_y="0" image="stand1.2.png"/></f></s>
<s name="hungry"><f name="0" delay="1200" ><p name="hungry"  origin_x="19" origin_y="33" lt_x="-20" lt_y="-33" rb_x="24" rb_y="0" image="hungry.0.png"/></f></s>
<s name="move"><f name="0" delay="120" ><p name="move"  origin_x="20" origin_y="40" lt_x="-20" lt_y="-40" rb_x="27" rb_y="0" image="move.0.png"/></f><f name="1" delay="100" ><p name="move"  origin_x="20" origin_y="39" lt_x="-20" lt_y="-39" rb_x="25" rb_y="0" image="move.1.png"/></f><f name="2" delay="120" ><p name="move"  origin_x="20" origin_y="38" lt_x="-20" lt_y="-38" rb_x="24" rb_y="0" image="move.2.png"/></f></s>
<s name="jump"><f name="0" ><p name="jump"  origin_x="20" origin_y="39" lt_x="-20" lt_y="-39" rb_x="25" rb_y="0" image="jump.0.png"/></f></s>
<s name="rest0"><f name="0" ><p name="rest0"  origin_x="19" origin_y="37" lt_x="-20" lt_y="-37" rb_x="24" rb_y="0" image="rest0.0.png"/></f><f name="1" ><p name="rest0"  origin_x="19" origin_y="37" lt_x="-20" lt_y="-37" rb_x="22" rb_y="0" image="rest0.1.png"/></f><f name="2" ><p name="rest0"  origin_x="19" origin_y="37" lt_x="-20" lt_y="-37" rb_x="20" rb_y="0" image="rest0.2.png"/></f></s>
<s name="chat"><f name="0" delay="300" ><p name="chat"  origin_x="20" origin_y="37" lt_x="-20" lt_y="-37" rb_x="24" rb_y="0" image="chat.0.png"/></f><f name="1" delay="200" ><p name="chat"  origin_x="20" origin_y="37" lt_x="-20" lt_y="-37" rb_x="24" rb_y="0" image="chat.1.png"/></f><f name="2" ><p name="pointer"  pointer="chat/0"/></f><f name="3" ><p name="pointer"  pointer="chat/1"/></f><f name="4" ><p name="pointer"  pointer="chat/0"/></f><f name="5" ><p name="pointer"  pointer="chat/1"/></f><f name="6" ><p name="pointer"  pointer="chat/0"/></f><f name="7" ><p name="pointer"  pointer="chat/1"/></f><f name="8" ><p name="pointer"  pointer="chat/0"/></f><f name="9" ><p name="pointer"  pointer="chat/1"/></f><f name="10" ><p name="pointer"  pointer="chat/0"/></f><f name="11" ><p name="pointer"  pointer="chat/1"/></f><f name="12" ><p name="pointer"  pointer="chat/0"/></f><f name="13" ><p name="pointer"  pointer="chat/1"/></f><f name="14" ><p name="pointer"  pointer="chat/0"/></f><f name="15" ><p name="pointer"  pointer="chat/1"/></f></s>
<s name="angry"><f name="0" delay="3000" ><p name="angry"  origin_x="18" origin_y="30" lt_x="-18" lt_y="-30" rb_x="29" rb_y="0" image="angry.0.png"/></f></s>
<s name="hang"><f name="0" ><p name="hang"  origin_x="13" origin_y="60" lt_x="-13" lt_y="-60" rb_x="15" rb_y="-11" image="hang.0.png"/></f></s>
<s name="rise"><f name="0" delay="1000" ><p name="rise"  origin_x="9" origin_y="45" lt_x="-9" lt_y="-45" rb_x="26" rb_y="0" image="rise.0.png"/></f><f name="1" delay="100" ><p name="rise"  origin_x="8" origin_y="45" lt_x="-9" lt_y="-45" rb_x="29" rb_y="0" image="rise.1.png"/></f><f name="2" ><p name="pointer"  pointer="rise/0"/></f><f name="3" ><p name="pointer"  pointer="rise/1"/></f><f name="4" ><p name="pointer"  pointer="rise/0"/></f></s>
<s name="prone"><f name="0" delay="900" ><p name="prone"  origin_x="20" origin_y="36" lt_x="-20" lt_y="-34" rb_x="27" rb_y="0" image="prone.0.png"/></f><f name="1" delay="200" ><p name="prone"  origin_x="20" origin_y="35" lt_x="-20" lt_y="-35" rb_x="27" rb_y="0" image="prone.1.png"/></f><f name="2" ><p name="pointer"  pointer="prone/0"/></f><f name="3" ><p name="pointer"  pointer="prone/1"/></f><f name="4" ><p name="pointer"  pointer="prone/0"/></f><f name="5" ><p name="pointer"  pointer="prone/1"/></f><f name="6" ><p name="pointer"  pointer="prone/2"/></f><f name="7" ><p name="pointer"  pointer="prone/1"/></f></s>
<s name="cry"><f name="0" delay="200" ><p name="cry"  origin_x="19" origin_y="37" lt_x="-20" lt_y="-37" rb_x="24" rb_y="0" image="cry.0.png"/></f><f name="1" delay="200" ><p name="cry"  origin_x="19" origin_y="37" lt_x="-20" lt_y="-37" rb_x="24" rb_y="0" image="cry.1.png"/></f><f name="2" ><p name="pointer"  pointer="cry/0"/></f><f name="3" ><p name="pointer"  pointer="cry/1"/></f><f name="4" ><p name="pointer"  pointer="cry/0"/></f><f name="5" ><p name="pointer"  pointer="cry/1"/></f><f name="6" ><p name="pointer"  pointer="cry/0"/></f><f name="7" ><p name="pointer"  pointer="cry/1"/></f><f name="8" ><p name="pointer"  pointer="cry/0"/></f><f name="9" ><p name="pointer"  pointer="cry/1"/></f><f name="10" ><p name="pointer"  pointer="cry/0"/></f><f name="11" ><p name="pointer"  pointer="cry/1"/></f><f name="12" ><p name="pointer"  pointer="cry/0"/></f><f name="13" ><p name="pointer"  pointer="cry/1"/></f></s>
<s name="nap"><f name="0" delay="1500" ><p name="nap"  origin_x="24" origin_y="23" lt_x="-24" lt_y="-23" rb_x="27" rb_y="2" image="nap.0.png"/></f><f name="1" delay="600" ><p name="nap"  origin_x="29" origin_y="23" lt_x="-24" lt_y="-23" rb_x="27" rb_y="2" image="nap.1.png"/></f><f name="2" ><p name="pointer"  pointer="nap/0"/></f><f name="3" ><p name="pointer"  pointer="nap/1"/></f></s>
<s name="dung"><f name="0" delay="3000" ><p name="dung"  origin_x="20" origin_y="37" lt_x="-20" lt_y="-37" rb_x="22" rb_y="0" image="dung.0.png"/></f></s>
<s name="tedious"><f name="0" delay="600" ><p name="tedious"  origin_x="19" origin_y="36" lt_x="-20" lt_y="-37" rb_x="24" rb_y="0" image="tedious.0.png"/></f><f name="1" delay="240" ><p name="tedious"  origin_x="19" origin_y="34" lt_x="-20" lt_y="-34" rb_x="23" rb_y="0" image="tedious.1.png"/></f><f name="2" delay="360" ><p name="tedious"  origin_x="19" origin_y="34" lt_x="-20" lt_y="-34" rb_x="24" rb_y="0" image="tedious.2.png"/></f><f name="3" ><p name="pointer"  pointer="tedious/1"/></f><f name="4" ><p name="pointer"  pointer="tedious/2"/></f><f name="5" ><p name="pointer"  pointer="tedious/1"/></f><f name="6" ><p name="pointer"  pointer="tedious/2"/></f><f name="7" ><p name="pointer"  pointer="tedious/0"/></f></s>
<s name="hand"><f name="0" delay="3000" ><p name="hand"  origin_x="21" origin_y="37" lt_x="-20" lt_y="-37" rb_x="21" rb_y="0" image="hand.0.png"/></f></s>
<s name="eat"><f name="0" delay="2000" ><p name="eat"  origin_x="20" origin_y="37" lt_x="-20" lt_y="-37" rb_x="24" rb_y="0" image="eat.0.png"/></f></s>
<s name="fly"><f name="0" delay="200" ><p name="fly"  origin_x="20" origin_y="37" lt_x="-20" lt_y="-37" rb_x="21" rb_y="0" image="fly.0.png"/></f><f name="1" delay="200" ><p name="fly"  origin_x="20" origin_y="38" lt_x="-20" lt_y="-36" rb_x="24" rb_y="0" image="fly.1.png"/></f></s>
</i>
