  <i name="4111004">
  <i name="effect">
    <i name="0">
      <i name="origin">
        <i name="x" value="87"/>
        <i name="y" value="101"/>
      </i>
      <i name="image" value="4111004.effect.0.png"/>
    </i>
    <i name="1">
      <i name="origin">
        <i name="x" value="55"/>
        <i name="y" value="69"/>
      </i>
      <i name="image" value="4111004.effect.1.png"/>
    </i>
    <i name="2">
      <i name="origin">
        <i name="x" value="37"/>
        <i name="y" value="50"/>
      </i>
      <i name="image" value="4111004.effect.2.png"/>
    </i>
    <i name="3">
      <i name="origin">
        <i name="x" value="30"/>
        <i name="y" value="44"/>
      </i>
      <i name="image" value="4111004.effect.3.png"/>
    </i>
    <i name="4">
      <i name="origin">
        <i name="x" value="39"/>
        <i name="y" value="67"/>
      </i>
      <i name="image" value="4111004.effect.4.png"/>
    </i>
    <i name="5">
      <i name="origin">
        <i name="x" value="56"/>
        <i name="y" value="56"/>
      </i>
      <i name="image" value="4111004.effect.5.png"/>
    </i>
  </i>
  <i name="ball">
    <i name="0">
      <i name="origin">
        <i name="x" value="17"/>
        <i name="y" value="16"/>
      </i>
      <i name="delay" value="100"/>
      <i name="image" value="4111004.ball.0.png"/>
    </i>
    <i name="1">
      <i name="origin">
        <i name="x" value="17"/>
        <i name="y" value="15"/>
      </i>
      <i name="delay" value="100"/>
      <i name="image" value="4111004.ball.1.png"/>
    </i>
    <i name="2">
      <i name="origin">
        <i name="x" value="17"/>
        <i name="y" value="7"/>
      </i>
      <i name="delay" value="100"/>
      <i name="image" value="4111004.ball.2.png"/>
    </i>
    <i name="3">
      <i name="origin">
        <i name="x" value="17"/>
        <i name="y" value="15"/>
      </i>
      <i name="delay" value="100"/>
      <i name="image" value="4111004.ball.3.png"/>
    </i>
  </i>
  <i name="ball0">
    <i name="0">
      <i name="origin">
        <i name="x" value="17"/>
        <i name="y" value="16"/>
      </i>
      <i name="delay" value="100"/>
      <i name="image" value="4111004.ball0.0.png"/>
    </i>
    <i name="1">
      <i name="origin">
        <i name="x" value="17"/>
        <i name="y" value="15"/>
      </i>
      <i name="delay" value="100"/>
      <i name="image" value="4111004.ball0.1.png"/>
    </i>
    <i name="2">
      <i name="origin">
        <i name="x" value="17"/>
        <i name="y" value="7"/>
      </i>
      <i name="delay" value="100"/>
      <i name="image" value="4111004.ball0.2.png"/>
    </i>
    <i name="3">
      <i name="origin">
        <i name="x" value="17"/>
        <i name="y" value="15"/>
      </i>
      <i name="delay" value="100"/>
      <i name="image" value="4111004.ball0.3.png"/>
    </i>
  </i>
  <i name="ball1">
    <i name="0">
      <i name="origin">
        <i name="x" value="20"/>
        <i name="y" value="18"/>
      </i>
      <i name="delay" value="100"/>
      <i name="image" value="4111004.ball1.0.png"/>
    </i>
    <i name="1">
      <i name="origin">
        <i name="x" value="20"/>
        <i name="y" value="15"/>
      </i>
      <i name="delay" value="100"/>
      <i name="image" value="4111004.ball1.1.png"/>
    </i>
    <i name="2">
      <i name="origin">
        <i name="x" value="20"/>
        <i name="y" value="17"/>
      </i>
      <i name="delay" value="100"/>
      <i name="image" value="4111004.ball1.2.png"/>
    </i>
    <i name="3">
      <i name="origin">
        <i name="x" value="20"/>
        <i name="y" value="17"/>
      </i>
      <i name="delay" value="100"/>
      <i name="image" value="4111004.ball1.3.png"/>
    </i>
  </i>
  <i name="hit">
    <i name="0">
      <i name="0">
        <i name="origin">
          <i name="x" value="29"/>
          <i name="y" value="32"/>
        </i>
        <i name="delay" value="120"/>
        <i name="image" value="4111004.hit.0.0.png"/>
      </i>
      <i name="1">
        <i name="origin">
          <i name="x" value="45"/>
          <i name="y" value="48"/>
        </i>
        <i name="delay" value="120"/>
        <i name="image" value="4111004.hit.0.1.png"/>
      </i>
      <i name="2">
        <i name="origin">
          <i name="x" value="50"/>
          <i name="y" value="53"/>
        </i>
        <i name="delay" value="120"/>
        <i name="image" value="4111004.hit.0.2.png"/>
      </i>
    </i>
    <i name="1">
      <i name="0">
        <i name="origin">
          <i name="x" value="33"/>
          <i name="y" value="33"/>
        </i>
        <i name="delay" value="120"/>
        <i name="image" value="4111004.hit.1.0.png"/>
      </i>
      <i name="1">
        <i name="origin">
          <i name="x" value="52"/>
          <i name="y" value="52"/>
        </i>
        <i name="delay" value="120"/>
        <i name="image" value="4111004.hit.1.1.png"/>
      </i>
      <i name="2">
        <i name="origin">
          <i name="x" value="50"/>
          <i name="y" value="48"/>
        </i>
        <i name="delay" value="120"/>
        <i name="image" value="4111004.hit.1.2.png"/>
      </i>
    </i>
    <i name="2">
      <i name="0">
        <i name="origin">
          <i name="x" value="48"/>
          <i name="y" value="49"/>
        </i>
        <i name="delay" value="120"/>
        <i name="image" value="4111004.hit.2.0.png"/>
      </i>
      <i name="1">
        <i name="origin">
          <i name="x" value="63"/>
          <i name="y" value="65"/>
        </i>
        <i name="delay" value="120"/>
        <i name="image" value="4111004.hit.2.1.png"/>
      </i>
      <i name="2">
        <i name="origin">
          <i name="x" value="59"/>
          <i name="y" value="61"/>
        </i>
        <i name="delay" value="120"/>
        <i name="image" value="4111004.hit.2.2.png"/>
      </i>
    </i>
  </i>
  </i>
