<i>
  <s name="walk1">
    <f name="0">
      <p name="40"  origin_x="51" origin_y="68" hand_x="9" hand_y="-29" z="weapon" image="40.walk1.0.weapon.png"/>
    </f>
    <f name="1">
      <p name="40"  origin_x="55" origin_y="70" hand_x="10" hand_y="-19" z="weapon" image="40.walk1.1.weapon.png"/>
    </f>
    <f name="2">
      <p name="pointer"  pointer="40/walk1/0/weapon"/>
    </f>
    <f name="3">
      <p name="40"  origin_x="50" origin_y="62" hand_x="11" hand_y="-35" z="weapon" image="40.walk1.3.weapon.png"/>
    </f>
  </s>
  <s name="stand2">
    <f name="0">
      <p name="40"  origin_x="54" origin_y="63" navel_x="-22" navel_y="-15" z="weaponOverArm" image="40.stand2.0.weapon.png"/>
    </f>
    <f name="1">
      <p name="40"  origin_x="54" origin_y="63" navel_x="-22" navel_y="-14" z="weaponOverArm" image="40.stand2.1.weapon.png"/>
    </f>
    <f name="2">
      <p name="40"  origin_x="54" origin_y="63" navel_x="-22" navel_y="-15" z="weaponOverArm" image="40.stand2.2.weapon.png"/>
    </f>
  </s>
  <s name="alert">
    <f name="0">
      <p name="40"  origin_x="54" origin_y="63" navel_x="28" navel_y="-13" z="weaponOverArm" image="40.alert.0.weapon.png"/>
    </f>
    <f name="1">
      <p name="40"  origin_x="54" origin_y="63" navel_x="28" navel_y="-15" z="weaponOverArm" image="40.alert.1.weapon.png"/>
    </f>
    <f name="2">
      <p name="40"  origin_x="54" origin_y="63" navel_x="28" navel_y="-17" z="weaponOverArm" image="40.alert.2.weapon.png"/>
    </f>
  </s>
  <s name="swingT1">
    <f name="0">
      <p name="40"  origin_x="54" origin_y="31" navel_x="-28" navel_y="34" z="weaponBelowArm" image="40.swingT1.0.weapon.png"/>
    </f>
    <f name="1">
      <p name="40"  origin_x="69" origin_y="57" navel_x="22" navel_y="49" z="weaponBelowArm" image="40.swingT1.1.weapon.png"/>
    </f>
    <f name="2">
      <p name="40"  origin_x="78" origin_y="72" navel_x="0" navel_y="-14" z="weaponBelowBody" image="40.swingT1.2.weapon.png"/>
    </f>
  </s>
  <s name="swingT2">
    <f name="0">
      <p name="40"  origin_x="50" origin_y="41" navel_x="-17" navel_y="30" z="weaponBelowBody" image="40.swingT2.0.weapon.png"/>
    </f>
    <f name="1">
      <p name="40"  origin_x="67" origin_y="56" navel_x="-10" navel_y="32" z="weaponBelowBody" image="40.swingT2.1.weapon.png"/>
    </f>
    <f name="2">
      <p name="40"  origin_x="67" origin_y="78" navel_x="20" navel_y="12" z="weaponOverBody" image="40.swingT2.2.weapon.png"/>
    </f>
  </s>
  <s name="swingT3">
    <f name="0">
      <p name="40"  origin_x="54" origin_y="32" navel_x="-19" navel_y="6" z="weaponOverBody" image="40.swingT3.0.weapon.png"/>
    </f>
    <f name="1">
      <p name="40"  origin_x="56" origin_y="46" navel_x="-19" navel_y="9" z="weaponOverBody" image="40.swingT3.1.weapon.png"/>
    </f>
    <f name="2">
      <p name="40"  origin_x="80" origin_y="77" navel_x="18" navel_y="12" z="weaponBelowBody" image="40.swingT3.2.weapon.png"/>
    </f>
  </s>
  <s name="swingTF">
    <f name="0">
      <p name="40"  origin_x="17" origin_y="56" navel_x="-4" navel_y="40" z="backWeapon" image="40.swingTF.0.weapon.png"/>
    </f>
    <f name="1">
      <p name="40"  origin_x="46" origin_y="53" navel_x="1" navel_y="40" z="weaponBelowBody" image="40.swingTF.1.weapon.png"/>
    </f>
    <f name="2">
      <p name="40"  origin_x="78" origin_y="56" navel_x="15" navel_y="56" z="weaponBelowArm" image="40.swingTF.2.weapon.png"/>
    </f>
    <f name="3">
      <p name="40"  origin_x="77" origin_y="56" navel_x="6" navel_y="-30" z="weaponBelowBody" image="40.swingTF.3.weapon.png"/>
    </f>
  </s>
  <s name="stabO1">
    <f name="0">
      <p name="40"  origin_x="56" origin_y="68" navel_x="-4" navel_y="-33" z="weapon" image="40.stabO1.0.weapon.png"/>
    </f>
    <f name="1">
      <p name="40"  origin_x="56" origin_y="68" navel_x="35" navel_y="-24" z="weapon" image="40.stabO1.1.weapon.png"/>
    </f>
  </s>
  <s name="stabO2">
    <f name="0">
      <p name="40"  origin_x="56" origin_y="39" navel_x="-2" navel_y="-6" z="weaponBelowArm" image="40.stabO2.0.weapon.png"/>
    </f>
    <f name="1">
      <p name="40"  origin_x="56" origin_y="68" navel_x="34" navel_y="-23" z="weaponBelowArm" image="40.stabO2.1.weapon.png"/>
    </f>
  </s>
  <s name="stabOF">
    <f name="0">
      <p name="40"  origin_x="56" origin_y="17" navel_x="4" navel_y="0" z="weaponBelowArm" image="40.stabOF.0.weapon.png"/>
    </f>
    <f name="1">
      <p name="40"  origin_x="56" origin_y="30" navel_x="-2" navel_y="-6" z="weaponBelowArm" image="40.stabOF.1.weapon.png"/>
    </f>
    <f name="2">
      <p name="40"  origin_x="56" origin_y="46" navel_x="38" navel_y="-4" z="weapon" image="40.stabOF.2.weapon.png"/>
    </f>
  </s>
  <s name="proneStab">
    <f name="0">
      <p name="40"  origin_x="50" origin_y="15" navel_x="21" navel_y="-1" z="weaponBelowArm" image="40.proneStab.0.weapon.png"/>
    </f>
    <f name="1">
      <p name="40"  origin_x="51" origin_y="23" navel_x="34" navel_y="-5" z="weaponBelowArm" image="40.proneStab.1.weapon.png"/>
    </f>
  </s>
  <s name="prone">
    <f name="0">
      <p name="pointer"  pointer="40/proneStab/0/weapon"/>
    </f>
  </s>
  <s name="fly">
    <f name="0">
      <p name="40"  origin_x="48" origin_y="31" navel_x="-13" navel_y="17" z="weaponOverArm" image="40.fly.0.weapon.png"/>
    </f>
    <f name="1">
      <p name="pointer"  pointer="40/fly/0/weapon"/>
    </f>
  </s>
  <s name="jump">
    <f name="0">
      <p name="40"  origin_x="54" origin_y="63" navel_x="-22" navel_y="-10" z="weaponOverArm" image="40.jump.0.weapon.png"/>
    </f>
  </s>
  <s name="sit">
    <f name="0">
      <p name="40"  origin_x="65" origin_y="56" navel_x="37" navel_y="29" z="weaponOverArm" image="40.sit.0.weapon.png"/>
    </f>
  </s>
  <s name="walk2">
    <f name="0">
      <p name="41"  origin_x="54" origin_y="63" navel_x="-24" navel_y="-15" z="weaponOverArm" image="41.walk2.0.weapon.png"/>
    </f>
    <f name="1">
      <p name="41"  origin_x="54" origin_y="63" navel_x="-23" navel_y="-16" z="weaponOverArm" image="41.walk2.1.weapon.png"/>
    </f>
    <f name="2">
      <p name="pointer"  pointer="41/walk2/0/weapon"/>
    </f>
    <f name="3">
      <p name="41"  origin_x="54" origin_y="63" navel_x="-25" navel_y="-14" z="weaponOverArm" image="41.walk2.3.weapon.png"/>
    </f>
  </s>
  <s name="swingP1">
    <f name="0">
      <p name="43"  origin_x="54" origin_y="31" navel_x="-27" navel_y="35" z="weaponBelowArm" image="43.swingP1.0.weapon.png"/>
    </f>
    <f name="1">
      <p name="43"  origin_x="68" origin_y="57" navel_x="22" navel_y="50" z="weaponBelowArm" image="43.swingP1.1.weapon.png"/>
    </f>
    <f name="2">
      <p name="43"  origin_x="78" origin_y="72" navel_x="0" navel_y="-13" z="weaponBelowBody" image="43.swingP1.2.weapon.png"/>
    </f>
  </s>
  <s name="swingP2">
    <f name="0">
      <p name="43"  origin_x="50" origin_y="41" navel_x="-7" navel_y="34" z="weaponBelowBody" image="43.swingP2.0.weapon.png"/>
    </f>
    <f name="1">
      <p name="43"  origin_x="67" origin_y="56" navel_x="-7" navel_y="32" z="weaponBelowBody" image="43.swingP2.1.weapon.png"/>
    </f>
    <f name="2">
      <p name="43"  origin_x="66" origin_y="78" navel_x="21" navel_y="12" z="weaponOverBody" image="43.swingP2.2.weapon.png"/>
    </f>
  </s>
  <s name="swingPF">
    <f name="0">
      <p name="43"  origin_x="56" origin_y="17" navel_x="11" navel_y="0" z="weapon" image="43.swingPF.0.weapon.png"/>
    </f>
    <f name="1">
      <p name="43"  origin_x="54" origin_y="29" navel_x="11" navel_y="-9" z="weapon" image="43.swingPF.1.weapon.png"/>
    </f>
    <f name="2">
      <p name="43"  origin_x="76" origin_y="45" navel_x="-3" navel_y="43" z="weaponBelowArm" image="43.swingPF.2.weapon.png"/>
    </f>
    <f name="3">
      <p name="43"  origin_x="78" origin_y="75" navel_x="17" navel_y="-18" z="weaponBelowBody" image="43.swingPF.3.weapon.png"/>
    </f>
  </s>
  <s name="stabT1">
    <f name="0">
      <p name="43"  origin_x="56" origin_y="17" navel_x="10" navel_y="-3" z="weaponOverBody" image="43.stabT1.0.weapon.png"/>
    </f>
    <f name="1">
      <p name="43"  origin_x="56" origin_y="45" navel_x="16" navel_y="-23" z="weaponOverBody" image="43.stabT1.1.weapon.png"/>
    </f>
    <f name="2">
      <p name="43"  origin_x="57" origin_y="70" navel_x="38" navel_y="-17" z="weaponOverBody" image="43.stabT1.2.weapon.png"/>
    </f>
  </s>
  <s name="stabT2">
    <f name="0">
      <p name="43"  origin_x="54" origin_y="32" navel_x="-3" navel_y="-6" z="weaponOverBody" image="43.stabT2.0.weapon.png"/>
    </f>
    <f name="1">
      <p name="43"  origin_x="54" origin_y="47" navel_x="10" navel_y="-23" z="weaponOverBody" image="43.stabT2.1.weapon.png"/>
    </f>
    <f name="2">
      <p name="43"  origin_x="57" origin_y="70" navel_x="39" navel_y="-17" z="weaponOverBody" image="43.stabT2.2.weapon.png"/>
    </f>
  </s>
  <s name="stabTF">
    <f name="0">
      <p name="pointer"  pointer="43/swingPF/0/weapon"/>
    </f>
    <f name="1">
      <p name="pointer"  pointer="43/swingPF/1/weapon"/>
    </f>
    <f name="2">
      <p name="43"  origin_x="54" origin_y="47" navel_x="0" navel_y="-21" z="weaponOverBody" image="43.stabTF.2.weapon.png"/>
    </f>
    <f name="3">
      <p name="pointer"  pointer="43/stabT1/2/weapon"/>
    </f>
  </s>
  <s name="stand1">
    <f name="0">
      <p name="44"  origin_x="51" origin_y="68" hand_x="10" hand_y="-31" z="weapon" image="44.stand1.0.weapon.png"/>
    </f>
    <f name="1">
      <p name="pointer"  pointer="44/stand1/0/weapon"/>
    </f>
    <f name="2">
      <p name="pointer"  pointer="44/stand1/0/weapon"/>
    </f>
  </s>
  <s name="swingO1">
    <f name="0">
      <p name="38"  origin_x="47" origin_y="43" navel_x="-5" navel_y="15" z="weaponBelowBody" image="38.swingO1.0.weapon.png"/>
    </f>
    <f name="1">
      <p name="38"  origin_x="56" origin_y="63" navel_x="-2" navel_y="14" z="weaponBelowBody" image="38.swingO1.1.weapon.png"/>
    </f>
    <f name="2">
      <p name="38"  origin_x="80" origin_y="84" navel_x="9" navel_y="15" z="weapon" image="38.swingO1.2.weapon.png"/>
    </f>
  </s>
  <s name="swingO2">
    <f name="0">
      <p name="38"  origin_x="26" origin_y="56" navel_x="9" navel_y="23" z="weaponBelowBody" image="38.swingO2.0.weapon.png"/>
    </f>
    <f name="1">
      <p name="38"  origin_x="44" origin_y="56" navel_x="7" navel_y="19" z="weaponBelowBody" image="38.swingO2.1.weapon.png"/>
    </f>
    <f name="2">
      <p name="38"  origin_x="75" origin_y="69" navel_x="5" navel_y="2" z="weapon" image="38.swingO2.2.weapon.png"/>
    </f>
  </s>
  <s name="swingO3">
    <f name="0">
      <p name="38"  origin_x="32" origin_y="54" navel_x="-28" navel_y="21" z="weapon" image="38.swingO3.0.weapon.png"/>
    </f>
    <f name="1">
      <p name="38"  origin_x="72" origin_y="47" navel_x="11" navel_y="-10" z="weaponOverBody" image="38.swingO3.1.weapon.png"/>
    </f>
    <f name="2">
      <p name="38"  origin_x="82" origin_y="69" navel_x="19" navel_y="17" z="weaponBelowBody" image="38.swingO3.2.weapon.png"/>
    </f>
  </s>
  <s name="shoot1">
    <f name="0">
      <p name="38"  origin_x="65" origin_y="56" hand_x="50" hand_y="17" z="weaponOverHand" image="38.shoot1.0.weapon.png"/>
    </f>
    <f name="1">
      <p name="38"  origin_x="65" origin_y="56" hand_x="64" hand_y="17" z="weaponOverHand" image="38.shoot1.1.weapon.png"/>
    </f>
    <f name="2">
      <p name="pointer"  pointer="38/shoot1/1/weapon"/>
    </f>
  </s>
  <s name="shootF">
    <f name="0">
      <p name="38"  origin_x="65" origin_y="56" hand_x="53" hand_y="22" z="weaponOverHand" image="38.shootF.0.weapon.png"/>
    </f>
    <f name="1">
      <p name="38"  origin_x="65" origin_y="56" hand_x="70" hand_y="24" z="weaponOverHand" image="38.shootF.1.weapon.png"/>
    </f>
    <f name="2">
      <p name="pointer"  pointer="38/shootF/1/weapon"/>
    </f>
  </s>
  <s name="heal">
    <f name="0">
      <p name="pointer"  pointer="38/alert/1/weapon"/>
    </f>
    <f name="1">
      <p name="pointer"  pointer="38/swingO2/1/weapon"/>
    </f>
    <f name="2">
      <p name="pointer"  pointer="38/swingO2/0/weapon"/>
    </f>
  </s>
</i>
