  <i name="4111003">
  <i name="effect">
    <i name="0">
      <i name="origin">
        <i name="x" value="43"/>
        <i name="y" value="72"/>
      </i>
      <i name="delay" value="100"/>
      <i name="image" value="4111003.effect.0.png"/>
    </i>
    <i name="1">
      <i name="origin">
        <i name="x" value="44"/>
        <i name="y" value="73"/>
      </i>
      <i name="delay" value="100"/>
      <i name="image" value="4111003.effect.1.png"/>
    </i>
    <i name="2">
      <i name="origin">
        <i name="x" value="62"/>
        <i name="y" value="91"/>
      </i>
      <i name="delay" value="100"/>
      <i name="image" value="4111003.effect.2.png"/>
    </i>
    <i name="3">
      <i name="origin">
        <i name="x" value="49"/>
        <i name="y" value="78"/>
      </i>
      <i name="delay" value="100"/>
      <i name="image" value="4111003.effect.3.png"/>
    </i>
    <i name="4">
      <i name="origin">
        <i name="x" value="43"/>
        <i name="y" value="72"/>
      </i>
      <i name="delay" value="100"/>
      <i name="image" value="4111003.effect.4.png"/>
    </i>
    <i name="5">
      <i name="origin">
        <i name="x" value="42"/>
        <i name="y" value="71"/>
      </i>
      <i name="delay" value="100"/>
      <i name="image" value="4111003.effect.5.png"/>
    </i>
    <i name="6">
      <i name="origin">
        <i name="x" value="61"/>
        <i name="y" value="41"/>
      </i>
      <i name="delay" value="100"/>
      <i name="image" value="4111003.effect.6.png"/>
    </i>
    <i name="7">
      <i name="origin">
        <i name="x" value="84"/>
        <i name="y" value="34"/>
      </i>
      <i name="delay" value="100"/>
      <i name="image" value="4111003.effect.7.png"/>
    </i>
  </i>
  <i name="mob">
    <i name="0">
      <i name="origin">
        <i name="x" value="37"/>
        <i name="y" value="40"/>
      </i>
      <i name="delay" value="120"/>
      <i name="image" value="4111003.mob.0.png"/>
    </i>
    <i name="1">
      <i name="origin">
        <i name="x" value="53"/>
        <i name="y" value="62"/>
      </i>
      <i name="delay" value="120"/>
      <i name="image" value="4111003.mob.1.png"/>
    </i>
    <i name="2">
      <i name="origin">
        <i name="x" value="50"/>
        <i name="y" value="56"/>
      </i>
      <i name="delay" value="120"/>
      <i name="image" value="4111003.mob.2.png"/>
    </i>
    <i name="3">
      <i name="origin">
        <i name="x" value="44"/>
        <i name="y" value="46"/>
      </i>
      <i name="delay" value="120"/>
      <i name="image" value="4111003.mob.3.png"/>
    </i>
    <i name="4">
      <i name="origin">
        <i name="x" value="41"/>
        <i name="y" value="44"/>
      </i>
      <i name="delay" value="120"/>
      <i name="image" value="4111003.mob.4.png"/>
    </i>
  </i>
  <i name="mob0">
    <i name="0">
      <i name="origin">
        <i name="x" value="21"/>
        <i name="y" value="51"/>
      </i>
      <i name="delay" value="300"/>
      <i name="a0" value="255"/>
      <i name="a1" value="128"/>
      <i name="image" value="4111003.mob0.0.png"/>
    </i>
    <i name="1">
      <i name="origin">
        <i name="x" value="21"/>
        <i name="y" value="51"/>
      </i>
      <i name="delay" value="300"/>
      <i name="a0" value="128"/>
      <i name="a1" value="255"/>
      <i name="image" value="4111003.mob0.1.png"/>
    </i>
  </i>
  </i>
