<i>
<s name="info"><f name="icon" ><p name="info"  image="info.icon.png"/></f><f name="iconRaw" ><p name="info"  origin_x="-1" origin_y="28" image="info.iconRaw.png"/></f><f name="iconD" ><p name="info"  origin_x="-1" origin_y="34" image="info.iconD.png"/></f><f name="iconRawD" ><p name="info"  origin_x="-1" origin_y="34" image="info.iconRawD.png"/></f></s>
<s name="stand0"><f name="0" delay="1500" ><p name="stand0"  origin_x="20" origin_y="45" lt_x="-20" lt_y="-33" rb_x="21" rb_y="0" image="stand0.0.png"/></f><f name="1" delay="40" ><p name="stand0"  origin_x="20" origin_y="45" lt_x="-20" lt_y="-33" rb_x="21" rb_y="0" image="stand0.1.png"/></f><f name="2" delay="40" ><p name="stand0"  origin_x="20" origin_y="45" lt_x="-20" lt_y="-33" rb_x="21" rb_y="0" image="stand0.2.png"/></f><f name="3" delay="500" ><p name="stand0"  origin_x="20" origin_y="45" lt_x="-20" lt_y="-33" rb_x="21" rb_y="0" image="stand0.3.png"/></f><f name="4" delay="100" ><p name="stand0"  origin_x="20" origin_y="45" lt_x="-20" lt_y="-33" rb_x="21" rb_y="0" image="stand0.4.png"/></f><f name="5" delay="40" ><p name="stand0"  origin_x="20" origin_y="45" lt_x="-20" lt_y="-33" rb_x="21" rb_y="0" image="stand0.5.png"/></f><f name="6" ><p name="pointer"  pointer="stand0/4"/></f></s>
<s name="stand1"><f name="0" delay="200" ><p name="stand1"  origin_x="20" origin_y="45" lt_x="-20" lt_y="-33" rb_x="21" rb_y="0" image="stand1.0.png"/></f><f name="1" delay="100" ><p name="stand1"  origin_x="20" origin_y="45" lt_x="-20" lt_y="-33" rb_x="21" rb_y="0" image="stand1.1.png"/></f><f name="2" delay="500" ><p name="stand1"  origin_x="20" origin_y="45" lt_x="-20" lt_y="-33" rb_x="21" rb_y="0" image="stand1.2.png"/></f><f name="3" ><p name="pointer"  pointer="stand1/1"/></f></s>
<s name="rest0"><f name="0" delay="1000" ><p name="rest0"  origin_x="17" origin_y="42" lt_x="-20" lt_y="-33" rb_x="21" rb_y="0" image="rest0.0.png"/></f><f name="1" delay="100" ><p name="rest0"  origin_x="17" origin_y="42" lt_x="-20" lt_y="-33" rb_x="21" rb_y="0" image="rest0.1.png"/></f><f name="2" delay="500" ><p name="rest0"  origin_x="17" origin_y="42" lt_x="-20" lt_y="-33" rb_x="21" rb_y="0" image="rest0.2.png"/></f><f name="3" delay="100" ><p name="rest0"  origin_x="17" origin_y="42" lt_x="-20" lt_y="-33" rb_x="21" rb_y="0" image="rest0.3.png"/></f><f name="4" delay="100" ><p name="rest0"  origin_x="17" origin_y="42" lt_x="-20" lt_y="-33" rb_x="21" rb_y="0" image="rest0.4.png"/></f><f name="5" delay="40" ><p name="rest0"  origin_x="17" origin_y="42" lt_x="-20" lt_y="-33" rb_x="21" rb_y="0" image="rest0.5.png"/></f></s>
<s name="move"><f name="0" delay="100" ><p name="move"  origin_x="20" origin_y="45" lt_x="-20" lt_y="-33" rb_x="21" rb_y="0" image="move.0.png"/></f><f name="1" delay="100" ><p name="move"  origin_x="21" origin_y="43" lt_x="-20" lt_y="-33" rb_x="21" rb_y="0" image="move.1.png"/></f><f name="2" delay="100" ><p name="move"  origin_x="20" origin_y="44" lt_x="-20" lt_y="-33" rb_x="21" rb_y="0" image="move.2.png"/></f></s>
<s name="jump"><f name="0" ><p name="jump"  origin_x="20" origin_y="45" lt_x="-20" lt_y="-33" rb_x="21" rb_y="0" image="jump.0.png"/></f></s>
<s name="hungry"><f name="0" delay="1200" ><p name="hungry"  origin_x="17" origin_y="40" lt_x="-20" lt_y="-33" rb_x="21" rb_y="0" image="hungry.0.png"/></f></s>
<s name="angry"><f name="0" delay="3000" ><p name="angry"  origin_x="23" origin_y="44" lt_x="-19" lt_y="-31" rb_x="22" rb_y="0" image="angry.0.png"/></f></s>
<s name="chat"><f name="0" delay="500" ><p name="chat"  origin_x="20" origin_y="45" lt_x="-20" lt_y="-33" rb_x="21" rb_y="0" image="chat.0.png"/></f><f name="1" delay="400" ><p name="chat"  origin_x="20" origin_y="45" lt_x="-20" lt_y="-33" rb_x="21" rb_y="0" image="chat.1.png"/></f><f name="2" delay="100" ><p name="chat"  origin_x="20" origin_y="45" lt_x="-20" lt_y="-33" rb_x="21" rb_y="0" image="chat.2.png"/></f><f name="3" delay="200" ><p name="chat"  origin_x="20" origin_y="45" lt_x="-20" lt_y="-33" rb_x="21" rb_y="0" image="chat.3.png"/></f></s>
<s name="hang"><f name="0" ><p name="hang"  origin_x="19" origin_y="62" lt_x="-18" lt_y="-58" rb_x="21" rb_y="-16" image="hang.0.png"/></f></s>
<s name="rise"><f name="0" delay="4000" ><p name="rise"  origin_x="12" origin_y="51" lt_x="-20" lt_y="-33" rb_x="21" rb_y="0" image="rise.0.png"/></f></s>
<s name="dung"><f name="0" delay="4000" ><p name="dung"  origin_x="21" origin_y="43" lt_x="-20" lt_y="-33" rb_x="21" rb_y="0" image="dung.0.png"/></f></s>
<s name="cry"><f name="0" delay="3000" ><p name="cry"  origin_x="17" origin_y="40" lt_x="-20" lt_y="-33" rb_x="21" rb_y="0" image="cry.0.png"/></f></s>
<s name="alert"><f name="0" delay="3000" ><p name="alert"  origin_x="27" origin_y="40" lt_x="-20" lt_y="-34" rb_x="21" rb_y="0" image="alert.0.png"/></f></s>
<s name="go"><f name="0" delay="500" ><p name="go"  origin_x="20" origin_y="45" lt_x="-20" lt_y="-33" rb_x="21" rb_y="0" image="go.0.png"/></f><f name="1" delay="100" ><p name="go"  origin_x="20" origin_y="45" lt_x="-20" lt_y="-33" rb_x="21" rb_y="0" image="go.1.png"/></f><f name="2" delay="100" ><p name="go"  origin_x="20" origin_y="45" lt_x="-20" lt_y="-33" rb_x="21" rb_y="0" image="go.2.png"/></f><f name="3" delay="80" ><p name="go"  origin_x="20" origin_y="45" lt_x="-20" lt_y="-33" rb_x="21" rb_y="0" image="go.3.png"/></f><f name="4" delay="200" ><p name="go"  origin_x="20" origin_y="45" lt_x="-20" lt_y="-33" rb_x="21" rb_y="0" image="go.4.png"/></f><f name="5" delay="80" ><p name="go"  origin_x="20" origin_y="45" lt_x="-20" lt_y="-33" rb_x="21" rb_y="0" image="go.5.png"/></f><f name="6" delay="80" ><p name="go"  origin_x="20" origin_y="45" lt_x="-20" lt_y="-33" rb_x="21" rb_y="0" image="go.6.png"/></f><f name="7" delay="80" ><p name="go"  origin_x="20" origin_y="45" lt_x="-20" lt_y="-33" rb_x="21" rb_y="0" image="go.7.png"/></f><f name="8" delay="80" ><p name="go"  origin_x="20" origin_y="45" lt_x="-20" lt_y="-33" rb_x="21" rb_y="0" image="go.8.png"/></f><f name="9" delay="100" ><p name="go"  origin_x="20" origin_y="45" lt_x="-20" lt_y="-33" rb_x="21" rb_y="0" image="go.9.png"/></f><f name="10" delay="100" ><p name="go"  origin_x="20" origin_y="43" lt_x="-20" lt_y="-33" rb_x="21" rb_y="0" image="go.10.png"/></f><f name="11" delay="100" ><p name="go"  origin_x="20" origin_y="44" lt_x="-20" lt_y="-33" rb_x="21" rb_y="0" image="go.11.png"/></f><f name="12" ><p name="pointer"  pointer="go/9"/></f><f name="13" ><p name="pointer"  pointer="go/10"/></f><f name="14" ><p name="pointer"  pointer="go/11"/></f><f name="15" ><p name="pointer"  pointer="go/12"/></f><f name="16" ><p name="pointer"  pointer="go/13"/></f><f name="17" delay="100" ><p name="go"  origin_x="20" origin_y="45" lt_x="-20" lt_y="-33" rb_x="21" rb_y="0" image="go.17.png"/></f><f name="18" ><p name="pointer"  pointer="go/6"/></f><f name="19" ><p name="pointer"  pointer="go/5"/></f></s>
<s name="christmas"><f name="0" delay="200" ><p name="christmas"  origin_x="40" origin_y="45" lt_x="-16" lt_y="-36" rb_x="28" rb_y="0" image="christmas.0.png"/></f><f name="1" delay="200" ><p name="christmas"  origin_x="40" origin_y="43" lt_x="-16" lt_y="-36" rb_x="28" rb_y="0" image="christmas.1.png"/></f><f name="2" delay="200" ><p name="christmas"  origin_x="40" origin_y="45" lt_x="-16" lt_y="-36" rb_x="28" rb_y="0" image="christmas.2.png"/></f><f name="3" delay="200" ><p name="christmas"  origin_x="40" origin_y="43" lt_x="-16" lt_y="-36" rb_x="28" rb_y="0" image="christmas.3.png"/></f></s>
<s name="love"><f name="0" delay="100" ><p name="love"  origin_x="20" origin_y="52" lt_x="-16" lt_y="-36" rb_x="28" rb_y="0" image="love.0.png"/></f><f name="1" delay="100" ><p name="love"  origin_x="12" origin_y="61" lt_x="-16" lt_y="-36" rb_x="28" rb_y="0" image="love.1.png"/></f><f name="2" delay="100" ><p name="love"  origin_x="12" origin_y="61" lt_x="-16" lt_y="-36" rb_x="28" rb_y="0" image="love.2.png"/></f><f name="3" delay="100" ><p name="love"  origin_x="12" origin_y="59" lt_x="-16" lt_y="-36" rb_x="28" rb_y="0" image="love.3.png"/></f><f name="4" delay="100" ><p name="love"  origin_x="12" origin_y="57" lt_x="-16" lt_y="-36" rb_x="28" rb_y="0" image="love.4.png"/></f><f name="5" delay="300" ><p name="love"  origin_x="12" origin_y="54" lt_x="-16" lt_y="-36" rb_x="28" rb_y="0" image="love.5.png"/></f><f name="6" delay="200" ><p name="love"  origin_x="20" origin_y="48" lt_x="-16" lt_y="-36" rb_x="28" rb_y="0" image="love.6.png"/></f></s>
<s name="lonely"><f name="0" delay="100" ><p name="lonely"  origin_x="12" origin_y="50" lt_x="-16" lt_y="-36" rb_x="28" rb_y="0" image="lonely.0.png"/></f><f name="1" delay="100" ><p name="lonely"  origin_x="12" origin_y="51" lt_x="-16" lt_y="-36" rb_x="28" rb_y="0" image="lonely.1.png"/></f><f name="2" delay="100" ><p name="lonely"  origin_x="17" origin_y="51" lt_x="-16" lt_y="-36" rb_x="28" rb_y="0" image="lonely.2.png"/></f><f name="3" delay="100" ><p name="lonely"  origin_x="14" origin_y="50" lt_x="-16" lt_y="-36" rb_x="28" rb_y="0" image="lonely.3.png"/></f><f name="4" delay="100" ><p name="lonely"  origin_x="13" origin_y="50" lt_x="-16" lt_y="-36" rb_x="28" rb_y="0" image="lonely.4.png"/></f><f name="5" delay="100" ><p name="lonely"  origin_x="12" origin_y="50" lt_x="-16" lt_y="-36" rb_x="28" rb_y="0" image="lonely.5.png"/></f><f name="6" delay="100" ><p name="lonely"  origin_x="12" origin_y="50" lt_x="-16" lt_y="-36" rb_x="28" rb_y="0" image="lonely.6.png"/></f><f name="7" delay="100" ><p name="lonely"  origin_x="12" origin_y="50" lt_x="-16" lt_y="-36" rb_x="28" rb_y="0" image="lonely.7.png"/></f><f name="8" delay="100" ><p name="lonely"  origin_x="12" origin_y="50" lt_x="-16" lt_y="-36" rb_x="28" rb_y="0" image="lonely.8.png"/></f><f name="9" delay="100" ><p name="lonely"  origin_x="12" origin_y="50" lt_x="-16" lt_y="-36" rb_x="28" rb_y="0" image="lonely.9.png"/></f><f name="10" delay="100" ><p name="lonely"  origin_x="12" origin_y="50" lt_x="-16" lt_y="-36" rb_x="28" rb_y="0" image="lonely.10.png"/></f><f name="11" delay="500" ><p name="lonely"  origin_x="12" origin_y="50" lt_x="-16" lt_y="-36" rb_x="28" rb_y="0" image="lonely.11.png"/></f></s>
<s name="fly"><f name="0" delay="200" ><p name="fly"  origin_x="20" origin_y="44" lt_x="-20" lt_y="-33" rb_x="21" rb_y="0" image="fly.0.png"/></f><f name="1" delay="200" ><p name="fly"  origin_x="20" origin_y="44" lt_x="-20" lt_y="-33" rb_x="21" rb_y="0" image="fly.1.png"/></f></s>
</i>
