<i name="5000022">
<i name="cry">
<i name="0">
<i name="origin">
<i name="x" value="11"/>
<i name="y" value="33"/>
</i>
<i name="image" value="5000022.cry.0.png"/>
</i>
</i>
<i name="stand0">
<i name="0">
<i name="origin">
<i name="x" value="11"/>
<i name="y" value="40"/>
</i>
<i name="image" value="5000022.stand0.0.png"/>
</i>
<i name="1">
<i name="pointer" value="5000022/stand0/0"/>
</i>
<i name="2">
<i name="pointer" value="5000022/stand0/0"/>
</i>
<i name="3">
<i name="pointer" value="5000022/stand0/0"/>
</i>
</i>
<i name="stand1">
<i name="0">
<i name="origin">
<i name="x" value="11"/>
<i name="y" value="40"/>
</i>
<i name="image" value="5000022.stand1.0.png"/>
</i>
<i name="1">
<i name="pointer" value="5000022/stand1/0"/>
</i>
<i name="2">
<i name="origin">
<i name="x" value="11"/>
<i name="y" value="39"/>
</i>
<i name="image" value="5000022.stand1.2.png"/>
</i>
<i name="3">
<i name="origin">
<i name="x" value="12"/>
<i name="y" value="39"/>
</i>
<i name="image" value="5000022.stand1.3.png"/>
</i>
<i name="4">
<i name="origin">
<i name="x" value="12"/>
<i name="y" value="40"/>
</i>
<i name="image" value="5000022.stand1.4.png"/>
</i>
<i name="5">
<i name="origin">
<i name="x" value="11"/>
<i name="y" value="40"/>
</i>
<i name="image" value="5000022.stand1.5.png"/>
</i>
</i>
<i name="rest0">
<i name="0">
<i name="origin">
<i name="x" value="12"/>
<i name="y" value="34"/>
</i>
<i name="image" value="5000022.rest0.0.png"/>
</i>
<i name="1">
<i name="origin">
<i name="x" value="13"/>
<i name="y" value="33"/>
</i>
<i name="image" value="5000022.rest0.1.png"/>
</i>
</i>
<i name="move">
<i name="0">
<i name="origin">
<i name="x" value="13"/>
<i name="y" value="39"/>
</i>
<i name="image" value="5000022.move.0.png"/>
</i>
<i name="1">
<i name="origin">
<i name="x" value="13"/>
<i name="y" value="40"/>
</i>
<i name="image" value="5000022.move.1.png"/>
</i>
<i name="2">
<i name="origin">
<i name="x" value="13"/>
<i name="y" value="39"/>
</i>
<i name="image" value="5000022.move.2.png"/>
</i>
<i name="3">
<i name="origin">
<i name="x" value="14"/>
<i name="y" value="40"/>
</i>
<i name="image" value="5000022.move.3.png"/>
</i>
</i>
<i name="jump">
<i name="0">
<i name="origin">
<i name="x" value="19"/>
<i name="y" value="42"/>
</i>
<i name="image" value="5000022.jump.0.png"/>
</i>
</i>
<i name="hungry">
<i name="0">
<i name="origin">
<i name="x" value="20"/>
<i name="y" value="33"/>
</i>
<i name="image" value="5000022.hungry.0.png"/>
</i>
</i>
<i name="angry">
<i name="0">
<i name="origin">
<i name="x" value="12"/>
<i name="y" value="40"/>
</i>
<i name="image" value="5000022.angry.0.png"/>
</i>
<i name="1">
<i name="origin">
<i name="x" value="13"/>
<i name="y" value="39"/>
</i>
<i name="image" value="5000022.angry.1.png"/>
</i>
</i>
<i name="chat">
<i name="0">
<i name="origin">
<i name="x" value="11"/>
<i name="y" value="40"/>
</i>
<i name="image" value="5000022.chat.0.png"/>
</i>
</i>
<i name="hang">
<i name="0">
<i name="origin">
<i name="x" value="-2"/>
<i name="y" value="49"/>
</i>
<i name="image" value="5000022.hang.0.png"/>
</i>
</i>
<i name="love">
<i name="0">
<i name="origin">
<i name="x" value="12"/>
<i name="y" value="40"/>
</i>
<i name="image" value="5000022.love.0.png"/>
</i>
<i name="1">
<i name="origin">
<i name="x" value="12"/>
<i name="y" value="40"/>
</i>
<i name="image" value="5000022.love.1.png"/>
</i>
</i>
<i name="mischief">
<i name="0">
<i name="origin">
<i name="x" value="11"/>
<i name="y" value="47"/>
</i>
<i name="image" value="5000022.mischief.0.png"/>
</i>
<i name="1">
<i name="origin">
<i name="x" value="11"/>
<i name="y" value="44"/>
</i>
<i name="image" value="5000022.mischief.1.png"/>
</i>
<i name="2">
<i name="origin">
<i name="x" value="11"/>
<i name="y" value="45"/>
</i>
<i name="image" value="5000022.mischief.2.png"/>
</i>
<i name="3">
<i name="pointer" value="5000022/mischief/2"/>
</i>
<i name="4">
<i name="pointer" value="5000022/mischief/2"/>
</i>
<i name="5">
<i name="pointer" value="5000022/mischief/2"/>
</i>
<i name="6">
<i name="pointer" value="5000022/mischief/2"/>
</i>
<i name="7">
<i name="pointer" value="5000022/mischief/2"/>
</i>
<i name="8">
<i name="pointer" value="5000022/mischief/2"/>
</i>
<i name="9">
<i name="pointer" value="5000022/mischief/8"/>
</i>
<i name="10">
<i name="pointer" value="5000022/mischief/2"/>
</i>
<i name="11">
<i name="pointer" value="5000022/mischief/2"/>
</i>
<i name="12">
<i name="pointer" value="5000022/mischief/2"/>
</i>
<i name="13">
<i name="pointer" value="5000022/mischief/2"/>
</i>
<i name="14">
<i name="pointer" value="5000022/mischief/2"/>
</i>
<i name="15">
<i name="origin">
<i name="x" value="11"/>
<i name="y" value="44"/>
</i>
<i name="image" value="5000022.mischief.15.png"/>
</i>
<i name="16">
<i name="origin">
<i name="x" value="11"/>
<i name="y" value="47"/>
</i>
<i name="image" value="5000022.mischief.16.png"/>
</i>
</i>
<i name="fly">
<i name="0">
<i name="origin">
<i name="x" value="14"/>
<i name="y" value="40"/>
</i>
<i name="image" value="5000022.fly.0.png"/>
</i>
<i name="1">
<i name="origin">
<i name="x" value="13"/>
<i name="y" value="42"/>
</i>
<i name="image" value="5000022.fly.1.png"/>
</i>
</i>
<i name="sit">
<i name="0">
<i name="origin">
<i name="x" value="12"/>
<i name="y" value="34"/>
</i>
<i name="image" value="5000022.sit.0.png"/>
</i>
</i>
<i name="birdeye">
<i name="0">
<i name="origin">
<i name="x" value="10"/>
<i name="y" value="39"/>
</i>
<i name="image" value="5000022.birdeye.0.png"/>
</i>
</i>
<i name="sleep">
<i name="0">
<i name="origin">
<i name="x" value="12"/>
<i name="y" value="22"/>
</i>
<i name="image" value="5000022.sleep.0.png"/>
</i>
<i name="1">
<i name="pointer" value="5000022/sleep/0"/>
</i>
</i>
<i name="imhungry">
<i name="0">
<i name="origin">
<i name="x" value="-4"/>
<i name="y" value="40"/>
</i>
<i name="image" value="5000022.imhungry.0.png"/>
</i>
</i>
<i name="thanksgiving">
<i name="0">
<i name="origin">
<i name="x" value="7"/>
<i name="y" value="40"/>
</i>
<i name="image" value="5000022.thanksgiving.0.png"/>
</i>
<i name="1">
<i name="pointer" value="5000022/thanksgiving/0"/>
</i>
</i>
<i name="no">
<i name="0">
<i name="origin">
<i name="x" value="1"/>
<i name="y" value="39"/>
</i>
<i name="image" value="5000022.no.0.png"/>
</i>
</i>
<i name="goodboy">
<i name="0">
<i name="origin">
<i name="x" value="10"/>
<i name="y" value="38"/>
</i>
<i name="image" value="5000022.goodboy.0.png"/>
</i>
<i name="1">
<i name="origin">
<i name="x" value="9"/>
<i name="y" value="39"/>
</i>
<i name="image" value="5000022.goodboy.1.png"/>
</i>
</i>
<i name="jumpfly">
<i name="0">
<i name="origin">
<i name="x" value="19"/>
<i name="y" value="40"/>
</i>
<i name="image" value="5000022.jumpfly.0.png"/>
</i>
<i name="1">
<i name="origin">
<i name="x" value="19"/>
<i name="y" value="40"/>
</i>
<i name="image" value="5000022.jumpfly.1.png"/>
</i>
<i name="2">
<i name="origin">
<i name="x" value="19"/>
<i name="y" value="52"/>
</i>
<i name="image" value="5000022.jumpfly.2.png"/>
</i>
<i name="3">
<i name="origin">
<i name="x" value="19"/>
<i name="y" value="54"/>
</i>
<i name="image" value="5000022.jumpfly.3.png"/>
</i>
<i name="4">
<i name="origin">
<i name="x" value="19"/>
<i name="y" value="52"/>
</i>
<i name="image" value="5000022.jumpfly.4.png"/>
</i>
<i name="5">
<i name="pointer" value="5000022/jumpfly/3"/>
</i>
<i name="6">
<i name="origin">
<i name="x" value="18"/>
<i name="y" value="40"/>
</i>
<i name="image" value="5000022.jumpfly.6.png"/>
</i>
<i name="7">
<i name="origin">
<i name="x" value="19"/>
<i name="y" value="34"/>
</i>
<i name="image" value="5000022.jumpfly.7.png"/>
</i>
<i name="8">
<i name="origin">
<i name="x" value="19"/>
<i name="y" value="33"/>
</i>
<i name="image" value="5000022.jumpfly.8.png"/>
</i>
<i name="9">
<i name="pointer" value="5000022/jumpfly/8"/>
</i>
</i>
</i>