  <i name="05021018">
  <i name="info">
    <i name="icon">
      <i name="origin">
        <i name="x" value="1"/>
        <i name="y" value="30"/>
      </i>
      <i name="image" value="05021018.info.icon.png"/>
    </i>
    <i name="iconRaw">
      <i name="origin">
        <i name="x" value="1"/>
        <i name="y" value="30"/>
      </i>
      <i name="image" value="05021018.info.iconRaw.png"/>
    </i>
    <i name="cash" value="1"/>
  </i>
  <i name="bullet">
    <i name="0">
      <i name="origin">
        <i name="x" value="10"/>
        <i name="y" value="10"/>
      </i>
      <i name="image" value="05021018.bullet.0.png"/>
    </i>
    <i name="1">
      <i name="origin">
        <i name="x" value="10"/>
        <i name="y" value="10"/>
      </i>
      <i name="image" value="05021018.bullet.1.png"/>
    </i>
    <i name="2">
      <i name="origin">
        <i name="x" value="10"/>
        <i name="y" value="10"/>
      </i>
      <i name="image" value="05021018.bullet.2.png"/>
    </i>
    <i name="3">
      <i name="origin">
        <i name="x" value="10"/>
        <i name="y" value="10"/>
      </i>
      <i name="image" value="05021018.bullet.3.png"/>
    </i>
    <i name="4">
      <i name="origin">
        <i name="x" value="10"/>
        <i name="y" value="10"/>
      </i>
      <i name="image" value="05021018.bullet.4.png"/>
    </i>
  </i>
  <i name="hit">
    <i name="0">
      <i name="origin">
        <i name="x" value="40"/>
        <i name="y" value="47"/>
      </i>
      <i name="delay" value="90"/>
      <i name="image" value="05021018.hit.0.png"/>
    </i>
    <i name="1">
      <i name="origin">
        <i name="x" value="57"/>
        <i name="y" value="66"/>
      </i>
      <i name="delay" value="90"/>
      <i name="image" value="05021018.hit.1.png"/>
    </i>
    <i name="2">
      <i name="origin">
        <i name="x" value="65"/>
        <i name="y" value="53"/>
      </i>
      <i name="delay" value="90"/>
      <i name="image" value="05021018.hit.2.png"/>
    </i>
    <i name="3">
      <i name="origin">
        <i name="x" value="69"/>
        <i name="y" value="56"/>
      </i>
      <i name="delay" value="90"/>
      <i name="image" value="05021018.hit.3.png"/>
    </i>
    <i name="4">
      <i name="origin">
        <i name="x" value="70"/>
        <i name="y" value="53"/>
      </i>
      <i name="delay" value="90"/>
      <i name="image" value="05021018.hit.4.png"/>
    </i>
    <i name="5">
      <i name="origin">
        <i name="x" value="26"/>
        <i name="y" value="49"/>
      </i>
      <i name="delay" value="90"/>
      <i name="image" value="05021018.hit.5.png"/>
    </i>
  </i>
  </i>
