  <i name="05010010">
  <i name="info">
    <i name="icon">
      <i name="origin">
        <i name="x" value="0"/>
        <i name="y" value="32"/>
      </i>
      <i name="image" value="05010010.info.icon.png"/>
    </i>
    <i name="iconRaw">
      <i name="origin">
        <i name="x" value="0"/>
        <i name="y" value="32"/>
      </i>
      <i name="image" value="05010010.info.iconRaw.png"/>
    </i>
    <i name="cash" value="1"/>
  </i>
  <i name="effect">
    <i name="default">
      <i name="0">
        <i name="origin">
          <i name="x" value="15"/>
          <i name="y" value="67"/>
        </i>
        <i name="delay" value="120"/>
        <i name="image" value="05010010.effect.default.0.png"/>
      </i>
      <i name="1">
        <i name="origin">
          <i name="x" value="15"/>
          <i name="y" value="67"/>
        </i>
        <i name="delay" value="120"/>
        <i name="image" value="05010010.effect.default.1.png"/>
      </i>
      <i name="2">
        <i name="origin">
          <i name="x" value="15"/>
          <i name="y" value="67"/>
        </i>
        <i name="delay" value="120"/>
        <i name="image" value="05010010.effect.default.2.png"/>
      </i>
      <i name="3">
        <i name="origin">
          <i name="x" value="15"/>
          <i name="y" value="67"/>
        </i>
        <i name="delay" value="120"/>
        <i name="image" value="05010010.effect.default.3.png"/>
      </i>
      <i name="4">
        <i name="origin">
          <i name="x" value="15"/>
          <i name="y" value="67"/>
        </i>
        <i name="delay" value="120"/>
        <i name="image" value="05010010.effect.default.4.png"/>
      </i>
      <i name="5">
        <i name="origin">
          <i name="x" value="15"/>
          <i name="y" value="67"/>
        </i>
        <i name="delay" value="120"/>
        <i name="image" value="05010010.effect.default.5.png"/>
      </i>
      <i name="6">
        <i name="origin">
          <i name="x" value="15"/>
          <i name="y" value="67"/>
        </i>
        <i name="delay" value="120"/>
        <i name="image" value="05010010.effect.default.6.png"/>
      </i>
      <i name="7">
        <i name="origin">
          <i name="x" value="15"/>
          <i name="y" value="67"/>
        </i>
        <i name="delay" value="120"/>
        <i name="image" value="05010010.effect.default.7.png"/>
      </i>
      <i name="z" value="-1"/>
      <i name="pos" value="1"/>
    </i>
  </i>
  </i>
