  <i name="5000029">
  <i name="stand0">
    <i name="0">
      <i name="origin">
        <i name="x" value="23"/>
        <i name="y" value="55"/>
      </i>
      <i name="image" value="5000029.stand0.0.png"/>
    </i>
    <i name="1">
      <i name="origin">
        <i name="x" value="23"/>
        <i name="y" value="56"/>
      </i>
      <i name="image" value="5000029.stand0.1.png"/>
    </i>
    <i name="2">
      <i name="origin">
        <i name="x" value="23"/>
        <i name="y" value="57"/>
      </i>
      <i name="image" value="5000029.stand0.2.png"/>
    </i>
    <i name="3">
      <i name="origin">
        <i name="x" value="23"/>
        <i name="y" value="56"/>
      </i>
      <i name="image" value="5000029.stand0.3.png"/>
    </i>
  </i>
  <i name="stand1">
    <i name="0">
      <i name="origin">
        <i name="x" value="23"/>
        <i name="y" value="55"/>
      </i>
      <i name="image" value="5000029.stand1.0.png"/>
    </i>
    <i name="1">
      <i name="origin">
        <i name="x" value="23"/>
        <i name="y" value="56"/>
      </i>
      <i name="image" value="5000029.stand1.1.png"/>
    </i>
    <i name="2">
      <i name="origin">
        <i name="x" value="23"/>
        <i name="y" value="57"/>
      </i>
      <i name="image" value="5000029.stand1.2.png"/>
    </i>
    <i name="3">
      <i name="origin">
        <i name="x" value="23"/>
        <i name="y" value="56"/>
      </i>
      <i name="image" value="5000029.stand1.3.png"/>
    </i>
    <i name="4">
      <i name="origin">
        <i name="x" value="23"/>
        <i name="y" value="55"/>
      </i>
      <i name="image" value="5000029.stand1.4.png"/>
    </i>
    <i name="5">
      <i name="origin">
        <i name="x" value="23"/>
        <i name="y" value="56"/>
      </i>
      <i name="image" value="5000029.stand1.5.png"/>
    </i>
    <i name="6">
      <i name="origin">
        <i name="x" value="23"/>
        <i name="y" value="57"/>
      </i>
      <i name="image" value="5000029.stand1.6.png"/>
    </i>
    <i name="7">
      <i name="origin">
        <i name="x" value="23"/>
        <i name="y" value="56"/>
      </i>
      <i name="image" value="5000029.stand1.7.png"/>
    </i>
  </i>
  <i name="hungry">
    <i name="0">
      <i name="origin">
        <i name="x" value="23"/>
        <i name="y" value="54"/>
      </i>
      <i name="image" value="5000029.hungry.0.png"/>
    </i>
    <i name="1">
      <i name="origin">
        <i name="x" value="23"/>
        <i name="y" value="55"/>
      </i>
      <i name="image" value="5000029.hungry.1.png"/>
    </i>
    <i name="2">
      <i name="origin">
        <i name="x" value="23"/>
        <i name="y" value="56"/>
      </i>
      <i name="image" value="5000029.hungry.2.png"/>
    </i>
    <i name="3">
      <i name="origin">
        <i name="x" value="23"/>
        <i name="y" value="55"/>
      </i>
      <i name="image" value="5000029.hungry.3.png"/>
    </i>
  </i>
  <i name="move">
    <i name="0">
      <i name="pointer" value="5000029/stand1/0"/>
    </i>
    <i name="1">
      <i name="origin">
        <i name="x" value="23"/>
        <i name="y" value="56"/>
      </i>
      <i name="image" value="5000029.move.1.png"/>
    </i>
    <i name="2">
      <i name="origin">
        <i name="x" value="23"/>
        <i name="y" value="57"/>
      </i>
      <i name="image" value="5000029.move.2.png"/>
    </i>
    <i name="3">
      <i name="origin">
        <i name="x" value="23"/>
        <i name="y" value="56"/>
      </i>
      <i name="image" value="5000029.move.3.png"/>
    </i>
  </i>
  <i name="jump">
    <i name="0">
      <i name="origin">
        <i name="x" value="23"/>
        <i name="y" value="56"/>
      </i>
      <i name="image" value="5000029.jump.0.png"/>
    </i>
    <i name="1">
      <i name="pointer" value="5000029/stand0/1"/>
    </i>
    <i name="2">
      <i name="pointer" value="5000029/stand0/2"/>
    </i>
  </i>
  <i name="sit">
    <i name="0">
      <i name="origin">
        <i name="x" value="22"/>
        <i name="y" value="63"/>
      </i>
      <i name="image" value="5000029.sit.0.png"/>
    </i>
    <i name="1">
      <i name="pointer" value="5000029/sit/0"/>
    </i>
    <i name="2">
      <i name="pointer" value="5000029/sit/0"/>
    </i>
    <i name="3">
      <i name="pointer" value="5000029/sit/0"/>
    </i>
    <i name="4">
      <i name="pointer" value="5000029/sit/0"/>
    </i>
    <i name="5">
      <i name="pointer" value="5000029/sit/0"/>
    </i>
    <i name="6">
      <i name="pointer" value="5000029/sit/0"/>
    </i>
    <i name="7">
      <i name="pointer" value="5000029/sit/0"/>
    </i>
    <i name="8">
      <i name="pointer" value="5000029/sit/0"/>
    </i>
  </i>
  <i name="chat">
    <i name="0">
      <i name="pointer" value="5000029/stand0/0"/>
    </i>
    <i name="1">
      <i name="pointer" value="5000029/stand0/1"/>
    </i>
    <i name="2">
      <i name="pointer" value="5000029/stand0/2"/>
    </i>
    <i name="3">
      <i name="pointer" value="5000029/stand0/3"/>
    </i>
    <i name="4">
      <i name="pointer" value="5000029/stand0/0"/>
    </i>
    <i name="5">
      <i name="pointer" value="5000029/stand0/1"/>
    </i>
    <i name="6">
      <i name="pointer" value="5000029/stand0/2"/>
    </i>
    <i name="7">
      <i name="pointer" value="5000029/stand0/3"/>
    </i>
    <i name="8">
      <i name="pointer" value="5000029/stand0/0"/>
    </i>
    <i name="9">
      <i name="pointer" value="5000029/stand0/1"/>
    </i>
    <i name="10">
      <i name="pointer" value="5000029/stand0/2"/>
    </i>
    <i name="11">
      <i name="pointer" value="5000029/stand0/3"/>
    </i>
  </i>
  <i name="angry">
    <i name="0">
      <i name="origin">
        <i name="x" value="23"/>
        <i name="y" value="55"/>
      </i>
      <i name="image" value="5000029.angry.0.png"/>
    </i>
    <i name="1">
      <i name="origin">
        <i name="x" value="22"/>
        <i name="y" value="56"/>
      </i>
      <i name="image" value="5000029.angry.1.png"/>
    </i>
    <i name="2">
      <i name="origin">
        <i name="x" value="21"/>
        <i name="y" value="57"/>
      </i>
      <i name="image" value="5000029.angry.2.png"/>
    </i>
    <i name="3">
      <i name="origin">
        <i name="x" value="22"/>
        <i name="y" value="56"/>
      </i>
      <i name="image" value="5000029.angry.3.png"/>
    </i>
    <i name="4">
      <i name="pointer" value="5000029/angry/0"/>
    </i>
    <i name="5">
      <i name="pointer" value="5000029/angry/1"/>
    </i>
    <i name="6">
      <i name="pointer" value="5000029/angry/2"/>
    </i>
    <i name="7">
      <i name="pointer" value="5000029/angry/3"/>
    </i>
    <i name="8">
      <i name="origin">
        <i name="x" value="23"/>
        <i name="y" value="55"/>
      </i>
      <i name="image" value="5000029.angry.8.png"/>
    </i>
    <i name="9">
      <i name="origin">
        <i name="x" value="22"/>
        <i name="y" value="56"/>
      </i>
      <i name="image" value="5000029.angry.9.png"/>
    </i>
    <i name="10">
      <i name="pointer" value="5000029/angry/2"/>
    </i>
    <i name="11">
      <i name="pointer" value="5000029/angry/3"/>
    </i>
    <i name="12">
      <i name="pointer" value="5000029/angry/8"/>
    </i>
    <i name="13">
      <i name="pointer" value="5000029/angry/9"/>
    </i>
    <i name="14">
      <i name="pointer" value="5000029/angry/2"/>
    </i>
    <i name="15">
      <i name="pointer" value="5000029/angry/3"/>
    </i>
  </i>
  <i name="hang">
    <i name="0">
      <i name="origin">
        <i name="x" value="20"/>
        <i name="y" value="64"/>
      </i>
      <i name="image" value="5000029.hang.0.png"/>
    </i>
  </i>
  <i name="ignore">
    <i name="0">
      <i name="origin">
        <i name="x" value="23"/>
        <i name="y" value="55"/>
      </i>
      <i name="image" value="5000029.ignore.0.png"/>
    </i>
    <i name="1">
      <i name="origin">
        <i name="x" value="23"/>
        <i name="y" value="56"/>
      </i>
      <i name="image" value="5000029.ignore.1.png"/>
    </i>
    <i name="2">
      <i name="origin">
        <i name="x" value="23"/>
        <i name="y" value="57"/>
      </i>
      <i name="image" value="5000029.ignore.2.png"/>
    </i>
    <i name="3">
      <i name="origin">
        <i name="x" value="23"/>
        <i name="y" value="56"/>
      </i>
      <i name="image" value="5000029.ignore.3.png"/>
    </i>
    <i name="4">
      <i name="pointer" value="5000029/ignore/0"/>
    </i>
    <i name="5">
      <i name="pointer" value="5000029/ignore/1"/>
    </i>
    <i name="6">
      <i name="pointer" value="5000029/ignore/2"/>
    </i>
    <i name="7">
      <i name="pointer" value="5000029/ignore/3"/>
    </i>
    <i name="8">
      <i name="pointer" value="5000029/ignore/0"/>
    </i>
    <i name="9">
      <i name="pointer" value="5000029/ignore/1"/>
    </i>
    <i name="10">
      <i name="pointer" value="5000029/ignore/2"/>
    </i>
    <i name="11">
      <i name="pointer" value="5000029/ignore/3"/>
    </i>
  </i>
  <i name="bewildered">
    <i name="0">
      <i name="origin">
        <i name="x" value="22"/>
        <i name="y" value="56"/>
      </i>
      <i name="image" value="5000029.bewildered.0.png"/>
    </i>
    <i name="1">
      <i name="origin">
        <i name="x" value="22"/>
        <i name="y" value="57"/>
      </i>
      <i name="image" value="5000029.bewildered.1.png"/>
    </i>
    <i name="2">
      <i name="origin">
        <i name="x" value="22"/>
        <i name="y" value="58"/>
      </i>
      <i name="image" value="5000029.bewildered.2.png"/>
    </i>
    <i name="3">
      <i name="origin">
        <i name="x" value="22"/>
        <i name="y" value="57"/>
      </i>
      <i name="image" value="5000029.bewildered.3.png"/>
    </i>
    <i name="4">
      <i name="pointer" value="5000029/bewildered/0"/>
    </i>
    <i name="5">
      <i name="pointer" value="5000029/bewildered/1"/>
    </i>
    <i name="6">
      <i name="pointer" value="5000029/bewildered/2"/>
    </i>
    <i name="7">
      <i name="pointer" value="5000029/bewildered/3"/>
    </i>
    <i name="8">
      <i name="pointer" value="5000029/bewildered/0"/>
    </i>
    <i name="9">
      <i name="pointer" value="5000029/bewildered/1"/>
    </i>
    <i name="10">
      <i name="pointer" value="5000029/bewildered/2"/>
    </i>
    <i name="11">
      <i name="pointer" value="5000029/bewildered/3"/>
    </i>
  </i>
  <i name="cry">
    <i name="0">
      <i name="origin">
        <i name="x" value="21"/>
        <i name="y" value="61"/>
      </i>
      <i name="image" value="5000029.cry.0.png"/>
    </i>
    <i name="1">
      <i name="origin">
        <i name="x" value="21"/>
        <i name="y" value="62"/>
      </i>
      <i name="image" value="5000029.cry.1.png"/>
    </i>
    <i name="2">
      <i name="origin">
        <i name="x" value="21"/>
        <i name="y" value="63"/>
      </i>
      <i name="image" value="5000029.cry.2.png"/>
    </i>
    <i name="3">
      <i name="origin">
        <i name="x" value="21"/>
        <i name="y" value="62"/>
      </i>
      <i name="image" value="5000029.cry.3.png"/>
    </i>
    <i name="4">
      <i name="pointer" value="5000029/cry/0"/>
    </i>
    <i name="5">
      <i name="pointer" value="5000029/cry/1"/>
    </i>
    <i name="6">
      <i name="pointer" value="5000029/cry/2"/>
    </i>
    <i name="7">
      <i name="pointer" value="5000029/cry/3"/>
    </i>
    <i name="8">
      <i name="pointer" value="5000029/cry/0"/>
    </i>
    <i name="9">
      <i name="pointer" value="5000029/cry/1"/>
    </i>
    <i name="10">
      <i name="pointer" value="5000029/cry/2"/>
    </i>
    <i name="11">
      <i name="pointer" value="5000029/cry/3"/>
    </i>
  </i>
  <i name="fly">
    <i name="0">
      <i name="origin">
        <i name="x" value="23"/>
        <i name="y" value="55"/>
      </i>
      <i name="image" value="5000029.fly.0.png"/>
    </i>
    <i name="1">
      <i name="origin">
        <i name="x" value="23"/>
        <i name="y" value="56"/>
      </i>
      <i name="image" value="5000029.fly.1.png"/>
    </i>
  </i>
  <i name="eat">
    <i name="0">
      <i name="origin">
        <i name="x" value="23"/>
        <i name="y" value="55"/>
      </i>
      <i name="image" value="5000029.eat.0.png"/>
    </i>
    <i name="1">
      <i name="origin">
        <i name="x" value="23"/>
        <i name="y" value="56"/>
      </i>
      <i name="image" value="5000029.eat.1.png"/>
    </i>
    <i name="2">
      <i name="origin">
        <i name="x" value="23"/>
        <i name="y" value="57"/>
      </i>
      <i name="image" value="5000029.eat.2.png"/>
    </i>
    <i name="3">
      <i name="origin">
        <i name="x" value="23"/>
        <i name="y" value="56"/>
      </i>
      <i name="image" value="5000029.eat.3.png"/>
    </i>
    <i name="4">
      <i name="pointer" value="5000029/eat/0"/>
    </i>
    <i name="5">
      <i name="pointer" value="5000029/eat/1"/>
    </i>
    <i name="6">
      <i name="pointer" value="5000029/eat/2"/>
    </i>
    <i name="7">
      <i name="pointer" value="5000029/eat/3"/>
    </i>
    <i name="8">
      <i name="pointer" value="5000029/eat/0"/>
    </i>
    <i name="9">
      <i name="pointer" value="5000029/eat/1"/>
    </i>
    <i name="10">
      <i name="pointer" value="5000029/eat/2"/>
    </i>
    <i name="11">
      <i name="pointer" value="5000029/eat/3"/>
    </i>
  </i>
  <i name="turn">
    <i name="0">
      <i name="origin">
        <i name="x" value="32"/>
        <i name="y" value="55"/>
      </i>
      <i name="image" value="5000029.turn.0.png"/>
    </i>
    <i name="1">
      <i name="origin">
        <i name="x" value="39"/>
        <i name="y" value="55"/>
      </i>
      <i name="image" value="5000029.turn.1.png"/>
    </i>
    <i name="2">
      <i name="origin">
        <i name="x" value="46"/>
        <i name="y" value="55"/>
      </i>
      <i name="image" value="5000029.turn.2.png"/>
    </i>
    <i name="3">
      <i name="origin">
        <i name="x" value="53"/>
        <i name="y" value="55"/>
      </i>
      <i name="image" value="5000029.turn.3.png"/>
    </i>
    <i name="4">
      <i name="origin">
        <i name="x" value="46"/>
        <i name="y" value="55"/>
      </i>
      <i name="image" value="5000029.turn.4.png"/>
    </i>
    <i name="5">
      <i name="origin">
        <i name="x" value="34"/>
        <i name="y" value="55"/>
      </i>
      <i name="image" value="5000029.turn.5.png"/>
    </i>
    <i name="6">
      <i name="origin">
        <i name="x" value="21"/>
        <i name="y" value="55"/>
      </i>
      <i name="image" value="5000029.turn.6.png"/>
    </i>
    <i name="7">
      <i name="origin">
        <i name="x" value="8"/>
        <i name="y" value="55"/>
      </i>
      <i name="image" value="5000029.turn.7.png"/>
    </i>
    <i name="8">
      <i name="origin">
        <i name="x" value="-5"/>
        <i name="y" value="55"/>
      </i>
      <i name="image" value="5000029.turn.8.png"/>
    </i>
    <i name="9">
      <i name="origin">
        <i name="x" value="-8"/>
        <i name="y" value="56"/>
      </i>
      <i name="image" value="5000029.turn.9.png"/>
    </i>
    <i name="10">
      <i name="origin">
        <i name="x" value="2"/>
        <i name="y" value="55"/>
      </i>
      <i name="image" value="5000029.turn.10.png"/>
    </i>
    <i name="11">
      <i name="origin">
        <i name="x" value="17"/>
        <i name="y" value="55"/>
      </i>
      <i name="image" value="5000029.turn.11.png"/>
    </i>
  </i>
  <i name="love">
    <i name="0">
      <i name="origin">
        <i name="x" value="23"/>
        <i name="y" value="54"/>
      </i>
      <i name="image" value="5000029.love.0.png"/>
    </i>
    <i name="1">
      <i name="origin">
        <i name="x" value="22"/>
        <i name="y" value="55"/>
      </i>
      <i name="image" value="5000029.love.1.png"/>
    </i>
    <i name="2">
      <i name="origin">
        <i name="x" value="21"/>
        <i name="y" value="56"/>
      </i>
      <i name="image" value="5000029.love.2.png"/>
    </i>
    <i name="3">
      <i name="origin">
        <i name="x" value="22"/>
        <i name="y" value="55"/>
      </i>
      <i name="image" value="5000029.love.3.png"/>
    </i>
    <i name="4">
      <i name="pointer" value="5000029/love/0"/>
    </i>
    <i name="5">
      <i name="pointer" value="5000029/love/1"/>
    </i>
    <i name="6">
      <i name="pointer" value="5000029/love/2"/>
    </i>
    <i name="7">
      <i name="pointer" value="5000029/love/3"/>
    </i>
    <i name="8">
      <i name="pointer" value="5000029/love/0"/>
    </i>
    <i name="9">
      <i name="pointer" value="5000029/love/1"/>
    </i>
    <i name="10">
      <i name="pointer" value="5000029/love/2"/>
    </i>
    <i name="11">
      <i name="pointer" value="5000029/love/3"/>
    </i>
    <i name="12">
      <i name="pointer" value="5000029/love/0"/>
    </i>
  </i>
  <i name="sleep">
    <i name="0">
      <i name="origin">
        <i name="x" value="20"/>
        <i name="y" value="60"/>
      </i>
      <i name="image" value="5000029.sleep.0.png"/>
    </i>
    <i name="1">
      <i name="origin">
        <i name="x" value="20"/>
        <i name="y" value="60"/>
      </i>
      <i name="image" value="5000029.sleep.1.png"/>
    </i>
    <i name="2">
      <i name="origin">
        <i name="x" value="20"/>
        <i name="y" value="61"/>
      </i>
      <i name="image" value="5000029.sleep.2.png"/>
    </i>
    <i name="3">
      <i name="origin">
        <i name="x" value="20"/>
        <i name="y" value="62"/>
      </i>
      <i name="image" value="5000029.sleep.3.png"/>
    </i>
    <i name="4">
      <i name="origin">
        <i name="x" value="20"/>
        <i name="y" value="61"/>
      </i>
      <i name="image" value="5000029.sleep.4.png"/>
    </i>
    <i name="5">
      <i name="pointer" value="5000029/sleep/0"/>
    </i>
    <i name="6">
      <i name="pointer" value="5000029/sleep/1"/>
    </i>
    <i name="7">
      <i name="pointer" value="5000029/sleep/2"/>
    </i>
    <i name="8">
      <i name="pointer" value="5000029/sleep/3"/>
    </i>
    <i name="9">
      <i name="pointer" value="5000029/sleep/4"/>
    </i>
    <i name="10">
      <i name="pointer" value="5000029/sleep/0"/>
    </i>
    <i name="11">
      <i name="pointer" value="5000029/sleep/1"/>
    </i>
    <i name="12">
      <i name="pointer" value="5000029/sleep/2"/>
    </i>
    <i name="13">
      <i name="pointer" value="5000029/sleep/3"/>
    </i>
    <i name="14">
      <i name="pointer" value="5000029/sleep/4"/>
    </i>
  </i>
  <i name="dung">
    <i name="0">
      <i name="origin">
        <i name="x" value="23"/>
        <i name="y" value="55"/>
      </i>
      <i name="image" value="5000029.dung.0.png"/>
    </i>
  </i>
  </i>
