  <i name="2211006">
  <i name="effect">
    <i name="0">
      <i name="origin">
        <i name="x" value="81"/>
        <i name="y" value="110"/>
      </i>
      <i name="delay" value="60"/>
      <i name="image" value="2211006.effect.0.png"/>
    </i>
    <i name="1">
      <i name="origin">
        <i name="x" value="84"/>
        <i name="y" value="116"/>
      </i>
      <i name="delay" value="60"/>
      <i name="image" value="2211006.effect.1.png"/>
    </i>
    <i name="2">
      <i name="origin">
        <i name="x" value="87"/>
        <i name="y" value="117"/>
      </i>
      <i name="delay" value="60"/>
      <i name="image" value="2211006.effect.2.png"/>
    </i>
    <i name="3">
      <i name="origin">
        <i name="x" value="63"/>
        <i name="y" value="114"/>
      </i>
      <i name="delay" value="60"/>
      <i name="image" value="2211006.effect.3.png"/>
    </i>
    <i name="4">
      <i name="origin">
        <i name="x" value="61"/>
        <i name="y" value="117"/>
      </i>
      <i name="delay" value="60"/>
      <i name="image" value="2211006.effect.4.png"/>
    </i>
    <i name="5">
      <i name="origin">
        <i name="x" value="66"/>
        <i name="y" value="119"/>
      </i>
      <i name="delay" value="60"/>
      <i name="image" value="2211006.effect.5.png"/>
    </i>
    <i name="6">
      <i name="origin">
        <i name="x" value="65"/>
        <i name="y" value="98"/>
      </i>
      <i name="delay" value="60"/>
      <i name="image" value="2211006.effect.6.png"/>
    </i>
    <i name="7">
      <i name="origin">
        <i name="x" value="64"/>
        <i name="y" value="90"/>
      </i>
      <i name="delay" value="60"/>
      <i name="image" value="2211006.effect.7.png"/>
    </i>
    <i name="8">
      <i name="origin">
        <i name="x" value="115"/>
        <i name="y" value="108"/>
      </i>
      <i name="delay" value="80"/>
      <i name="image" value="2211006.effect.8.png"/>
    </i>
    <i name="9">
      <i name="origin">
        <i name="x" value="119"/>
        <i name="y" value="108"/>
      </i>
      <i name="delay" value="80"/>
      <i name="image" value="2211006.effect.9.png"/>
    </i>
    <i name="10">
      <i name="origin">
        <i name="x" value="114"/>
        <i name="y" value="108"/>
      </i>
      <i name="delay" value="80"/>
      <i name="image" value="2211006.effect.10.png"/>
    </i>
    <i name="11">
      <i name="origin">
        <i name="x" value="113"/>
        <i name="y" value="108"/>
      </i>
      <i name="delay" value="90"/>
      <i name="image" value="2211006.effect.11.png"/>
    </i>
    <i name="12">
      <i name="origin">
        <i name="x" value="59"/>
        <i name="y" value="103"/>
      </i>
      <i name="delay" value="90"/>
      <i name="a0" value="255"/>
      <i name="a1" value="0"/>
      <i name="image" value="2211006.effect.12.png"/>
    </i>
  </i>
  <i name="ball">
    <i name="0">
      <i name="origin">
        <i name="x" value="40"/>
        <i name="y" value="17"/>
      </i>
      <i name="delay" value="100"/>
      <i name="image" value="2211006.ball.0.png"/>
    </i>
    <i name="1">
      <i name="origin">
        <i name="x" value="40"/>
        <i name="y" value="18"/>
      </i>
      <i name="delay" value="100"/>
      <i name="image" value="2211006.ball.1.png"/>
    </i>
    <i name="2">
      <i name="origin">
        <i name="x" value="40"/>
        <i name="y" value="16"/>
      </i>
      <i name="delay" value="100"/>
      <i name="image" value="2211006.ball.2.png"/>
    </i>
  </i>
  <i name="hit">
    <i name="0">
      <i name="0">
        <i name="origin">
          <i name="x" value="32"/>
          <i name="y" value="37"/>
        </i>
        <i name="delay" value="120"/>
        <i name="image" value="2211006.hit.0.0.png"/>
      </i>
      <i name="1">
        <i name="origin">
          <i name="x" value="33"/>
          <i name="y" value="37"/>
        </i>
        <i name="delay" value="120"/>
        <i name="image" value="2211006.hit.0.1.png"/>
      </i>
      <i name="2">
        <i name="origin">
          <i name="x" value="32"/>
          <i name="y" value="35"/>
        </i>
        <i name="delay" value="120"/>
        <i name="a0" value="255"/>
        <i name="a1" value="0"/>
        <i name="image" value="2211006.hit.0.2.png"/>
      </i>
    </i>
  </i>
  </i>
