  <i name="02061003">
  <i name="info">
    <i name="icon">
      <i name="origin">
        <i name="x" value="0"/>
        <i name="y" value="32"/>
      </i>
      <i name="image" value="02061003.info.icon.png"/>
    </i>
    <i name="iconRaw">
      <i name="origin">
        <i name="x" value="0"/>
        <i name="y" value="32"/>
      </i>
      <i name="image" value="02061003.info.iconRaw.png"/>
    </i>
    <i name="price" value="20"/>
    <i name="slotMax" value="1000"/>
    <i name="incPAD" value="4"/>
  </i>
  <i name="bullet">
    <i name="0">
      <i name="origin">
        <i name="x" value="22"/>
        <i name="y" value="7"/>
      </i>
      <i name="z" value="0"/>
      <i name="image" value="02061003.bullet.0.png"/>
    </i>
    <i name="1">
      <i name="origin">
        <i name="x" value="23"/>
        <i name="y" value="5"/>
      </i>
      <i name="z" value="0"/>
      <i name="image" value="02061003.bullet.1.png"/>
    </i>
  </i>
  </i>
