<i>
<s name="info"><f name="icon" ><p name="info"  image="info.icon.png"/></f><f name="iconRaw" ><p name="info"  origin_x="0" origin_y="35" image="info.iconRaw.png"/></f><p name="reqJob" v="0"/></s>
<s name="walk1"><f name="0" ><p name="40"  origin_x="25" origin_y="7" hand_x="20" hand_y="15" z="weapon" image="40.walk1.0.weapon.png"/></f><f name="1" ><p name="40"  origin_x="25" origin_y="7" hand_x="21" hand_y="25" z="weapon" image="40.walk1.1.weapon.png"/></f><f name="2" ><p name="pointer"  pointer="40/walk1/0/weapon"/></f><f name="3" ><p name="40"  origin_x="25" origin_y="7" hand_x="22" hand_y="9" z="weapon" image="40.walk1.3.weapon.png"/></f></s>
<s name="stand2"><f name="0" ><p name="40"  origin_x="25" origin_y="7" hand_x="-5" hand_y="32" z="weaponOverArm" image="40.stand2.0.weapon.png"/></f><f name="1" ><p name="pointer"  pointer="40/stand2/0/weapon"/></f><f name="2" ><p name="pointer"  pointer="40/stand2/0/weapon"/></f></s>
<s name="alert"><f name="0" ><p name="40"  origin_x="23" origin_y="10" hand_x="31" hand_y="23" handMove_x="22" handMove_y="19" z="weaponOverArm" image="40.alert.0.weapon.png"/></f><f name="1" ><p name="40"  origin_x="23" origin_y="10" hand_x="30" hand_y="23" handMove_x="20" handMove_y="20" z="weaponOverArm" image="40.alert.1.weapon.png"/></f><f name="2" ><p name="40"  origin_x="23" origin_y="10" hand_x="31" hand_y="22" handMove_x="18" handMove_y="21" z="weaponOverArm" image="40.alert.2.weapon.png"/></f></s>
<s name="swingT1"><f name="0" ><p name="40"  origin_x="11" origin_y="5" navel_x="-13" navel_y="49" z="weaponBelowArm" image="40.swingT1.0.weapon.png"/></f><f name="1" ><p name="40"  origin_x="11" origin_y="5" navel_x="14" navel_y="57" z="weaponBelowArm" image="40.swingT1.1.weapon.png"/></f><f name="2" ><p name="40"  origin_x="11" origin_y="5" navel_x="53" navel_y="-1" z="weaponBelowBody" image="40.swingT1.2.weapon.png"/></f></s>
<s name="swingT2"><f name="0" ><p name="40"  origin_x="11" origin_y="5" navel_x="-4" navel_y="38" z="weaponBelowBody" image="40.swingT2.0.weapon.png"/></f><f name="1" ><p name="40"  origin_x="11" origin_y="5" navel_x="36" navel_y="52" z="weaponOverBody" image="40.swingT2.1.weapon.png"/></f><f name="2" ><p name="40"  origin_x="11" origin_y="5" navel_x="33" navel_y="3" z="weaponOverBody" image="40.swingT2.2.weapon.png"/></f></s>
<s name="swingT3"><f name="0" ><p name="40"  origin_x="11" origin_y="5" navel_x="-7" navel_y="13" z="weaponOverBody" image="40.swingT3.0.weapon.png"/></f><f name="1" ><p name="40"  origin_x="11" origin_y="5" navel_x="-8" navel_y="3" z="weaponOverBody" image="40.swingT3.1.weapon.png"/></f><f name="2" ><p name="40"  origin_x="11" origin_y="5" navel_x="48" navel_y="67" z="weaponBelowBody" image="40.swingT3.2.weapon.png"/></f></s>
<s name="swingTF"><f name="0" ><p name="40"  origin_x="11" origin_y="5" navel_x="33" navel_y="66" z="backWeapon" image="40.swingTF.0.weapon.png"/></f><f name="1" ><p name="40"  origin_x="11" origin_y="5" navel_x="2" navel_y="63" z="weaponBelowBody" image="40.swingTF.1.weapon.png"/></f><f name="2" ><p name="40"  origin_x="11" origin_y="5" navel_x="4" navel_y="67" z="weaponBelowArm" image="40.swingTF.2.weapon.png"/></f><f name="3" ><p name="40"  origin_x="11" origin_y="5" navel_x="47" navel_y="5" z="weaponBelowBody" image="40.swingTF.3.weapon.png"/></f></s>
<s name="stabO1"><f name="0" ><p name="40"  origin_x="12" origin_y="5" navel_x="19" navel_y="13" z="weapon" image="40.stabO1.0.weapon.png"/></f><f name="1" ><p name="40"  origin_x="12" origin_y="5" navel_x="58" navel_y="22" z="weapon" image="40.stabO1.1.weapon.png"/></f></s>
<s name="stabO2"><f name="0" ><p name="40"  origin_x="12" origin_y="5" navel_x="24" navel_y="26" z="weaponBelowArm" image="40.stabO2.0.weapon.png"/></f><f name="1" ><p name="40"  origin_x="12" origin_y="5" navel_x="59" navel_y="22" z="weaponBelowArm" image="40.stabO2.1.weapon.png"/></f></s>
<s name="stabOF"><f name="0" ><p name="40"  origin_x="12" origin_y="5" navel_x="25" navel_y="15" z="weaponBelowArm" image="40.stabOF.0.weapon.png"/></f><f name="1" ><p name="40"  origin_x="12" origin_y="5" navel_x="26" navel_y="14" z="weaponBelowArm" image="40.stabOF.1.weapon.png"/></f><f name="2" ><p name="40"  origin_x="12" origin_y="5" navel_x="58" navel_y="21" z="weapon" image="40.stabOF.2.weapon.png"/></f></s>
<s name="proneStab"><f name="0" ><p name="40"  origin_x="5" origin_y="3" navel_x="52" navel_y="18" z="weaponBelowArm" image="40.proneStab.0.weapon.png"/></f><f name="1" ><p name="40"  origin_x="5" origin_y="3" navel_x="61" navel_y="19" z="weaponBelowArm" image="40.proneStab.1.weapon.png"/></f></s>
<s name="prone"><f name="0" ><p name="pointer"  pointer="40/proneStab/0/weapon"/></f></s>
<s name="fly"><f name="0" ><p name="40"  origin_x="13" origin_y="5" navel_x="-8" navel_y="52" z="weaponOverArm" image="40.fly.0.weapon.png"/></f><f name="1" ><p name="pointer"  pointer="40/fly/0/weapon"/></f></s>
<s name="jump"><f name="0" ><p name="40"  origin_x="13" origin_y="5" navel_x="-9" navel_y="51" z="weaponOverArm" image="40.jump.0.weapon.png"/></f></s>
<s name="ladder"><f name="0" ><p name="40"  origin_x="12" origin_y="5" navel_x="18" navel_y="28" z="backWeaponOverShield" image="40.ladder.0.weapon.png"/></f><f name="1" ><p name="40"  origin_x="12" origin_y="5" navel_x="17" navel_y="28" z="backWeaponOverShield" image="40.ladder.1.weapon.png"/></f></s>
<s name="rope"><f name="0" ><p name="40"  origin_x="12" origin_y="5" navel_x="18" navel_y="25" z="backWeaponOverShield" image="40.rope.0.weapon.png"/></f><f name="1" ><p name="40"  origin_x="12" origin_y="5" navel_x="16" navel_y="25" z="backWeaponOverShield" image="40.rope.1.weapon.png"/></f></s>
</i>
