  <i name="2111006">
  <i name="effect">
    <i name="0">
      <i name="origin">
        <i name="x" value="82"/>
        <i name="y" value="101"/>
      </i>
      <i name="delay" value="60"/>
      <i name="image" value="2111006.effect.0.png"/>
    </i>
    <i name="1">
      <i name="origin">
        <i name="x" value="86"/>
        <i name="y" value="106"/>
      </i>
      <i name="delay" value="60"/>
      <i name="image" value="2111006.effect.1.png"/>
    </i>
    <i name="2">
      <i name="origin">
        <i name="x" value="90"/>
        <i name="y" value="107"/>
      </i>
      <i name="delay" value="60"/>
      <i name="image" value="2111006.effect.2.png"/>
    </i>
    <i name="3">
      <i name="origin">
        <i name="x" value="75"/>
        <i name="y" value="100"/>
      </i>
      <i name="delay" value="60"/>
      <i name="image" value="2111006.effect.3.png"/>
    </i>
    <i name="4">
      <i name="origin">
        <i name="x" value="75"/>
        <i name="y" value="105"/>
      </i>
      <i name="delay" value="60"/>
      <i name="image" value="2111006.effect.4.png"/>
    </i>
    <i name="5">
      <i name="origin">
        <i name="x" value="75"/>
        <i name="y" value="108"/>
      </i>
      <i name="delay" value="60"/>
      <i name="image" value="2111006.effect.5.png"/>
    </i>
    <i name="6">
      <i name="origin">
        <i name="x" value="73"/>
        <i name="y" value="96"/>
      </i>
      <i name="delay" value="60"/>
      <i name="image" value="2111006.effect.6.png"/>
    </i>
    <i name="7">
      <i name="origin">
        <i name="x" value="70"/>
        <i name="y" value="93"/>
      </i>
      <i name="delay" value="60"/>
      <i name="image" value="2111006.effect.7.png"/>
    </i>
    <i name="8">
      <i name="origin">
        <i name="x" value="115"/>
        <i name="y" value="124"/>
      </i>
      <i name="delay" value="80"/>
      <i name="image" value="2111006.effect.8.png"/>
    </i>
    <i name="9">
      <i name="origin">
        <i name="x" value="115"/>
        <i name="y" value="124"/>
      </i>
      <i name="delay" value="80"/>
      <i name="image" value="2111006.effect.9.png"/>
    </i>
    <i name="10">
      <i name="origin">
        <i name="x" value="115"/>
        <i name="y" value="124"/>
      </i>
      <i name="delay" value="80"/>
      <i name="image" value="2111006.effect.10.png"/>
    </i>
    <i name="11">
      <i name="origin">
        <i name="x" value="115"/>
        <i name="y" value="124"/>
      </i>
      <i name="delay" value="90"/>
      <i name="image" value="2111006.effect.11.png"/>
    </i>
    <i name="12">
      <i name="origin">
        <i name="x" value="48"/>
        <i name="y" value="100"/>
      </i>
      <i name="delay" value="90"/>
      <i name="a0" value="255"/>
      <i name="a1" value="0"/>
      <i name="image" value="2111006.effect.12.png"/>
    </i>
  </i>
  <i name="ball">
    <i name="0">
      <i name="origin">
        <i name="x" value="40"/>
        <i name="y" value="17"/>
      </i>
      <i name="delay" value="100"/>
      <i name="image" value="2111006.ball.0.png"/>
    </i>
    <i name="1">
      <i name="origin">
        <i name="x" value="40"/>
        <i name="y" value="18"/>
      </i>
      <i name="delay" value="100"/>
      <i name="image" value="2111006.ball.1.png"/>
    </i>
    <i name="2">
      <i name="origin">
        <i name="x" value="40"/>
        <i name="y" value="16"/>
      </i>
      <i name="delay" value="100"/>
      <i name="image" value="2111006.ball.2.png"/>
    </i>
  </i>
  <i name="hit">
    <i name="0">
      <i name="0">
        <i name="origin">
          <i name="x" value="32"/>
          <i name="y" value="37"/>
        </i>
        <i name="delay" value="120"/>
        <i name="image" value="2111006.hit.0.0.png"/>
      </i>
      <i name="1">
        <i name="origin">
          <i name="x" value="32"/>
          <i name="y" value="37"/>
        </i>
        <i name="delay" value="120"/>
        <i name="image" value="2111006.hit.0.1.png"/>
      </i>
      <i name="2">
        <i name="origin">
          <i name="x" value="33"/>
          <i name="y" value="35"/>
        </i>
        <i name="delay" value="120"/>
        <i name="a0" value="255"/>
        <i name="a1" value="0"/>
        <i name="image" value="2111006.hit.0.2.png"/>
      </i>
    </i>
  </i>
  <i name="mob">
    <i name="0">
      <i name="origin">
        <i name="x" value="13"/>
        <i name="y" value="18"/>
      </i>
      <i name="delay" value="70"/>
      <i name="image" value="2111006.mob.0.png"/>
    </i>
    <i name="1">
      <i name="origin">
        <i name="x" value="14"/>
        <i name="y" value="18"/>
      </i>
      <i name="delay" value="70"/>
      <i name="image" value="2111006.mob.1.png"/>
    </i>
    <i name="2">
      <i name="origin">
        <i name="x" value="17"/>
        <i name="y" value="20"/>
      </i>
      <i name="delay" value="70"/>
      <i name="image" value="2111006.mob.2.png"/>
    </i>
    <i name="3">
      <i name="origin">
        <i name="x" value="19"/>
        <i name="y" value="20"/>
      </i>
      <i name="delay" value="70"/>
      <i name="image" value="2111006.mob.3.png"/>
    </i>
    <i name="4">
      <i name="origin">
        <i name="x" value="16"/>
        <i name="y" value="18"/>
      </i>
      <i name="delay" value="70"/>
      <i name="image" value="2111006.mob.4.png"/>
    </i>
  </i>
  </i>
