  <i name="4120002">
  <i name="special">
    <i name="0">
      <i name="origin">
        <i name="x" value="33"/>
        <i name="y" value="62"/>
      </i>
      <i name="delay" value="120"/>
      <i name="image" value="4120002.special.0.png"/>
    </i>
    <i name="1">
      <i name="origin">
        <i name="x" value="33"/>
        <i name="y" value="62"/>
      </i>
      <i name="delay" value="120"/>
      <i name="image" value="4120002.special.1.png"/>
    </i>
    <i name="2">
      <i name="origin">
        <i name="x" value="33"/>
        <i name="y" value="62"/>
      </i>
      <i name="delay" value="120"/>
      <i name="image" value="4120002.special.2.png"/>
    </i>
    <i name="3">
      <i name="origin">
        <i name="x" value="33"/>
        <i name="y" value="62"/>
      </i>
      <i name="delay" value="120"/>
      <i name="image" value="4120002.special.3.png"/>
    </i>
    <i name="4">
      <i name="origin">
        <i name="x" value="33"/>
        <i name="y" value="62"/>
      </i>
      <i name="delay" value="120"/>
      <i name="image" value="4120002.special.4.png"/>
    </i>
    <i name="5">
      <i name="origin">
        <i name="x" value="21"/>
        <i name="y" value="53"/>
      </i>
      <i name="delay" value="120"/>
      <i name="image" value="4120002.special.5.png"/>
    </i>
    <i name="6">
      <i name="origin">
        <i name="x" value="8"/>
        <i name="y" value="28"/>
      </i>
      <i name="delay" value="120"/>
      <i name="image" value="4120002.special.6.png"/>
    </i>
    <i name="7">
      <i name="origin">
        <i name="x" value="12"/>
        <i name="y" value="27"/>
      </i>
      <i name="delay" value="120"/>
      <i name="image" value="4120002.special.7.png"/>
    </i>
    <i name="8">
      <i name="origin">
        <i name="x" value="14"/>
        <i name="y" value="26"/>
      </i>
      <i name="delay" value="120"/>
      <i name="image" value="4120002.special.8.png"/>
    </i>
    <i name="9">
      <i name="origin">
        <i name="x" value="15"/>
        <i name="y" value="25"/>
      </i>
      <i name="delay" value="120"/>
      <i name="image" value="4120002.special.9.png"/>
    </i>
    <i name="10">
      <i name="origin">
        <i name="x" value="16"/>
        <i name="y" value="17"/>
      </i>
      <i name="delay" value="120"/>
      <i name="image" value="4120002.special.10.png"/>
    </i>
  </i>
  </i>
