<i>
  <s name="info">
    <f name="icon">
      <p name="info"  image="info.icon.png"/>
    </f>
    <f name="iconRaw">
      <p name="info"  origin_x="-1" origin_y="31" image="info.iconRaw.png"/>
    </f>
    <p name="reqJob" v="8"/>
  </s>
  <s name="walk1">
    <f name="0">
      <p name="walk1"  origin_x="25" origin_y="7" hand_x="-15" hand_y="21" z="weaponOverArmBelowHead" image="walk1.0.weapon.png"/>
    </f>
    <f name="1">
      <p name="walk1"  origin_x="25" origin_y="7" hand_x="-16" hand_y="9" z="weaponOverArmBelowHead" image="walk1.1.weapon.png"/>
    </f>
    <f name="2">
      <p name="pointer"  pointer="walk1/0/weapon"/>
    </f>
    <f name="3">
      <p name="walk1"  origin_x="25" origin_y="7" hand_x="-14" hand_y="22" z="weaponOverArmBelowHead" image="walk1.3.weapon.png"/>
    </f>
  </s>
  <s name="stand1">
    <f name="0">
      <p name="stand1"  origin_x="25" origin_y="7" hand_x="-15" hand_y="20" z="weaponOverArmBelowHead" image="stand1.0.weapon.png"/>
    </f>
    <f name="1">
      <p name="pointer"  pointer="stand1/0/weapon"/>
    </f>
    <f name="2">
      <p name="pointer"  pointer="stand1/0/weapon"/>
    </f>
  </s>
  <s name="alert">
    <f name="0">
      <p name="alert"  origin_x="23" origin_y="10" hand_x="-11" hand_y="7" z="weaponOverHand" image="alert.0.weapon.png"/>
    </f>
    <f name="1">
      <p name="alert"  origin_x="23" origin_y="10" hand_x="-12" hand_y="6" z="weaponOverHand" image="alert.1.weapon.png"/>
    </f>
    <f name="2">
      <p name="alert"  origin_x="23" origin_y="10" hand_x="-11" hand_y="5" z="weaponOverHand" image="alert.2.weapon.png"/>
    </f>
  </s>
  <s name="swingO1">
    <f name="1">
      <p name="swingO1"  origin_x="11" origin_y="5" navel_x="7" navel_y="23" z="weaponBelowBody" image="swingO1.1.weapon.png"/>
    </f>
    <f name="2">
      <p name="swingO1"  origin_x="11" origin_y="5" navel_x="-6" navel_y="32" z="weaponOverArmBelowHead" image="swingO1.2.weapon.png"/>
    </f>
  </s>
  <s name="swingO2">
    <f name="1">
      <p name="swingO2"  origin_x="12" origin_y="5" navel_x="26" navel_y="15" z="weaponBelowBody" image="swingO2.1.weapon.png"/>
    </f>
    <f name="2">
      <p name="swingO2"  origin_x="12" origin_y="5" navel_x="-15" navel_y="18" z="weaponOverArmBelowHead" image="swingO2.2.weapon.png"/>
    </f>
  </s>
  <s name="swingO3">
    <f name="0">
      <p name="swingO3"  origin_x="12" origin_y="5" navel_x="-7" navel_y="25" z="weaponBelowBody" image="swingO3.0.weapon.png"/>
    </f>
    <f name="1">
      <p name="swingO3"  origin_x="12" origin_y="5" navel_x="33" navel_y="2" z="weaponOverBody" image="swingO3.1.weapon.png"/>
    </f>
  </s>
  <s name="swingOF">
    <f name="0">
      <p name="swingOF"  origin_x="12" origin_y="5" navel_x="-16" navel_y="27" z="weaponOverArmBelowHead" image="swingOF.0.weapon.png"/>
    </f>
    <f name="3">
      <p name="swingOF"  origin_x="12" origin_y="5" navel_x="-16" navel_y="18" z="weaponBelowBody" image="swingOF.3.weapon.png"/>
    </f>
  </s>
  <s name="stabO1">
    <f name="0">
      <p name="stabO1"  origin_x="12" origin_y="5" navel_x="-16" navel_y="20" z="weaponOverArmBelowHead" image="stabO1.0.weapon.png"/>
    </f>
    <f name="1">
      <p name="stabO1"  origin_x="12" origin_y="5" navel_x="40" navel_y="5" z="weaponOverArmBelowHead" image="stabO1.1.weapon.png"/>
    </f>
  </s>
  <s name="stabO2">
    <f name="0">
      <p name="stabO2"  origin_x="12" origin_y="5" navel_x="-8" navel_y="17" z="weaponBelowArm" image="stabO2.0.weapon.png"/>
    </f>
    <f name="1">
      <p name="stabO2"  origin_x="12" origin_y="5" navel_x="37" navel_y="4" z="weaponOverArmBelowHead" image="stabO2.1.weapon.png"/>
    </f>
  </s>
  <s name="stabOF">
    <f name="0">
      <p name="stabOF"  origin_x="12" origin_y="5" navel_x="-9" navel_y="24" z="weaponOverArmBelowHead" image="stabOF.0.weapon.png"/>
    </f>
    <f name="1">
      <p name="stabOF"  origin_x="12" origin_y="5" navel_x="-13" navel_y="21" z="weaponOverArmBelowHead" image="stabOF.1.weapon.png"/>
    </f>
    <f name="2">
      <p name="stabOF"  origin_x="12" origin_y="5" navel_x="40" navel_y="4" z="weaponOverArmBelowHead" image="stabOF.2.weapon.png"/>
    </f>
  </s>
  <s name="proneStab">
    <f name="0">
      <p name="proneStab"  origin_x="5" origin_y="3" navel_x="29" navel_y="1" z="weaponBelowArm" image="proneStab.0.weapon.png"/>
    </f>
    <f name="1">
      <p name="proneStab"  origin_x="5" origin_y="3" navel_x="46" navel_y="1" z="weaponBelowArm" image="proneStab.1.weapon.png"/>
    </f>
  </s>
  <s name="prone">
    <f name="0">
      <p name="pointer"  pointer="proneStab/0/weapon"/>
    </f>
  </s>
  <s name="heal">
    <f name="0">
      <p name="pointer"  pointer="alert/1/weapon"/>
    </f>
    <f name="1">
      <p name="pointer"  pointer="swingO2/1/weapon"/>
    </f>
    <f name="2">
      <p name="pointer"  pointer="swingO2/0/weapon"/>
    </f>
  </s>
  <s name="fly">
    <f name="0">
      <p name="fly"  origin_x="13" origin_y="5" navel_x="0" navel_y="13" z="weaponOverArm" image="fly.0.weapon.png"/>
    </f>
    <f name="1">
      <p name="pointer"  pointer="fly/0/weapon"/>
    </f>
  </s>
  <s name="jump">
    <f name="0">
      <p name="jump"  origin_x="13" origin_y="5" navel_x="-1" navel_y="12" z="weaponOverArm" image="jump.0.weapon.png"/>
    </f>
  </s>
</i>
