<i name="5000012">
<i name="stand0">
<i name="0">
<i name="origin">
<i name="x" value="9"/>
<i name="y" value="54"/>
</i>
<i name="image" value="5000012.stand0.0.png"/>
</i>
<i name="1">
<i name="pointer" value="5000012/stand0/0"/>
</i>
<i name="2">
<i name="pointer" value="5000012/stand0/0"/>
</i>
<i name="3">
<i name="pointer" value="5000012/stand0/0"/>
</i>
</i>
<i name="stand1">
<i name="0">
<i name="origin">
<i name="x" value="9"/>
<i name="y" value="54"/>
</i>
<i name="image" value="5000012.stand1.0.png"/>
</i>
<i name="1">
<i name="pointer" value="5000012/stand1/0"/>
</i>
<i name="2">
<i name="pointer" value="5000012/stand1/0"/>
</i>
<i name="3">
<i name="pointer" value="5000012/stand1/0"/>
</i>
<i name="4">
<i name="pointer" value="5000012/stand1/0"/>
</i>
<i name="5">
<i name="pointer" value="5000012/stand1/0"/>
</i>
<i name="6">
<i name="pointer" value="5000012/stand1/0"/>
</i>
<i name="7">
<i name="pointer" value="5000012/stand1/0"/>
</i>
</i>
<i name="wait">
<i name="0">
<i name="origin">
<i name="x" value="9"/>
<i name="y" value="54"/>
</i>
<i name="image" value="5000012.wait.0.png"/>
</i>
<i name="1">
<i name="pointer" value="5000012/wait/0"/>
</i>
</i>
<i name="stretch">
<i name="0">
<i name="origin">
<i name="x" value="9"/>
<i name="y" value="54"/>
</i>
<i name="image" value="5000012.stretch.0.png"/>
</i>
<i name="1">
<i name="origin">
<i name="x" value="11"/>
<i name="y" value="49"/>
</i>
<i name="image" value="5000012.stretch.1.png"/>
</i>
<i name="2">
<i name="origin">
<i name="x" value="11"/>
<i name="y" value="50"/>
</i>
<i name="image" value="5000012.stretch.2.png"/>
</i>
<i name="3">
<i name="origin">
<i name="x" value="11"/>
<i name="y" value="50"/>
</i>
<i name="image" value="5000012.stretch.3.png"/>
</i>
</i>
<i name="dung">
<i name="0">
<i name="origin">
<i name="x" value="5"/>
<i name="y" value="58"/>
</i>
<i name="image" value="5000012.dung.0.png"/>
</i>
<i name="1">
<i name="pointer" value="5000012/dung/0"/>
</i>
<i name="2">
<i name="pointer" value="5000012/dung/0"/>
</i>
</i>
<i name="sad">
<i name="0">
<i name="origin">
<i name="x" value="19"/>
<i name="y" value="48"/>
</i>
<i name="image" value="5000012.sad.0.png"/>
</i>
</i>
<i name="stunned">
<i name="0">
<i name="origin">
<i name="x" value="9"/>
<i name="y" value="54"/>
</i>
<i name="image" value="5000012.stunned.0.png"/>
</i>
<i name="1">
<i name="origin">
<i name="x" value="9"/>
<i name="y" value="54"/>
</i>
<i name="image" value="5000012.stunned.1.png"/>
</i>
<i name="2">
<i name="origin">
<i name="x" value="9"/>
<i name="y" value="54"/>
</i>
<i name="image" value="5000012.stunned.2.png"/>
</i>
<i name="3">
<i name="origin">
<i name="x" value="9"/>
<i name="y" value="54"/>
</i>
<i name="image" value="5000012.stunned.3.png"/>
</i>
</i>
<i name="angry">
<i name="0">
<i name="origin">
<i name="x" value="11"/>
<i name="y" value="50"/>
</i>
<i name="image" value="5000012.angry.0.png"/>
</i>
<i name="1">
<i name="pointer" value="5000012/angry/0"/>
</i>
</i>
<i name="no">
<i name="0">
<i name="origin">
<i name="x" value="7"/>
<i name="y" value="55"/>
</i>
<i name="image" value="5000012.no.0.png"/>
</i>
</i>
<i name="cry">
<i name="0">
<i name="origin">
<i name="x" value="19"/>
<i name="y" value="48"/>
</i>
<i name="image" value="5000012.cry.0.png"/>
</i>
<i name="1">
<i name="pointer" value="5000012/cry/0"/>
</i>
<i name="2">
<i name="pointer" value="5000012/cry/0"/>
</i>
<i name="3">
<i name="pointer" value="5000012/cry/0"/>
</i>
<i name="4">
<i name="pointer" value="5000012/cry/0"/>
</i>
<i name="5">
<i name="pointer" value="5000012/cry/0"/>
</i>
<i name="6">
<i name="pointer" value="5000012/cry/0"/>
</i>
</i>
<i name="love">
<i name="0">
<i name="origin">
<i name="x" value="13"/>
<i name="y" value="53"/>
</i>
<i name="image" value="5000012.love.0.png"/>
</i>
</i>
<i name="chat">
<i name="0">
<i name="origin">
<i name="x" value="9"/>
<i name="y" value="54"/>
</i>
<i name="image" value="5000012.chat.0.png"/>
</i>
<i name="1">
<i name="pointer" value="5000012/chat/0"/>
</i>
<i name="2">
<i name="pointer" value="5000012/chat/0"/>
</i>
<i name="3">
<i name="pointer" value="5000012/chat/0"/>
</i>
<i name="4">
<i name="pointer" value="5000012/chat/0"/>
</i>
<i name="5">
<i name="pointer" value="5000012/chat/0"/>
</i>
<i name="6">
<i name="pointer" value="5000012/chat/0"/>
</i>
<i name="7">
<i name="pointer" value="5000012/chat/0"/>
</i>
<i name="8">
<i name="pointer" value="5000012/chat/0"/>
</i>
<i name="9">
<i name="pointer" value="5000012/chat/0"/>
</i>
<i name="10">
<i name="pointer" value="5000012/chat/0"/>
</i>
</i>
<i name="rest0">
<i name="0">
<i name="origin">
<i name="x" value="9"/>
<i name="y" value="54"/>
</i>
<i name="image" value="5000012.rest0.0.png"/>
</i>
<i name="1">
<i name="pointer" value="5000012/rest0/0"/>
</i>
</i>
<i name="hang">
<i name="0">
<i name="origin">
<i name="x" value="8"/>
<i name="y" value="78"/>
</i>
<i name="image" value="5000012.hang.0.png"/>
</i>
</i>
<i name="fly">
<i name="0">
<i name="origin">
<i name="x" value="12"/>
<i name="y" value="55"/>
</i>
<i name="image" value="5000012.fly.0.png"/>
</i>
<i name="1">
<i name="origin">
<i name="x" value="13"/>
<i name="y" value="55"/>
</i>
<i name="image" value="5000012.fly.1.png"/>
</i>
</i>
<i name="hungry">
<i name="0">
<i name="origin">
<i name="x" value="13"/>
<i name="y" value="51"/>
</i>
<i name="image" value="5000012.hungry.0.png"/>
</i>
</i>
<i name="jump">
<i name="0">
<i name="origin">
<i name="x" value="11"/>
<i name="y" value="56"/>
</i>
<i name="image" value="5000012.jump.0.png"/>
</i>
</i>
<i name="alert">
<i name="0">
<i name="origin">
<i name="x" value="9"/>
<i name="y" value="48"/>
</i>
<i name="image" value="5000012.alert.0.png"/>
</i>
</i>
<i name="move">
<i name="0">
<i name="origin">
<i name="x" value="12"/>
<i name="y" value="56"/>
</i>
<i name="image" value="5000012.move.0.png"/>
</i>
<i name="1">
<i name="origin">
<i name="x" value="13"/>
<i name="y" value="54"/>
</i>
<i name="image" value="5000012.move.1.png"/>
</i>
<i name="2">
<i name="origin">
<i name="x" value="13"/>
<i name="y" value="55"/>
</i>
<i name="image" value="5000012.move.2.png"/>
</i>
</i>
</i>