  <i name="2121003">
  <i name="effect">
    <i name="0">
      <i name="origin">
        <i name="x" value="135"/>
        <i name="y" value="117"/>
      </i>
      <i name="delay" value="100"/>
      <i name="image" value="2121003.effect.0.png"/>
    </i>
    <i name="1">
      <i name="origin">
        <i name="x" value="210"/>
        <i name="y" value="138"/>
      </i>
      <i name="delay" value="100"/>
      <i name="image" value="2121003.effect.1.png"/>
    </i>
    <i name="2">
      <i name="origin">
        <i name="x" value="206"/>
        <i name="y" value="132"/>
      </i>
      <i name="delay" value="100"/>
      <i name="image" value="2121003.effect.2.png"/>
    </i>
    <i name="3">
      <i name="origin">
        <i name="x" value="200"/>
        <i name="y" value="131"/>
      </i>
      <i name="delay" value="100"/>
      <i name="image" value="2121003.effect.3.png"/>
    </i>
    <i name="4">
      <i name="origin">
        <i name="x" value="188"/>
        <i name="y" value="125"/>
      </i>
      <i name="delay" value="100"/>
      <i name="image" value="2121003.effect.4.png"/>
    </i>
    <i name="5">
      <i name="origin">
        <i name="x" value="169"/>
        <i name="y" value="116"/>
      </i>
      <i name="delay" value="100"/>
      <i name="image" value="2121003.effect.5.png"/>
    </i>
    <i name="6">
      <i name="origin">
        <i name="x" value="164"/>
        <i name="y" value="133"/>
      </i>
      <i name="delay" value="100"/>
      <i name="image" value="2121003.effect.6.png"/>
    </i>
    <i name="7">
      <i name="origin">
        <i name="x" value="166"/>
        <i name="y" value="133"/>
      </i>
      <i name="delay" value="100"/>
      <i name="image" value="2121003.effect.7.png"/>
    </i>
    <i name="8">
      <i name="origin">
        <i name="x" value="166"/>
        <i name="y" value="134"/>
      </i>
      <i name="delay" value="100"/>
      <i name="image" value="2121003.effect.8.png"/>
    </i>
    <i name="9">
      <i name="origin">
        <i name="x" value="191"/>
        <i name="y" value="137"/>
      </i>
      <i name="delay" value="100"/>
      <i name="image" value="2121003.effect.9.png"/>
    </i>
    <i name="10">
      <i name="origin">
        <i name="x" value="217"/>
        <i name="y" value="134"/>
      </i>
      <i name="delay" value="100"/>
      <i name="image" value="2121003.effect.10.png"/>
    </i>
    <i name="11">
      <i name="origin">
        <i name="x" value="246"/>
        <i name="y" value="132"/>
      </i>
      <i name="delay" value="100"/>
      <i name="image" value="2121003.effect.11.png"/>
    </i>
    <i name="12">
      <i name="origin">
        <i name="x" value="246"/>
        <i name="y" value="131"/>
      </i>
      <i name="delay" value="100"/>
      <i name="image" value="2121003.effect.12.png"/>
    </i>
    <i name="13">
      <i name="origin">
        <i name="x" value="244"/>
        <i name="y" value="113"/>
      </i>
      <i name="delay" value="100"/>
      <i name="image" value="2121003.effect.13.png"/>
    </i>
    <i name="14">
      <i name="origin">
        <i name="x" value="216"/>
        <i name="y" value="107"/>
      </i>
      <i name="delay" value="100"/>
      <i name="image" value="2121003.effect.14.png"/>
    </i>
    <i name="15">
      <i name="origin">
        <i name="x" value="216"/>
        <i name="y" value="68"/>
      </i>
      <i name="delay" value="100"/>
      <i name="image" value="2121003.effect.15.png"/>
    </i>
    <i name="16">
      <i name="origin">
        <i name="x" value="216"/>
        <i name="y" value="68"/>
      </i>
      <i name="delay" value="100"/>
      <i name="image" value="2121003.effect.16.png"/>
    </i>
  </i>
  <i name="hit">
    <i name="0">
      <i name="0">
        <i name="origin">
          <i name="x" value="45"/>
          <i name="y" value="87"/>
        </i>
        <i name="delay" value="100"/>
        <i name="image" value="2121003.hit.0.0.png"/>
      </i>
      <i name="1">
        <i name="origin">
          <i name="x" value="50"/>
          <i name="y" value="87"/>
        </i>
        <i name="delay" value="100"/>
        <i name="image" value="2121003.hit.0.1.png"/>
      </i>
      <i name="2">
        <i name="origin">
          <i name="x" value="52"/>
          <i name="y" value="89"/>
        </i>
        <i name="delay" value="100"/>
        <i name="image" value="2121003.hit.0.2.png"/>
      </i>
      <i name="3">
        <i name="origin">
          <i name="x" value="53"/>
          <i name="y" value="91"/>
        </i>
        <i name="delay" value="100"/>
        <i name="image" value="2121003.hit.0.3.png"/>
      </i>
    </i>
  </i>
  <i name="ball">
    <i name="0">
      <i name="origin">
        <i name="x" value="78"/>
        <i name="y" value="44"/>
      </i>
      <i name="delay" value="100"/>
      <i name="image" value="2121003.ball.0.png"/>
    </i>
    <i name="1">
      <i name="origin">
        <i name="x" value="78"/>
        <i name="y" value="44"/>
      </i>
      <i name="delay" value="100"/>
      <i name="image" value="2121003.ball.1.png"/>
    </i>
    <i name="2">
      <i name="origin">
        <i name="x" value="78"/>
        <i name="y" value="44"/>
      </i>
      <i name="delay" value="100"/>
      <i name="image" value="2121003.ball.2.png"/>
    </i>
    <i name="3">
      <i name="origin">
        <i name="x" value="78"/>
        <i name="y" value="44"/>
      </i>
      <i name="delay" value="100"/>
      <i name="image" value="2121003.ball.3.png"/>
    </i>
  </i>
  </i>
