<i>
<s name="walk1"><f name="0" ><p name="walk1"  origin_x="82" origin_y="17" hand_x="0" hand_y="0" z="weapon" image="walk1.0.weapon.png"/></f><f name="1" ><p name="walk1"  origin_x="78" origin_y="31" hand_x="0" hand_y="0" z="weapon" image="walk1.1.weapon.png"/></f><f name="2" ><p name="pointer"  pointer="walk1/0/weapon"/></f><f name="3" ><p name="walk1"  origin_x="70" origin_y="15" hand_x="0" hand_y="0" z="weapon" image="walk1.3.weapon.png"/></f></s>
<s name="stand2"><f name="0" ><p name="stand2"  origin_x="22" origin_y="77" hand_x="0" hand_y="0" z="weaponOverArm" image="stand2.0.weapon.png"/></f><f name="1" ><p name="pointer"  pointer="stand2/0/weapon"/></f><f name="2" ><p name="pointer"  pointer="stand2/0/weapon"/></f></s>
<s name="alert"><f name="0" ><p name="alert"  origin_x="85" origin_y="68" hand_x="0" hand_y="0" z="weaponOverArm" image="alert.0.weapon.png"/></f><f name="1" ><p name="alert"  origin_x="84" origin_y="66" hand_x="0" hand_y="0" z="weaponOverArm" image="alert.1.weapon.png"/></f><f name="2" ><p name="alert"  origin_x="84" origin_y="63" hand_x="0" hand_y="0" z="weaponOverArm" image="alert.2.weapon.png"/></f></s>
<s name="swingT1"><f name="0" ><p name="swingT1"  origin_x="15" origin_y="61" hand_x="0" hand_y="0" z="weaponBelowArm" image="swingT1.0.weapon.png"/></f><f name="1" ><p name="swingT1"  origin_x="17" origin_y="89" hand_x="0" hand_y="0" z="weaponBelowArm" image="swingT1.1.weapon.png"/></f><f name="2" ><p name="swingT1"  origin_x="80" origin_y="13" hand_x="0" hand_y="0" z="weaponBelowBody" image="swingT1.2.weapon.png"/></f></s>
<s name="swingT2"><f name="0" ><p name="swingT2"  origin_x="39" origin_y="46" hand_x="-14" hand_y="21" z="weaponBelowBody" image="swingT2.0.weapon.png"/></f><f name="1" ><p name="swingT2"  origin_x="66" origin_y="88" hand_x="0" hand_y="0" z="weaponOverBody" image="swingT2.1.weapon.png"/></f><f name="2" ><p name="swingT2"  origin_x="82" origin_y="10" hand_x="0" hand_y="0" z="weaponOverBody" image="swingT2.2.weapon.png"/></f></s>
<s name="swingT3"><f name="0" ><p name="swingT3"  origin_x="25" origin_y="30" hand_x="0" hand_y="0" z="weaponOverBody" image="swingT3.0.weapon.png"/></f><f name="1" ><p name="swingT3"  origin_x="27" origin_y="13" hand_x="0" hand_y="0" z="weaponOverBody" image="swingT3.1.weapon.png"/></f><f name="2" ><p name="swingT3"  origin_x="62" origin_y="77" hand_x="0" hand_y="0" z="weaponBelowBody" image="swingT3.2.weapon.png"/></f></s>
<s name="swingTF"><f name="0" ><p name="swingTF"  origin_x="32" origin_y="56" hand_x="-4" hand_y="14" z="backWeapon" image="swingTF.0.weapon.png"/></f><f name="1" ><p name="swingTF"  origin_x="48" origin_y="79" hand_x="0" hand_y="0" z="weaponBelowBody" image="swingTF.1.weapon.png"/></f><f name="2" ><p name="swingTF"  origin_x="20" origin_y="72" hand_x="0" hand_y="0" z="weaponBelowArm" image="swingTF.2.weapon.png"/></f><f name="3" ><p name="swingTF"  origin_x="71" origin_y="14" hand_x="0" hand_y="0" z="weaponBelowBody" image="swingTF.3.weapon.png"/></f></s>
<s name="stabO1"><f name="0" ><p name="stabO1"  origin_x="80" origin_y="26" hand_x="0" hand_y="0" z="weapon" image="stabO1.0.weapon.png"/></f><f name="1" ><p name="stabO1"  origin_x="80" origin_y="27" hand_x="0" hand_y="0" z="weapon" image="stabO1.1.weapon.png"/></f></s>
<s name="stabO2"><f name="0" ><p name="stabO2"  origin_x="80" origin_y="25" hand_x="0" hand_y="0" z="weaponBelowArm" image="stabO2.0.weapon.png"/></f><f name="1" ><p name="stabO2"  origin_x="80" origin_y="26" hand_x="0" hand_y="0" z="weaponBelowArm" image="stabO2.1.weapon.png"/></f></s>
<s name="stabOF"><f name="0" ><p name="stabOF"  origin_x="67" origin_y="30" hand_x="0" hand_y="0" z="weaponBelowArm" image="stabOF.0.weapon.png"/></f><f name="1" ><p name="stabOF"  origin_x="32" origin_y="35" hand_x="0" hand_y="0" z="weaponBelowArm" image="stabOF.1.weapon.png"/></f><f name="2" ><p name="stabOF"  origin_x="68" origin_y="46" hand_x="0" hand_y="0" z="weapon" image="stabOF.2.weapon.png"/></f></s>
<s name="proneStab"><f name="0" ><p name="proneStab"  origin_x="82" origin_y="28" hand_x="0" hand_y="0" z="weaponBelowArm" image="proneStab.0.weapon.png"/></f><f name="1" ><p name="proneStab"  origin_x="81" origin_y="29" hand_x="0" hand_y="0" z="weaponBelowArm" image="proneStab.1.weapon.png"/></f></s>
<s name="prone"><f name="0" ><p name="pointer"  pointer="proneStab/0/weapon"/></f></s>
<s name="fly"><f name="0" ><p name="fly"  origin_x="32" origin_y="41" hand_x="0" hand_y="0" z="weaponOverArm" image="fly.0.weapon.png"/></f><f name="1" ><p name="fly"  origin_x="31" origin_y="42" hand_x="0" hand_y="0" z="weaponOverArm" image="fly.1.weapon.png"/></f></s>
<s name="jump"><f name="0" ><p name="jump"  origin_x="32" origin_y="41" hand_x="0" hand_y="0" z="weaponOverArm" image="jump.0.weapon.png"/></f></s>
<s name="ladder"><f name="0" ><p name="ladder"  origin_x="39" origin_y="43" navel_x="-14" navel_y="21" z="backWeaponOverShield" image="ladder.0.weapon.png"/></f><f name="1" ><p name="ladder"  origin_x="39" origin_y="43" navel_x="-15" navel_y="21" z="backWeaponOverShield" image="ladder.1.weapon.png"/></f></s>
<s name="rope"><f name="0" ><p name="rope"  origin_x="39" origin_y="43" navel_x="-12" navel_y="13" z="backWeaponOverShield" image="rope.0.weapon.png"/></f><f name="1" ><p name="rope"  origin_x="39" origin_y="43" navel_x="-13" navel_y="14" z="backWeaponOverShield" image="rope.1.weapon.png"/></f></s>
</i>
