<i>
<s name="info"><f name="icon" ><p name="info"  image="info.icon.png"/></f><f name="iconRaw" ><p name="info"  origin_x="0" origin_y="28" image="info.iconRaw.png"/></f><f name="iconD" ><p name="info"  origin_x="0" origin_y="30" image="info.iconD.png"/></f><f name="iconRawD" ><p name="info"  origin_x="0" origin_y="30" image="info.iconRawD.png"/></f></s>
<s name="stand0"><f name="0" delay="250" ><p name="stand0"  origin_x="25" origin_y="49" lt_x="-25" lt_y="-49" rb_x="24" rb_y="0" image="stand0.0.png"/></f><f name="1" delay="120" ><p name="stand0"  origin_x="25" origin_y="49" lt_x="-20" lt_y="-33" rb_x="21" rb_y="0" image="stand0.1.png"/></f><f name="2" delay="120" ><p name="stand0"  origin_x="25" origin_y="49" lt_x="-20" lt_y="-33" rb_x="21" rb_y="0" image="stand0.2.png"/></f><f name="3" ><p name="pointer"  pointer="stand0/0"/></f></s>
<s name="stand1"><f name="0" delay="120" ><p name="stand1"  origin_x="25" origin_y="50" lt_x="-20" lt_y="-33" rb_x="21" rb_y="0" image="stand1.0.png"/></f><f name="1" delay="120" ><p name="stand1"  origin_x="25" origin_y="49" lt_x="-20" lt_y="-33" rb_x="21" rb_y="0" image="stand1.1.png"/></f><f name="2" delay="120" ><p name="stand1"  origin_x="25" origin_y="48" lt_x="-20" lt_y="-33" rb_x="21" rb_y="0" image="stand1.2.png"/></f><f name="3" delay="120" ><p name="stand1"  origin_x="25" origin_y="47" lt_x="-20" lt_y="-33" rb_x="21" rb_y="0" image="stand1.3.png"/></f><f name="4" delay="120" ><p name="stand1"  origin_x="25" origin_y="48" lt_x="-20" lt_y="-33" rb_x="21" rb_y="0" image="stand1.4.png"/></f><f name="5" delay="120" ><p name="stand1"  origin_x="25" origin_y="49" lt_x="-20" lt_y="-33" rb_x="21" rb_y="0" image="stand1.5.png"/></f></s>
<s name="rest0"><f name="0" delay="1200" ><p name="rest0"  origin_x="26" origin_y="44" lt_x="-20" lt_y="-33" rb_x="21" rb_y="0" image="rest0.0.png"/></f><f name="1" delay="120" ><p name="rest0"  origin_x="26" origin_y="44" lt_x="-20" lt_y="-33" rb_x="21" rb_y="0" image="rest0.1.png"/></f><f name="2" delay="120" ><p name="rest0"  origin_x="26" origin_y="44" lt_x="-20" lt_y="-33" rb_x="21" rb_y="0" image="rest0.2.png"/></f></s>
<s name="charming"><f name="0" delay="1200" ><p name="charming"  origin_x="26" origin_y="61" lt_x="-20" lt_y="-33" rb_x="21" rb_y="0" image="charming.0.png"/></f><f name="1" delay="150" ><p name="charming"  origin_x="26" origin_y="72" lt_x="-20" lt_y="-33" rb_x="21" rb_y="0" image="charming.1.png"/></f><f name="2" delay="150" ><p name="charming"  origin_x="26" origin_y="74" lt_x="-20" lt_y="-33" rb_x="21" rb_y="0" image="charming.2.png"/></f><f name="3" delay="150" ><p name="charming"  origin_x="26" origin_y="75" lt_x="-20" lt_y="-33" rb_x="21" rb_y="0" image="charming.3.png"/></f><f name="4" delay="150" ><p name="charming"  origin_x="26" origin_y="76" lt_x="-20" lt_y="-33" rb_x="21" rb_y="0" image="charming.4.png"/></f><f name="5" delay="1200" ><p name="charming"  origin_x="26" origin_y="77" lt_x="-20" lt_y="-33" rb_x="21" rb_y="0" image="charming.5.png"/></f></s>
<s name="move"><f name="0" delay="150" ><p name="move"  origin_x="27" origin_y="49" lt_x="-20" lt_y="-33" rb_x="21" rb_y="0" image="move.0.png"/></f><f name="1" delay="150" ><p name="move"  origin_x="27" origin_y="48" lt_x="-20" lt_y="-33" rb_x="21" rb_y="0" image="move.1.png"/></f><f name="2" delay="150" ><p name="move"  origin_x="27" origin_y="49" lt_x="-20" lt_y="-33" rb_x="21" rb_y="0" image="move.2.png"/></f><f name="3" delay="150" ><p name="move"  origin_x="29" origin_y="48" lt_x="-20" lt_y="-33" rb_x="21" rb_y="0" image="move.3.png"/></f></s>
<s name="jump"><f name="0" delay="100" ><p name="jump"  origin_x="33" origin_y="58" lt_x="-20" lt_y="-33" rb_x="21" rb_y="0" image="jump.0.png"/></f></s>
<s name="hungry"><f name="0" delay="2000" ><p name="hungry"  origin_x="34" origin_y="44" lt_x="-20" lt_y="-33" rb_x="21" rb_y="0" image="hungry.0.png"/></f></s>
<s name="angry"><f name="0" delay="200" ><p name="angry"  origin_x="36" origin_y="50" lt_x="-19" lt_y="-31" rb_x="22" rb_y="0" image="angry.0.png"/></f><f name="1" delay="200" ><p name="angry"  origin_x="26" origin_y="74" lt_x="-19" lt_y="-31" rb_x="22" rb_y="0" image="angry.1.png"/></f><f name="2" delay="500" ><p name="angry"  origin_x="50" origin_y="44" lt_x="-19" lt_y="-31" rb_x="22" rb_y="0" image="angry.2.png"/></f></s>
<s name="chat"><f name="0" delay="2000" ><p name="chat"  origin_x="25" origin_y="49" lt_x="-20" lt_y="-33" rb_x="21" rb_y="0" image="chat.0.png"/></f></s>
<s name="hang"><f name="0" ><p name="hang"  origin_x="25" origin_y="51" lt_x="-18" lt_y="-58" rb_x="2" rb_y="-19" image="hang.0.png"/></f></s>
<s name="rise"><f name="0" delay="3000" ><p name="rise"  origin_x="25" origin_y="49" lt_x="-20" lt_y="-33" rb_x="21" rb_y="0" image="rise.0.png"/></f></s>
<s name="sit"><f name="0" delay="4000" ><p name="sit"  origin_x="26" origin_y="44" lt_x="-20" lt_y="-33" rb_x="21" rb_y="0" image="sit.0.png"/></f></s>
<s name="dung"><f name="0" delay="4000" ><p name="dung"  origin_x="28" origin_y="47" lt_x="-20" lt_y="-33" rb_x="21" rb_y="0" image="dung.0.png"/></f></s>
<s name="cry"><f name="0" delay="220" ><p name="cry"  origin_x="25" origin_y="47" lt_x="-20" lt_y="-33" rb_x="21" rb_y="0" image="cry.0.png"/></f><f name="1" delay="220" ><p name="cry"  origin_x="25" origin_y="47" lt_x="-20" lt_y="-33" rb_x="21" rb_y="0" image="cry.1.png"/></f><f name="2" delay="220" ><p name="cry"  origin_x="25" origin_y="47" lt_x="-20" lt_y="-33" rb_x="21" rb_y="0" image="cry.2.png"/></f><f name="3" delay="1000" ><p name="cry"  origin_x="25" origin_y="47" lt_x="-20" lt_y="-33" rb_x="21" rb_y="0" image="cry.3.png"/></f></s>
<s name="love"><f name="0" delay="500" ><p name="love"  origin_x="26" origin_y="56" lt_x="-16" lt_y="-36" rb_x="28" rb_y="0" image="love.0.png"/></f><f name="1" delay="500" ><p name="love"  origin_x="26" origin_y="58" lt_x="-16" lt_y="-36" rb_x="28" rb_y="0" image="love.1.png"/></f><f name="2" delay="500" ><p name="love"  origin_x="26" origin_y="61" lt_x="-16" lt_y="-36" rb_x="28" rb_y="0" image="love.2.png"/></f><f name="3" delay="1000" ><p name="love"  origin_x="26" origin_y="61" lt_x="-16" lt_y="-36" rb_x="28" rb_y="0" image="love.3.png"/></f></s>
<s name="dance"><f name="0" delay="150" ><p name="dance"  origin_x="27" origin_y="49" lt_x="-20" lt_y="-33" rb_x="21" rb_y="0" image="dance.0.png"/></f><f name="1" delay="150" ><p name="dance"  origin_x="27" origin_y="47" lt_x="-20" lt_y="-33" rb_x="21" rb_y="0" image="dance.1.png"/></f><f name="2" delay="150" ><p name="dance"  origin_x="27" origin_y="46" lt_x="-20" lt_y="-33" rb_x="21" rb_y="0" image="dance.2.png"/></f><f name="3" delay="150" ><p name="dance"  origin_x="27" origin_y="49" lt_x="-20" lt_y="-33" rb_x="21" rb_y="0" image="dance.3.png"/></f><f name="4" delay="150" ><p name="dance"  origin_x="27" origin_y="48" lt_x="-20" lt_y="-33" rb_x="21" rb_y="0" image="dance.4.png"/></f><f name="5" delay="150" ><p name="dance"  origin_x="26" origin_y="47" lt_x="-20" lt_y="-33" rb_x="21" rb_y="0" image="dance.5.png"/></f><f name="6" ><p name="pointer"  pointer="dance/4"/></f><f name="7" ><p name="pointer"  pointer="dance/3"/></f><f name="8" ><p name="pointer"  pointer="dance/2"/></f><f name="9" ><p name="pointer"  pointer="dance/1"/></f><f name="10" ><p name="pointer"  pointer="dance/0"/></f><f name="11" ><p name="pointer"  pointer="dance/1"/></f><f name="12" ><p name="pointer"  pointer="dance/2"/></f><f name="13" ><p name="pointer"  pointer="dance/3"/></f><f name="14" ><p name="pointer"  pointer="dance/4"/></f><f name="15" ><p name="pointer"  pointer="dance/5"/></f><f name="16" ><p name="pointer"  pointer="dance/4"/></f><f name="17" ><p name="pointer"  pointer="dance/3"/></f><f name="18" ><p name="pointer"  pointer="dance/4"/></f><f name="19" ><p name="pointer"  pointer="dance/5"/></f></s>
<s name="sleep"><f name="0" delay="300" ><p name="sleep"  origin_x="35" origin_y="35" lt_x="-20" lt_y="-33" rb_x="21" rb_y="0" image="sleep.0.png"/></f><f name="1" delay="300" ><p name="sleep"  origin_x="38" origin_y="40" lt_x="-20" lt_y="-33" rb_x="21" rb_y="0" image="sleep.1.png"/></f><f name="2" delay="300" ><p name="sleep"  origin_x="37" origin_y="43" lt_x="-20" lt_y="-33" rb_x="21" rb_y="0" image="sleep.2.png"/></f><f name="3" delay="300" ><p name="sleep"  origin_x="34" origin_y="45" lt_x="-20" lt_y="-33" rb_x="21" rb_y="0" image="sleep.3.png"/></f><f name="4" delay="1000" ><p name="sleep"  origin_x="34" origin_y="35" lt_x="-20" lt_y="-33" rb_x="21" rb_y="0" image="sleep.4.png"/></f><f name="5" ><p name="pointer"  pointer="sleep/0"/></f><f name="6" ><p name="pointer"  pointer="sleep/1"/></f><f name="7" ><p name="pointer"  pointer="sleep/2"/></f><f name="8" ><p name="pointer"  pointer="sleep/3"/></f><f name="9" ><p name="pointer"  pointer="sleep/4"/></f></s>
<s name="eat"><f name="0" delay="120" ><p name="eat"  origin_x="26" origin_y="48" lt_x="-20" lt_y="-33" rb_x="21" rb_y="0" image="eat.0.png"/></f></s>
<s name="fly"><f name="0" delay="150" ><p name="fly"  origin_x="33" origin_y="58" lt_x="-20" lt_y="-33" rb_x="21" rb_y="0" image="fly.0.png"/></f><f name="1" delay="150" ><p name="fly"  origin_x="33" origin_y="57" lt_x="-20" lt_y="-33" rb_x="21" rb_y="0" image="fly.1.png"/></f></s>
</i>
