  <i name="2311002">
  <i name="effect">
    <i name="0">
      <i name="origin">
        <i name="x" value="40"/>
        <i name="y" value="67"/>
      </i>
      <i name="delay" value="600"/>
      <i name="a0" value="212"/>
      <i name="a1" value="0"/>
      <i name="z0" value="100"/>
      <i name="z1" value="300"/>
      <i name="image" value="2311002.effect.0.png"/>
    </i>
  </i>
  <i name="cDoor">
    <i name="0">
      <i name="origin">
        <i name="x" value="42"/>
        <i name="y" value="268"/>
      </i>
      <i name="delay" value="100"/>
      <i name="image" value="2311002.cDoor.0.png"/>
    </i>
    <i name="1">
      <i name="origin">
        <i name="x" value="54"/>
        <i name="y" value="112"/>
      </i>
      <i name="delay" value="100"/>
      <i name="image" value="2311002.cDoor.1.png"/>
    </i>
    <i name="2">
      <i name="origin">
        <i name="x" value="58"/>
        <i name="y" value="112"/>
      </i>
      <i name="delay" value="100"/>
      <i name="image" value="2311002.cDoor.2.png"/>
    </i>
    <i name="3">
      <i name="origin">
        <i name="x" value="63"/>
        <i name="y" value="112"/>
      </i>
      <i name="delay" value="100"/>
      <i name="image" value="2311002.cDoor.3.png"/>
    </i>
    <i name="4">
      <i name="origin">
        <i name="x" value="67"/>
        <i name="y" value="112"/>
      </i>
      <i name="delay" value="100"/>
      <i name="image" value="2311002.cDoor.4.png"/>
    </i>
    <i name="5">
      <i name="origin">
        <i name="x" value="72"/>
        <i name="y" value="112"/>
      </i>
      <i name="delay" value="100"/>
      <i name="image" value="2311002.cDoor.5.png"/>
    </i>
    <i name="6">
      <i name="origin">
        <i name="x" value="71"/>
        <i name="y" value="112"/>
      </i>
      <i name="delay" value="100"/>
      <i name="image" value="2311002.cDoor.6.png"/>
    </i>
    <i name="7">
      <i name="origin">
        <i name="x" value="73"/>
        <i name="y" value="112"/>
      </i>
      <i name="delay" value="100"/>
      <i name="image" value="2311002.cDoor.7.png"/>
    </i>
    <i name="8">
      <i name="origin">
        <i name="x" value="44"/>
        <i name="y" value="112"/>
      </i>
      <i name="delay" value="100"/>
      <i name="image" value="2311002.cDoor.8.png"/>
    </i>
    <i name="9">
      <i name="origin">
        <i name="x" value="44"/>
        <i name="y" value="112"/>
      </i>
      <i name="delay" value="100"/>
      <i name="image" value="2311002.cDoor.9.png"/>
    </i>
    <i name="10">
      <i name="origin">
        <i name="x" value="44"/>
        <i name="y" value="112"/>
      </i>
      <i name="delay" value="100"/>
      <i name="image" value="2311002.cDoor.10.png"/>
    </i>
    <i name="11">
      <i name="origin">
        <i name="x" value="44"/>
        <i name="y" value="112"/>
      </i>
      <i name="delay" value="100"/>
      <i name="image" value="2311002.cDoor.11.png"/>
    </i>
    <i name="12">
      <i name="origin">
        <i name="x" value="44"/>
        <i name="y" value="112"/>
      </i>
      <i name="delay" value="100"/>
      <i name="image" value="2311002.cDoor.12.png"/>
    </i>
    <i name="13">
      <i name="origin">
        <i name="x" value="44"/>
        <i name="y" value="112"/>
      </i>
      <i name="delay" value="100"/>
      <i name="image" value="2311002.cDoor.13.png"/>
    </i>
    <i name="14">
      <i name="origin">
        <i name="x" value="44"/>
        <i name="y" value="112"/>
      </i>
      <i name="delay" value="100"/>
      <i name="image" value="2311002.cDoor.14.png"/>
    </i>
    <i name="15">
      <i name="origin">
        <i name="x" value="44"/>
        <i name="y" value="112"/>
      </i>
      <i name="delay" value="100"/>
      <i name="image" value="2311002.cDoor.15.png"/>
    </i>
    <i name="16">
      <i name="origin">
        <i name="x" value="44"/>
        <i name="y" value="112"/>
      </i>
      <i name="delay" value="100"/>
      <i name="image" value="2311002.cDoor.16.png"/>
    </i>
  </i>
  <i name="mDoor">
    <i name="0">
      <i name="origin">
        <i name="x" value="34"/>
        <i name="y" value="105"/>
      </i>
      <i name="delay" value="700"/>
      <i name="a0" value="255"/>
      <i name="a1" value="128"/>
      <i name="image" value="2311002.mDoor.0.png"/>
    </i>
    <i name="1">
      <i name="origin">
        <i name="x" value="34"/>
        <i name="y" value="105"/>
      </i>
      <i name="delay" value="700"/>
      <i name="a0" value="128"/>
      <i name="a1" value="255"/>
      <i name="image" value="2311002.mDoor.1.png"/>
    </i>
  </i>
  <i name="Frame">
    <i name="0">
      <i name="origin">
        <i name="x" value="44"/>
        <i name="y" value="112"/>
      </i>
      <i name="image" value="2311002.Frame.0.png"/>
    </i>
  </i>
  </i>
