  <i name="1211007">
  <i name="effect">
    <i name="0">
      <i name="origin">
        <i name="x" value="11"/>
        <i name="y" value="5"/>
      </i>
      <i name="delay" value="60"/>
      <i name="image" value="1211007.effect.0.png"/>
    </i>
    <i name="1">
      <i name="origin">
        <i name="x" value="24"/>
        <i name="y" value="5"/>
      </i>
      <i name="delay" value="60"/>
      <i name="image" value="1211007.effect.1.png"/>
    </i>
    <i name="2">
      <i name="origin">
        <i name="x" value="34"/>
        <i name="y" value="5"/>
      </i>
      <i name="delay" value="60"/>
      <i name="image" value="1211007.effect.2.png"/>
    </i>
    <i name="3">
      <i name="origin">
        <i name="x" value="48"/>
        <i name="y" value="5"/>
      </i>
      <i name="delay" value="60"/>
      <i name="image" value="1211007.effect.3.png"/>
    </i>
    <i name="4">
      <i name="origin">
        <i name="x" value="51"/>
        <i name="y" value="8"/>
      </i>
      <i name="delay" value="60"/>
      <i name="image" value="1211007.effect.4.png"/>
    </i>
    <i name="5">
      <i name="origin">
        <i name="x" value="52"/>
        <i name="y" value="97"/>
      </i>
      <i name="delay" value="60"/>
      <i name="image" value="1211007.effect.5.png"/>
    </i>
    <i name="6">
      <i name="origin">
        <i name="x" value="60"/>
        <i name="y" value="107"/>
      </i>
      <i name="delay" value="60"/>
      <i name="image" value="1211007.effect.6.png"/>
    </i>
    <i name="7">
      <i name="origin">
        <i name="x" value="53"/>
        <i name="y" value="110"/>
      </i>
      <i name="delay" value="60"/>
      <i name="image" value="1211007.effect.7.png"/>
    </i>
    <i name="8">
      <i name="origin">
        <i name="x" value="60"/>
        <i name="y" value="116"/>
      </i>
      <i name="delay" value="60"/>
      <i name="image" value="1211007.effect.8.png"/>
    </i>
    <i name="9">
      <i name="origin">
        <i name="x" value="56"/>
        <i name="y" value="116"/>
      </i>
      <i name="delay" value="60"/>
      <i name="image" value="1211007.effect.9.png"/>
    </i>
    <i name="10">
      <i name="origin">
        <i name="x" value="59"/>
        <i name="y" value="126"/>
      </i>
      <i name="delay" value="60"/>
      <i name="image" value="1211007.effect.10.png"/>
    </i>
    <i name="11">
      <i name="origin">
        <i name="x" value="51"/>
        <i name="y" value="126"/>
      </i>
      <i name="delay" value="60"/>
      <i name="image" value="1211007.effect.11.png"/>
    </i>
    <i name="12">
      <i name="origin">
        <i name="x" value="48"/>
        <i name="y" value="139"/>
      </i>
      <i name="delay" value="60"/>
      <i name="image" value="1211007.effect.12.png"/>
    </i>
    <i name="13">
      <i name="origin">
        <i name="x" value="48"/>
        <i name="y" value="144"/>
      </i>
      <i name="delay" value="60"/>
      <i name="image" value="1211007.effect.13.png"/>
    </i>
    <i name="14">
      <i name="origin">
        <i name="x" value="26"/>
        <i name="y" value="65"/>
      </i>
      <i name="delay" value="60"/>
      <i name="image" value="1211007.effect.14.png"/>
    </i>
  </i>
  </i>
