  <i name="4211004">
  <i name="effect">
    <i name="0">
      <i name="origin">
        <i name="x" value="32"/>
        <i name="y" value="73"/>
      </i>
      <i name="delay" value="200"/>
      <i name="a0" value="0"/>
      <i name="a1" value="255"/>
      <i name="image" value="4211004.effect.0.png"/>
    </i>
    <i name="1">
      <i name="origin">
        <i name="x" value="46"/>
        <i name="y" value="73"/>
      </i>
      <i name="delay" value="100"/>
      <i name="image" value="4211004.effect.1.png"/>
    </i>
    <i name="2">
      <i name="origin">
        <i name="x" value="46"/>
        <i name="y" value="73"/>
      </i>
      <i name="delay" value="100"/>
      <i name="image" value="4211004.effect.2.png"/>
    </i>
    <i name="3">
      <i name="origin">
        <i name="x" value="46"/>
        <i name="y" value="73"/>
      </i>
      <i name="delay" value="100"/>
      <i name="image" value="4211004.effect.3.png"/>
    </i>
    <i name="4">
      <i name="origin">
        <i name="x" value="46"/>
        <i name="y" value="73"/>
      </i>
      <i name="delay" value="200"/>
      <i name="a0" value="255"/>
      <i name="a1" value="0"/>
      <i name="image" value="4211004.effect.4.png"/>
    </i>
  </i>
  <i name="hit">
    <i name="0">
      <i name="0">
        <i name="origin">
          <i name="x" value="33"/>
          <i name="y" value="40"/>
        </i>
        <i name="delay" value="100"/>
        <i name="image" value="4211004.hit.0.0.png"/>
      </i>
      <i name="1">
        <i name="origin">
          <i name="x" value="22"/>
          <i name="y" value="25"/>
        </i>
        <i name="delay" value="100"/>
        <i name="image" value="4211004.hit.0.1.png"/>
      </i>
      <i name="2">
        <i name="origin">
          <i name="x" value="10"/>
          <i name="y" value="17"/>
        </i>
        <i name="delay" value="100"/>
        <i name="image" value="4211004.hit.0.2.png"/>
      </i>
    </i>
    <i name="1">
      <i name="0">
        <i name="origin">
          <i name="x" value="-28"/>
          <i name="y" value="64"/>
        </i>
        <i name="delay" value="120"/>
        <i name="image" value="4211004.hit.1.0.png"/>
      </i>
      <i name="1">
        <i name="origin">
          <i name="x" value="-20"/>
          <i name="y" value="67"/>
        </i>
        <i name="delay" value="120"/>
        <i name="z" value="1"/>
        <i name="image" value="4211004.hit.1.1.png"/>
      </i>
      <i name="2">
        <i name="origin">
          <i name="x" value="23"/>
          <i name="y" value="73"/>
        </i>
        <i name="delay" value="200"/>
        <i name="image" value="4211004.hit.1.2.png"/>
      </i>
      <i name="3">
        <i name="origin">
          <i name="x" value="24"/>
          <i name="y" value="79"/>
        </i>
        <i name="delay" value="150"/>
        <i name="image" value="4211004.hit.1.3.png"/>
      </i>
      <i name="4">
        <i name="origin">
          <i name="x" value="20"/>
          <i name="y" value="68"/>
        </i>
        <i name="delay" value="150"/>
        <i name="image" value="4211004.hit.1.4.png"/>
      </i>
      <i name="5">
        <i name="origin">
          <i name="x" value="19"/>
          <i name="y" value="67"/>
        </i>
        <i name="delay" value="200"/>
        <i name="image" value="4211004.hit.1.5.png"/>
      </i>
      <i name="6">
        <i name="origin">
          <i name="x" value="-20"/>
          <i name="y" value="67"/>
        </i>
        <i name="delay" value="250"/>
        <i name="a0" value="255"/>
        <i name="a1" value="0"/>
        <i name="image" value="4211004.hit.1.6.png"/>
      </i>
    </i>
    <i name="2">
      <i name="0">
        <i name="origin">
          <i name="x" value="-37"/>
          <i name="y" value="71"/>
        </i>
        <i name="delay" value="120"/>
        <i name="image" value="4211004.hit.2.0.png"/>
      </i>
      <i name="1">
        <i name="origin">
          <i name="x" value="-22"/>
          <i name="y" value="89"/>
        </i>
        <i name="delay" value="120"/>
        <i name="image" value="4211004.hit.2.1.png"/>
      </i>
      <i name="2">
        <i name="origin">
          <i name="x" value="46"/>
          <i name="y" value="99"/>
        </i>
        <i name="delay" value="200"/>
        <i name="image" value="4211004.hit.2.2.png"/>
      </i>
      <i name="3">
        <i name="origin">
          <i name="x" value="47"/>
          <i name="y" value="92"/>
        </i>
        <i name="delay" value="150"/>
        <i name="image" value="4211004.hit.2.3.png"/>
      </i>
      <i name="4">
        <i name="origin">
          <i name="x" value="46"/>
          <i name="y" value="91"/>
        </i>
        <i name="delay" value="150"/>
        <i name="image" value="4211004.hit.2.4.png"/>
      </i>
      <i name="5">
        <i name="origin">
          <i name="x" value="46"/>
          <i name="y" value="91"/>
        </i>
        <i name="delay" value="200"/>
        <i name="image" value="4211004.hit.2.5.png"/>
      </i>
      <i name="6">
        <i name="origin">
          <i name="x" value="-23"/>
          <i name="y" value="91"/>
        </i>
        <i name="delay" value="250"/>
        <i name="a0" value="255"/>
        <i name="a1" value="0"/>
        <i name="image" value="4211004.hit.2.6.png"/>
      </i>
    </i>
    <i name="3">
      <i name="0">
        <i name="origin">
          <i name="x" value="-18"/>
          <i name="y" value="59"/>
        </i>
        <i name="delay" value="120"/>
        <i name="image" value="4211004.hit.3.0.png"/>
      </i>
      <i name="1">
        <i name="origin">
          <i name="x" value="9"/>
          <i name="y" value="60"/>
        </i>
        <i name="delay" value="120"/>
        <i name="image" value="4211004.hit.3.1.png"/>
      </i>
      <i name="2">
        <i name="origin">
          <i name="x" value="36"/>
          <i name="y" value="61"/>
        </i>
        <i name="delay" value="200"/>
        <i name="image" value="4211004.hit.3.2.png"/>
      </i>
      <i name="3">
        <i name="origin">
          <i name="x" value="38"/>
          <i name="y" value="61"/>
        </i>
        <i name="delay" value="150"/>
        <i name="image" value="4211004.hit.3.3.png"/>
      </i>
      <i name="4">
        <i name="origin">
          <i name="x" value="27"/>
          <i name="y" value="51"/>
        </i>
        <i name="delay" value="150"/>
        <i name="image" value="4211004.hit.3.4.png"/>
      </i>
      <i name="5">
        <i name="origin">
          <i name="x" value="30"/>
          <i name="y" value="55"/>
        </i>
        <i name="delay" value="200"/>
        <i name="image" value="4211004.hit.3.5.png"/>
      </i>
      <i name="6">
        <i name="origin">
          <i name="x" value="9"/>
          <i name="y" value="51"/>
        </i>
        <i name="delay" value="250"/>
        <i name="a0" value="255"/>
        <i name="a1" value="0"/>
        <i name="image" value="4211004.hit.3.6.png"/>
      </i>
    </i>
    <i name="4">
      <i name="0">
        <i name="origin">
          <i name="x" value="-32"/>
          <i name="y" value="55"/>
        </i>
        <i name="delay" value="120"/>
        <i name="image" value="4211004.hit.4.0.png"/>
      </i>
      <i name="1">
        <i name="origin">
          <i name="x" value="6"/>
          <i name="y" value="57"/>
        </i>
        <i name="delay" value="120"/>
        <i name="image" value="4211004.hit.4.1.png"/>
      </i>
      <i name="2">
        <i name="origin">
          <i name="x" value="34"/>
          <i name="y" value="51"/>
        </i>
        <i name="delay" value="200"/>
        <i name="image" value="4211004.hit.4.2.png"/>
      </i>
      <i name="3">
        <i name="origin">
          <i name="x" value="50"/>
          <i name="y" value="68"/>
        </i>
        <i name="delay" value="150"/>
        <i name="image" value="4211004.hit.4.3.png"/>
      </i>
      <i name="4">
        <i name="origin">
          <i name="x" value="52"/>
          <i name="y" value="58"/>
        </i>
        <i name="delay" value="150"/>
        <i name="image" value="4211004.hit.4.4.png"/>
      </i>
      <i name="5">
        <i name="origin">
          <i name="x" value="40"/>
          <i name="y" value="52"/>
        </i>
        <i name="delay" value="200"/>
        <i name="image" value="4211004.hit.4.5.png"/>
      </i>
      <i name="6">
        <i name="origin">
          <i name="x" value="-1"/>
          <i name="y" value="52"/>
        </i>
        <i name="delay" value="250"/>
        <i name="a0" value="255"/>
        <i name="a1" value="0"/>
        <i name="image" value="4211004.hit.4.6.png"/>
      </i>
    </i>
    <i name="5">
      <i name="0">
        <i name="origin">
          <i name="x" value="-19"/>
          <i name="y" value="61"/>
        </i>
        <i name="delay" value="120"/>
        <i name="image" value="4211004.hit.5.0.png"/>
      </i>
      <i name="1">
        <i name="origin">
          <i name="x" value="16"/>
          <i name="y" value="60"/>
        </i>
        <i name="delay" value="120"/>
        <i name="image" value="4211004.hit.5.1.png"/>
      </i>
      <i name="2">
        <i name="origin">
          <i name="x" value="80"/>
          <i name="y" value="71"/>
        </i>
        <i name="delay" value="200"/>
        <i name="image" value="4211004.hit.5.2.png"/>
      </i>
      <i name="3">
        <i name="origin">
          <i name="x" value="90"/>
          <i name="y" value="76"/>
        </i>
        <i name="delay" value="150"/>
        <i name="image" value="4211004.hit.5.3.png"/>
      </i>
      <i name="4">
        <i name="origin">
          <i name="x" value="80"/>
          <i name="y" value="70"/>
        </i>
        <i name="delay" value="150"/>
        <i name="image" value="4211004.hit.5.4.png"/>
      </i>
      <i name="5">
        <i name="origin">
          <i name="x" value="87"/>
          <i name="y" value="83"/>
        </i>
        <i name="delay" value="200"/>
        <i name="image" value="4211004.hit.5.5.png"/>
      </i>
      <i name="6">
        <i name="origin">
          <i name="x" value="-5"/>
          <i name="y" value="51"/>
        </i>
        <i name="delay" value="250"/>
        <i name="a0" value="255"/>
        <i name="a1" value="0"/>
        <i name="image" value="4211004.hit.5.6.png"/>
      </i>
    </i>
  </i>
  </i>
