<i name="5000003">
<i name="stand0">
<i name="0">
<i name="origin">
<i name="x" value="18"/>
<i name="y" value="46"/>
</i>
<i name="image" value="5000003.stand0.0.png"/>
</i>
<i name="1">
<i name="pointer" value="5000003/stand0/0"/>
</i>
<i name="2">
<i name="pointer" value="5000003/stand0/0"/>
</i>
</i>
<i name="stand1">
<i name="0">
<i name="origin">
<i name="x" value="18"/>
<i name="y" value="46"/>
</i>
<i name="image" value="5000003.stand1.0.png"/>
</i>
<i name="1">
<i name="pointer" value="5000003/stand1/0"/>
</i>
<i name="2">
<i name="pointer" value="5000003/stand1/0"/>
</i>
<i name="3">
<i name="pointer" value="5000003/stand1/0"/>
</i>
<i name="4">
<i name="pointer" value="5000003/stand1/0"/>
</i>
<i name="5">
<i name="pointer" value="5000003/stand1/0"/>
</i>
</i>
<i name="hungry">
<i name="0">
<i name="origin">
<i name="x" value="15"/>
<i name="y" value="44"/>
</i>
<i name="image" value="5000003.hungry.0.png"/>
</i>
</i>
<i name="move">
<i name="0">
<i name="origin">
<i name="x" value="19"/>
<i name="y" value="48"/>
</i>
<i name="image" value="5000003.move.0.png"/>
</i>
<i name="1">
<i name="origin">
<i name="x" value="20"/>
<i name="y" value="48"/>
</i>
<i name="image" value="5000003.move.1.png"/>
</i>
<i name="2">
<i name="origin">
<i name="x" value="20"/>
<i name="y" value="44"/>
</i>
<i name="image" value="5000003.move.2.png"/>
</i>
<i name="3">
<i name="origin">
<i name="x" value="23"/>
<i name="y" value="45"/>
</i>
<i name="image" value="5000003.move.3.png"/>
</i>
<i name="4">
<i name="origin">
<i name="x" value="23"/>
<i name="y" value="46"/>
</i>
<i name="image" value="5000003.move.4.png"/>
</i>
</i>
<i name="jump">
<i name="0">
<i name="origin">
<i name="x" value="20"/>
<i name="y" value="48"/>
</i>
<i name="image" value="5000003.jump.0.png"/>
</i>
</i>
<i name="rest0">
<i name="0">
<i name="origin">
<i name="x" value="15"/>
<i name="y" value="44"/>
</i>
<i name="image" value="5000003.rest0.0.png"/>
</i>
<i name="1">
<i name="pointer" value="5000003/rest0/0"/>
</i>
<i name="2">
<i name="pointer" value="5000003/rest0/0"/>
</i>
<i name="3">
<i name="pointer" value="5000003/rest0/0"/>
</i>
</i>
<i name="chat">
<i name="0">
<i name="origin">
<i name="x" value="12"/>
<i name="y" value="47"/>
</i>
<i name="image" value="5000003.chat.0.png"/>
</i>
</i>
<i name="angry">
<i name="0">
<i name="origin">
<i name="x" value="14"/>
<i name="y" value="63"/>
</i>
<i name="image" value="5000003.angry.0.png"/>
</i>
</i>
<i name="hang">
<i name="0">
<i name="origin">
<i name="x" value="12"/>
<i name="y" value="68"/>
</i>
<i name="image" value="5000003.hang.0.png"/>
</i>
</i>
<i name="dung">
<i name="0">
<i name="origin">
<i name="x" value="12"/>
<i name="y" value="47"/>
</i>
<i name="image" value="5000003.dung.0.png"/>
</i>
<i name="1">
<i name="pointer" value="5000003/dung/0"/>
</i>
<i name="2">
<i name="pointer" value="5000003/dung/0"/>
</i>
<i name="3">
<i name="pointer" value="5000003/dung/0"/>
</i>
<i name="4">
<i name="pointer" value="5000003/dung/0"/>
</i>
<i name="5">
<i name="pointer" value="5000003/dung/0"/>
</i>
<i name="6">
<i name="pointer" value="5000003/dung/0"/>
</i>
<i name="7">
<i name="pointer" value="5000003/dung/0"/>
</i>
<i name="8">
<i name="pointer" value="5000003/dung/0"/>
</i>
<i name="9">
<i name="pointer" value="5000003/dung/0"/>
</i>
<i name="10">
<i name="pointer" value="5000003/dung/0"/>
</i>
<i name="11">
<i name="pointer" value="5000003/dung/0"/>
</i>
<i name="12">
<i name="pointer" value="5000003/dung/0"/>
</i>
<i name="13">
<i name="pointer" value="5000003/dung/0"/>
</i>
<i name="14">
<i name="pointer" value="5000003/dung/0"/>
</i>
<i name="15">
<i name="pointer" value="5000003/dung/0"/>
</i>
<i name="16">
<i name="pointer" value="5000003/dung/0"/>
</i>
<i name="17">
<i name="pointer" value="5000003/dung/0"/>
</i>
<i name="18">
<i name="pointer" value="5000003/dung/0"/>
</i>
<i name="19">
<i name="pointer" value="5000003/dung/0"/>
</i>
</i>
<i name="eye">
<i name="0">
<i name="origin">
<i name="x" value="29"/>
<i name="y" value="44"/>
</i>
<i name="image" value="5000003.eye.0.png"/>
</i>
<i name="1">
<i name="pointer" value="5000003/eye/0"/>
</i>
<i name="2">
<i name="pointer" value="5000003/eye/0"/>
</i>
<i name="3">
<i name="pointer" value="5000003/eye/0"/>
</i>
<i name="4">
<i name="pointer" value="5000003/eye/0"/>
</i>
<i name="5">
<i name="pointer" value="5000003/eye/0"/>
</i>
<i name="6">
<i name="pointer" value="5000003/eye/0"/>
</i>
<i name="7">
<i name="pointer" value="5000003/eye/0"/>
</i>
<i name="8">
<i name="pointer" value="5000003/eye/0"/>
</i>
<i name="9">
<i name="pointer" value="5000003/eye/0"/>
</i>
<i name="10">
<i name="pointer" value="5000003/eye/0"/>
</i>
<i name="11">
<i name="pointer" value="5000003/eye/0"/>
</i>
<i name="12">
<i name="pointer" value="5000003/eye/0"/>
</i>
<i name="13">
<i name="pointer" value="5000003/eye/0"/>
</i>
<i name="14">
<i name="pointer" value="5000003/eye/0"/>
</i>
<i name="15">
<i name="pointer" value="5000003/eye/0"/>
</i>
<i name="16">
<i name="pointer" value="5000003/eye/0"/>
</i>
<i name="17">
<i name="pointer" value="5000003/eye/0"/>
</i>
<i name="18">
<i name="pointer" value="5000003/eye/0"/>
</i>
<i name="19">
<i name="pointer" value="5000003/eye/0"/>
</i>
</i>
<i name="prone">
<i name="0">
<i name="origin">
<i name="x" value="25"/>
<i name="y" value="42"/>
</i>
<i name="image" value="5000003.prone.0.png"/>
</i>
<i name="1">
<i name="pointer" value="5000003/prone/0"/>
</i>
<i name="2">
<i name="pointer" value="5000003/prone/0"/>
</i>
<i name="3">
<i name="pointer" value="5000003/prone/0"/>
</i>
<i name="4">
<i name="pointer" value="5000003/prone/0"/>
</i>
<i name="5">
<i name="pointer" value="5000003/prone/0"/>
</i>
</i>
<i name="rise">
<i name="0">
<i name="origin">
<i name="x" value="10"/>
<i name="y" value="51"/>
</i>
<i name="image" value="5000003.rise.0.png"/>
</i>
<i name="1">
<i name="pointer" value="5000003/rise/0"/>
</i>
<i name="2">
<i name="pointer" value="5000003/rise/0"/>
</i>
<i name="3">
<i name="pointer" value="5000003/rise/0"/>
</i>
<i name="4">
<i name="pointer" value="5000003/rise/0"/>
</i>
<i name="5">
<i name="pointer" value="5000003/rise/0"/>
</i>
<i name="6">
<i name="pointer" value="5000003/rise/0"/>
</i>
<i name="7">
<i name="pointer" value="5000003/rise/0"/>
</i>
<i name="8">
<i name="pointer" value="5000003/rise/0"/>
</i>
<i name="9">
<i name="pointer" value="5000003/rise/0"/>
</i>
<i name="10">
<i name="pointer" value="5000003/rise/0"/>
</i>
<i name="11">
<i name="pointer" value="5000003/rise/0"/>
</i>
<i name="12">
<i name="pointer" value="5000003/rise/0"/>
</i>
<i name="13">
<i name="pointer" value="5000003/rise/0"/>
</i>
<i name="14">
<i name="pointer" value="5000003/rise/0"/>
</i>
<i name="15">
<i name="pointer" value="5000003/rise/0"/>
</i>
<i name="16">
<i name="pointer" value="5000003/rise/0"/>
</i>
<i name="17">
<i name="pointer" value="5000003/rise/0"/>
</i>
<i name="18">
<i name="pointer" value="5000003/rise/0"/>
</i>
<i name="19">
<i name="pointer" value="5000003/rise/0"/>
</i>
</i>
<i name="yes">
<i name="0">
<i name="origin">
<i name="x" value="15"/>
<i name="y" value="44"/>
</i>
<i name="image" value="5000003.yes.0.png"/>
</i>
<i name="1">
<i name="origin">
<i name="x" value="14"/>
<i name="y" value="42"/>
</i>
<i name="image" value="5000003.yes.1.png"/>
</i>
<i name="2">
<i name="origin">
<i name="x" value="16"/>
<i name="y" value="41"/>
</i>
<i name="image" value="5000003.yes.2.png"/>
</i>
<i name="3">
<i name="pointer" value="5000003/yes/1"/>
</i>
<i name="4">
<i name="pointer" value="5000003/yes/0"/>
</i>
<i name="5">
<i name="pointer" value="5000003/yes/1"/>
</i>
<i name="6">
<i name="pointer" value="5000003/yes/2"/>
</i>
<i name="7">
<i name="pointer" value="5000003/yes/1"/>
</i>
<i name="8">
<i name="pointer" value="5000003/yes/0"/>
</i>
<i name="9">
<i name="pointer" value="5000003/yes/1"/>
</i>
<i name="10">
<i name="pointer" value="5000003/yes/2"/>
</i>
<i name="11">
<i name="pointer" value="5000003/yes/1"/>
</i>
<i name="12">
<i name="pointer" value="5000003/yes/0"/>
</i>
<i name="13">
<i name="pointer" value="5000003/yes/1"/>
</i>
<i name="14">
<i name="pointer" value="5000003/yes/2"/>
</i>
<i name="15">
<i name="pointer" value="5000003/yes/1"/>
</i>
</i>
<i name="cry">
<i name="0">
<i name="origin">
<i name="x" value="15"/>
<i name="y" value="44"/>
</i>
<i name="image" value="5000003.cry.0.png"/>
</i>
</i>
<i name="alert">
<i name="0">
<i name="origin">
<i name="x" value="18"/>
<i name="y" value="46"/>
</i>
<i name="image" value="5000003.alert.0.png"/>
</i>
</i>
<i name="no">
<i name="0">
<i name="origin">
<i name="x" value="13"/>
<i name="y" value="38"/>
</i>
<i name="image" value="5000003.no.0.png"/>
</i>
</i>
<i name="smile">
<i name="0">
<i name="origin">
<i name="x" value="18"/>
<i name="y" value="46"/>
</i>
<i name="image" value="5000003.smile.0.png"/>
</i>
</i>
<i name="sneer">
<i name="0">
<i name="origin">
<i name="x" value="20"/>
<i name="y" value="42"/>
</i>
<i name="image" value="5000003.sneer.0.png"/>
</i>
</i>
<i name="front">
<i name="0">
<i name="origin">
<i name="x" value="30"/>
<i name="y" value="46"/>
</i>
<i name="image" value="5000003.front.0.png"/>
</i>
</i>
<i name="fly">
<i name="0">
<i name="origin">
<i name="x" value="18"/>
<i name="y" value="48"/>
</i>
<i name="image" value="5000003.fly.0.png"/>
</i>
<i name="1">
<i name="origin">
<i name="x" value="19"/>
<i name="y" value="49"/>
</i>
<i name="image" value="5000003.fly.1.png"/>
</i>
</i>
</i>