<i>
<s name="walk1"><f name="0" ><p name="mail"  origin_x="17" origin_y="15" navel_x="-10" navel_y="-4" z="pantsOverShoesBelowMailChest" image="walk1.0.mail.png"/><p name="mailArm"  origin_x="3" origin_y="2" navel_x="-7" navel_y="9" z="mailArm" image="walk1.0.mailArm.png"/></f><f name="1" ><p name="mail"  origin_x="19" origin_y="15" navel_x="-9" navel_y="-5" z="pantsOverShoesBelowMailChest" image="walk1.1.mail.png"/><p name="mailArm"  origin_x="2" origin_y="1" navel_x="-8" navel_y="9" z="mailArm" image="walk1.1.mailArm.png"/></f><f name="2" ><p name="mail"  origin_x="18" origin_y="15" navel_x="-10" navel_y="-4" z="pantsOverShoesBelowMailChest" image="walk1.2.mail.png"/><p name="mailArm"  origin_x="3" origin_y="2" navel_x="-7" navel_y="9" z="mailArm" image="walk1.2.mailArm.png"/></f><f name="3" ><p name="mail"  origin_x="20" origin_y="15" navel_x="-11" navel_y="-3" z="pantsOverShoesBelowMailChest" image="walk1.3.mail.png"/><p name="mailArm"  origin_x="2" origin_y="3" navel_x="-11" navel_y="-3" z="mailArm" image="walk1.3.mailArm.png"/></f></s>
<s name="walk2"><f name="0" ><p name="mail"  origin_x="17" origin_y="15" navel_x="-10" navel_y="-4" z="pantsOverShoesBelowMailChest" image="walk2.0.mail.png"/><p name="mailArm"  origin_x="2" origin_y="2" navel_x="-9" navel_y="9" z="mailArm" image="walk2.0.mailArm.png"/></f><f name="1" ><p name="mail"  origin_x="19" origin_y="15" navel_x="-9" navel_y="-5" z="pantsOverShoesBelowMailChest" image="walk2.1.mail.png"/><p name="mailArm"  origin_x="2" origin_y="2" navel_x="-7" navel_y="8" z="mailArm" image="walk2.1.mailArm.png"/></f><f name="2" ><p name="mail"  origin_x="19" origin_y="15" navel_x="-11" navel_y="-4" z="pantsOverShoesBelowMailChest" image="walk2.2.mail.png"/><p name="mailArm"  origin_x="2" origin_y="2" navel_x="-9" navel_y="9" z="mailArm" image="walk2.2.mailArm.png"/></f><f name="3" ><p name="mail"  origin_x="20" origin_y="15" navel_x="-11" navel_y="-3" z="pantsOverShoesBelowMailChest" image="walk2.3.mail.png"/><p name="mailArm"  origin_x="1" origin_y="2" navel_x="-8" navel_y="10" z="mailArm" image="walk2.3.mailArm.png"/></f></s>
<s name="stand1"><f name="0" ><p name="mail"  origin_x="19" origin_y="15" navel_x="-12" navel_y="-5" z="pantsOverShoesBelowMailChest" image="stand1.0.mail.png"/><p name="mailArm"  origin_x="2" origin_y="1" navel_x="-10" navel_y="9" z="mailArm" image="stand1.0.mailArm.png"/></f><f name="1" ><p name="mail"  origin_x="18" origin_y="15" navel_x="-10" navel_y="-4" z="pantsOverShoesBelowMailChest" image="stand1.1.mail.png"/><p name="mailArm"  origin_x="2" origin_y="2" navel_x="-9" navel_y="9" z="mailArm" image="stand1.1.mailArm.png"/></f><f name="2" ><p name="mail"  origin_x="18" origin_y="15" navel_x="-9" navel_y="-5" z="pantsOverShoesBelowMailChest" image="stand1.2.mail.png"/><p name="mailArm"  origin_x="2" origin_y="2" navel_x="-8" navel_y="8" z="mailArm" image="stand1.2.mailArm.png"/></f></s>
<s name="stand2"><f name="0" ><p name="mail"  origin_x="19" origin_y="15" navel_x="-12" navel_y="-5" z="pantsOverShoesBelowMailChest" image="stand2.0.mail.png"/><p name="mailArm"  origin_x="2" origin_y="2" navel_x="-8" navel_y="8" z="mailArm" image="stand2.0.mailArm.png"/></f><f name="1" ><p name="mail"  origin_x="18" origin_y="15" navel_x="-10" navel_y="-4" z="pantsOverShoesBelowMailChest" image="stand2.1.mail.png"/><p name="mailArm"  origin_x="2" origin_y="2" navel_x="-7" navel_y="9" z="mailArm" image="stand2.1.mailArm.png"/></f><f name="2" ><p name="mail"  origin_x="18" origin_y="15" navel_x="-9" navel_y="-5" z="pantsOverShoesBelowMailChest" image="stand2.2.mail.png"/><p name="mailArm"  origin_x="2" origin_y="2" navel_x="-8" navel_y="8" z="mailArm" image="stand2.2.mailArm.png"/></f></s>
<s name="alert"><f name="0" ><p name="mail"  origin_x="20" origin_y="14" navel_x="-7" navel_y="-4" z="pantsOverShoesBelowMailChest" image="alert.0.mail.png"/><p name="mailArm"  origin_x="2" origin_y="2" navel_x="-5" navel_y="8" z="mailArmOverHair" image="alert.0.mailArm.png"/></f><f name="1" ><p name="mail"  origin_x="20" origin_y="14" navel_x="-7" navel_y="-4" z="pantsOverShoesBelowMailChest" image="alert.1.mail.png"/><p name="mailArm"  origin_x="2" origin_y="2" navel_x="-5" navel_y="8" z="mailArmOverHair" image="alert.1.mailArm.png"/></f><f name="2" ><p name="mail"  origin_x="20" origin_y="15" navel_x="-7" navel_y="-5" z="pantsOverShoesBelowMailChest" image="alert.2.mail.png"/><p name="mailArm"  origin_x="2" origin_y="2" navel_x="-6" navel_y="8" z="mailArmOverHair" image="alert.2.mailArm.png"/></f></s>
<s name="swingO1"><f name="0" ><p name="swingO1"  origin_x="15" origin_y="13" navel_x="-3" navel_y="-3" z="pantsOverShoesBelowMailChest" image="swingO1.0.mail.png"/></f><f name="1" ><p name="swingO1"  origin_x="17" origin_y="15" navel_x="-10" navel_y="-5" z="pantsOverShoesBelowMailChest" image="swingO1.1.mail.png"/></f><f name="2" ><p name="swingO1"  origin_x="20" origin_y="14" navel_x="-12" navel_y="-4" z="pantsOverShoesBelowMailChest" image="swingO1.2.mail.png"/></f></s>
<s name="swingO2"><f name="0" ><p name="swingO2"  origin_x="21" origin_y="15" navel_x="-10" navel_y="-4" z="pantsOverShoesBelowMailChest" image="swingO2.0.mail.png"/></f><f name="1" ><p name="swingO2"  origin_x="21" origin_y="15" navel_x="-8" navel_y="-3" z="pantsOverShoesBelowMailChest" image="swingO2.1.mail.png"/></f><f name="2" ><p name="mail"  origin_x="19" origin_y="14" navel_x="-7" navel_y="-2" z="pantsOverShoesBelowMailChest" image="swingO2.2.mail.png"/><p name="mailArm"  origin_x="1" origin_y="1" navel_x="-3" navel_y="11" z="mailArm" image="swingO2.2.mailArm.png"/></f></s>
<s name="swingO3"><f name="0" ><p name="mail"  origin_x="19" origin_y="13" navel_x="-8" navel_y="-2" z="pantsOverShoesBelowMailChest" image="swingO3.0.mail.png"/><p name="mailArm"  origin_x="1" origin_y="2" navel_x="-2" navel_y="9" z="mailArm" image="swingO3.0.mailArm.png"/></f><f name="1" ><p name="swingO3"  origin_x="17" origin_y="14" navel_x="-10" navel_y="-2" z="pantsOverShoesBelowMailChest" image="swingO3.1.mail.png"/></f><f name="2" ><p name="swingO3"  origin_x="15" origin_y="13" navel_x="-7" navel_y="-3" z="pantsOverShoesBelowMailChest" image="swingO3.2.mail.png"/></f></s>
<s name="swingOF"><f name="0" ><p name="swingOF"  origin_x="17" origin_y="14" navel_x="2" navel_y="-3" z="pantsOverShoesBelowMailChest" image="swingOF.0.mail.png"/></f><f name="1" ><p name="swingOF"  origin_x="18" origin_y="17" navel_x="3" navel_y="-8" z="backMailChest" image="swingOF.1.mail.png"/></f><f name="2" ><p name="swingOF"  origin_x="20" origin_y="16" navel_x="-11" navel_y="-4" z="pantsOverShoesBelowMailChest" image="swingOF.2.mail.png"/></f><f name="3" ><p name="swingOF"  origin_x="20" origin_y="13" navel_x="-4" navel_y="0" z="pantsOverShoesBelowMailChest" image="swingOF.3.mail.png"/></f></s>
<s name="swingT1"><f name="0" ><p name="swingT1"  origin_x="19" origin_y="15" navel_x="-8" navel_y="-5" z="pantsOverShoesBelowMailChest" image="swingT1.0.mail.png"/></f><f name="1" ><p name="swingT1"  origin_x="21" origin_y="15" navel_x="-9" navel_y="-3" z="pantsOverShoesBelowMailChest" image="swingT1.1.mail.png"/></f><f name="2" ><p name="swingT1"  origin_x="20" origin_y="13" navel_x="-10" navel_y="-4" z="pantsOverShoesBelowMailChest" image="swingT1.2.mail.png"/></f></s>
<s name="swingT2"><f name="0" ><p name="swingT2"  origin_x="19" origin_y="14" navel_x="-4" navel_y="-4" z="pantsOverShoesBelowMailChest" image="swingT2.0.mail.png"/></f><f name="1" ><p name="swingT2"  origin_x="21" origin_y="14" navel_x="-10" navel_y="-3" z="pantsOverShoesBelowMailChest" image="swingT2.1.mail.png"/></f><f name="2" ><p name="mail"  origin_x="20" origin_y="14" navel_x="-9" navel_y="-2" z="pantsOverShoesBelowMailChest" image="swingT2.2.mail.png"/><p name="mailArm"  origin_x="2" origin_y="2" navel_x="0" navel_y="10" z="mailArmBelowHeadOverMailChest" image="swingT2.2.mailArm.png"/></f></s>
<s name="swingT3"><f name="0" ><p name="swingT3"  origin_x="20" origin_y="14" navel_x="-7" navel_y="-3" z="pantsOverShoesBelowMailChest" image="swingT3.0.mail.png"/></f><f name="1" ><p name="mail"  origin_x="18" origin_y="13" navel_x="-12" navel_y="-4" z="pantsOverShoesBelowMailChest" image="swingT3.1.mail.png"/><p name="mailArm"  origin_x="2" origin_y="2" navel_x="0" navel_y="8" z="mailArmBelowHeadOverMailChest" image="swingT3.1.mailArm.png"/></f><f name="2" ><p name="swingT3"  origin_x="20" origin_y="13" navel_x="-9" navel_y="-4" z="pantsOverShoesBelowMailChest" image="swingT3.2.mail.png"/></f></s>
<s name="swingTF"><f name="0" ><p name="swingTF"  origin_x="16" origin_y="17" navel_x="2" navel_y="-7" z="mailChestOverPants" image="swingTF.0.mail.png"/></f><f name="1" ><p name="swingTF"  origin_x="17" origin_y="16" navel_x="6" navel_y="-7" z="pantsOverShoesBelowMailChest" image="swingTF.1.mail.png"/></f><f name="2" ><p name="swingTF"  origin_x="21" origin_y="15" navel_x="-9" navel_y="-4" z="pantsOverShoesBelowMailChest" image="swingTF.2.mail.png"/></f><f name="3" ><p name="mail"  origin_x="20" origin_y="13" navel_x="-8" navel_y="-3" z="pantsOverShoesBelowMailChest" image="swingTF.3.mail.png"/><p name="mailArm"  origin_x="2" origin_y="1" navel_x="7" navel_y="9" z="mailArmOverHair" image="swingTF.3.mailArm.png"/></f></s>
<s name="swingP1"><f name="0" ><p name="swingP1"  origin_x="19" origin_y="15" navel_x="-7" navel_y="-4" z="pantsOverShoesBelowMailChest" image="swingP1.0.mail.png"/></f><f name="1" ><p name="swingP1"  origin_x="21" origin_y="15" navel_x="-9" navel_y="-2" z="pantsOverShoesBelowMailChest" image="swingP1.1.mail.png"/></f><f name="2" ><p name="swingP1"  origin_x="20" origin_y="13" navel_x="-10" navel_y="-3" z="pantsOverShoesBelowMailChest" image="swingP1.2.mail.png"/></f></s>
<s name="swingP2"><f name="0" ><p name="swingP2"  origin_x="19" origin_y="15" navel_x="-7" navel_y="-5" z="pantsOverShoesBelowMailChest" image="swingP2.0.mail.png"/></f><f name="1" ><p name="swingP2"  origin_x="21" origin_y="14" navel_x="-9" navel_y="-3" z="pantsOverShoesBelowMailChest" image="swingP2.1.mail.png"/></f><f name="2" ><p name="mail"  origin_x="20" origin_y="14" navel_x="-9" navel_y="-3" z="pantsOverShoesBelowMailChest" image="swingP2.2.mail.png"/><p name="mailArm"  origin_x="2" origin_y="2" navel_x="1" navel_y="10" z="mailArmBelowHead" image="swingP2.2.mailArm.png"/></f></s>
<s name="swingPF"><f name="0" ><p name="mail"  origin_x="21" origin_y="14" navel_x="-9" navel_y="-1" z="pantsOverShoesBelowMailChest" image="swingPF.0.mail.png"/><p name="mailArm"  origin_x="1" origin_y="1" navel_x="-6" navel_y="13" z="mailArm" image="swingPF.0.mailArm.png"/></f><f name="1" ><p name="mail"  origin_x="20" origin_y="14" navel_x="-9" navel_y="-1" z="pantsOverShoesBelowMailChest" image="swingPF.1.mail.png"/><p name="mailArm"  origin_x="2" origin_y="2" navel_x="-6" navel_y="11" z="mailArm" image="swingPF.1.mailArm.png"/></f><f name="2" ><p name="swingPF"  origin_x="20" origin_y="21" navel_x="-5" navel_y="-9" z="pantsOverShoesBelowMailChest" image="swingPF.2.mail.png"/></f><f name="3" ><p name="mail"  origin_x="19" origin_y="14" navel_x="-9" navel_y="-3" z="pantsOverShoesBelowMailChest" image="swingPF.3.mail.png"/><p name="mailArm"  origin_x="2" origin_y="1" navel_x="9" navel_y="8" z="mailArmOverHair" image="swingPF.3.mailArm.png"/></f></s>
<s name="stabO1"><f name="0" ><p name="mail"  origin_x="17" origin_y="15" navel_x="3" navel_y="-3" z="pantsOverShoesBelowMailChest" image="stabO1.0.mail.png"/><p name="mailArm"  origin_x="1" origin_y="3" navel_x="-6" navel_y="9" z="mailArm" image="stabO1.0.mailArm.png"/></f><f name="1" ><p name="mail"  origin_x="20" origin_y="14" navel_x="-9" navel_y="-2" z="pantsOverShoesBelowMailChest" image="stabO1.1.mail.png"/><p name="mailArm"  origin_x="2" origin_y="1" navel_x="4" navel_y="11" z="mailArmOverHair" image="stabO1.1.mailArm.png"/></f></s>
<s name="stabO2"><f name="0" ><p name="stabO2"  origin_x="19" origin_y="15" navel_x="-6" navel_y="-4" z="pantsOverShoesBelowMailChest" image="stabO2.0.mail.png"/></f><f name="1" ><p name="stabO2"  origin_x="21" origin_y="14" navel_x="-11" navel_y="-3" z="pantsOverShoesBelowMailChest" image="stabO2.1.mail.png"/></f></s>
<s name="stabOF"><f name="0" ><p name="mail"  origin_x="18" origin_y="14" navel_x="-7" navel_y="0" z="pantsOverShoesBelowMailChest" image="stabOF.0.mail.png"/><p name="mailArm"  origin_x="1" origin_y="2" navel_x="3" navel_y="12" z="mailArmOverHair" image="stabOF.0.mailArm.png"/></f><f name="1" ><p name="stabOF"  origin_x="23" origin_y="14" navel_x="-3" navel_y="-4" z="pantsOverShoesBelowMailChest" image="stabOF.1.mail.png"/></f><f name="2" ><p name="mail"  origin_x="20" origin_y="13" navel_x="-8" navel_y="-2" z="pantsOverShoesBelowMailChest" image="stabOF.2.mail.png"/><p name="mailArm"  origin_x="2" origin_y="1" navel_x="7" navel_y="9" z="mailArmOverHair" image="stabOF.2.mailArm.png"/></f></s>
<s name="stabT1"><f name="0" ><p name="stabT1"  origin_x="22" origin_y="16" navel_x="-6" navel_y="-3" z="pantsOverShoesBelowMailChest" image="stabT1.0.mail.png"/></f><f name="1" ><p name="stabT1"  origin_x="20" origin_y="14" navel_x="-13" navel_y="-4" z="pantsOverShoesBelowMailChest" image="stabT1.1.mail.png"/></f><f name="2" ><p name="mail"  origin_x="22" origin_y="13" navel_x="-9" navel_y="-1" z="pantsOverShoesBelowMailChest" image="stabT1.2.mail.png"/><p name="mailArm"  origin_x="2" origin_y="2" navel_x="-4" navel_y="10" z="mailArmBelowHead" image="stabT1.2.mailArm.png"/></f></s>
<s name="stabT2"><f name="0" ><p name="mail"  origin_x="20" origin_y="16" navel_x="-9" navel_y="-2" z="pantsOverShoesBelowMailChest" image="stabT2.0.mail.png"/><p name="mailArm"  origin_x="2" origin_y="2" navel_x="-3" navel_y="11" z="mailArmBelowHead" image="stabT2.0.mailArm.png"/></f><f name="1" ><p name="stabT2"  origin_x="20" origin_y="15" navel_x="-10" navel_y="-1" z="pantsOverShoesBelowMailChest" image="stabT2.1.mail.png"/></f><f name="2" ><p name="mail"  origin_x="22" origin_y="13" navel_x="-7" navel_y="-1" z="pantsOverShoesBelowMailChest" image="stabT2.2.mail.png"/><p name="mailArm"  origin_x="1" origin_y="2" navel_x="-1" navel_y="9" z="mailArmBelowHead" image="stabT2.2.mailArm.png"/></f></s>
<s name="stabTF"><f name="0" ><p name="mail"  pointer="swingPF/0/mail"/><p name="mailArm"  pointer="swingPF/0/mailArm"/></f><f name="1" ><p name="mail"  pointer="swingPF/1/mail"/><p name="mailArm"  pointer="swingPF/1/mailArm"/></f><f name="2" ><p name="stabTF"  origin_x="20" origin_y="21" navel_x="-5" navel_y="-9" z="pantsOverShoesBelowMailChest" image="stabTF.2.mail.png"/></f><f name="3" ><p name="mail"  origin_x="21" origin_y="14" navel_x="-8" navel_y="-1" z="pantsOverShoesBelowMailChest" image="stabTF.3.mail.png"/><p name="mailArm"  origin_x="3" origin_y="2" navel_x="-3" navel_y="10" z="mailArmBelowHead" image="stabTF.3.mailArm.png"/></f></s>
<s name="shoot1"><f name="0" ><p name="shoot1"  origin_x="20" origin_y="15" navel_x="-7" navel_y="-4" z="pantsOverShoesBelowMailChest" image="shoot1.0.mail.png"/></f><f name="1" ><p name="shoot1"  origin_x="20" origin_y="15" navel_x="-7" navel_y="-4" z="pantsOverShoesBelowMailChest" image="shoot1.1.mail.png"/></f><f name="2" ><p name="shoot1"  origin_x="20" origin_y="15" navel_x="-7" navel_y="-4" z="pantsOverShoesBelowMailChest" image="shoot1.2.mail.png"/></f></s>
<s name="shoot2"><f name="0" ><p name="mail"  origin_x="20" origin_y="15" navel_x="-9" navel_y="-3" z="pantsOverShoesBelowMailChest" image="shoot2.0.mail.png"/><p name="mailArm"  origin_x="2" origin_y="1" navel_x="-5" navel_y="11" z="mailArmOverHair" image="shoot2.0.mailArm.png"/></f><f name="1" ><p name="shoot2"  origin_x="20" origin_y="15" navel_x="-9" navel_y="-3" z="pantsOverShoesBelowMailChest" image="shoot2.1.mail.png"/></f><f name="2" ><p name="shoot2"  origin_x="20" origin_y="15" navel_x="-9" navel_y="-3" z="pantsOverShoesBelowMailChest" image="shoot2.2.mail.png"/></f><f name="3" ><p name="mail"  origin_x="20" origin_y="15" navel_x="-9" navel_y="-3" z="pantsOverShoesBelowMailChest" image="shoot2.3.mail.png"/><p name="mailArm"  origin_x="3" origin_y="1" navel_x="-5" navel_y="11" z="mailArmOverHair" image="shoot2.3.mailArm.png"/></f><f name="4" ><p name="mail"  origin_x="20" origin_y="15" navel_x="-9" navel_y="-3" z="pantsOverShoesBelowMailChest" image="shoot2.4.mail.png"/><p name="mailArm"  origin_x="3" origin_y="1" navel_x="-6" navel_y="11" z="mailArmOverHair" image="shoot2.4.mailArm.png"/></f></s>
<s name="shootF"><f name="0" ><p name="shootF"  origin_x="15" origin_y="15" navel_x="6" navel_y="-4" z="pantsOverShoesBelowMailChest" image="shootF.0.mail.png"/></f><f name="1" ><p name="shootF"  origin_x="17" origin_y="15" navel_x="6" navel_y="-3" z="pantsOverShoesBelowMailChest" image="shootF.1.mail.png"/></f><f name="2" ><p name="pointer"  pointer="shootF/1/mail"/></f></s>
<s name="proneStab"><f name="0" ><p name="proneStab"  origin_x="18" origin_y="10" navel_x="-7" navel_y="7" z="pantsOverShoesBelowMailChest" image="proneStab.0.mail.png"/></f><f name="1" ><p name="proneStab"  origin_x="18" origin_y="10" navel_x="-7" navel_y="7" z="pantsOverShoesBelowMailChest" image="proneStab.1.mail.png"/></f></s>
<s name="prone"><f name="0" ><p name="mail"  pointer="proneStab/0/mail"/><p name="mailArm"  pointer="proneStab/0/mailArm"/></f></s>
<s name="heal"><f name="0" ><p name="mail"  pointer="alert/1/mail"/><p name="mailArm"  pointer="alert/1/mailArm"/></f><f name="1" ><p name="mail"  pointer="swingO2/1/mail"/><p name="mailArm"  pointer="swingO2/1/mailArm"/></f><f name="2" ><p name="mail"  pointer="swingO2/0/mail"/><p name="mailArm"  pointer="swingO2/0/mailArm"/></f></s>
<s name="fly"><f name="0" ><p name="fly"  origin_x="19" origin_y="21" navel_x="-8" navel_y="-9" z="pantsOverShoesBelowMailChest" image="fly.0.mail.png"/></f><f name="1" ><p name="fly"  origin_x="19" origin_y="19" navel_x="-7" navel_y="-7" z="pantsOverShoesBelowMailChest" image="fly.1.mail.png"/></f></s>
<s name="jump"><f name="0" ><p name="jump"  origin_x="23" origin_y="17" navel_x="-6" navel_y="-5" z="pantsOverShoesBelowMailChest" image="jump.0.mail.png"/></f></s>
<s name="sit"><f name="0" ><p name="mail"  origin_x="20" origin_y="12" navel_x="-3" navel_y="-2" z="pantsOverShoesBelowMailChest" image="sit.0.mail.png"/><p name="mailArm"  origin_x="3" origin_y="2" navel_x="-5" navel_y="8" z="mailArmOverHair" image="sit.0.mailArm.png"/></f></s>
<s name="ladder"><f name="0" ><p name="ladder"  origin_x="12" origin_y="19" navel_x="1" navel_y="-11" z="backPants" image="ladder.0.mail.png"/></f><f name="1" ><p name="ladder"  origin_x="12" origin_y="19" navel_x="0" navel_y="-12" z="backPants" image="ladder.1.mail.png"/></f></s>
<s name="rope"><f name="0" ><p name="rope"  origin_x="12" origin_y="19" navel_x="1" navel_y="-11" z="backPants" image="rope.0.mail.png"/></f><f name="1" ><p name="rope"  origin_x="12" origin_y="19" navel_x="0" navel_y="-10" z="backPants" image="rope.1.mail.png"/></f></s>
</i>
