<i>
<s name="stand1"><f name="0" ><p name="45"  origin_x="10" origin_y="5" navel_x="-13" navel_y="0" z="weapon" image="45.stand1.0.weapon.png"/></f><f name="1" ><p name="45"  origin_x="10" origin_y="5" navel_x="-13" navel_y="7" z="weapon" image="45.stand1.1.weapon.png"/></f><f name="2" ><p name="45"  origin_x="10" origin_y="5" navel_x="-13" navel_y="0" z="weapon" image="45.stand1.2.weapon.png"/></f></s>
<s name="walk1"><f name="0" ><p name="45"  origin_x="5" origin_y="5" navel_x="-9" navel_y="-3" z="weapon" image="45.walk1.0.weapon.png"/></f><f name="1" ><p name="45"  origin_x="13" origin_y="5" navel_x="-7" navel_y="5" z="weapon" image="45.walk1.1.weapon.png"/></f><f name="2" ><p name="pointer"  pointer="45/walk1/0/weapon"/></f><f name="3" ><p name="45"  origin_x="11" origin_y="5" navel_x="-19" navel_y="-1" z="weapon" image="45.walk1.3.weapon.png"/></f></s>
<s name="alert"><f name="0" ><p name="45"  origin_x="12" origin_y="5" navel_x="14" navel_y="4" z="weaponOverArm" image="45.alert.0.weapon.png"/></f><f name="1" ><p name="45"  origin_x="12" origin_y="5" navel_x="14" navel_y="2" z="weaponOverArm" image="45.alert.1.weapon.png"/></f><f name="2" ><p name="45"  origin_x="12" origin_y="5" navel_x="14" navel_y="0" z="weaponOverArm" image="45.alert.2.weapon.png"/></f></s>
<s name="swingT1"><f name="0" ><p name="45"  origin_x="11" origin_y="5" navel_x="-21" navel_y="29" z="weaponBelowArm" image="45.swingT1.0.weapon.png"/></f><f name="1" ><p name="45"  origin_x="11" origin_y="5" navel_x="11" navel_y="28" z="weaponBelowArm" image="45.swingT1.1.weapon.png"/></f><f name="2" ><p name="45"  origin_x="11" origin_y="5" navel_x="24" navel_y="-9" z="weapon" image="45.swingT1.2.weapon.png"/></f></s>
<s name="swingT3"><f name="0" ><p name="45"  origin_x="11" origin_y="5" navel_x="-10" navel_y="5" z="weapon" image="45.swingT3.0.weapon.png"/></f><f name="1" ><p name="45"  origin_x="11" origin_y="5" navel_x="-5" navel_y="3" z="weaponOverBody" image="45.swingT3.1.weapon.png"/></f><f name="2" ><p name="45"  origin_x="11" origin_y="5" navel_x="16" navel_y="23" z="weaponBelowBody" image="45.swingT3.2.weapon.png"/></f></s>
<s name="shoot1"><f name="0" ><p name="45"  origin_x="13" origin_y="5" navel_x="36" navel_y="47" z="weaponBelowArm" image="45.shoot1.0.weapon.png"/></f><f name="1" ><p name="45"  origin_x="13" origin_y="5" navel_x="36" navel_y="47" z="weaponBelowArm" image="45.shoot1.1.weapon.png"/></f><f name="2" ><p name="45"  origin_x="13" origin_y="5" navel_x="36" navel_y="47" z="weaponBelowArm" image="45.shoot1.2.weapon.png"/></f></s>
<s name="shootF"><f name="0" ><p name="45"  origin_x="11" origin_y="5" navel_x="43" navel_y="49" z="weaponBelowArm" image="45.shootF.0.weapon.png"/></f><f name="1" ><p name="45"  origin_x="11" origin_y="5" navel_x="41" navel_y="51" z="weaponBelowArm" image="45.shootF.1.weapon.png"/></f><f name="2" ><p name="45"  origin_x="13" origin_y="5" navel_x="39" navel_y="51" z="weaponBelowArm" image="45.shootF.2.weapon.png"/></f></s>
<s name="proneStab"><f name="0" ><p name="45"  origin_x="5" origin_y="3" navel_x="25" navel_y="9" z="weaponBelowArm" image="45.proneStab.0.weapon.png"/></f><f name="1" ><p name="45"  origin_x="5" origin_y="3" navel_x="41" navel_y="8" z="weaponBelowArm" image="45.proneStab.1.weapon.png"/></f></s>
<s name="prone"><f name="0" ><p name="pointer"  pointer="45/proneStab/0/weapon"/></f></s>
<s name="fly"><f name="0" ><p name="45"  origin_x="13" origin_y="5" navel_x="13" navel_y="10" z="weaponOverArm" image="45.fly.0.weapon.png"/></f><f name="1" ><p name="pointer"  pointer="45/fly/0/weapon"/></f></s>
<s name="jump"><f name="0" ><p name="45"  origin_x="17" origin_y="6" navel_x="9" navel_y="8" z="weaponOverArm" image="45.jump.0.weapon.png"/></f></s>
</i>
