  <i name="05010043">
  <i name="info">
    <i name="icon">
      <i name="origin">
        <i name="x" value="0"/>
        <i name="y" value="31"/>
      </i>
      <i name="image" value="05010043.info.icon.png"/>
    </i>
    <i name="iconRaw">
      <i name="origin">
        <i name="x" value="0"/>
        <i name="y" value="31"/>
      </i>
      <i name="image" value="05010043.info.iconRaw.png"/>
    </i>
    <i name="cash" value="1"/>
  </i>
  <i name="effect">
    <i name="default" value="-NONE-"/>
    <i name="walk1">
      <i name="0">
        <i name="origin">
          <i name="x" value="15"/>
          <i name="y" value="-3"/>
        </i>
        <i name="delay" value="120"/>
        <i name="image" value="05010043.effect.walk1.0.png"/>
      </i>
      <i name="1">
        <i name="origin">
          <i name="x" value="16"/>
          <i name="y" value="-1"/>
        </i>
        <i name="delay" value="120"/>
        <i name="image" value="05010043.effect.walk1.1.png"/>
      </i>
      <i name="2">
        <i name="origin">
          <i name="x" value="18"/>
          <i name="y" value="1"/>
        </i>
        <i name="delay" value="120"/>
        <i name="image" value="05010043.effect.walk1.2.png"/>
      </i>
      <i name="3">
        <i name="origin">
          <i name="x" value="21"/>
          <i name="y" value="6"/>
        </i>
        <i name="delay" value="120"/>
        <i name="image" value="05010043.effect.walk1.3.png"/>
      </i>
      <i name="4">
        <i name="origin">
          <i name="x" value="31"/>
          <i name="y" value="10"/>
        </i>
        <i name="delay" value="120"/>
        <i name="image" value="05010043.effect.walk1.4.png"/>
      </i>
      <i name="5">
        <i name="origin">
          <i name="x" value="35"/>
          <i name="y" value="15"/>
        </i>
        <i name="delay" value="120"/>
        <i name="image" value="05010043.effect.walk1.5.png"/>
      </i>
      <i name="6">
        <i name="origin">
          <i name="x" value="35"/>
          <i name="y" value="15"/>
        </i>
        <i name="delay" value="120"/>
        <i name="image" value="05010043.effect.walk1.6.png"/>
      </i>
      <i name="7">
        <i name="origin">
          <i name="x" value="38"/>
          <i name="y" value="18"/>
        </i>
        <i name="delay" value="120"/>
        <i name="image" value="05010043.effect.walk1.7.png"/>
      </i>
      <i name="8">
        <i name="origin">
          <i name="x" value="39"/>
          <i name="y" value="22"/>
        </i>
        <i name="delay" value="120"/>
        <i name="image" value="05010043.effect.walk1.8.png"/>
      </i>
      <i name="9">
        <i name="origin">
          <i name="x" value="23"/>
          <i name="y" value="17"/>
        </i>
        <i name="delay" value="120"/>
        <i name="image" value="05010043.effect.walk1.9.png"/>
      </i>
      <i name="10">
        <i name="origin">
          <i name="x" value="34"/>
          <i name="y" value="11"/>
        </i>
        <i name="delay" value="120"/>
        <i name="image" value="05010043.effect.walk1.10.png"/>
      </i>
      <i name="11">
        <i name="origin">
          <i name="x" value="10"/>
          <i name="y" value="1"/>
        </i>
        <i name="delay" value="4000"/>
        <i name="image" value="05010043.effect.walk1.11.png"/>
      </i>
      <i name="z" value="2"/>
      <i name="pos" value="1"/>
    </i>
    <i name="walk2">
      <i name="0">
        <i name="origin">
          <i name="x" value="15"/>
          <i name="y" value="-3"/>
        </i>
        <i name="delay" value="120"/>
        <i name="image" value="05010043.effect.walk2.0.png"/>
      </i>
      <i name="1">
        <i name="origin">
          <i name="x" value="16"/>
          <i name="y" value="-1"/>
        </i>
        <i name="delay" value="120"/>
        <i name="image" value="05010043.effect.walk2.1.png"/>
      </i>
      <i name="2">
        <i name="origin">
          <i name="x" value="18"/>
          <i name="y" value="1"/>
        </i>
        <i name="delay" value="120"/>
        <i name="image" value="05010043.effect.walk2.2.png"/>
      </i>
      <i name="3">
        <i name="origin">
          <i name="x" value="21"/>
          <i name="y" value="6"/>
        </i>
        <i name="delay" value="120"/>
        <i name="image" value="05010043.effect.walk2.3.png"/>
      </i>
      <i name="4">
        <i name="origin">
          <i name="x" value="31"/>
          <i name="y" value="10"/>
        </i>
        <i name="delay" value="120"/>
        <i name="image" value="05010043.effect.walk2.4.png"/>
      </i>
      <i name="5">
        <i name="origin">
          <i name="x" value="35"/>
          <i name="y" value="15"/>
        </i>
        <i name="delay" value="120"/>
        <i name="image" value="05010043.effect.walk2.5.png"/>
      </i>
      <i name="6">
        <i name="origin">
          <i name="x" value="35"/>
          <i name="y" value="15"/>
        </i>
        <i name="delay" value="120"/>
        <i name="image" value="05010043.effect.walk2.6.png"/>
      </i>
      <i name="7">
        <i name="origin">
          <i name="x" value="38"/>
          <i name="y" value="18"/>
        </i>
        <i name="delay" value="120"/>
        <i name="image" value="05010043.effect.walk2.7.png"/>
      </i>
      <i name="8">
        <i name="origin">
          <i name="x" value="39"/>
          <i name="y" value="22"/>
        </i>
        <i name="delay" value="120"/>
        <i name="image" value="05010043.effect.walk2.8.png"/>
      </i>
      <i name="9">
        <i name="origin">
          <i name="x" value="23"/>
          <i name="y" value="17"/>
        </i>
        <i name="delay" value="120"/>
        <i name="image" value="05010043.effect.walk2.9.png"/>
      </i>
      <i name="10">
        <i name="origin">
          <i name="x" value="34"/>
          <i name="y" value="11"/>
        </i>
        <i name="delay" value="120"/>
        <i name="image" value="05010043.effect.walk2.10.png"/>
      </i>
      <i name="11">
        <i name="origin">
          <i name="x" value="10"/>
          <i name="y" value="1"/>
        </i>
        <i name="delay" value="4000"/>
        <i name="image" value="05010043.effect.walk2.11.png"/>
      </i>
      <i name="z" value="2"/>
      <i name="pos" value="1"/>
    </i>
    <i name="stand1">
      <i name="0">
        <i name="origin">
          <i name="x" value="15"/>
          <i name="y" value="-3"/>
        </i>
        <i name="delay" value="120"/>
        <i name="image" value="05010043.effect.stand1.0.png"/>
      </i>
      <i name="1">
        <i name="origin">
          <i name="x" value="16"/>
          <i name="y" value="-1"/>
        </i>
        <i name="delay" value="120"/>
        <i name="image" value="05010043.effect.stand1.1.png"/>
      </i>
      <i name="2">
        <i name="origin">
          <i name="x" value="18"/>
          <i name="y" value="1"/>
        </i>
        <i name="delay" value="120"/>
        <i name="image" value="05010043.effect.stand1.2.png"/>
      </i>
      <i name="3">
        <i name="origin">
          <i name="x" value="21"/>
          <i name="y" value="6"/>
        </i>
        <i name="delay" value="120"/>
        <i name="image" value="05010043.effect.stand1.3.png"/>
      </i>
      <i name="4">
        <i name="origin">
          <i name="x" value="31"/>
          <i name="y" value="10"/>
        </i>
        <i name="delay" value="120"/>
        <i name="image" value="05010043.effect.stand1.4.png"/>
      </i>
      <i name="5">
        <i name="origin">
          <i name="x" value="35"/>
          <i name="y" value="15"/>
        </i>
        <i name="delay" value="120"/>
        <i name="image" value="05010043.effect.stand1.5.png"/>
      </i>
      <i name="6">
        <i name="origin">
          <i name="x" value="35"/>
          <i name="y" value="15"/>
        </i>
        <i name="delay" value="120"/>
        <i name="image" value="05010043.effect.stand1.6.png"/>
      </i>
      <i name="7">
        <i name="origin">
          <i name="x" value="38"/>
          <i name="y" value="18"/>
        </i>
        <i name="delay" value="120"/>
        <i name="image" value="05010043.effect.stand1.7.png"/>
      </i>
      <i name="8">
        <i name="origin">
          <i name="x" value="39"/>
          <i name="y" value="22"/>
        </i>
        <i name="delay" value="120"/>
        <i name="image" value="05010043.effect.stand1.8.png"/>
      </i>
      <i name="9">
        <i name="origin">
          <i name="x" value="23"/>
          <i name="y" value="17"/>
        </i>
        <i name="delay" value="120"/>
        <i name="image" value="05010043.effect.stand1.9.png"/>
      </i>
      <i name="10">
        <i name="origin">
          <i name="x" value="34"/>
          <i name="y" value="11"/>
        </i>
        <i name="delay" value="120"/>
        <i name="image" value="05010043.effect.stand1.10.png"/>
      </i>
      <i name="11">
        <i name="origin">
          <i name="x" value="10"/>
          <i name="y" value="1"/>
        </i>
        <i name="delay" value="4000"/>
        <i name="image" value="05010043.effect.stand1.11.png"/>
      </i>
      <i name="z" value="2"/>
      <i name="pos" value="1"/>
    </i>
    <i name="stand2">
      <i name="0">
        <i name="origin">
          <i name="x" value="15"/>
          <i name="y" value="-3"/>
        </i>
        <i name="delay" value="120"/>
        <i name="image" value="05010043.effect.stand2.0.png"/>
      </i>
      <i name="1">
        <i name="origin">
          <i name="x" value="16"/>
          <i name="y" value="-1"/>
        </i>
        <i name="delay" value="120"/>
        <i name="image" value="05010043.effect.stand2.1.png"/>
      </i>
      <i name="2">
        <i name="origin">
          <i name="x" value="18"/>
          <i name="y" value="1"/>
        </i>
        <i name="delay" value="120"/>
        <i name="image" value="05010043.effect.stand2.2.png"/>
      </i>
      <i name="3">
        <i name="origin">
          <i name="x" value="21"/>
          <i name="y" value="6"/>
        </i>
        <i name="delay" value="120"/>
        <i name="image" value="05010043.effect.stand2.3.png"/>
      </i>
      <i name="4">
        <i name="origin">
          <i name="x" value="31"/>
          <i name="y" value="10"/>
        </i>
        <i name="delay" value="120"/>
        <i name="image" value="05010043.effect.stand2.4.png"/>
      </i>
      <i name="5">
        <i name="origin">
          <i name="x" value="35"/>
          <i name="y" value="15"/>
        </i>
        <i name="delay" value="120"/>
        <i name="image" value="05010043.effect.stand2.5.png"/>
      </i>
      <i name="6">
        <i name="origin">
          <i name="x" value="35"/>
          <i name="y" value="15"/>
        </i>
        <i name="delay" value="120"/>
        <i name="image" value="05010043.effect.stand2.6.png"/>
      </i>
      <i name="7">
        <i name="origin">
          <i name="x" value="38"/>
          <i name="y" value="18"/>
        </i>
        <i name="delay" value="120"/>
        <i name="image" value="05010043.effect.stand2.7.png"/>
      </i>
      <i name="8">
        <i name="origin">
          <i name="x" value="39"/>
          <i name="y" value="22"/>
        </i>
        <i name="delay" value="120"/>
        <i name="image" value="05010043.effect.stand2.8.png"/>
      </i>
      <i name="9">
        <i name="origin">
          <i name="x" value="23"/>
          <i name="y" value="17"/>
        </i>
        <i name="delay" value="120"/>
        <i name="image" value="05010043.effect.stand2.9.png"/>
      </i>
      <i name="10">
        <i name="origin">
          <i name="x" value="34"/>
          <i name="y" value="11"/>
        </i>
        <i name="delay" value="120"/>
        <i name="image" value="05010043.effect.stand2.10.png"/>
      </i>
      <i name="11">
        <i name="origin">
          <i name="x" value="10"/>
          <i name="y" value="1"/>
        </i>
        <i name="delay" value="4000"/>
        <i name="image" value="05010043.effect.stand2.11.png"/>
      </i>
      <i name="z" value="2"/>
      <i name="pos" value="1"/>
    </i>
    <i name="alert">
      <i name="0">
        <i name="origin">
          <i name="x" value="15"/>
          <i name="y" value="-3"/>
        </i>
        <i name="delay" value="120"/>
        <i name="image" value="05010043.effect.alert.0.png"/>
      </i>
      <i name="1">
        <i name="origin">
          <i name="x" value="16"/>
          <i name="y" value="-1"/>
        </i>
        <i name="delay" value="120"/>
        <i name="image" value="05010043.effect.alert.1.png"/>
      </i>
      <i name="2">
        <i name="origin">
          <i name="x" value="18"/>
          <i name="y" value="1"/>
        </i>
        <i name="delay" value="120"/>
        <i name="image" value="05010043.effect.alert.2.png"/>
      </i>
      <i name="3">
        <i name="origin">
          <i name="x" value="21"/>
          <i name="y" value="6"/>
        </i>
        <i name="delay" value="120"/>
        <i name="image" value="05010043.effect.alert.3.png"/>
      </i>
      <i name="4">
        <i name="origin">
          <i name="x" value="31"/>
          <i name="y" value="10"/>
        </i>
        <i name="delay" value="120"/>
        <i name="image" value="05010043.effect.alert.4.png"/>
      </i>
      <i name="5">
        <i name="origin">
          <i name="x" value="35"/>
          <i name="y" value="15"/>
        </i>
        <i name="delay" value="120"/>
        <i name="image" value="05010043.effect.alert.5.png"/>
      </i>
      <i name="6">
        <i name="origin">
          <i name="x" value="35"/>
          <i name="y" value="15"/>
        </i>
        <i name="delay" value="120"/>
        <i name="image" value="05010043.effect.alert.6.png"/>
      </i>
      <i name="7">
        <i name="origin">
          <i name="x" value="38"/>
          <i name="y" value="18"/>
        </i>
        <i name="delay" value="120"/>
        <i name="image" value="05010043.effect.alert.7.png"/>
      </i>
      <i name="8">
        <i name="origin">
          <i name="x" value="39"/>
          <i name="y" value="22"/>
        </i>
        <i name="delay" value="120"/>
        <i name="image" value="05010043.effect.alert.8.png"/>
      </i>
      <i name="9">
        <i name="origin">
          <i name="x" value="23"/>
          <i name="y" value="17"/>
        </i>
        <i name="delay" value="120"/>
        <i name="image" value="05010043.effect.alert.9.png"/>
      </i>
      <i name="10">
        <i name="origin">
          <i name="x" value="34"/>
          <i name="y" value="11"/>
        </i>
        <i name="delay" value="120"/>
        <i name="image" value="05010043.effect.alert.10.png"/>
      </i>
      <i name="11">
        <i name="origin">
          <i name="x" value="10"/>
          <i name="y" value="1"/>
        </i>
        <i name="delay" value="4000"/>
        <i name="image" value="05010043.effect.alert.11.png"/>
      </i>
      <i name="z" value="2"/>
      <i name="pos" value="1"/>
    </i>
    <i name="swingO1">
      <i name="0">
        <i name="origin">
          <i name="x" value="15"/>
          <i name="y" value="-3"/>
        </i>
        <i name="delay" value="120"/>
        <i name="image" value="05010043.effect.swingO1.0.png"/>
      </i>
      <i name="1">
        <i name="origin">
          <i name="x" value="16"/>
          <i name="y" value="-1"/>
        </i>
        <i name="delay" value="120"/>
        <i name="image" value="05010043.effect.swingO1.1.png"/>
      </i>
      <i name="2">
        <i name="origin">
          <i name="x" value="18"/>
          <i name="y" value="1"/>
        </i>
        <i name="delay" value="120"/>
        <i name="image" value="05010043.effect.swingO1.2.png"/>
      </i>
      <i name="3">
        <i name="origin">
          <i name="x" value="21"/>
          <i name="y" value="6"/>
        </i>
        <i name="delay" value="120"/>
        <i name="image" value="05010043.effect.swingO1.3.png"/>
      </i>
      <i name="4">
        <i name="origin">
          <i name="x" value="31"/>
          <i name="y" value="10"/>
        </i>
        <i name="delay" value="120"/>
        <i name="image" value="05010043.effect.swingO1.4.png"/>
      </i>
      <i name="5">
        <i name="origin">
          <i name="x" value="35"/>
          <i name="y" value="15"/>
        </i>
        <i name="delay" value="120"/>
        <i name="image" value="05010043.effect.swingO1.5.png"/>
      </i>
      <i name="6">
        <i name="origin">
          <i name="x" value="35"/>
          <i name="y" value="15"/>
        </i>
        <i name="delay" value="120"/>
        <i name="image" value="05010043.effect.swingO1.6.png"/>
      </i>
      <i name="7">
        <i name="origin">
          <i name="x" value="38"/>
          <i name="y" value="18"/>
        </i>
        <i name="delay" value="120"/>
        <i name="image" value="05010043.effect.swingO1.7.png"/>
      </i>
      <i name="8">
        <i name="origin">
          <i name="x" value="39"/>
          <i name="y" value="22"/>
        </i>
        <i name="delay" value="120"/>
        <i name="image" value="05010043.effect.swingO1.8.png"/>
      </i>
      <i name="9">
        <i name="origin">
          <i name="x" value="23"/>
          <i name="y" value="17"/>
        </i>
        <i name="delay" value="120"/>
        <i name="image" value="05010043.effect.swingO1.9.png"/>
      </i>
      <i name="10">
        <i name="origin">
          <i name="x" value="34"/>
          <i name="y" value="11"/>
        </i>
        <i name="delay" value="120"/>
        <i name="image" value="05010043.effect.swingO1.10.png"/>
      </i>
      <i name="11">
        <i name="origin">
          <i name="x" value="10"/>
          <i name="y" value="1"/>
        </i>
        <i name="delay" value="4000"/>
        <i name="image" value="05010043.effect.swingO1.11.png"/>
      </i>
      <i name="z" value="2"/>
      <i name="pos" value="1"/>
    </i>
    <i name="swingO2">
      <i name="0">
        <i name="origin">
          <i name="x" value="15"/>
          <i name="y" value="-3"/>
        </i>
        <i name="delay" value="120"/>
        <i name="image" value="05010043.effect.swingO2.0.png"/>
      </i>
      <i name="1">
        <i name="origin">
          <i name="x" value="16"/>
          <i name="y" value="-1"/>
        </i>
        <i name="delay" value="120"/>
        <i name="image" value="05010043.effect.swingO2.1.png"/>
      </i>
      <i name="2">
        <i name="origin">
          <i name="x" value="18"/>
          <i name="y" value="1"/>
        </i>
        <i name="delay" value="120"/>
        <i name="image" value="05010043.effect.swingO2.2.png"/>
      </i>
      <i name="3">
        <i name="origin">
          <i name="x" value="21"/>
          <i name="y" value="6"/>
        </i>
        <i name="delay" value="120"/>
        <i name="image" value="05010043.effect.swingO2.3.png"/>
      </i>
      <i name="4">
        <i name="origin">
          <i name="x" value="31"/>
          <i name="y" value="10"/>
        </i>
        <i name="delay" value="120"/>
        <i name="image" value="05010043.effect.swingO2.4.png"/>
      </i>
      <i name="5">
        <i name="origin">
          <i name="x" value="35"/>
          <i name="y" value="15"/>
        </i>
        <i name="delay" value="120"/>
        <i name="image" value="05010043.effect.swingO2.5.png"/>
      </i>
      <i name="6">
        <i name="origin">
          <i name="x" value="35"/>
          <i name="y" value="15"/>
        </i>
        <i name="delay" value="120"/>
        <i name="image" value="05010043.effect.swingO2.6.png"/>
      </i>
      <i name="7">
        <i name="origin">
          <i name="x" value="38"/>
          <i name="y" value="18"/>
        </i>
        <i name="delay" value="120"/>
        <i name="image" value="05010043.effect.swingO2.7.png"/>
      </i>
      <i name="8">
        <i name="origin">
          <i name="x" value="39"/>
          <i name="y" value="22"/>
        </i>
        <i name="delay" value="120"/>
        <i name="image" value="05010043.effect.swingO2.8.png"/>
      </i>
      <i name="9">
        <i name="origin">
          <i name="x" value="23"/>
          <i name="y" value="17"/>
        </i>
        <i name="delay" value="120"/>
        <i name="image" value="05010043.effect.swingO2.9.png"/>
      </i>
      <i name="10">
        <i name="origin">
          <i name="x" value="34"/>
          <i name="y" value="11"/>
        </i>
        <i name="delay" value="120"/>
        <i name="image" value="05010043.effect.swingO2.10.png"/>
      </i>
      <i name="11">
        <i name="origin">
          <i name="x" value="10"/>
          <i name="y" value="1"/>
        </i>
        <i name="delay" value="4000"/>
        <i name="image" value="05010043.effect.swingO2.11.png"/>
      </i>
      <i name="z" value="2"/>
      <i name="pos" value="1"/>
    </i>
    <i name="swingO3">
      <i name="0">
        <i name="origin">
          <i name="x" value="15"/>
          <i name="y" value="-3"/>
        </i>
        <i name="delay" value="120"/>
        <i name="image" value="05010043.effect.swingO3.0.png"/>
      </i>
      <i name="1">
        <i name="origin">
          <i name="x" value="16"/>
          <i name="y" value="-1"/>
        </i>
        <i name="delay" value="120"/>
        <i name="image" value="05010043.effect.swingO3.1.png"/>
      </i>
      <i name="2">
        <i name="origin">
          <i name="x" value="18"/>
          <i name="y" value="1"/>
        </i>
        <i name="delay" value="120"/>
        <i name="image" value="05010043.effect.swingO3.2.png"/>
      </i>
      <i name="3">
        <i name="origin">
          <i name="x" value="21"/>
          <i name="y" value="6"/>
        </i>
        <i name="delay" value="120"/>
        <i name="image" value="05010043.effect.swingO3.3.png"/>
      </i>
      <i name="4">
        <i name="origin">
          <i name="x" value="31"/>
          <i name="y" value="10"/>
        </i>
        <i name="delay" value="120"/>
        <i name="image" value="05010043.effect.swingO3.4.png"/>
      </i>
      <i name="5">
        <i name="origin">
          <i name="x" value="35"/>
          <i name="y" value="15"/>
        </i>
        <i name="delay" value="120"/>
        <i name="image" value="05010043.effect.swingO3.5.png"/>
      </i>
      <i name="6">
        <i name="origin">
          <i name="x" value="35"/>
          <i name="y" value="15"/>
        </i>
        <i name="delay" value="120"/>
        <i name="image" value="05010043.effect.swingO3.6.png"/>
      </i>
      <i name="7">
        <i name="origin">
          <i name="x" value="38"/>
          <i name="y" value="18"/>
        </i>
        <i name="delay" value="120"/>
        <i name="image" value="05010043.effect.swingO3.7.png"/>
      </i>
      <i name="8">
        <i name="origin">
          <i name="x" value="39"/>
          <i name="y" value="22"/>
        </i>
        <i name="delay" value="120"/>
        <i name="image" value="05010043.effect.swingO3.8.png"/>
      </i>
      <i name="9">
        <i name="origin">
          <i name="x" value="23"/>
          <i name="y" value="17"/>
        </i>
        <i name="delay" value="120"/>
        <i name="image" value="05010043.effect.swingO3.9.png"/>
      </i>
      <i name="10">
        <i name="origin">
          <i name="x" value="34"/>
          <i name="y" value="11"/>
        </i>
        <i name="delay" value="120"/>
        <i name="image" value="05010043.effect.swingO3.10.png"/>
      </i>
      <i name="11">
        <i name="origin">
          <i name="x" value="10"/>
          <i name="y" value="1"/>
        </i>
        <i name="delay" value="4000"/>
        <i name="image" value="05010043.effect.swingO3.11.png"/>
      </i>
      <i name="z" value="2"/>
      <i name="pos" value="1"/>
    </i>
    <i name="swingOF">
      <i name="0">
        <i name="origin">
          <i name="x" value="15"/>
          <i name="y" value="-3"/>
        </i>
        <i name="delay" value="120"/>
        <i name="image" value="05010043.effect.swingOF.0.png"/>
      </i>
      <i name="1">
        <i name="origin">
          <i name="x" value="16"/>
          <i name="y" value="-1"/>
        </i>
        <i name="delay" value="120"/>
        <i name="image" value="05010043.effect.swingOF.1.png"/>
      </i>
      <i name="2">
        <i name="origin">
          <i name="x" value="18"/>
          <i name="y" value="1"/>
        </i>
        <i name="delay" value="120"/>
        <i name="image" value="05010043.effect.swingOF.2.png"/>
      </i>
      <i name="3">
        <i name="origin">
          <i name="x" value="21"/>
          <i name="y" value="6"/>
        </i>
        <i name="delay" value="120"/>
        <i name="image" value="05010043.effect.swingOF.3.png"/>
      </i>
      <i name="4">
        <i name="origin">
          <i name="x" value="31"/>
          <i name="y" value="10"/>
        </i>
        <i name="delay" value="120"/>
        <i name="image" value="05010043.effect.swingOF.4.png"/>
      </i>
      <i name="5">
        <i name="origin">
          <i name="x" value="35"/>
          <i name="y" value="15"/>
        </i>
        <i name="delay" value="120"/>
        <i name="image" value="05010043.effect.swingOF.5.png"/>
      </i>
      <i name="6">
        <i name="origin">
          <i name="x" value="35"/>
          <i name="y" value="15"/>
        </i>
        <i name="delay" value="120"/>
        <i name="image" value="05010043.effect.swingOF.6.png"/>
      </i>
      <i name="7">
        <i name="origin">
          <i name="x" value="38"/>
          <i name="y" value="18"/>
        </i>
        <i name="delay" value="120"/>
        <i name="image" value="05010043.effect.swingOF.7.png"/>
      </i>
      <i name="8">
        <i name="origin">
          <i name="x" value="39"/>
          <i name="y" value="22"/>
        </i>
        <i name="delay" value="120"/>
        <i name="image" value="05010043.effect.swingOF.8.png"/>
      </i>
      <i name="9">
        <i name="origin">
          <i name="x" value="23"/>
          <i name="y" value="17"/>
        </i>
        <i name="delay" value="120"/>
        <i name="image" value="05010043.effect.swingOF.9.png"/>
      </i>
      <i name="10">
        <i name="origin">
          <i name="x" value="34"/>
          <i name="y" value="11"/>
        </i>
        <i name="delay" value="120"/>
        <i name="image" value="05010043.effect.swingOF.10.png"/>
      </i>
      <i name="11">
        <i name="origin">
          <i name="x" value="10"/>
          <i name="y" value="1"/>
        </i>
        <i name="delay" value="4000"/>
        <i name="image" value="05010043.effect.swingOF.11.png"/>
      </i>
      <i name="z" value="2"/>
      <i name="pos" value="1"/>
    </i>
    <i name="swingT1">
      <i name="0">
        <i name="origin">
          <i name="x" value="15"/>
          <i name="y" value="-3"/>
        </i>
        <i name="delay" value="120"/>
        <i name="image" value="05010043.effect.swingT1.0.png"/>
      </i>
      <i name="1">
        <i name="origin">
          <i name="x" value="16"/>
          <i name="y" value="-1"/>
        </i>
        <i name="delay" value="120"/>
        <i name="image" value="05010043.effect.swingT1.1.png"/>
      </i>
      <i name="2">
        <i name="origin">
          <i name="x" value="18"/>
          <i name="y" value="1"/>
        </i>
        <i name="delay" value="120"/>
        <i name="image" value="05010043.effect.swingT1.2.png"/>
      </i>
      <i name="3">
        <i name="origin">
          <i name="x" value="21"/>
          <i name="y" value="6"/>
        </i>
        <i name="delay" value="120"/>
        <i name="image" value="05010043.effect.swingT1.3.png"/>
      </i>
      <i name="4">
        <i name="origin">
          <i name="x" value="31"/>
          <i name="y" value="10"/>
        </i>
        <i name="delay" value="120"/>
        <i name="image" value="05010043.effect.swingT1.4.png"/>
      </i>
      <i name="5">
        <i name="origin">
          <i name="x" value="35"/>
          <i name="y" value="15"/>
        </i>
        <i name="delay" value="120"/>
        <i name="image" value="05010043.effect.swingT1.5.png"/>
      </i>
      <i name="6">
        <i name="origin">
          <i name="x" value="35"/>
          <i name="y" value="15"/>
        </i>
        <i name="delay" value="120"/>
        <i name="image" value="05010043.effect.swingT1.6.png"/>
      </i>
      <i name="7">
        <i name="origin">
          <i name="x" value="38"/>
          <i name="y" value="18"/>
        </i>
        <i name="delay" value="120"/>
        <i name="image" value="05010043.effect.swingT1.7.png"/>
      </i>
      <i name="8">
        <i name="origin">
          <i name="x" value="39"/>
          <i name="y" value="22"/>
        </i>
        <i name="delay" value="120"/>
        <i name="image" value="05010043.effect.swingT1.8.png"/>
      </i>
      <i name="9">
        <i name="origin">
          <i name="x" value="23"/>
          <i name="y" value="17"/>
        </i>
        <i name="delay" value="120"/>
        <i name="image" value="05010043.effect.swingT1.9.png"/>
      </i>
      <i name="10">
        <i name="origin">
          <i name="x" value="34"/>
          <i name="y" value="11"/>
        </i>
        <i name="delay" value="120"/>
        <i name="image" value="05010043.effect.swingT1.10.png"/>
      </i>
      <i name="11">
        <i name="origin">
          <i name="x" value="10"/>
          <i name="y" value="1"/>
        </i>
        <i name="delay" value="4000"/>
        <i name="image" value="05010043.effect.swingT1.11.png"/>
      </i>
      <i name="z" value="2"/>
      <i name="pos" value="1"/>
    </i>
    <i name="swingT2">
      <i name="0">
        <i name="origin">
          <i name="x" value="15"/>
          <i name="y" value="-3"/>
        </i>
        <i name="delay" value="120"/>
        <i name="image" value="05010043.effect.swingT2.0.png"/>
      </i>
      <i name="1">
        <i name="origin">
          <i name="x" value="16"/>
          <i name="y" value="-1"/>
        </i>
        <i name="delay" value="120"/>
        <i name="image" value="05010043.effect.swingT2.1.png"/>
      </i>
      <i name="2">
        <i name="origin">
          <i name="x" value="18"/>
          <i name="y" value="1"/>
        </i>
        <i name="delay" value="120"/>
        <i name="image" value="05010043.effect.swingT2.2.png"/>
      </i>
      <i name="3">
        <i name="origin">
          <i name="x" value="21"/>
          <i name="y" value="6"/>
        </i>
        <i name="delay" value="120"/>
        <i name="image" value="05010043.effect.swingT2.3.png"/>
      </i>
      <i name="4">
        <i name="origin">
          <i name="x" value="31"/>
          <i name="y" value="10"/>
        </i>
        <i name="delay" value="120"/>
        <i name="image" value="05010043.effect.swingT2.4.png"/>
      </i>
      <i name="5">
        <i name="origin">
          <i name="x" value="35"/>
          <i name="y" value="15"/>
        </i>
        <i name="delay" value="120"/>
        <i name="image" value="05010043.effect.swingT2.5.png"/>
      </i>
      <i name="6">
        <i name="origin">
          <i name="x" value="35"/>
          <i name="y" value="15"/>
        </i>
        <i name="delay" value="120"/>
        <i name="image" value="05010043.effect.swingT2.6.png"/>
      </i>
      <i name="7">
        <i name="origin">
          <i name="x" value="38"/>
          <i name="y" value="18"/>
        </i>
        <i name="delay" value="120"/>
        <i name="image" value="05010043.effect.swingT2.7.png"/>
      </i>
      <i name="8">
        <i name="origin">
          <i name="x" value="39"/>
          <i name="y" value="22"/>
        </i>
        <i name="delay" value="120"/>
        <i name="image" value="05010043.effect.swingT2.8.png"/>
      </i>
      <i name="9">
        <i name="origin">
          <i name="x" value="23"/>
          <i name="y" value="17"/>
        </i>
        <i name="delay" value="120"/>
        <i name="image" value="05010043.effect.swingT2.9.png"/>
      </i>
      <i name="10">
        <i name="origin">
          <i name="x" value="34"/>
          <i name="y" value="11"/>
        </i>
        <i name="delay" value="120"/>
        <i name="image" value="05010043.effect.swingT2.10.png"/>
      </i>
      <i name="11">
        <i name="origin">
          <i name="x" value="10"/>
          <i name="y" value="1"/>
        </i>
        <i name="delay" value="4000"/>
        <i name="image" value="05010043.effect.swingT2.11.png"/>
      </i>
      <i name="z" value="2"/>
      <i name="pos" value="1"/>
    </i>
    <i name="swingT3">
      <i name="0">
        <i name="origin">
          <i name="x" value="15"/>
          <i name="y" value="-3"/>
        </i>
        <i name="delay" value="120"/>
        <i name="image" value="05010043.effect.swingT3.0.png"/>
      </i>
      <i name="1">
        <i name="origin">
          <i name="x" value="16"/>
          <i name="y" value="-1"/>
        </i>
        <i name="delay" value="120"/>
        <i name="image" value="05010043.effect.swingT3.1.png"/>
      </i>
      <i name="2">
        <i name="origin">
          <i name="x" value="18"/>
          <i name="y" value="1"/>
        </i>
        <i name="delay" value="120"/>
        <i name="image" value="05010043.effect.swingT3.2.png"/>
      </i>
      <i name="3">
        <i name="origin">
          <i name="x" value="21"/>
          <i name="y" value="6"/>
        </i>
        <i name="delay" value="120"/>
        <i name="image" value="05010043.effect.swingT3.3.png"/>
      </i>
      <i name="4">
        <i name="origin">
          <i name="x" value="31"/>
          <i name="y" value="10"/>
        </i>
        <i name="delay" value="120"/>
        <i name="image" value="05010043.effect.swingT3.4.png"/>
      </i>
      <i name="5">
        <i name="origin">
          <i name="x" value="35"/>
          <i name="y" value="15"/>
        </i>
        <i name="delay" value="120"/>
        <i name="image" value="05010043.effect.swingT3.5.png"/>
      </i>
      <i name="6">
        <i name="origin">
          <i name="x" value="35"/>
          <i name="y" value="15"/>
        </i>
        <i name="delay" value="120"/>
        <i name="image" value="05010043.effect.swingT3.6.png"/>
      </i>
      <i name="7">
        <i name="origin">
          <i name="x" value="38"/>
          <i name="y" value="18"/>
        </i>
        <i name="delay" value="120"/>
        <i name="image" value="05010043.effect.swingT3.7.png"/>
      </i>
      <i name="8">
        <i name="origin">
          <i name="x" value="39"/>
          <i name="y" value="22"/>
        </i>
        <i name="delay" value="120"/>
        <i name="image" value="05010043.effect.swingT3.8.png"/>
      </i>
      <i name="9">
        <i name="origin">
          <i name="x" value="23"/>
          <i name="y" value="17"/>
        </i>
        <i name="delay" value="120"/>
        <i name="image" value="05010043.effect.swingT3.9.png"/>
      </i>
      <i name="10">
        <i name="origin">
          <i name="x" value="34"/>
          <i name="y" value="11"/>
        </i>
        <i name="delay" value="120"/>
        <i name="image" value="05010043.effect.swingT3.10.png"/>
      </i>
      <i name="11">
        <i name="origin">
          <i name="x" value="10"/>
          <i name="y" value="1"/>
        </i>
        <i name="delay" value="4000"/>
        <i name="image" value="05010043.effect.swingT3.11.png"/>
      </i>
      <i name="z" value="2"/>
      <i name="pos" value="1"/>
    </i>
    <i name="swingTF">
      <i name="0">
        <i name="origin">
          <i name="x" value="15"/>
          <i name="y" value="-3"/>
        </i>
        <i name="delay" value="120"/>
        <i name="image" value="05010043.effect.swingTF.0.png"/>
      </i>
      <i name="1">
        <i name="origin">
          <i name="x" value="16"/>
          <i name="y" value="-1"/>
        </i>
        <i name="delay" value="120"/>
        <i name="image" value="05010043.effect.swingTF.1.png"/>
      </i>
      <i name="2">
        <i name="origin">
          <i name="x" value="18"/>
          <i name="y" value="1"/>
        </i>
        <i name="delay" value="120"/>
        <i name="image" value="05010043.effect.swingTF.2.png"/>
      </i>
      <i name="3">
        <i name="origin">
          <i name="x" value="21"/>
          <i name="y" value="6"/>
        </i>
        <i name="delay" value="120"/>
        <i name="image" value="05010043.effect.swingTF.3.png"/>
      </i>
      <i name="4">
        <i name="origin">
          <i name="x" value="31"/>
          <i name="y" value="10"/>
        </i>
        <i name="delay" value="120"/>
        <i name="image" value="05010043.effect.swingTF.4.png"/>
      </i>
      <i name="5">
        <i name="origin">
          <i name="x" value="35"/>
          <i name="y" value="15"/>
        </i>
        <i name="delay" value="120"/>
        <i name="image" value="05010043.effect.swingTF.5.png"/>
      </i>
      <i name="6">
        <i name="origin">
          <i name="x" value="35"/>
          <i name="y" value="15"/>
        </i>
        <i name="delay" value="120"/>
        <i name="image" value="05010043.effect.swingTF.6.png"/>
      </i>
      <i name="7">
        <i name="origin">
          <i name="x" value="38"/>
          <i name="y" value="18"/>
        </i>
        <i name="delay" value="120"/>
        <i name="image" value="05010043.effect.swingTF.7.png"/>
      </i>
      <i name="8">
        <i name="origin">
          <i name="x" value="39"/>
          <i name="y" value="22"/>
        </i>
        <i name="delay" value="120"/>
        <i name="image" value="05010043.effect.swingTF.8.png"/>
      </i>
      <i name="9">
        <i name="origin">
          <i name="x" value="23"/>
          <i name="y" value="17"/>
        </i>
        <i name="delay" value="120"/>
        <i name="image" value="05010043.effect.swingTF.9.png"/>
      </i>
      <i name="10">
        <i name="origin">
          <i name="x" value="34"/>
          <i name="y" value="11"/>
        </i>
        <i name="delay" value="120"/>
        <i name="image" value="05010043.effect.swingTF.10.png"/>
      </i>
      <i name="11">
        <i name="origin">
          <i name="x" value="10"/>
          <i name="y" value="1"/>
        </i>
        <i name="delay" value="4000"/>
        <i name="image" value="05010043.effect.swingTF.11.png"/>
      </i>
      <i name="z" value="2"/>
      <i name="pos" value="1"/>
    </i>
    <i name="swingP1">
      <i name="0">
        <i name="origin">
          <i name="x" value="15"/>
          <i name="y" value="-3"/>
        </i>
        <i name="delay" value="120"/>
        <i name="image" value="05010043.effect.swingP1.0.png"/>
      </i>
      <i name="1">
        <i name="origin">
          <i name="x" value="16"/>
          <i name="y" value="-1"/>
        </i>
        <i name="delay" value="120"/>
        <i name="image" value="05010043.effect.swingP1.1.png"/>
      </i>
      <i name="2">
        <i name="origin">
          <i name="x" value="18"/>
          <i name="y" value="1"/>
        </i>
        <i name="delay" value="120"/>
        <i name="image" value="05010043.effect.swingP1.2.png"/>
      </i>
      <i name="3">
        <i name="origin">
          <i name="x" value="21"/>
          <i name="y" value="6"/>
        </i>
        <i name="delay" value="120"/>
        <i name="image" value="05010043.effect.swingP1.3.png"/>
      </i>
      <i name="4">
        <i name="origin">
          <i name="x" value="31"/>
          <i name="y" value="10"/>
        </i>
        <i name="delay" value="120"/>
        <i name="image" value="05010043.effect.swingP1.4.png"/>
      </i>
      <i name="5">
        <i name="origin">
          <i name="x" value="35"/>
          <i name="y" value="15"/>
        </i>
        <i name="delay" value="120"/>
        <i name="image" value="05010043.effect.swingP1.5.png"/>
      </i>
      <i name="6">
        <i name="origin">
          <i name="x" value="35"/>
          <i name="y" value="15"/>
        </i>
        <i name="delay" value="120"/>
        <i name="image" value="05010043.effect.swingP1.6.png"/>
      </i>
      <i name="7">
        <i name="origin">
          <i name="x" value="38"/>
          <i name="y" value="18"/>
        </i>
        <i name="delay" value="120"/>
        <i name="image" value="05010043.effect.swingP1.7.png"/>
      </i>
      <i name="8">
        <i name="origin">
          <i name="x" value="39"/>
          <i name="y" value="22"/>
        </i>
        <i name="delay" value="120"/>
        <i name="image" value="05010043.effect.swingP1.8.png"/>
      </i>
      <i name="9">
        <i name="origin">
          <i name="x" value="23"/>
          <i name="y" value="17"/>
        </i>
        <i name="delay" value="120"/>
        <i name="image" value="05010043.effect.swingP1.9.png"/>
      </i>
      <i name="10">
        <i name="origin">
          <i name="x" value="34"/>
          <i name="y" value="11"/>
        </i>
        <i name="delay" value="120"/>
        <i name="image" value="05010043.effect.swingP1.10.png"/>
      </i>
      <i name="11">
        <i name="origin">
          <i name="x" value="10"/>
          <i name="y" value="1"/>
        </i>
        <i name="delay" value="4000"/>
        <i name="image" value="05010043.effect.swingP1.11.png"/>
      </i>
      <i name="z" value="2"/>
      <i name="pos" value="1"/>
    </i>
    <i name="swingP2">
      <i name="0">
        <i name="origin">
          <i name="x" value="15"/>
          <i name="y" value="-3"/>
        </i>
        <i name="delay" value="120"/>
        <i name="image" value="05010043.effect.swingP2.0.png"/>
      </i>
      <i name="1">
        <i name="origin">
          <i name="x" value="16"/>
          <i name="y" value="-1"/>
        </i>
        <i name="delay" value="120"/>
        <i name="image" value="05010043.effect.swingP2.1.png"/>
      </i>
      <i name="2">
        <i name="origin">
          <i name="x" value="18"/>
          <i name="y" value="1"/>
        </i>
        <i name="delay" value="120"/>
        <i name="image" value="05010043.effect.swingP2.2.png"/>
      </i>
      <i name="3">
        <i name="origin">
          <i name="x" value="21"/>
          <i name="y" value="6"/>
        </i>
        <i name="delay" value="120"/>
        <i name="image" value="05010043.effect.swingP2.3.png"/>
      </i>
      <i name="4">
        <i name="origin">
          <i name="x" value="31"/>
          <i name="y" value="10"/>
        </i>
        <i name="delay" value="120"/>
        <i name="image" value="05010043.effect.swingP2.4.png"/>
      </i>
      <i name="5">
        <i name="origin">
          <i name="x" value="35"/>
          <i name="y" value="15"/>
        </i>
        <i name="delay" value="120"/>
        <i name="image" value="05010043.effect.swingP2.5.png"/>
      </i>
      <i name="6">
        <i name="origin">
          <i name="x" value="35"/>
          <i name="y" value="15"/>
        </i>
        <i name="delay" value="120"/>
        <i name="image" value="05010043.effect.swingP2.6.png"/>
      </i>
      <i name="7">
        <i name="origin">
          <i name="x" value="38"/>
          <i name="y" value="18"/>
        </i>
        <i name="delay" value="120"/>
        <i name="image" value="05010043.effect.swingP2.7.png"/>
      </i>
      <i name="8">
        <i name="origin">
          <i name="x" value="39"/>
          <i name="y" value="22"/>
        </i>
        <i name="delay" value="120"/>
        <i name="image" value="05010043.effect.swingP2.8.png"/>
      </i>
      <i name="9">
        <i name="origin">
          <i name="x" value="23"/>
          <i name="y" value="17"/>
        </i>
        <i name="delay" value="120"/>
        <i name="image" value="05010043.effect.swingP2.9.png"/>
      </i>
      <i name="10">
        <i name="origin">
          <i name="x" value="34"/>
          <i name="y" value="11"/>
        </i>
        <i name="delay" value="120"/>
        <i name="image" value="05010043.effect.swingP2.10.png"/>
      </i>
      <i name="11">
        <i name="origin">
          <i name="x" value="10"/>
          <i name="y" value="1"/>
        </i>
        <i name="delay" value="4000"/>
        <i name="image" value="05010043.effect.swingP2.11.png"/>
      </i>
      <i name="z" value="2"/>
      <i name="pos" value="1"/>
    </i>
    <i name="swingPF">
      <i name="0">
        <i name="origin">
          <i name="x" value="15"/>
          <i name="y" value="-3"/>
        </i>
        <i name="delay" value="120"/>
        <i name="image" value="05010043.effect.swingPF.0.png"/>
      </i>
      <i name="1">
        <i name="origin">
          <i name="x" value="16"/>
          <i name="y" value="-1"/>
        </i>
        <i name="delay" value="120"/>
        <i name="image" value="05010043.effect.swingPF.1.png"/>
      </i>
      <i name="2">
        <i name="origin">
          <i name="x" value="18"/>
          <i name="y" value="1"/>
        </i>
        <i name="delay" value="120"/>
        <i name="image" value="05010043.effect.swingPF.2.png"/>
      </i>
      <i name="3">
        <i name="origin">
          <i name="x" value="21"/>
          <i name="y" value="6"/>
        </i>
        <i name="delay" value="120"/>
        <i name="image" value="05010043.effect.swingPF.3.png"/>
      </i>
      <i name="4">
        <i name="origin">
          <i name="x" value="31"/>
          <i name="y" value="10"/>
        </i>
        <i name="delay" value="120"/>
        <i name="image" value="05010043.effect.swingPF.4.png"/>
      </i>
      <i name="5">
        <i name="origin">
          <i name="x" value="35"/>
          <i name="y" value="15"/>
        </i>
        <i name="delay" value="120"/>
        <i name="image" value="05010043.effect.swingPF.5.png"/>
      </i>
      <i name="6">
        <i name="origin">
          <i name="x" value="35"/>
          <i name="y" value="15"/>
        </i>
        <i name="delay" value="120"/>
        <i name="image" value="05010043.effect.swingPF.6.png"/>
      </i>
      <i name="7">
        <i name="origin">
          <i name="x" value="38"/>
          <i name="y" value="18"/>
        </i>
        <i name="delay" value="120"/>
        <i name="image" value="05010043.effect.swingPF.7.png"/>
      </i>
      <i name="8">
        <i name="origin">
          <i name="x" value="39"/>
          <i name="y" value="22"/>
        </i>
        <i name="delay" value="120"/>
        <i name="image" value="05010043.effect.swingPF.8.png"/>
      </i>
      <i name="9">
        <i name="origin">
          <i name="x" value="23"/>
          <i name="y" value="17"/>
        </i>
        <i name="delay" value="120"/>
        <i name="image" value="05010043.effect.swingPF.9.png"/>
      </i>
      <i name="10">
        <i name="origin">
          <i name="x" value="34"/>
          <i name="y" value="11"/>
        </i>
        <i name="delay" value="120"/>
        <i name="image" value="05010043.effect.swingPF.10.png"/>
      </i>
      <i name="11">
        <i name="origin">
          <i name="x" value="10"/>
          <i name="y" value="1"/>
        </i>
        <i name="delay" value="4000"/>
        <i name="image" value="05010043.effect.swingPF.11.png"/>
      </i>
      <i name="z" value="2"/>
      <i name="pos" value="1"/>
    </i>
    <i name="stabO1">
      <i name="0">
        <i name="origin">
          <i name="x" value="15"/>
          <i name="y" value="-3"/>
        </i>
        <i name="delay" value="120"/>
        <i name="image" value="05010043.effect.stabO1.0.png"/>
      </i>
      <i name="1">
        <i name="origin">
          <i name="x" value="16"/>
          <i name="y" value="-1"/>
        </i>
        <i name="delay" value="120"/>
        <i name="image" value="05010043.effect.stabO1.1.png"/>
      </i>
      <i name="2">
        <i name="origin">
          <i name="x" value="18"/>
          <i name="y" value="1"/>
        </i>
        <i name="delay" value="120"/>
        <i name="image" value="05010043.effect.stabO1.2.png"/>
      </i>
      <i name="3">
        <i name="origin">
          <i name="x" value="21"/>
          <i name="y" value="6"/>
        </i>
        <i name="delay" value="120"/>
        <i name="image" value="05010043.effect.stabO1.3.png"/>
      </i>
      <i name="4">
        <i name="origin">
          <i name="x" value="31"/>
          <i name="y" value="10"/>
        </i>
        <i name="delay" value="120"/>
        <i name="image" value="05010043.effect.stabO1.4.png"/>
      </i>
      <i name="5">
        <i name="origin">
          <i name="x" value="35"/>
          <i name="y" value="15"/>
        </i>
        <i name="delay" value="120"/>
        <i name="image" value="05010043.effect.stabO1.5.png"/>
      </i>
      <i name="6">
        <i name="origin">
          <i name="x" value="35"/>
          <i name="y" value="15"/>
        </i>
        <i name="delay" value="120"/>
        <i name="image" value="05010043.effect.stabO1.6.png"/>
      </i>
      <i name="7">
        <i name="origin">
          <i name="x" value="38"/>
          <i name="y" value="18"/>
        </i>
        <i name="delay" value="120"/>
        <i name="image" value="05010043.effect.stabO1.7.png"/>
      </i>
      <i name="8">
        <i name="origin">
          <i name="x" value="39"/>
          <i name="y" value="22"/>
        </i>
        <i name="delay" value="120"/>
        <i name="image" value="05010043.effect.stabO1.8.png"/>
      </i>
      <i name="9">
        <i name="origin">
          <i name="x" value="23"/>
          <i name="y" value="17"/>
        </i>
        <i name="delay" value="120"/>
        <i name="image" value="05010043.effect.stabO1.9.png"/>
      </i>
      <i name="10">
        <i name="origin">
          <i name="x" value="34"/>
          <i name="y" value="11"/>
        </i>
        <i name="delay" value="120"/>
        <i name="image" value="05010043.effect.stabO1.10.png"/>
      </i>
      <i name="11">
        <i name="origin">
          <i name="x" value="10"/>
          <i name="y" value="1"/>
        </i>
        <i name="delay" value="4000"/>
        <i name="image" value="05010043.effect.stabO1.11.png"/>
      </i>
      <i name="z" value="2"/>
      <i name="pos" value="1"/>
    </i>
    <i name="stabO2">
      <i name="0">
        <i name="origin">
          <i name="x" value="15"/>
          <i name="y" value="-3"/>
        </i>
        <i name="delay" value="120"/>
        <i name="image" value="05010043.effect.stabO2.0.png"/>
      </i>
      <i name="1">
        <i name="origin">
          <i name="x" value="16"/>
          <i name="y" value="-1"/>
        </i>
        <i name="delay" value="120"/>
        <i name="image" value="05010043.effect.stabO2.1.png"/>
      </i>
      <i name="2">
        <i name="origin">
          <i name="x" value="18"/>
          <i name="y" value="1"/>
        </i>
        <i name="delay" value="120"/>
        <i name="image" value="05010043.effect.stabO2.2.png"/>
      </i>
      <i name="3">
        <i name="origin">
          <i name="x" value="21"/>
          <i name="y" value="6"/>
        </i>
        <i name="delay" value="120"/>
        <i name="image" value="05010043.effect.stabO2.3.png"/>
      </i>
      <i name="4">
        <i name="origin">
          <i name="x" value="31"/>
          <i name="y" value="10"/>
        </i>
        <i name="delay" value="120"/>
        <i name="image" value="05010043.effect.stabO2.4.png"/>
      </i>
      <i name="5">
        <i name="origin">
          <i name="x" value="35"/>
          <i name="y" value="15"/>
        </i>
        <i name="delay" value="120"/>
        <i name="image" value="05010043.effect.stabO2.5.png"/>
      </i>
      <i name="6">
        <i name="origin">
          <i name="x" value="35"/>
          <i name="y" value="15"/>
        </i>
        <i name="delay" value="120"/>
        <i name="image" value="05010043.effect.stabO2.6.png"/>
      </i>
      <i name="7">
        <i name="origin">
          <i name="x" value="38"/>
          <i name="y" value="18"/>
        </i>
        <i name="delay" value="120"/>
        <i name="image" value="05010043.effect.stabO2.7.png"/>
      </i>
      <i name="8">
        <i name="origin">
          <i name="x" value="39"/>
          <i name="y" value="22"/>
        </i>
        <i name="delay" value="120"/>
        <i name="image" value="05010043.effect.stabO2.8.png"/>
      </i>
      <i name="9">
        <i name="origin">
          <i name="x" value="23"/>
          <i name="y" value="17"/>
        </i>
        <i name="delay" value="120"/>
        <i name="image" value="05010043.effect.stabO2.9.png"/>
      </i>
      <i name="10">
        <i name="origin">
          <i name="x" value="34"/>
          <i name="y" value="11"/>
        </i>
        <i name="delay" value="120"/>
        <i name="image" value="05010043.effect.stabO2.10.png"/>
      </i>
      <i name="11">
        <i name="origin">
          <i name="x" value="10"/>
          <i name="y" value="1"/>
        </i>
        <i name="delay" value="4000"/>
        <i name="image" value="05010043.effect.stabO2.11.png"/>
      </i>
      <i name="z" value="2"/>
      <i name="pos" value="1"/>
    </i>
    <i name="stabOF">
      <i name="0">
        <i name="origin">
          <i name="x" value="15"/>
          <i name="y" value="-3"/>
        </i>
        <i name="delay" value="120"/>
        <i name="image" value="05010043.effect.stabOF.0.png"/>
      </i>
      <i name="1">
        <i name="origin">
          <i name="x" value="16"/>
          <i name="y" value="-1"/>
        </i>
        <i name="delay" value="120"/>
        <i name="image" value="05010043.effect.stabOF.1.png"/>
      </i>
      <i name="2">
        <i name="origin">
          <i name="x" value="18"/>
          <i name="y" value="1"/>
        </i>
        <i name="delay" value="120"/>
        <i name="image" value="05010043.effect.stabOF.2.png"/>
      </i>
      <i name="3">
        <i name="origin">
          <i name="x" value="21"/>
          <i name="y" value="6"/>
        </i>
        <i name="delay" value="120"/>
        <i name="image" value="05010043.effect.stabOF.3.png"/>
      </i>
      <i name="4">
        <i name="origin">
          <i name="x" value="31"/>
          <i name="y" value="10"/>
        </i>
        <i name="delay" value="120"/>
        <i name="image" value="05010043.effect.stabOF.4.png"/>
      </i>
      <i name="5">
        <i name="origin">
          <i name="x" value="35"/>
          <i name="y" value="15"/>
        </i>
        <i name="delay" value="120"/>
        <i name="image" value="05010043.effect.stabOF.5.png"/>
      </i>
      <i name="6">
        <i name="origin">
          <i name="x" value="35"/>
          <i name="y" value="15"/>
        </i>
        <i name="delay" value="120"/>
        <i name="image" value="05010043.effect.stabOF.6.png"/>
      </i>
      <i name="7">
        <i name="origin">
          <i name="x" value="38"/>
          <i name="y" value="18"/>
        </i>
        <i name="delay" value="120"/>
        <i name="image" value="05010043.effect.stabOF.7.png"/>
      </i>
      <i name="8">
        <i name="origin">
          <i name="x" value="39"/>
          <i name="y" value="22"/>
        </i>
        <i name="delay" value="120"/>
        <i name="image" value="05010043.effect.stabOF.8.png"/>
      </i>
      <i name="9">
        <i name="origin">
          <i name="x" value="23"/>
          <i name="y" value="17"/>
        </i>
        <i name="delay" value="120"/>
        <i name="image" value="05010043.effect.stabOF.9.png"/>
      </i>
      <i name="10">
        <i name="origin">
          <i name="x" value="34"/>
          <i name="y" value="11"/>
        </i>
        <i name="delay" value="120"/>
        <i name="image" value="05010043.effect.stabOF.10.png"/>
      </i>
      <i name="11">
        <i name="origin">
          <i name="x" value="10"/>
          <i name="y" value="1"/>
        </i>
        <i name="delay" value="4000"/>
        <i name="image" value="05010043.effect.stabOF.11.png"/>
      </i>
      <i name="z" value="2"/>
      <i name="pos" value="1"/>
    </i>
    <i name="stabT1">
      <i name="0">
        <i name="origin">
          <i name="x" value="15"/>
          <i name="y" value="-3"/>
        </i>
        <i name="delay" value="120"/>
        <i name="image" value="05010043.effect.stabT1.0.png"/>
      </i>
      <i name="1">
        <i name="origin">
          <i name="x" value="16"/>
          <i name="y" value="-1"/>
        </i>
        <i name="delay" value="120"/>
        <i name="image" value="05010043.effect.stabT1.1.png"/>
      </i>
      <i name="2">
        <i name="origin">
          <i name="x" value="18"/>
          <i name="y" value="1"/>
        </i>
        <i name="delay" value="120"/>
        <i name="image" value="05010043.effect.stabT1.2.png"/>
      </i>
      <i name="3">
        <i name="origin">
          <i name="x" value="21"/>
          <i name="y" value="6"/>
        </i>
        <i name="delay" value="120"/>
        <i name="image" value="05010043.effect.stabT1.3.png"/>
      </i>
      <i name="4">
        <i name="origin">
          <i name="x" value="31"/>
          <i name="y" value="10"/>
        </i>
        <i name="delay" value="120"/>
        <i name="image" value="05010043.effect.stabT1.4.png"/>
      </i>
      <i name="5">
        <i name="origin">
          <i name="x" value="35"/>
          <i name="y" value="15"/>
        </i>
        <i name="delay" value="120"/>
        <i name="image" value="05010043.effect.stabT1.5.png"/>
      </i>
      <i name="6">
        <i name="origin">
          <i name="x" value="35"/>
          <i name="y" value="15"/>
        </i>
        <i name="delay" value="120"/>
        <i name="image" value="05010043.effect.stabT1.6.png"/>
      </i>
      <i name="7">
        <i name="origin">
          <i name="x" value="38"/>
          <i name="y" value="18"/>
        </i>
        <i name="delay" value="120"/>
        <i name="image" value="05010043.effect.stabT1.7.png"/>
      </i>
      <i name="8">
        <i name="origin">
          <i name="x" value="39"/>
          <i name="y" value="22"/>
        </i>
        <i name="delay" value="120"/>
        <i name="image" value="05010043.effect.stabT1.8.png"/>
      </i>
      <i name="9">
        <i name="origin">
          <i name="x" value="23"/>
          <i name="y" value="17"/>
        </i>
        <i name="delay" value="120"/>
        <i name="image" value="05010043.effect.stabT1.9.png"/>
      </i>
      <i name="10">
        <i name="origin">
          <i name="x" value="34"/>
          <i name="y" value="11"/>
        </i>
        <i name="delay" value="120"/>
        <i name="image" value="05010043.effect.stabT1.10.png"/>
      </i>
      <i name="11">
        <i name="origin">
          <i name="x" value="10"/>
          <i name="y" value="1"/>
        </i>
        <i name="delay" value="4000"/>
        <i name="image" value="05010043.effect.stabT1.11.png"/>
      </i>
      <i name="z" value="2"/>
      <i name="pos" value="1"/>
    </i>
    <i name="stabT2">
      <i name="0">
        <i name="origin">
          <i name="x" value="15"/>
          <i name="y" value="-3"/>
        </i>
        <i name="delay" value="120"/>
        <i name="image" value="05010043.effect.stabT2.0.png"/>
      </i>
      <i name="1">
        <i name="origin">
          <i name="x" value="16"/>
          <i name="y" value="-1"/>
        </i>
        <i name="delay" value="120"/>
        <i name="image" value="05010043.effect.stabT2.1.png"/>
      </i>
      <i name="2">
        <i name="origin">
          <i name="x" value="18"/>
          <i name="y" value="1"/>
        </i>
        <i name="delay" value="120"/>
        <i name="image" value="05010043.effect.stabT2.2.png"/>
      </i>
      <i name="3">
        <i name="origin">
          <i name="x" value="21"/>
          <i name="y" value="6"/>
        </i>
        <i name="delay" value="120"/>
        <i name="image" value="05010043.effect.stabT2.3.png"/>
      </i>
      <i name="4">
        <i name="origin">
          <i name="x" value="31"/>
          <i name="y" value="10"/>
        </i>
        <i name="delay" value="120"/>
        <i name="image" value="05010043.effect.stabT2.4.png"/>
      </i>
      <i name="5">
        <i name="origin">
          <i name="x" value="35"/>
          <i name="y" value="15"/>
        </i>
        <i name="delay" value="120"/>
        <i name="image" value="05010043.effect.stabT2.5.png"/>
      </i>
      <i name="6">
        <i name="origin">
          <i name="x" value="35"/>
          <i name="y" value="15"/>
        </i>
        <i name="delay" value="120"/>
        <i name="image" value="05010043.effect.stabT2.6.png"/>
      </i>
      <i name="7">
        <i name="origin">
          <i name="x" value="38"/>
          <i name="y" value="18"/>
        </i>
        <i name="delay" value="120"/>
        <i name="image" value="05010043.effect.stabT2.7.png"/>
      </i>
      <i name="8">
        <i name="origin">
          <i name="x" value="39"/>
          <i name="y" value="22"/>
        </i>
        <i name="delay" value="120"/>
        <i name="image" value="05010043.effect.stabT2.8.png"/>
      </i>
      <i name="9">
        <i name="origin">
          <i name="x" value="23"/>
          <i name="y" value="17"/>
        </i>
        <i name="delay" value="120"/>
        <i name="image" value="05010043.effect.stabT2.9.png"/>
      </i>
      <i name="10">
        <i name="origin">
          <i name="x" value="34"/>
          <i name="y" value="11"/>
        </i>
        <i name="delay" value="120"/>
        <i name="image" value="05010043.effect.stabT2.10.png"/>
      </i>
      <i name="11">
        <i name="origin">
          <i name="x" value="10"/>
          <i name="y" value="1"/>
        </i>
        <i name="delay" value="4000"/>
        <i name="image" value="05010043.effect.stabT2.11.png"/>
      </i>
      <i name="z" value="2"/>
      <i name="pos" value="1"/>
    </i>
    <i name="stabTF">
      <i name="0">
        <i name="origin">
          <i name="x" value="15"/>
          <i name="y" value="-3"/>
        </i>
        <i name="delay" value="120"/>
        <i name="image" value="05010043.effect.stabTF.0.png"/>
      </i>
      <i name="1">
        <i name="origin">
          <i name="x" value="16"/>
          <i name="y" value="-1"/>
        </i>
        <i name="delay" value="120"/>
        <i name="image" value="05010043.effect.stabTF.1.png"/>
      </i>
      <i name="2">
        <i name="origin">
          <i name="x" value="18"/>
          <i name="y" value="1"/>
        </i>
        <i name="delay" value="120"/>
        <i name="image" value="05010043.effect.stabTF.2.png"/>
      </i>
      <i name="3">
        <i name="origin">
          <i name="x" value="21"/>
          <i name="y" value="6"/>
        </i>
        <i name="delay" value="120"/>
        <i name="image" value="05010043.effect.stabTF.3.png"/>
      </i>
      <i name="4">
        <i name="origin">
          <i name="x" value="31"/>
          <i name="y" value="10"/>
        </i>
        <i name="delay" value="120"/>
        <i name="image" value="05010043.effect.stabTF.4.png"/>
      </i>
      <i name="5">
        <i name="origin">
          <i name="x" value="35"/>
          <i name="y" value="15"/>
        </i>
        <i name="delay" value="120"/>
        <i name="image" value="05010043.effect.stabTF.5.png"/>
      </i>
      <i name="6">
        <i name="origin">
          <i name="x" value="35"/>
          <i name="y" value="15"/>
        </i>
        <i name="delay" value="120"/>
        <i name="image" value="05010043.effect.stabTF.6.png"/>
      </i>
      <i name="7">
        <i name="origin">
          <i name="x" value="38"/>
          <i name="y" value="18"/>
        </i>
        <i name="delay" value="120"/>
        <i name="image" value="05010043.effect.stabTF.7.png"/>
      </i>
      <i name="8">
        <i name="origin">
          <i name="x" value="39"/>
          <i name="y" value="22"/>
        </i>
        <i name="delay" value="120"/>
        <i name="image" value="05010043.effect.stabTF.8.png"/>
      </i>
      <i name="9">
        <i name="origin">
          <i name="x" value="23"/>
          <i name="y" value="17"/>
        </i>
        <i name="delay" value="120"/>
        <i name="image" value="05010043.effect.stabTF.9.png"/>
      </i>
      <i name="10">
        <i name="origin">
          <i name="x" value="34"/>
          <i name="y" value="11"/>
        </i>
        <i name="delay" value="120"/>
        <i name="image" value="05010043.effect.stabTF.10.png"/>
      </i>
      <i name="11">
        <i name="origin">
          <i name="x" value="10"/>
          <i name="y" value="1"/>
        </i>
        <i name="delay" value="4000"/>
        <i name="image" value="05010043.effect.stabTF.11.png"/>
      </i>
      <i name="z" value="2"/>
      <i name="pos" value="1"/>
    </i>
    <i name="shoot1">
      <i name="0">
        <i name="origin">
          <i name="x" value="15"/>
          <i name="y" value="-3"/>
        </i>
        <i name="delay" value="120"/>
        <i name="image" value="05010043.effect.shoot1.0.png"/>
      </i>
      <i name="1">
        <i name="origin">
          <i name="x" value="16"/>
          <i name="y" value="-1"/>
        </i>
        <i name="delay" value="120"/>
        <i name="image" value="05010043.effect.shoot1.1.png"/>
      </i>
      <i name="2">
        <i name="origin">
          <i name="x" value="18"/>
          <i name="y" value="1"/>
        </i>
        <i name="delay" value="120"/>
        <i name="image" value="05010043.effect.shoot1.2.png"/>
      </i>
      <i name="3">
        <i name="origin">
          <i name="x" value="21"/>
          <i name="y" value="6"/>
        </i>
        <i name="delay" value="120"/>
        <i name="image" value="05010043.effect.shoot1.3.png"/>
      </i>
      <i name="4">
        <i name="origin">
          <i name="x" value="31"/>
          <i name="y" value="10"/>
        </i>
        <i name="delay" value="120"/>
        <i name="image" value="05010043.effect.shoot1.4.png"/>
      </i>
      <i name="5">
        <i name="origin">
          <i name="x" value="35"/>
          <i name="y" value="15"/>
        </i>
        <i name="delay" value="120"/>
        <i name="image" value="05010043.effect.shoot1.5.png"/>
      </i>
      <i name="6">
        <i name="origin">
          <i name="x" value="35"/>
          <i name="y" value="15"/>
        </i>
        <i name="delay" value="120"/>
        <i name="image" value="05010043.effect.shoot1.6.png"/>
      </i>
      <i name="7">
        <i name="origin">
          <i name="x" value="38"/>
          <i name="y" value="18"/>
        </i>
        <i name="delay" value="120"/>
        <i name="image" value="05010043.effect.shoot1.7.png"/>
      </i>
      <i name="8">
        <i name="origin">
          <i name="x" value="39"/>
          <i name="y" value="22"/>
        </i>
        <i name="delay" value="120"/>
        <i name="image" value="05010043.effect.shoot1.8.png"/>
      </i>
      <i name="9">
        <i name="origin">
          <i name="x" value="23"/>
          <i name="y" value="17"/>
        </i>
        <i name="delay" value="120"/>
        <i name="image" value="05010043.effect.shoot1.9.png"/>
      </i>
      <i name="10">
        <i name="origin">
          <i name="x" value="34"/>
          <i name="y" value="11"/>
        </i>
        <i name="delay" value="120"/>
        <i name="image" value="05010043.effect.shoot1.10.png"/>
      </i>
      <i name="11">
        <i name="origin">
          <i name="x" value="10"/>
          <i name="y" value="1"/>
        </i>
        <i name="delay" value="4000"/>
        <i name="image" value="05010043.effect.shoot1.11.png"/>
      </i>
      <i name="z" value="2"/>
      <i name="pos" value="1"/>
    </i>
    <i name="shoot2">
      <i name="0">
        <i name="origin">
          <i name="x" value="15"/>
          <i name="y" value="-3"/>
        </i>
        <i name="delay" value="120"/>
        <i name="image" value="05010043.effect.shoot2.0.png"/>
      </i>
      <i name="1">
        <i name="origin">
          <i name="x" value="16"/>
          <i name="y" value="-1"/>
        </i>
        <i name="delay" value="120"/>
        <i name="image" value="05010043.effect.shoot2.1.png"/>
      </i>
      <i name="2">
        <i name="origin">
          <i name="x" value="18"/>
          <i name="y" value="1"/>
        </i>
        <i name="delay" value="120"/>
        <i name="image" value="05010043.effect.shoot2.2.png"/>
      </i>
      <i name="3">
        <i name="origin">
          <i name="x" value="21"/>
          <i name="y" value="6"/>
        </i>
        <i name="delay" value="120"/>
        <i name="image" value="05010043.effect.shoot2.3.png"/>
      </i>
      <i name="4">
        <i name="origin">
          <i name="x" value="31"/>
          <i name="y" value="10"/>
        </i>
        <i name="delay" value="120"/>
        <i name="image" value="05010043.effect.shoot2.4.png"/>
      </i>
      <i name="5">
        <i name="origin">
          <i name="x" value="35"/>
          <i name="y" value="15"/>
        </i>
        <i name="delay" value="120"/>
        <i name="image" value="05010043.effect.shoot2.5.png"/>
      </i>
      <i name="6">
        <i name="origin">
          <i name="x" value="35"/>
          <i name="y" value="15"/>
        </i>
        <i name="delay" value="120"/>
        <i name="image" value="05010043.effect.shoot2.6.png"/>
      </i>
      <i name="7">
        <i name="origin">
          <i name="x" value="38"/>
          <i name="y" value="18"/>
        </i>
        <i name="delay" value="120"/>
        <i name="image" value="05010043.effect.shoot2.7.png"/>
      </i>
      <i name="8">
        <i name="origin">
          <i name="x" value="39"/>
          <i name="y" value="22"/>
        </i>
        <i name="delay" value="120"/>
        <i name="image" value="05010043.effect.shoot2.8.png"/>
      </i>
      <i name="9">
        <i name="origin">
          <i name="x" value="23"/>
          <i name="y" value="17"/>
        </i>
        <i name="delay" value="120"/>
        <i name="image" value="05010043.effect.shoot2.9.png"/>
      </i>
      <i name="10">
        <i name="origin">
          <i name="x" value="34"/>
          <i name="y" value="11"/>
        </i>
        <i name="delay" value="120"/>
        <i name="image" value="05010043.effect.shoot2.10.png"/>
      </i>
      <i name="11">
        <i name="origin">
          <i name="x" value="10"/>
          <i name="y" value="1"/>
        </i>
        <i name="delay" value="4000"/>
        <i name="image" value="05010043.effect.shoot2.11.png"/>
      </i>
      <i name="z" value="2"/>
      <i name="pos" value="1"/>
    </i>
    <i name="shootF">
      <i name="0">
        <i name="origin">
          <i name="x" value="15"/>
          <i name="y" value="-3"/>
        </i>
        <i name="delay" value="120"/>
        <i name="image" value="05010043.effect.shootF.0.png"/>
      </i>
      <i name="1">
        <i name="origin">
          <i name="x" value="16"/>
          <i name="y" value="-1"/>
        </i>
        <i name="delay" value="120"/>
        <i name="image" value="05010043.effect.shootF.1.png"/>
      </i>
      <i name="2">
        <i name="origin">
          <i name="x" value="18"/>
          <i name="y" value="1"/>
        </i>
        <i name="delay" value="120"/>
        <i name="image" value="05010043.effect.shootF.2.png"/>
      </i>
      <i name="3">
        <i name="origin">
          <i name="x" value="21"/>
          <i name="y" value="6"/>
        </i>
        <i name="delay" value="120"/>
        <i name="image" value="05010043.effect.shootF.3.png"/>
      </i>
      <i name="4">
        <i name="origin">
          <i name="x" value="31"/>
          <i name="y" value="10"/>
        </i>
        <i name="delay" value="120"/>
        <i name="image" value="05010043.effect.shootF.4.png"/>
      </i>
      <i name="5">
        <i name="origin">
          <i name="x" value="35"/>
          <i name="y" value="15"/>
        </i>
        <i name="delay" value="120"/>
        <i name="image" value="05010043.effect.shootF.5.png"/>
      </i>
      <i name="6">
        <i name="origin">
          <i name="x" value="35"/>
          <i name="y" value="15"/>
        </i>
        <i name="delay" value="120"/>
        <i name="image" value="05010043.effect.shootF.6.png"/>
      </i>
      <i name="7">
        <i name="origin">
          <i name="x" value="38"/>
          <i name="y" value="18"/>
        </i>
        <i name="delay" value="120"/>
        <i name="image" value="05010043.effect.shootF.7.png"/>
      </i>
      <i name="8">
        <i name="origin">
          <i name="x" value="39"/>
          <i name="y" value="22"/>
        </i>
        <i name="delay" value="120"/>
        <i name="image" value="05010043.effect.shootF.8.png"/>
      </i>
      <i name="9">
        <i name="origin">
          <i name="x" value="23"/>
          <i name="y" value="17"/>
        </i>
        <i name="delay" value="120"/>
        <i name="image" value="05010043.effect.shootF.9.png"/>
      </i>
      <i name="10">
        <i name="origin">
          <i name="x" value="34"/>
          <i name="y" value="11"/>
        </i>
        <i name="delay" value="120"/>
        <i name="image" value="05010043.effect.shootF.10.png"/>
      </i>
      <i name="11">
        <i name="origin">
          <i name="x" value="10"/>
          <i name="y" value="1"/>
        </i>
        <i name="delay" value="4000"/>
        <i name="image" value="05010043.effect.shootF.11.png"/>
      </i>
      <i name="z" value="2"/>
      <i name="pos" value="1"/>
    </i>
    <i name="proneStab">
      <i name="0">
        <i name="origin">
          <i name="x" value="15"/>
          <i name="y" value="-3"/>
        </i>
        <i name="delay" value="120"/>
        <i name="image" value="05010043.effect.proneStab.0.png"/>
      </i>
      <i name="1">
        <i name="origin">
          <i name="x" value="16"/>
          <i name="y" value="-1"/>
        </i>
        <i name="delay" value="120"/>
        <i name="image" value="05010043.effect.proneStab.1.png"/>
      </i>
      <i name="2">
        <i name="origin">
          <i name="x" value="18"/>
          <i name="y" value="1"/>
        </i>
        <i name="delay" value="120"/>
        <i name="image" value="05010043.effect.proneStab.2.png"/>
      </i>
      <i name="3">
        <i name="origin">
          <i name="x" value="21"/>
          <i name="y" value="6"/>
        </i>
        <i name="delay" value="120"/>
        <i name="image" value="05010043.effect.proneStab.3.png"/>
      </i>
      <i name="4">
        <i name="origin">
          <i name="x" value="31"/>
          <i name="y" value="10"/>
        </i>
        <i name="delay" value="120"/>
        <i name="image" value="05010043.effect.proneStab.4.png"/>
      </i>
      <i name="5">
        <i name="origin">
          <i name="x" value="35"/>
          <i name="y" value="15"/>
        </i>
        <i name="delay" value="120"/>
        <i name="image" value="05010043.effect.proneStab.5.png"/>
      </i>
      <i name="6">
        <i name="origin">
          <i name="x" value="35"/>
          <i name="y" value="15"/>
        </i>
        <i name="delay" value="120"/>
        <i name="image" value="05010043.effect.proneStab.6.png"/>
      </i>
      <i name="7">
        <i name="origin">
          <i name="x" value="38"/>
          <i name="y" value="18"/>
        </i>
        <i name="delay" value="120"/>
        <i name="image" value="05010043.effect.proneStab.7.png"/>
      </i>
      <i name="8">
        <i name="origin">
          <i name="x" value="39"/>
          <i name="y" value="22"/>
        </i>
        <i name="delay" value="120"/>
        <i name="image" value="05010043.effect.proneStab.8.png"/>
      </i>
      <i name="9">
        <i name="origin">
          <i name="x" value="23"/>
          <i name="y" value="17"/>
        </i>
        <i name="delay" value="120"/>
        <i name="image" value="05010043.effect.proneStab.9.png"/>
      </i>
      <i name="10">
        <i name="origin">
          <i name="x" value="34"/>
          <i name="y" value="11"/>
        </i>
        <i name="delay" value="120"/>
        <i name="image" value="05010043.effect.proneStab.10.png"/>
      </i>
      <i name="11">
        <i name="origin">
          <i name="x" value="10"/>
          <i name="y" value="1"/>
        </i>
        <i name="delay" value="4000"/>
        <i name="image" value="05010043.effect.proneStab.11.png"/>
      </i>
      <i name="z" value="2"/>
      <i name="pos" value="1"/>
    </i>
    <i name="prone">
      <i name="0">
        <i name="origin">
          <i name="x" value="15"/>
          <i name="y" value="-3"/>
        </i>
        <i name="delay" value="120"/>
        <i name="image" value="05010043.effect.prone.0.png"/>
      </i>
      <i name="1">
        <i name="origin">
          <i name="x" value="16"/>
          <i name="y" value="-1"/>
        </i>
        <i name="delay" value="120"/>
        <i name="image" value="05010043.effect.prone.1.png"/>
      </i>
      <i name="2">
        <i name="origin">
          <i name="x" value="18"/>
          <i name="y" value="1"/>
        </i>
        <i name="delay" value="120"/>
        <i name="image" value="05010043.effect.prone.2.png"/>
      </i>
      <i name="3">
        <i name="origin">
          <i name="x" value="21"/>
          <i name="y" value="6"/>
        </i>
        <i name="delay" value="120"/>
        <i name="image" value="05010043.effect.prone.3.png"/>
      </i>
      <i name="4">
        <i name="origin">
          <i name="x" value="31"/>
          <i name="y" value="10"/>
        </i>
        <i name="delay" value="120"/>
        <i name="image" value="05010043.effect.prone.4.png"/>
      </i>
      <i name="5">
        <i name="origin">
          <i name="x" value="35"/>
          <i name="y" value="15"/>
        </i>
        <i name="delay" value="120"/>
        <i name="image" value="05010043.effect.prone.5.png"/>
      </i>
      <i name="6">
        <i name="origin">
          <i name="x" value="35"/>
          <i name="y" value="15"/>
        </i>
        <i name="delay" value="120"/>
        <i name="image" value="05010043.effect.prone.6.png"/>
      </i>
      <i name="7">
        <i name="origin">
          <i name="x" value="38"/>
          <i name="y" value="18"/>
        </i>
        <i name="delay" value="120"/>
        <i name="image" value="05010043.effect.prone.7.png"/>
      </i>
      <i name="8">
        <i name="origin">
          <i name="x" value="39"/>
          <i name="y" value="22"/>
        </i>
        <i name="delay" value="120"/>
        <i name="image" value="05010043.effect.prone.8.png"/>
      </i>
      <i name="9">
        <i name="origin">
          <i name="x" value="23"/>
          <i name="y" value="17"/>
        </i>
        <i name="delay" value="120"/>
        <i name="image" value="05010043.effect.prone.9.png"/>
      </i>
      <i name="10">
        <i name="origin">
          <i name="x" value="34"/>
          <i name="y" value="11"/>
        </i>
        <i name="delay" value="120"/>
        <i name="image" value="05010043.effect.prone.10.png"/>
      </i>
      <i name="11">
        <i name="origin">
          <i name="x" value="10"/>
          <i name="y" value="1"/>
        </i>
        <i name="delay" value="4000"/>
        <i name="image" value="05010043.effect.prone.11.png"/>
      </i>
      <i name="z" value="2"/>
      <i name="pos" value="1"/>
    </i>
    <i name="heal">
      <i name="0">
        <i name="origin">
          <i name="x" value="15"/>
          <i name="y" value="-3"/>
        </i>
        <i name="delay" value="120"/>
        <i name="image" value="05010043.effect.heal.0.png"/>
      </i>
      <i name="1">
        <i name="origin">
          <i name="x" value="16"/>
          <i name="y" value="-1"/>
        </i>
        <i name="delay" value="120"/>
        <i name="image" value="05010043.effect.heal.1.png"/>
      </i>
      <i name="2">
        <i name="origin">
          <i name="x" value="18"/>
          <i name="y" value="1"/>
        </i>
        <i name="delay" value="120"/>
        <i name="image" value="05010043.effect.heal.2.png"/>
      </i>
      <i name="3">
        <i name="origin">
          <i name="x" value="21"/>
          <i name="y" value="6"/>
        </i>
        <i name="delay" value="120"/>
        <i name="image" value="05010043.effect.heal.3.png"/>
      </i>
      <i name="4">
        <i name="origin">
          <i name="x" value="31"/>
          <i name="y" value="10"/>
        </i>
        <i name="delay" value="120"/>
        <i name="image" value="05010043.effect.heal.4.png"/>
      </i>
      <i name="5">
        <i name="origin">
          <i name="x" value="35"/>
          <i name="y" value="15"/>
        </i>
        <i name="delay" value="120"/>
        <i name="image" value="05010043.effect.heal.5.png"/>
      </i>
      <i name="6">
        <i name="origin">
          <i name="x" value="35"/>
          <i name="y" value="15"/>
        </i>
        <i name="delay" value="120"/>
        <i name="image" value="05010043.effect.heal.6.png"/>
      </i>
      <i name="7">
        <i name="origin">
          <i name="x" value="38"/>
          <i name="y" value="18"/>
        </i>
        <i name="delay" value="120"/>
        <i name="image" value="05010043.effect.heal.7.png"/>
      </i>
      <i name="8">
        <i name="origin">
          <i name="x" value="39"/>
          <i name="y" value="22"/>
        </i>
        <i name="delay" value="120"/>
        <i name="image" value="05010043.effect.heal.8.png"/>
      </i>
      <i name="9">
        <i name="origin">
          <i name="x" value="23"/>
          <i name="y" value="17"/>
        </i>
        <i name="delay" value="120"/>
        <i name="image" value="05010043.effect.heal.9.png"/>
      </i>
      <i name="10">
        <i name="origin">
          <i name="x" value="34"/>
          <i name="y" value="11"/>
        </i>
        <i name="delay" value="120"/>
        <i name="image" value="05010043.effect.heal.10.png"/>
      </i>
      <i name="11">
        <i name="origin">
          <i name="x" value="10"/>
          <i name="y" value="1"/>
        </i>
        <i name="delay" value="4000"/>
        <i name="image" value="05010043.effect.heal.11.png"/>
      </i>
      <i name="z" value="2"/>
      <i name="pos" value="1"/>
    </i>
    <i name="fly">
      <i name="0">
        <i name="origin">
          <i name="x" value="15"/>
          <i name="y" value="-3"/>
        </i>
        <i name="delay" value="120"/>
        <i name="image" value="05010043.effect.fly.0.png"/>
      </i>
      <i name="1">
        <i name="origin">
          <i name="x" value="16"/>
          <i name="y" value="-1"/>
        </i>
        <i name="delay" value="120"/>
        <i name="image" value="05010043.effect.fly.1.png"/>
      </i>
      <i name="2">
        <i name="origin">
          <i name="x" value="18"/>
          <i name="y" value="1"/>
        </i>
        <i name="delay" value="120"/>
        <i name="image" value="05010043.effect.fly.2.png"/>
      </i>
      <i name="3">
        <i name="origin">
          <i name="x" value="21"/>
          <i name="y" value="6"/>
        </i>
        <i name="delay" value="120"/>
        <i name="image" value="05010043.effect.fly.3.png"/>
      </i>
      <i name="4">
        <i name="origin">
          <i name="x" value="31"/>
          <i name="y" value="10"/>
        </i>
        <i name="delay" value="120"/>
        <i name="image" value="05010043.effect.fly.4.png"/>
      </i>
      <i name="5">
        <i name="origin">
          <i name="x" value="35"/>
          <i name="y" value="15"/>
        </i>
        <i name="delay" value="120"/>
        <i name="image" value="05010043.effect.fly.5.png"/>
      </i>
      <i name="6">
        <i name="origin">
          <i name="x" value="35"/>
          <i name="y" value="15"/>
        </i>
        <i name="delay" value="120"/>
        <i name="image" value="05010043.effect.fly.6.png"/>
      </i>
      <i name="7">
        <i name="origin">
          <i name="x" value="38"/>
          <i name="y" value="18"/>
        </i>
        <i name="delay" value="120"/>
        <i name="image" value="05010043.effect.fly.7.png"/>
      </i>
      <i name="8">
        <i name="origin">
          <i name="x" value="39"/>
          <i name="y" value="22"/>
        </i>
        <i name="delay" value="120"/>
        <i name="image" value="05010043.effect.fly.8.png"/>
      </i>
      <i name="9">
        <i name="origin">
          <i name="x" value="23"/>
          <i name="y" value="17"/>
        </i>
        <i name="delay" value="120"/>
        <i name="image" value="05010043.effect.fly.9.png"/>
      </i>
      <i name="10">
        <i name="origin">
          <i name="x" value="34"/>
          <i name="y" value="11"/>
        </i>
        <i name="delay" value="120"/>
        <i name="image" value="05010043.effect.fly.10.png"/>
      </i>
      <i name="11">
        <i name="origin">
          <i name="x" value="10"/>
          <i name="y" value="1"/>
        </i>
        <i name="delay" value="4000"/>
        <i name="image" value="05010043.effect.fly.11.png"/>
      </i>
      <i name="z" value="2"/>
      <i name="pos" value="1"/>
    </i>
    <i name="jump">
      <i name="0">
        <i name="origin">
          <i name="x" value="15"/>
          <i name="y" value="-3"/>
        </i>
        <i name="delay" value="120"/>
        <i name="image" value="05010043.effect.jump.0.png"/>
      </i>
      <i name="1">
        <i name="origin">
          <i name="x" value="16"/>
          <i name="y" value="-1"/>
        </i>
        <i name="delay" value="120"/>
        <i name="image" value="05010043.effect.jump.1.png"/>
      </i>
      <i name="2">
        <i name="origin">
          <i name="x" value="18"/>
          <i name="y" value="1"/>
        </i>
        <i name="delay" value="120"/>
        <i name="image" value="05010043.effect.jump.2.png"/>
      </i>
      <i name="3">
        <i name="origin">
          <i name="x" value="21"/>
          <i name="y" value="6"/>
        </i>
        <i name="delay" value="120"/>
        <i name="image" value="05010043.effect.jump.3.png"/>
      </i>
      <i name="4">
        <i name="origin">
          <i name="x" value="31"/>
          <i name="y" value="10"/>
        </i>
        <i name="delay" value="120"/>
        <i name="image" value="05010043.effect.jump.4.png"/>
      </i>
      <i name="5">
        <i name="origin">
          <i name="x" value="35"/>
          <i name="y" value="15"/>
        </i>
        <i name="delay" value="120"/>
        <i name="image" value="05010043.effect.jump.5.png"/>
      </i>
      <i name="6">
        <i name="origin">
          <i name="x" value="35"/>
          <i name="y" value="15"/>
        </i>
        <i name="delay" value="120"/>
        <i name="image" value="05010043.effect.jump.6.png"/>
      </i>
      <i name="7">
        <i name="origin">
          <i name="x" value="38"/>
          <i name="y" value="18"/>
        </i>
        <i name="delay" value="120"/>
        <i name="image" value="05010043.effect.jump.7.png"/>
      </i>
      <i name="8">
        <i name="origin">
          <i name="x" value="39"/>
          <i name="y" value="22"/>
        </i>
        <i name="delay" value="120"/>
        <i name="image" value="05010043.effect.jump.8.png"/>
      </i>
      <i name="9">
        <i name="origin">
          <i name="x" value="23"/>
          <i name="y" value="17"/>
        </i>
        <i name="delay" value="120"/>
        <i name="image" value="05010043.effect.jump.9.png"/>
      </i>
      <i name="10">
        <i name="origin">
          <i name="x" value="34"/>
          <i name="y" value="11"/>
        </i>
        <i name="delay" value="120"/>
        <i name="image" value="05010043.effect.jump.10.png"/>
      </i>
      <i name="11">
        <i name="origin">
          <i name="x" value="10"/>
          <i name="y" value="1"/>
        </i>
        <i name="delay" value="4000"/>
        <i name="image" value="05010043.effect.jump.11.png"/>
      </i>
      <i name="z" value="2"/>
      <i name="pos" value="1"/>
    </i>
    <i name="sit">
      <i name="0">
        <i name="origin">
          <i name="x" value="15"/>
          <i name="y" value="-3"/>
        </i>
        <i name="delay" value="120"/>
        <i name="image" value="05010043.effect.sit.0.png"/>
      </i>
      <i name="1">
        <i name="origin">
          <i name="x" value="16"/>
          <i name="y" value="-1"/>
        </i>
        <i name="delay" value="120"/>
        <i name="image" value="05010043.effect.sit.1.png"/>
      </i>
      <i name="2">
        <i name="origin">
          <i name="x" value="18"/>
          <i name="y" value="1"/>
        </i>
        <i name="delay" value="120"/>
        <i name="image" value="05010043.effect.sit.2.png"/>
      </i>
      <i name="3">
        <i name="origin">
          <i name="x" value="21"/>
          <i name="y" value="6"/>
        </i>
        <i name="delay" value="120"/>
        <i name="image" value="05010043.effect.sit.3.png"/>
      </i>
      <i name="4">
        <i name="origin">
          <i name="x" value="31"/>
          <i name="y" value="10"/>
        </i>
        <i name="delay" value="120"/>
        <i name="image" value="05010043.effect.sit.4.png"/>
      </i>
      <i name="5">
        <i name="origin">
          <i name="x" value="35"/>
          <i name="y" value="15"/>
        </i>
        <i name="delay" value="120"/>
        <i name="image" value="05010043.effect.sit.5.png"/>
      </i>
      <i name="6">
        <i name="origin">
          <i name="x" value="35"/>
          <i name="y" value="15"/>
        </i>
        <i name="delay" value="120"/>
        <i name="image" value="05010043.effect.sit.6.png"/>
      </i>
      <i name="7">
        <i name="origin">
          <i name="x" value="38"/>
          <i name="y" value="18"/>
        </i>
        <i name="delay" value="120"/>
        <i name="image" value="05010043.effect.sit.7.png"/>
      </i>
      <i name="8">
        <i name="origin">
          <i name="x" value="39"/>
          <i name="y" value="22"/>
        </i>
        <i name="delay" value="120"/>
        <i name="image" value="05010043.effect.sit.8.png"/>
      </i>
      <i name="9">
        <i name="origin">
          <i name="x" value="23"/>
          <i name="y" value="17"/>
        </i>
        <i name="delay" value="120"/>
        <i name="image" value="05010043.effect.sit.9.png"/>
      </i>
      <i name="10">
        <i name="origin">
          <i name="x" value="34"/>
          <i name="y" value="11"/>
        </i>
        <i name="delay" value="120"/>
        <i name="image" value="05010043.effect.sit.10.png"/>
      </i>
      <i name="11">
        <i name="origin">
          <i name="x" value="10"/>
          <i name="y" value="1"/>
        </i>
        <i name="delay" value="4000"/>
        <i name="image" value="05010043.effect.sit.11.png"/>
      </i>
      <i name="z" value="2"/>
      <i name="pos" value="1"/>
    </i>
    <i name="dead">
      <i name="0">
        <i name="origin">
          <i name="x" value="15"/>
          <i name="y" value="-3"/>
        </i>
        <i name="delay" value="120"/>
        <i name="image" value="05010043.effect.dead.0.png"/>
      </i>
      <i name="1">
        <i name="origin">
          <i name="x" value="16"/>
          <i name="y" value="-1"/>
        </i>
        <i name="delay" value="120"/>
        <i name="image" value="05010043.effect.dead.1.png"/>
      </i>
      <i name="2">
        <i name="origin">
          <i name="x" value="18"/>
          <i name="y" value="1"/>
        </i>
        <i name="delay" value="120"/>
        <i name="image" value="05010043.effect.dead.2.png"/>
      </i>
      <i name="3">
        <i name="origin">
          <i name="x" value="21"/>
          <i name="y" value="6"/>
        </i>
        <i name="delay" value="120"/>
        <i name="image" value="05010043.effect.dead.3.png"/>
      </i>
      <i name="4">
        <i name="origin">
          <i name="x" value="31"/>
          <i name="y" value="10"/>
        </i>
        <i name="delay" value="120"/>
        <i name="image" value="05010043.effect.dead.4.png"/>
      </i>
      <i name="5">
        <i name="origin">
          <i name="x" value="35"/>
          <i name="y" value="15"/>
        </i>
        <i name="delay" value="120"/>
        <i name="image" value="05010043.effect.dead.5.png"/>
      </i>
      <i name="6">
        <i name="origin">
          <i name="x" value="35"/>
          <i name="y" value="15"/>
        </i>
        <i name="delay" value="120"/>
        <i name="image" value="05010043.effect.dead.6.png"/>
      </i>
      <i name="7">
        <i name="origin">
          <i name="x" value="38"/>
          <i name="y" value="18"/>
        </i>
        <i name="delay" value="120"/>
        <i name="image" value="05010043.effect.dead.7.png"/>
      </i>
      <i name="8">
        <i name="origin">
          <i name="x" value="39"/>
          <i name="y" value="22"/>
        </i>
        <i name="delay" value="120"/>
        <i name="image" value="05010043.effect.dead.8.png"/>
      </i>
      <i name="9">
        <i name="origin">
          <i name="x" value="23"/>
          <i name="y" value="17"/>
        </i>
        <i name="delay" value="120"/>
        <i name="image" value="05010043.effect.dead.9.png"/>
      </i>
      <i name="10">
        <i name="origin">
          <i name="x" value="34"/>
          <i name="y" value="11"/>
        </i>
        <i name="delay" value="120"/>
        <i name="image" value="05010043.effect.dead.10.png"/>
      </i>
      <i name="11">
        <i name="origin">
          <i name="x" value="10"/>
          <i name="y" value="1"/>
        </i>
        <i name="delay" value="4000"/>
        <i name="image" value="05010043.effect.dead.11.png"/>
      </i>
      <i name="z" value="2"/>
      <i name="pos" value="1"/>
    </i>
    <i name="action" value="1"/>
  </i>
  </i>
