<i>
  <s name="info">
    <f name="icon">
      <p name="info"  image="info.icon.png"/>
    </f>
    <f name="iconRaw">
      <p name="info"  origin_x="-1" origin_y="32" image="info.iconRaw.png"/>
    </f>
    <p name="reqJob" v="0"/>
  </s>
  <s name="walk1">
    <f name="0">
      <p name="weapon"  origin_x="44" origin_y="12" hand_x="0" hand_y="-1" z="weapon" image="30.walk1.0.weapon.png" />
    </f>
    <f name="1">
      <p name="weapon"  origin_x="46" origin_y="11" hand_x="0" hand_y="0" z="weapon" image="30.walk1.1.weapon.png" />
    </f>
    <f name="2">
      <p name="weapon"  origin_x="45" origin_y="12" hand_x="0" hand_y="0" z="weapon" image="30.walk1.2.weapon.png" />
    </f>
    <f name="3">
      <p name="weapon"  origin_x="43" origin_y="14" hand_x="0" hand_y="0" z="weapon" image="30.walk1.3.weapon.png" />
    </f>
  </s>
  <s name="alert">
    <f name="0">
      <p name="weapon"  origin_x="56" origin_y="11" hand_x="0" hand_y="0" z="weaponOverHand" image="30.alert.0.weapon.png" />
    </f>
    <f name="1">
      <p name="weapon"  origin_x="55" origin_y="11" hand_x="0" hand_y="0" z="weaponOverHand" image="30.alert.1.weapon.png" />
    </f>
    <f name="2">
      <p name="weapon"  origin_x="56" origin_y="10" hand_x="0" hand_y="0" z="weaponOverHand" image="30.alert.2.weapon.png" />
    </f>
  </s>
  <s name="stand1">
    <f name="0">
      <p name="weapon"  origin_x="39" origin_y="11" hand_x="0" hand_y="0" z="weapon" image="30.stand1.0.weapon.png" />
    </f>
    <f name="1">
      <p name="weapon"  pointer="30/stand1/0/weapon" />
    </f>
    <f name="2">
      <p name="weapon"  pointer="30/stand1/0/weapon" />
    </f>
  </s>
  <s name="swingO1">
    <f name="0">
      <p name="weapon"  origin_x="6" origin_y="14" hand_x="0" hand_y="0" z="weaponBelowBody" image="30.swingO1.0.weapon.png" />
    </f>
    <f name="1">
      <p name="weapon"  origin_x="-3" origin_y="16" hand_x="0" hand_y="0" z="weaponBelowBody" image="30.swingO1.1.weapon.png" />
    </f>
    <f name="2">
      <p name="weapon"  origin_x="18" origin_y="30" hand_x="0" hand_y="0" z="weapon" image="30.swingO1.2.weapon.png" />
    </f>
  </s>
  <s name="swingO2">
    <f name="0">
      <p name="weapon"  origin_x="13" origin_y="43" hand_x="0" hand_y="0" z="weaponBelowBody" image="30.swingO2.0.weapon.png" />
    </f>
    <f name="1">
      <p name="weapon"  origin_x="11" origin_y="56" hand_x="0" hand_y="0" z="weaponBelowBody" image="30.swingO2.1.weapon.png" />
    </f>
    <f name="2">
      <p name="weapon"  origin_x="12" origin_y="17" hand_x="0" hand_y="0" z="weapon" image="30.swingO2.2.weapon.png" />
    </f>
  </s>
  <s name="swingO3">
    <f name="0">
      <p name="weapon"  origin_x="10" origin_y="52" hand_x="0" hand_y="0" z="weapon" image="30.swingO3.0.weapon.png" />
    </f>
    <f name="1">
      <p name="weapon"  origin_x="49" origin_y="30" hand_x="0" hand_y="0" z="weaponOverBody" image="30.swingO3.1.weapon.png" />
    </f>
    <f name="2">
      <p name="weapon"  origin_x="5" origin_y="12" hand_x="0" hand_y="0" z="weaponBelowBody" image="30.swingO3.2.weapon.png" />
    </f>
  </s>
  <s name="swingOF">
    <f name="0">
      <p name="weapon"  origin_x="19" origin_y="34" hand_x="-10" hand_y="-14" z="weapon" image="30.swingOF.0.weapon.png" />
    </f>
    <f name="1">
      <p name="weapon"  origin_x="26" origin_y="29" hand_x="6" hand_y="37" z="backWeapon" image="30.swingOF.1.weapon.png" />
    </f>
    <f name="2">
      <p name="weapon"  origin_x="34" origin_y="19" hand_x="-29" hand_y="22" z="weaponBelowBody" image="30.swingOF.2.weapon.png" />
    </f>
    <f name="3">
      <p name="weapon"  origin_x="20" origin_y="9" hand_x="0" hand_y="0" z="weaponBelowBody" image="30.swingOF.3.weapon.png" />
    </f>
  </s>
  <s name="stabO1">
    <f name="0">
      <p name="weapon"  origin_x="45" origin_y="10" hand_x="0" hand_y="0" z="weapon" image="30.stabO1.0.weapon.png" />
    </f>
    <f name="1">
      <p name="weapon"  origin_x="47" origin_y="10" hand_x="0" hand_y="0" z="weapon" image="30.stabO1.1.weapon.png" />
    </f>
  </s>
  <s name="stabO2">
    <f name="0">
      <p name="weapon"  origin_x="45" origin_y="9" hand_x="0" hand_y="0" z="weaponBelowArm" image="30.stabO2.0.weapon.png" />
    </f>
    <f name="1">
      <p name="weapon"  origin_x="44" origin_y="10" hand_x="0" hand_y="0" z="weapon" image="30.stabO2.1.weapon.png" />
    </f>
  </s>
  <s name="stabOF">
    <f name="0">
      <p name="weapon"  origin_x="45" origin_y="11" hand_x="0" hand_y="0" z="weapon" image="30.stabOF.0.weapon.png" />
    </f>
    <f name="1">
      <p name="weapon"  origin_x="11" origin_y="15" hand_x="0" hand_y="0" z="weapon" image="30.stabOF.1.weapon.png" />
    </f>
    <f name="2">
      <p name="weapon"  origin_x="50" origin_y="23" hand_x="0" hand_y="0" z="weapon" image="30.stabOF.2.weapon.png" />
    </f>
  </s>
  <s name="proneStab">
    <f name="0">
      <p name="weapon"  origin_x="45" origin_y="11" hand_x="0" hand_y="0" z="weaponBelowArm" image="30.proneStab.0.weapon.png" />
    </f>
    <f name="1">
      <p name="weapon"  origin_x="43" origin_y="11" hand_x="0" hand_y="0" z="weaponBelowArm" image="30.proneStab.1.weapon.png" />
    </f>
  </s>
  <s name="prone">
    <f name="0">
      <p name="weapon"  pointer="30/proneStab/0/weapon" />
    </f>
  </s>
  <s name="heal">
    <f name="0">
      <p name="weapon"  pointer="30/alert/1/weapon" />
    </f>
    <f name="1">
      <p name="weapon"  pointer="30/swingO2/1/weapon" />
    </f>
    <f name="2">
      <p name="weapon"  pointer="30/swingO2/0/weapon" />
    </f>
  </s>
  <s name="jump">
    <f name="0">
      <p name="weapon"  origin_x="25" origin_y="18" hand_x="0" hand_y="0" z="weaponOverArm" image="30.jump.0.weapon.png" />
    </f>
  </s>
  <s name="fly">
    <f name="0">
      <p name="weapon"  origin_x="25" origin_y="20" hand_x="0" hand_y="0" z="weaponOverArm" image="30.fly.0.weapon.png" />
    </f>
    <f name="1">
      <p name="weapon"  pointer="30/fly/0/weapon" />
    </f>
  </s>
  <s name="shoot1">
    <f name="0">
      <p name="weapon"  origin_x="32" origin_y="31" hand_x="0" hand_y="0" z="weaponBelowArm" image="37.shoot1.0.weapon.png" />
    </f>
    <f name="1">
      <p name="weapon"  origin_x="46" origin_y="31" hand_x="0" hand_y="0" z="weaponBelowArm" image="37.shoot1.1.weapon.png" />
    </f>
    <f name="2">
      <p name="weapon"  pointer="37/shoot1/1/weapon" />
    </f>
  </s>
  <s name="shootF">
    <f name="0">
      <p name="weapon"  origin_x="35" origin_y="34" hand_x="0" hand_y="0" z="weaponBelowArm" image="37.shootF.0.weapon.png" />
    </f>
    <f name="1">
      <p name="weapon"  origin_x="49" origin_y="38" hand_x="0" hand_y="0" z="weaponBelowArm" image="37.shootF.1.weapon.png" />
    </f>
    <f name="2">
      <p name="weapon"  pointer="37/shootF/1/weapon" />
    </f>
  </s>
  <s name="stand2">
    <f name="0">
      <p name="weapon"  origin_x="26" origin_y="31" hand_x="0" hand_y="0" z="weaponOverArm" image="40.stand2.0.weapon.png" />
    </f>
    <f name="1">
      <p name="weapon"  origin_x="26" origin_y="28" hand_x="0" hand_y="0" z="weaponOverArm" image="40.stand2.1.weapon.png"/>
    </f>
    <f name="2">
      <p name="weapon"  origin_x="25" origin_y="27" hand_x="0" hand_y="0" z="weaponOverArm" image="40.stand2.2.weapon.png"/>
    </f>
  </s>
  <s name="swingT1">
    <f name="0">
      <p name="weapon"  origin_x="15" origin_y="9" hand_x="0" hand_y="0" z="weaponBelowArm" image="40.swingT1.0.weapon.png" />
    </f>
    <f name="1">
      <p name="weapon"  origin_x="10" origin_y="52" hand_x="0" hand_y="0" z="weaponBelowArm" image="40.swingT1.1.weapon.png" />
    </f>
    <f name="2">
      <p name="weapon"  origin_x="44" origin_y="16" hand_x="0" hand_y="0" z="weaponOverBody" image="40.swingT1.2.weapon.png" />
    </f>
  </s>
  <s name="swingT2">
    <f name="0">
      <p name="weapon"  origin_x="37" origin_y="21" hand_x="-28" hand_y="27" z="weaponOverBody" image="40.swingT2.0.weapon.png" />
    </f>
    <f name="1">
      <p name="weapon"  origin_x="12" origin_y="60" hand_x="0" hand_y="0" z="weaponOverBody" image="40.swingT2.1.weapon.png" />
    </f>
    <f name="2">
      <p name="weapon"  origin_x="45" origin_y="16" hand_x="0" hand_y="0" z="weaponOverBody" image="40.swingT2.2.weapon.png" />
    </f>
  </s>
  <s name="swingT3">
    <f name="0">
      <p name="weapon"  origin_x="12" origin_y="11" hand_x="0" hand_y="0" z="weaponOverBody" image="40.swingT3.0.weapon.png" />
    </f>
    <f name="1">
      <p name="weapon"  origin_x="23" origin_y="16" hand_x="0" hand_y="0" z="weaponOverBody" image="40.swingT3.1.weapon.png" />
    </f>
    <f name="2">
      <p name="weapon"  origin_x="10" origin_y="58" hand_x="0" hand_y="0" z="weaponOverBody" image="40.swingT3.2.weapon.png" />
    </f>
  </s>
  <s name="swingTF">
    <f name="0">
      <p name="40"  origin_x="20" origin_y="34" hand_x="-9" hand_y="18" z="backWeapon" image="40.swingTF.0.weapon.png"/>
    </f>
    <f name="1">
      <p name="40"  origin_x="7" origin_y="59" hand_x="0" hand_y="0" z="weaponBelowBody" image="40.swingTF.1.weapon.png"/>
    </f>
    <f name="2">
      <p name="40"  origin_x="18" origin_y="42" hand_x="0" hand_y="0" z="weaponBelowArm" image="40.swingTF.2.weapon.png"/>
    </f>
    <f name="3">
      <p name="40"  origin_x="45" origin_y="16" hand_x="0" hand_y="0" z="weaponBelowBody" image="40.swingTF.3.weapon.png"/>
    </f>
  </s>
  <s name="ladder">
    <f name="0">
      <p name="weapon"  origin_x="18" origin_y="15" navel_x="0" navel_y="-1" z="weaponOverHand" image="40.ladder.0.weapon.png" />
    </f>
    <f name="1">
      <p name="weapon"  origin_x="18" origin_y="15" navel_x="0" navel_y="-1" z="weaponOverHand" image="40.ladder.1.weapon.png" />
    </f>
  </s>
  <s name="rope">
    <f name="0">
      <p name="weapon"  origin_x="18" origin_y="15" navel_x="1" navel_y="-2" z="weaponOverHand" image="40.rope.0.weapon.png" />
    </f>
    <f name="1">
      <p name="weapon"  origin_x="18" origin_y="15" navel_x="0" navel_y="-1" z="weaponOverHand" image="40.rope.1.weapon.png" />
    </f>
  </s>
  <s name="walk2">
    <f name="0">
      <p name="weapon"  origin_x="38" origin_y="19" hand_x="-14" hand_y="7" z="weaponOverArm" image="40.walk2.0.weapon.png" />
    </f>
    <f name="1">
      <p name="weapon"  origin_x="36" origin_y="21" hand_x="-11" hand_y="7" z="weaponOverArm" image="40.walk2.1.weapon.png" />
    </f>
    <f name="2">
      <p name="weapon"  pointer="40/walk2/0/weapon" />
    </f>
    <f name="3">
      <p name="weapon"  origin_x="38" origin_y="19" hand_x="-15" hand_y="10" z="weaponOverArm" image="40.walk2.3.weapon.png" />
    </f>
  </s>
  <s name="swingP1">
    <f name="0">
      <p name="43"  origin_x="14" origin_y="21" hand_x="0" hand_y="0" z="weaponBelowArm" image="43.swingP1.0.weapon.png"/>
    </f>
    <f name="1">
      <p name="43"  origin_x="7" origin_y="83" hand_x="0" hand_y="0" z="weaponBelowArm" image="43.swingP1.1.weapon.png"/>
    </f>
    <f name="2">
      <p name="43"  origin_x="80" origin_y="21" hand_x="0" hand_y="0" z="weaponBelowBody" image="43.swingP1.2.weapon.png"/>
    </f>
  </s>
  <s name="swingP2">
    <f name="0">
      <p name="43"  origin_x="17" origin_y="63" hand_x="0" hand_y="0" z="weaponBelowBody" image="43.swingP2.0.weapon.png"/>
    </f>
    <f name="1">
      <p name="43"  origin_x="2" origin_y="103" hand_x="0" hand_y="0" z="weaponBelowBody" image="43.swingP2.1.weapon.png"/>
    </f>
    <f name="2">
      <p name="43"  origin_x="81" origin_y="19" hand_x="0" hand_y="0" z="weaponOverBody" image="43.swingP2.2.weapon.png"/>
    </f>
  </s>
  <s name="swingPF">
    <f name="0">
      <p name="43"  origin_x="105" origin_y="12" hand_x="0" hand_y="0" z="weapon" image="43.swingPF.0.weapon.png"/>
    </f>
    <f name="1">
      <p name="43"  origin_x="99" origin_y="15" hand_x="0" hand_y="0" z="weapon" image="43.swingPF.1.weapon.png"/>
    </f>
    <f name="2">
      <p name="43"  origin_x="29" origin_y="21" hand_x="0" hand_y="0" z="weaponBelowArm" image="43.swingPF.2.weapon.png"/>
    </f>
    <f name="3">
      <p name="43"  origin_x="71" origin_y="15" hand_x="0" hand_y="0" z="weaponBelowBody" image="43.swingPF.3.weapon.png"/>
    </f>
  </s>
  <s name="stabT1">
    <f name="0">
      <p name="weapon"  origin_x="92" origin_y="16" hand_x="0" hand_y="0" z="weaponOverBody" image="43.stabT1.0.weapon.png" />
    </f>
    <f name="1">
      <p name="weapon"  origin_x="92" origin_y="16" hand_x="0" hand_y="0" z="weaponOverBody" image="43.stabT1.1.weapon.png" />
    </f>
    <f name="2">
      <p name="weapon"  origin_x="97" origin_y="11" hand_x="0" hand_y="0" z="weaponOverBody" image="43.stabT1.2.weapon.png" />
    </f>
  </s>
  <s name="stabT2">
    <f name="0">
      <p name="43"  origin_x="92" origin_y="18" hand_x="0" hand_y="0" z="weaponOverBody" image="43.stabT2.0.weapon.png"/>
    </f>
    <f name="1">
      <p name="43"  origin_x="94" origin_y="16" hand_x="0" hand_y="0" z="weaponOverBody" image="43.stabT2.1.weapon.png"/>
    </f>
    <f name="2">
      <p name="43"  origin_x="108" origin_y="21" hand_x="0" hand_y="0" z="weaponOverBody" image="43.stabT2.2.weapon.png"/>
    </f>
  </s>
  <s name="stabTF">
    <f name="0">
      <p name="pointer"  pointer="43/swingPF/0/weapon"/>
    </f>
    <f name="1">
      <p name="pointer"  pointer="43/swingPF/1/weapon"/>
    </f>
    <f name="2">
      <p name="43"  origin_x="55" origin_y="-9" hand_x="0" hand_y="0" z="weaponOverBody" image="43.stabTF.2.weapon.png"/>
    </f>
    <f name="3">
      <p name="pointer"  pointer="43/stabT1/2/weapon"/>
    </f>
  </s>
  <s name="shoot2">
    <f name="0">
      <p name="46"  origin_x="36" origin_y="36" hand_x="0" hand_y="0" z="weaponBelowArm" image="46.shoot2.0.weapon.png"/>
    </f>
    <f name="1">
      <p name="46"  origin_x="35" origin_y="36" hand_x="0" hand_y="0" z="weaponBelowArm" image="46.shoot2.1.weapon.png"/>
    </f>
    <f name="2">
      <p name="46"  origin_x="40" origin_y="30" hand_x="-20" hand_y="0" z="weaponBelowArm" image="46.shoot2.2.weapon.png"/>
    </f>
    <f name="3">
      <p name="46"  origin_x="33" origin_y="28" hand_x="0" hand_y="1" z="weaponBelowArm" image="46.shoot2.3.weapon.png"/>
    </f>
    <f name="4">
      <p name="46"  origin_x="30" origin_y="28" hand_x="0" hand_y="0" z="weaponBelowArm" image="46.shoot2.4.weapon.png"/>
    </f>
  </s>
</i>
