  <i name="2111002">
  <i name="prepare">
    <i name="0">
      <i name="origin">
        <i name="x" value="16"/>
        <i name="y" value="151"/>
      </i>
      <i name="delay" value="55"/>
      <i name="image" value="2111002.prepare.0.png"/>
    </i>
    <i name="1">
      <i name="origin">
        <i name="x" value="16"/>
        <i name="y" value="154"/>
      </i>
      <i name="delay" value="55"/>
      <i name="image" value="2111002.prepare.1.png"/>
    </i>
    <i name="2">
      <i name="origin">
        <i name="x" value="16"/>
        <i name="y" value="155"/>
      </i>
      <i name="delay" value="55"/>
      <i name="image" value="2111002.prepare.2.png"/>
    </i>
    <i name="3">
      <i name="origin">
        <i name="x" value="56"/>
        <i name="y" value="117"/>
      </i>
      <i name="delay" value="55"/>
      <i name="image" value="2111002.prepare.3.png"/>
    </i>
    <i name="4">
      <i name="origin">
        <i name="x" value="59"/>
        <i name="y" value="117"/>
      </i>
      <i name="delay" value="55"/>
      <i name="image" value="2111002.prepare.4.png"/>
    </i>
    <i name="5">
      <i name="origin">
        <i name="x" value="65"/>
        <i name="y" value="104"/>
      </i>
      <i name="delay" value="55"/>
      <i name="image" value="2111002.prepare.5.png"/>
    </i>
    <i name="6">
      <i name="origin">
        <i name="x" value="67"/>
        <i name="y" value="104"/>
      </i>
      <i name="delay" value="55"/>
      <i name="image" value="2111002.prepare.6.png"/>
    </i>
    <i name="7">
      <i name="origin">
        <i name="x" value="67"/>
        <i name="y" value="105"/>
      </i>
      <i name="delay" value="55"/>
      <i name="image" value="2111002.prepare.7.png"/>
    </i>
    <i name="8">
      <i name="origin">
        <i name="x" value="66"/>
        <i name="y" value="105"/>
      </i>
      <i name="delay" value="55"/>
      <i name="image" value="2111002.prepare.8.png"/>
    </i>
    <i name="9">
      <i name="origin">
        <i name="x" value="60"/>
        <i name="y" value="105"/>
      </i>
      <i name="delay" value="135"/>
      <i name="image" value="2111002.prepare.9.png"/>
    </i>
    <i name="10">
      <i name="origin">
        <i name="x" value="128"/>
        <i name="y" value="162"/>
      </i>
      <i name="delay" value="85"/>
      <i name="image" value="2111002.prepare.10.png"/>
    </i>
    <i name="11">
      <i name="origin">
        <i name="x" value="125"/>
        <i name="y" value="158"/>
      </i>
      <i name="delay" value="95"/>
      <i name="image" value="2111002.prepare.11.png"/>
    </i>
    <i name="12">
      <i name="origin">
        <i name="x" value="125"/>
        <i name="y" value="158"/>
      </i>
      <i name="delay" value="105"/>
      <i name="image" value="2111002.prepare.12.png"/>
    </i>
  </i>
  <i name="effect">
    <i name="0">
      <i name="origin">
        <i name="x" value="19"/>
        <i name="y" value="-4"/>
      </i>
      <i name="delay" value="50"/>
      <i name="image" value="2111002.effect.0.png"/>
    </i>
    <i name="1">
      <i name="origin">
        <i name="x" value="24"/>
        <i name="y" value="2"/>
      </i>
      <i name="delay" value="50"/>
      <i name="image" value="2111002.effect.1.png"/>
    </i>
    <i name="2">
      <i name="origin">
        <i name="x" value="30"/>
        <i name="y" value="7"/>
      </i>
      <i name="delay" value="110"/>
      <i name="image" value="2111002.effect.2.png"/>
    </i>
    <i name="3">
      <i name="origin">
        <i name="x" value="47"/>
        <i name="y" value="178"/>
      </i>
      <i name="delay" value="80"/>
      <i name="image" value="2111002.effect.3.png"/>
    </i>
    <i name="4">
      <i name="origin">
        <i name="x" value="48"/>
        <i name="y" value="178"/>
      </i>
      <i name="delay" value="80"/>
      <i name="image" value="2111002.effect.4.png"/>
    </i>
    <i name="5">
      <i name="origin">
        <i name="x" value="49"/>
        <i name="y" value="177"/>
      </i>
      <i name="delay" value="80"/>
      <i name="image" value="2111002.effect.5.png"/>
    </i>
    <i name="6">
      <i name="origin">
        <i name="x" value="47"/>
        <i name="y" value="178"/>
      </i>
      <i name="delay" value="80"/>
      <i name="image" value="2111002.effect.6.png"/>
    </i>
    <i name="7">
      <i name="origin">
        <i name="x" value="48"/>
        <i name="y" value="178"/>
      </i>
      <i name="delay" value="80"/>
      <i name="image" value="2111002.effect.7.png"/>
    </i>
    <i name="8">
      <i name="origin">
        <i name="x" value="49"/>
        <i name="y" value="177"/>
      </i>
      <i name="delay" value="80"/>
      <i name="image" value="2111002.effect.8.png"/>
    </i>
    <i name="9">
      <i name="origin">
        <i name="x" value="47"/>
        <i name="y" value="178"/>
      </i>
      <i name="delay" value="80"/>
      <i name="image" value="2111002.effect.9.png"/>
    </i>
    <i name="10">
      <i name="origin">
        <i name="x" value="48"/>
        <i name="y" value="178"/>
      </i>
      <i name="delay" value="80"/>
      <i name="image" value="2111002.effect.10.png"/>
    </i>
    <i name="11">
      <i name="origin">
        <i name="x" value="49"/>
        <i name="y" value="177"/>
      </i>
      <i name="delay" value="130"/>
      <i name="a0" value="255"/>
      <i name="a1" value="0"/>
      <i name="image" value="2111002.effect.11.png"/>
    </i>
  </i>
  <i name="special">
    <i name="0">
      <i name="0">
        <i name="origin">
          <i name="x" value="22"/>
          <i name="y" value="28"/>
        </i>
        <i name="delay" value="150"/>
        <i name="image" value="2111002.special.0.0.png"/>
      </i>
      <i name="1">
        <i name="origin">
          <i name="x" value="20"/>
          <i name="y" value="20"/>
        </i>
        <i name="delay" value="150"/>
        <i name="image" value="2111002.special.0.1.png"/>
      </i>
      <i name="2">
        <i name="origin">
          <i name="x" value="17"/>
          <i name="y" value="18"/>
        </i>
        <i name="delay" value="70"/>
        <i name="image" value="2111002.special.0.2.png"/>
      </i>
      <i name="3">
        <i name="origin">
          <i name="x" value="17"/>
          <i name="y" value="20"/>
        </i>
        <i name="delay" value="70"/>
        <i name="image" value="2111002.special.0.3.png"/>
      </i>
      <i name="4">
        <i name="origin">
          <i name="x" value="17"/>
          <i name="y" value="25"/>
        </i>
        <i name="delay" value="70"/>
        <i name="image" value="2111002.special.0.4.png"/>
      </i>
      <i name="5">
        <i name="origin">
          <i name="x" value="17"/>
          <i name="y" value="25"/>
        </i>
        <i name="delay" value="70"/>
        <i name="image" value="2111002.special.0.5.png"/>
      </i>
    </i>
    <i name="1">
      <i name="0">
        <i name="origin">
          <i name="x" value="30"/>
          <i name="y" value="26"/>
        </i>
        <i name="delay" value="150"/>
        <i name="image" value="2111002.special.1.0.png"/>
      </i>
      <i name="1">
        <i name="origin">
          <i name="x" value="31"/>
          <i name="y" value="25"/>
        </i>
        <i name="delay" value="150"/>
        <i name="image" value="2111002.special.1.1.png"/>
      </i>
      <i name="2">
        <i name="origin">
          <i name="x" value="31"/>
          <i name="y" value="26"/>
        </i>
        <i name="delay" value="70"/>
        <i name="image" value="2111002.special.1.2.png"/>
      </i>
      <i name="3">
        <i name="origin">
          <i name="x" value="33"/>
          <i name="y" value="26"/>
        </i>
        <i name="delay" value="70"/>
        <i name="image" value="2111002.special.1.3.png"/>
      </i>
      <i name="4">
        <i name="origin">
          <i name="x" value="32"/>
          <i name="y" value="29"/>
        </i>
        <i name="delay" value="70"/>
        <i name="image" value="2111002.special.1.4.png"/>
      </i>
      <i name="5">
        <i name="origin">
          <i name="x" value="31"/>
          <i name="y" value="32"/>
        </i>
        <i name="delay" value="70"/>
        <i name="image" value="2111002.special.1.5.png"/>
      </i>
    </i>
    <i name="2">
      <i name="0">
        <i name="origin">
          <i name="x" value="14"/>
          <i name="y" value="12"/>
        </i>
        <i name="delay" value="150"/>
        <i name="image" value="2111002.special.2.0.png"/>
      </i>
      <i name="1">
        <i name="origin">
          <i name="x" value="8"/>
          <i name="y" value="12"/>
        </i>
        <i name="delay" value="100"/>
        <i name="image" value="2111002.special.2.1.png"/>
      </i>
      <i name="2">
        <i name="origin">
          <i name="x" value="8"/>
          <i name="y" value="12"/>
        </i>
        <i name="delay" value="100"/>
        <i name="image" value="2111002.special.2.2.png"/>
      </i>
    </i>
  </i>
  </i>
