  <i name="2311001">
  <i name="effect">
    <i name="0">
      <i name="origin">
        <i name="x" value="45"/>
        <i name="y" value="122"/>
      </i>
      <i name="delay" value="75"/>
      <i name="image" value="2311001.effect.0.png"/>
    </i>
    <i name="1">
      <i name="origin">
        <i name="x" value="103"/>
        <i name="y" value="124"/>
      </i>
      <i name="delay" value="75"/>
      <i name="image" value="2311001.effect.1.png"/>
    </i>
    <i name="2">
      <i name="origin">
        <i name="x" value="145"/>
        <i name="y" value="155"/>
      </i>
      <i name="delay" value="75"/>
      <i name="image" value="2311001.effect.2.png"/>
    </i>
    <i name="3">
      <i name="origin">
        <i name="x" value="145"/>
        <i name="y" value="156"/>
      </i>
      <i name="delay" value="75"/>
      <i name="image" value="2311001.effect.3.png"/>
    </i>
    <i name="4">
      <i name="origin">
        <i name="x" value="146"/>
        <i name="y" value="156"/>
      </i>
      <i name="delay" value="75"/>
      <i name="image" value="2311001.effect.4.png"/>
    </i>
    <i name="5">
      <i name="origin">
        <i name="x" value="146"/>
        <i name="y" value="156"/>
      </i>
      <i name="delay" value="75"/>
      <i name="image" value="2311001.effect.5.png"/>
    </i>
    <i name="6">
      <i name="origin">
        <i name="x" value="146"/>
        <i name="y" value="156"/>
      </i>
      <i name="delay" value="75"/>
      <i name="image" value="2311001.effect.6.png"/>
    </i>
    <i name="7">
      <i name="origin">
        <i name="x" value="146"/>
        <i name="y" value="156"/>
      </i>
      <i name="delay" value="75"/>
      <i name="image" value="2311001.effect.7.png"/>
    </i>
    <i name="8">
      <i name="origin">
        <i name="x" value="146"/>
        <i name="y" value="156"/>
      </i>
      <i name="delay" value="75"/>
      <i name="image" value="2311001.effect.8.png"/>
    </i>
    <i name="9">
      <i name="origin">
        <i name="x" value="146"/>
        <i name="y" value="156"/>
      </i>
      <i name="delay" value="75"/>
      <i name="image" value="2311001.effect.9.png"/>
    </i>
    <i name="10">
      <i name="origin">
        <i name="x" value="145"/>
        <i name="y" value="156"/>
      </i>
      <i name="delay" value="75"/>
      <i name="image" value="2311001.effect.10.png"/>
    </i>
    <i name="11">
      <i name="origin">
        <i name="x" value="145"/>
        <i name="y" value="156"/>
      </i>
      <i name="delay" value="75"/>
      <i name="image" value="2311001.effect.11.png"/>
    </i>
  </i>
  <i name="mob">
    <i name="0">
      <i name="origin">
        <i name="x" value="25"/>
        <i name="y" value="70"/>
      </i>
      <i name="delay" value="120"/>
      <i name="image" value="2311001.mob.0.png"/>
    </i>
    <i name="1">
      <i name="origin">
        <i name="x" value="25"/>
        <i name="y" value="70"/>
      </i>
      <i name="delay" value="120"/>
      <i name="image" value="2311001.mob.1.png"/>
    </i>
    <i name="2">
      <i name="origin">
        <i name="x" value="29"/>
        <i name="y" value="74"/>
      </i>
      <i name="delay" value="120"/>
      <i name="image" value="2311001.mob.2.png"/>
    </i>
    <i name="3">
      <i name="origin">
        <i name="x" value="35"/>
        <i name="y" value="80"/>
      </i>
      <i name="delay" value="120"/>
      <i name="image" value="2311001.mob.3.png"/>
    </i>
    <i name="4">
      <i name="origin">
        <i name="x" value="34"/>
        <i name="y" value="81"/>
      </i>
      <i name="delay" value="120"/>
      <i name="image" value="2311001.mob.4.png"/>
    </i>
    <i name="5">
      <i name="origin">
        <i name="x" value="31"/>
        <i name="y" value="80"/>
      </i>
      <i name="delay" value="120"/>
      <i name="image" value="2311001.mob.5.png"/>
    </i>
  </i>
  <i name="affected">
    <i name="0">
      <i name="origin">
        <i name="x" value="30"/>
        <i name="y" value="120"/>
      </i>
      <i name="delay" value="120"/>
      <i name="image" value="2311001.affected.0.png"/>
    </i>
    <i name="1">
      <i name="origin">
        <i name="x" value="30"/>
        <i name="y" value="120"/>
      </i>
      <i name="delay" value="120"/>
      <i name="image" value="2311001.affected.1.png"/>
    </i>
    <i name="2">
      <i name="origin">
        <i name="x" value="34"/>
        <i name="y" value="124"/>
      </i>
      <i name="delay" value="120"/>
      <i name="image" value="2311001.affected.2.png"/>
    </i>
    <i name="3">
      <i name="origin">
        <i name="x" value="40"/>
        <i name="y" value="130"/>
      </i>
      <i name="delay" value="120"/>
      <i name="image" value="2311001.affected.3.png"/>
    </i>
    <i name="4">
      <i name="origin">
        <i name="x" value="39"/>
        <i name="y" value="131"/>
      </i>
      <i name="delay" value="120"/>
      <i name="image" value="2311001.affected.4.png"/>
    </i>
    <i name="5">
      <i name="origin">
        <i name="x" value="36"/>
        <i name="y" value="130"/>
      </i>
      <i name="delay" value="120"/>
      <i name="image" value="2311001.affected.5.png"/>
    </i>
  </i>
  </i>
