  <i name="05010002">
  <i name="info">
    <i name="icon">
      <i name="origin">
        <i name="x" value="0"/>
        <i name="y" value="32"/>
      </i>
      <i name="image" value="05010002.info.icon.png"/>
    </i>
    <i name="iconRaw">
      <i name="origin">
        <i name="x" value="0"/>
        <i name="y" value="32"/>
      </i>
      <i name="image" value="05010002.info.iconRaw.png"/>
    </i>
    <i name="cash" value="1"/>
  </i>
  <i name="effect">
    <i name="default">
      <i name="0">
        <i name="origin">
          <i name="x" value="42"/>
          <i name="y" value="56"/>
        </i>
        <i name="delay" value="120"/>
        <i name="image" value="05010002.effect.default.0.png"/>
      </i>
      <i name="1">
        <i name="origin">
          <i name="x" value="42"/>
          <i name="y" value="57"/>
        </i>
        <i name="delay" value="120"/>
        <i name="image" value="05010002.effect.default.1.png"/>
      </i>
      <i name="2">
        <i name="origin">
          <i name="x" value="42"/>
          <i name="y" value="66"/>
        </i>
        <i name="delay" value="120"/>
        <i name="image" value="05010002.effect.default.2.png"/>
      </i>
      <i name="3">
        <i name="origin">
          <i name="x" value="42"/>
          <i name="y" value="71"/>
        </i>
        <i name="delay" value="120"/>
        <i name="image" value="05010002.effect.default.3.png"/>
      </i>
      <i name="4">
        <i name="origin">
          <i name="x" value="42"/>
          <i name="y" value="78"/>
        </i>
        <i name="delay" value="120"/>
        <i name="image" value="05010002.effect.default.4.png"/>
      </i>
      <i name="5">
        <i name="origin">
          <i name="x" value="42"/>
          <i name="y" value="76"/>
        </i>
        <i name="delay" value="120"/>
        <i name="image" value="05010002.effect.default.5.png"/>
      </i>
      <i name="6">
        <i name="origin">
          <i name="x" value="42"/>
          <i name="y" value="75"/>
        </i>
        <i name="delay" value="120"/>
        <i name="image" value="05010002.effect.default.6.png"/>
      </i>
      <i name="7">
        <i name="origin">
          <i name="x" value="42"/>
          <i name="y" value="69"/>
        </i>
        <i name="delay" value="120"/>
        <i name="image" value="05010002.effect.default.7.png"/>
      </i>
      <i name="8">
        <i name="origin">
          <i name="x" value="42"/>
          <i name="y" value="68"/>
        </i>
        <i name="delay" value="120"/>
        <i name="image" value="05010002.effect.default.8.png"/>
      </i>
      <i name="9">
        <i name="origin">
          <i name="x" value="42"/>
          <i name="y" value="68"/>
        </i>
        <i name="delay" value="120"/>
        <i name="image" value="05010002.effect.default.9.png"/>
      </i>
      <i name="z" value="-1"/>
      <i name="pos" value="1"/>
    </i>
  </i>
  </i>
