  <i name="2321006">
  <i name="effect">
    <i name="0">
      <i name="origin">
        <i name="x" value="64"/>
        <i name="y" value="198"/>
      </i>
      <i name="delay" value="120"/>
      <i name="image" value="2321006.effect.0.png"/>
    </i>
    <i name="1">
      <i name="origin">
        <i name="x" value="76"/>
        <i name="y" value="199"/>
      </i>
      <i name="delay" value="120"/>
      <i name="image" value="2321006.effect.1.png"/>
    </i>
    <i name="2">
      <i name="origin">
        <i name="x" value="83"/>
        <i name="y" value="200"/>
      </i>
      <i name="delay" value="120"/>
      <i name="image" value="2321006.effect.2.png"/>
    </i>
    <i name="3">
      <i name="origin">
        <i name="x" value="79"/>
        <i name="y" value="201"/>
      </i>
      <i name="delay" value="120"/>
      <i name="image" value="2321006.effect.3.png"/>
    </i>
    <i name="4">
      <i name="origin">
        <i name="x" value="66"/>
        <i name="y" value="201"/>
      </i>
      <i name="delay" value="120"/>
      <i name="image" value="2321006.effect.4.png"/>
    </i>
    <i name="5">
      <i name="origin">
        <i name="x" value="71"/>
        <i name="y" value="202"/>
      </i>
      <i name="delay" value="120"/>
      <i name="image" value="2321006.effect.5.png"/>
    </i>
    <i name="6">
      <i name="origin">
        <i name="x" value="75"/>
        <i name="y" value="202"/>
      </i>
      <i name="delay" value="120"/>
      <i name="image" value="2321006.effect.6.png"/>
    </i>
    <i name="7">
      <i name="origin">
        <i name="x" value="81"/>
        <i name="y" value="202"/>
      </i>
      <i name="delay" value="120"/>
      <i name="image" value="2321006.effect.7.png"/>
    </i>
    <i name="8">
      <i name="origin">
        <i name="x" value="87"/>
        <i name="y" value="202"/>
      </i>
      <i name="delay" value="120"/>
      <i name="image" value="2321006.effect.8.png"/>
    </i>
    <i name="9">
      <i name="origin">
        <i name="x" value="83"/>
        <i name="y" value="203"/>
      </i>
      <i name="delay" value="120"/>
      <i name="image" value="2321006.effect.9.png"/>
    </i>
    <i name="10">
      <i name="origin">
        <i name="x" value="91"/>
        <i name="y" value="214"/>
      </i>
      <i name="delay" value="120"/>
      <i name="image" value="2321006.effect.10.png"/>
    </i>
    <i name="11">
      <i name="origin">
        <i name="x" value="91"/>
        <i name="y" value="214"/>
      </i>
      <i name="delay" value="120"/>
      <i name="image" value="2321006.effect.11.png"/>
    </i>
    <i name="12">
      <i name="origin">
        <i name="x" value="212"/>
        <i name="y" value="242"/>
      </i>
      <i name="delay" value="120"/>
      <i name="image" value="2321006.effect.12.png"/>
    </i>
    <i name="13">
      <i name="origin">
        <i name="x" value="224"/>
        <i name="y" value="283"/>
      </i>
      <i name="delay" value="120"/>
      <i name="image" value="2321006.effect.13.png"/>
    </i>
    <i name="14">
      <i name="origin">
        <i name="x" value="221"/>
        <i name="y" value="281"/>
      </i>
      <i name="delay" value="120"/>
      <i name="image" value="2321006.effect.14.png"/>
    </i>
    <i name="15">
      <i name="origin">
        <i name="x" value="218"/>
        <i name="y" value="278"/>
      </i>
      <i name="delay" value="120"/>
      <i name="image" value="2321006.effect.15.png"/>
    </i>
    <i name="16">
      <i name="origin">
        <i name="x" value="214"/>
        <i name="y" value="271"/>
      </i>
      <i name="delay" value="120"/>
      <i name="image" value="2321006.effect.16.png"/>
    </i>
    <i name="17">
      <i name="origin">
        <i name="x" value="75"/>
        <i name="y" value="199"/>
      </i>
      <i name="delay" value="120"/>
      <i name="image" value="2321006.effect.17.png"/>
    </i>
    <i name="18">
      <i name="origin">
        <i name="x" value="70"/>
        <i name="y" value="195"/>
      </i>
      <i name="delay" value="120"/>
      <i name="image" value="2321006.effect.18.png"/>
    </i>
    <i name="19">
      <i name="origin">
        <i name="x" value="71"/>
        <i name="y" value="186"/>
      </i>
      <i name="delay" value="120"/>
      <i name="image" value="2321006.effect.19.png"/>
    </i>
    <i name="20">
      <i name="origin">
        <i name="x" value="75"/>
        <i name="y" value="130"/>
      </i>
      <i name="delay" value="120"/>
      <i name="image" value="2321006.effect.20.png"/>
    </i>
  </i>
  <i name="affected">
    <i name="0">
      <i name="origin">
        <i name="x" value="0"/>
        <i name="y" value="0"/>
      </i>
      <i name="delay" value="1320"/>
      <i name="image" value="2321006.affected.0.png"/>
    </i>
    <i name="1">
      <i name="origin">
        <i name="x" value="77"/>
        <i name="y" value="72"/>
      </i>
      <i name="delay" value="60"/>
      <i name="image" value="2321006.affected.1.png"/>
    </i>
    <i name="2">
      <i name="origin">
        <i name="x" value="71"/>
        <i name="y" value="66"/>
      </i>
      <i name="delay" value="60"/>
      <i name="image" value="2321006.affected.2.png"/>
    </i>
    <i name="3">
      <i name="origin">
        <i name="x" value="55"/>
        <i name="y" value="53"/>
      </i>
      <i name="delay" value="60"/>
      <i name="image" value="2321006.affected.3.png"/>
    </i>
    <i name="4">
      <i name="origin">
        <i name="x" value="44"/>
        <i name="y" value="44"/>
      </i>
      <i name="delay" value="60"/>
      <i name="image" value="2321006.affected.4.png"/>
    </i>
    <i name="5">
      <i name="origin">
        <i name="x" value="44"/>
        <i name="y" value="35"/>
      </i>
      <i name="delay" value="60"/>
      <i name="image" value="2321006.affected.5.png"/>
    </i>
    <i name="6">
      <i name="origin">
        <i name="x" value="50"/>
        <i name="y" value="29"/>
      </i>
      <i name="delay" value="60"/>
      <i name="image" value="2321006.affected.6.png"/>
    </i>
    <i name="7">
      <i name="origin">
        <i name="x" value="75"/>
        <i name="y" value="328"/>
      </i>
      <i name="delay" value="60"/>
      <i name="image" value="2321006.affected.7.png"/>
    </i>
    <i name="8">
      <i name="origin">
        <i name="x" value="85"/>
        <i name="y" value="330"/>
      </i>
      <i name="delay" value="60"/>
      <i name="image" value="2321006.affected.8.png"/>
    </i>
    <i name="9">
      <i name="origin">
        <i name="x" value="87"/>
        <i name="y" value="328"/>
      </i>
      <i name="delay" value="60"/>
      <i name="image" value="2321006.affected.9.png"/>
    </i>
    <i name="10">
      <i name="origin">
        <i name="x" value="91"/>
        <i name="y" value="364"/>
      </i>
      <i name="delay" value="60"/>
      <i name="image" value="2321006.affected.10.png"/>
    </i>
    <i name="11">
      <i name="origin">
        <i name="x" value="94"/>
        <i name="y" value="352"/>
      </i>
      <i name="delay" value="60"/>
      <i name="image" value="2321006.affected.11.png"/>
    </i>
    <i name="12">
      <i name="origin">
        <i name="x" value="60"/>
        <i name="y" value="347"/>
      </i>
      <i name="delay" value="60"/>
      <i name="image" value="2321006.affected.12.png"/>
    </i>
    <i name="13">
      <i name="origin">
        <i name="x" value="62"/>
        <i name="y" value="314"/>
      </i>
      <i name="delay" value="60"/>
      <i name="image" value="2321006.affected.13.png"/>
    </i>
    <i name="14">
      <i name="origin">
        <i name="x" value="56"/>
        <i name="y" value="278"/>
      </i>
      <i name="delay" value="60"/>
      <i name="image" value="2321006.affected.14.png"/>
    </i>
  </i>
  </i>
