<i>
<s name="default"><f name="default" ><p name="default"  origin_x="18" origin_y="62" brow_x="-2" brow_y="-32" z="capOverHair" image="default.default.png"/></f></s>
<s name="backDefault"><f name="default" ><p name="backDefault"  origin_x="10" origin_y="93" brow_x="-5" brow_y="-29" z="backCapOverHair" image="backDefault.default.png"/></f></s>
<s name="walk1"><f name="0" ><p name="walk1"  origin_x="18" origin_y="62" brow_x="-2" brow_y="-32" z="capOverHair" image="walk1.0.default.png"/></f><f name="1" ><p name="walk1"  origin_x="18" origin_y="61" brow_x="-2" brow_y="-31" z="capOverHair" image="walk1.1.default.png"/></f><f name="2" ><p name="walk1"  origin_x="17" origin_y="66" brow_x="-2" brow_y="-32" z="capOverHair" image="walk1.2.default.png"/></f><f name="3" ><p name="walk1"  origin_x="18" origin_y="71" brow_x="-2" brow_y="-33" z="capOverHair" image="walk1.3.default.png"/></f></s>
<s name="walk2"><f name="0" ><p name="walk2"  origin_x="18" origin_y="62" brow_x="-2" brow_y="-32" z="capOverHair" image="walk2.0.default.png"/></f><f name="1" ><p name="walk2"  origin_x="18" origin_y="61" brow_x="-2" brow_y="-31" z="capOverHair" image="walk2.1.default.png"/></f><f name="2" ><p name="walk2"  origin_x="17" origin_y="66" brow_x="-2" brow_y="-32" z="capOverHair" image="walk2.2.default.png"/></f><f name="3" ><p name="walk2"  origin_x="18" origin_y="71" brow_x="-2" brow_y="-33" z="capOverHair" image="walk2.3.default.png"/></f></s>
<s name="stand1"><f name="0" ><p name="stand1"  origin_x="16" origin_y="61" brow_x="0" brow_y="-31" z="capOverHair" image="stand1.0.default.png"/></f><f name="1" ><p name="stand1"  origin_x="17" origin_y="62" brow_x="-1" brow_y="-32" z="capOverHair" image="stand1.1.default.png"/></f><f name="2" ><p name="stand1"  origin_x="18" origin_y="61" brow_x="-2" brow_y="-31" z="capOverHair" image="stand1.2.default.png"/></f></s>
<s name="stand2"><f name="0" ><p name="stand2"  origin_x="16" origin_y="61" brow_x="0" brow_y="-31" z="capOverHair" image="stand2.0.default.png"/></f><f name="1" ><p name="stand2"  origin_x="17" origin_y="65" brow_x="-1" brow_y="-32" z="capOverHair" image="stand2.1.default.png"/></f><f name="2" ><p name="stand2"  origin_x="18" origin_y="66" brow_x="-2" brow_y="-31" z="capOverHair" image="stand2.2.default.png"/></f></s>
<s name="alert"><f name="0" ><p name="alert"  origin_x="21" origin_y="60" brow_x="-5" brow_y="-31" z="capOverHair" image="alert.0.default.png"/></f><f name="1" ><p name="alert"  origin_x="21" origin_y="62" brow_x="-5" brow_y="-31" z="capOverHair" image="alert.1.default.png"/></f><f name="2" ><p name="alert"  origin_x="20" origin_y="63" brow_x="-5" brow_y="-31" z="capOverHair" image="alert.2.default.png"/></f></s>
<s name="swingO1"><f name="0" ><p name="swingO1"  origin_x="28" origin_y="60" brow_x="-12" brow_y="-30" z="capOverHair" image="swingO1.0.default.png"/></f><f name="1" ><p name="swingO1"  origin_x="22" origin_y="61" brow_x="-6" brow_y="-31" z="capOverHair" image="swingO1.1.default.png"/></f><f name="2" ><p name="swingO1"  origin_x="27" origin_y="71" brow_x="-12" brow_y="-28" z="capOverHair" image="swingO1.2.default.png"/></f></s>
<s name="swingO2"><f name="0" ><p name="swingO2"  origin_x="18" origin_y="62" brow_x="-2" brow_y="-32" z="capOverHair" image="swingO2.0.default.png"/></f><f name="1" ><p name="swingO2"  origin_x="25" origin_y="62" brow_x="-9" brow_y="-32" z="capOverHair" image="swingO2.1.default.png"/></f><f name="2" ><p name="swingO2"  origin_x="25" origin_y="71" brow_x="-10" brow_y="-31" z="capOverHair" image="swingO2.2.default.png"/></f></s>
<s name="swingO3"><f name="0" ><p name="swingO3"  origin_x="23" origin_y="61" brow_x="-7" brow_y="-31" z="capOverHair" image="swingO3.0.default.png"/></f><f name="1" ><p name="swingO3"  origin_x="27" origin_y="61" brow_x="-11" brow_y="-31" z="capOverHair" image="swingO3.1.default.png"/></f><f name="2" ><p name="swingO3"  origin_x="23" origin_y="69" brow_x="-8" brow_y="-30" z="capOverHair" image="swingO3.2.default.png"/></f></s>
<s name="swingOF"><f name="0" ><p name="swingOF"  origin_x="27" origin_y="59" brow_x="-11" brow_y="-29" z="capOverHair" image="swingOF.0.default.png"/></f><f name="1" ><p name="swingOF"  origin_x="6" origin_y="60" brow_x="0" brow_y="-31" z="backCapOverHair" image="swingOF.1.default.png"/></f><f name="2" ><p name="swingOF"  origin_x="21" origin_y="61" brow_x="-6" brow_y="-33" z="capOverHair" image="swingOF.2.default.png"/></f><f name="3" ><p name="swingOF"  origin_x="36" origin_y="79" brow_x="-17" brow_y="-29" z="capOverHair" image="swingOF.3.default.png"/></f></s>
<s name="swingT1"><f name="0" ><p name="swingT1"  origin_x="16" origin_y="61" brow_x="0" brow_y="-31" z="capOverHair" image="swingT1.0.default.png"/></f><f name="1" ><p name="swingT1"  origin_x="26" origin_y="62" brow_x="-10" brow_y="-32" z="capOverHair" image="swingT1.1.default.png"/></f><f name="2" ><p name="swingT1"  origin_x="27" origin_y="18" brow_x="-12" brow_y="24" z="capOverHair" image="swingT1.2.default.png"/></f></s>
<s name="swingT2"><f name="0" ><p name="swingT2"  origin_x="16" origin_y="62" brow_x="0" brow_y="-32" z="capOverHair" image="swingT2.0.default.png"/></f><f name="1" ><p name="swingT2"  origin_x="21" origin_y="62" brow_x="-5" brow_y="-32" z="capOverHair" image="swingT2.1.default.png"/></f><f name="2" ><p name="swingT2"  origin_x="31" origin_y="71" brow_x="-16" brow_y="-28" z="capOverHair" image="swingT2.2.default.png"/></f></s>
<s name="swingT3"><f name="0" ><p name="swingT3"  origin_x="23" origin_y="62" brow_x="-7" brow_y="-32" z="capOverHair" image="swingT3.0.default.png"/></f><f name="1" ><p name="swingT3"  origin_x="26" origin_y="58" brow_x="-10" brow_y="-28" z="capOverHair" image="swingT3.1.default.png"/></f><f name="2" ><p name="swingT3"  origin_x="26" origin_y="66" brow_x="-11" brow_y="-30" z="capOverHair" image="swingT3.2.default.png"/></f></s>
<s name="swingTF"><f name="0" ><p name="swingTF"  origin_x="10" origin_y="88" brow_x="-4" brow_y="-31" z="backCapOverHair" image="swingTF.0.default.png"/></f><f name="1" ><p name="swingTF"  origin_x="19" origin_y="88" brow_x="-4" brow_y="-31" z="capOverHair" image="swingTF.1.default.png"/></f><f name="2" ><p name="swingTF"  origin_x="23" origin_y="91" brow_x="-9" brow_y="-32" z="capOverHair" image="swingTF.2.default.png"/></f><f name="3" ><p name="swingTF"  origin_x="32" origin_y="91" brow_x="-17" brow_y="-29" z="capOverHair" image="swingTF.3.default.png"/></f></s>
<s name="swingP1"><f name="0" ><p name="swingP1"  origin_x="17" origin_y="62" brow_x="-1" brow_y="-32" z="capOverHair" image="swingP1.0.default.png"/></f><f name="1" ><p name="swingP1"  origin_x="26" origin_y="63" brow_x="-10" brow_y="-33" z="capOverHair" image="swingP1.1.default.png"/></f><f name="2" ><p name="swingP1"  origin_x="29" origin_y="71" brow_x="-14" brow_y="-29" z="capOverHair" image="swingP1.2.default.png"/></f></s>
<s name="swingP2"><f name="0" ><p name="swingP2"  origin_x="17" origin_y="62" brow_x="-1" brow_y="-32" z="capOverHair" image="swingP2.0.default.png"/></f><f name="1" ><p name="swingP2"  origin_x="24" origin_y="62" brow_x="-8" brow_y="-32" z="capOverHair" image="swingP2.1.default.png"/></f><f name="2" ><p name="swingP2"  origin_x="31" origin_y="71" brow_x="-16" brow_y="-28" z="capOverHair" image="swingP2.2.default.png"/></f></s>
<s name="swingPF"><f name="0" ><p name="swingPF"  origin_x="19" origin_y="62" brow_x="-3" brow_y="-32" z="capOverHair" image="swingPF.0.default.png"/></f><f name="1" ><p name="swingPF"  origin_x="18" origin_y="60" brow_x="-3" brow_y="-32" z="capOverHair" image="swingPF.1.default.png"/></f><f name="2" ><p name="swingPF"  origin_x="25" origin_y="62" brow_x="-7" brow_y="-32" z="capOverHair" image="swingPF.2.default.png"/></f><f name="3" ><p name="swingPF"  origin_x="32" origin_y="74" brow_x="-16" brow_y="-29" z="capOverHair" image="swingPF.3.default.png"/></f></s>
<s name="stabO1"><f name="0" ><p name="stabO1"  origin_x="21" origin_y="62" brow_x="-3" brow_y="-32" z="capOverHair" image="stabO1.0.default.png"/></f><f name="1" ><p name="stabO1"  origin_x="28" origin_y="59" brow_x="-13" brow_y="-31" z="capOverHair" image="stabO1.1.default.png"/></f></s>
<s name="stabO2"><f name="0" ><p name="stabO2"  origin_x="19" origin_y="62" brow_x="-3" brow_y="-32" z="capOverHair" image="stabO2.0.default.png"/></f><f name="1" ><p name="stabO2"  origin_x="30" origin_y="59" brow_x="-14" brow_y="-29" z="capOverHair" image="stabO2.1.default.png"/></f></s>
<s name="stabOF"><f name="0" ><p name="stabOF"  origin_x="29" origin_y="62" brow_x="-13" brow_y="-32" z="capOverHair" image="stabOF.0.default.png"/></f><f name="1" ><p name="stabOF"  origin_x="32" origin_y="59" brow_x="-16" brow_y="-29" z="capOverHair" image="stabOF.1.default.png"/></f><f name="2" ><p name="stabOF"  origin_x="32" origin_y="70" brow_x="-17" brow_y="-29" z="capOverHair" image="stabOF.2.default.png"/></f></s>
<s name="stabT1"><f name="0" ><p name="stabT1"  origin_x="29" origin_y="59" brow_x="-13" brow_y="-29" z="capOverHair" image="stabT1.0.default.png"/></f><f name="1" ><p name="stabT1"  origin_x="27" origin_y="56" brow_x="-11" brow_y="-26" z="capOverHair" image="stabT1.1.default.png"/></f><f name="2" ><p name="stabT1"  origin_x="25" origin_y="69" brow_x="-10" brow_y="-29" z="capOverHair" image="stabT1.2.default.png"/></f></s>
<s name="stabT2"><f name="0" ><p name="stabT2"  origin_x="27" origin_y="61" brow_x="-11" brow_y="-31" z="capOverHair" image="stabT2.0.default.png"/></f><f name="1" ><p name="stabT2"  origin_x="35" origin_y="56" brow_x="-19" brow_y="-26" z="capOverHair" image="stabT2.1.default.png"/></f><f name="2" ><p name="stabT2"  origin_x="28" origin_y="68" brow_x="-13" brow_y="-29" z="capOverHair" image="stabT2.2.default.png"/></f></s>
<s name="stabTF"><f name="0" ><p name="stabTF"  origin_x="19" origin_y="62" brow_x="-3" brow_y="-32" z="capOverHair" image="stabTF.0.default.png"/></f><f name="1" ><p name="stabTF"  origin_x="18" origin_y="60" brow_x="-3" brow_y="-32" z="capOverHair" image="stabTF.1.default.png"/></f><f name="2" ><p name="stabTF"  origin_x="25" origin_y="62" brow_x="-7" brow_y="-32" z="capOverHair" image="stabTF.2.default.png"/></f><f name="3" ><p name="stabTF"  origin_x="25" origin_y="57" brow_x="-10" brow_y="-29" z="capOverHair" image="stabTF.3.default.png"/></f></s>
<s name="shoot1"><f name="0" ><p name="shoot1"  origin_x="20" origin_y="63" brow_x="-4" brow_y="-33" z="capOverHair" image="shoot1.0.default.png"/></f><f name="1" ><p name="shoot1"  origin_x="20" origin_y="63" brow_x="-4" brow_y="-33" z="capOverHair" image="shoot1.1.default.png"/></f><f name="2" ><p name="pointer"  pointer="shoot1/1/default"/></f></s>
<s name="shoot2"><f name="0" ><p name="shoot2"  origin_x="19" origin_y="90" brow_x="-3" brow_y="-33" z="capOverHair" image="shoot2.0.default.png"/></f><f name="1" ><p name="shoot2"  origin_x="19" origin_y="91" brow_x="-3" brow_y="-33" z="capOverHair" image="shoot2.1.default.png"/></f><f name="2" ><p name="shoot2"  origin_x="19" origin_y="93" brow_x="-3" brow_y="-33" z="capOverHair" image="shoot2.2.default.png"/></f><f name="3" ><p name="shoot2"  origin_x="19" origin_y="91" brow_x="-3" brow_y="-33" z="capOverHair" image="shoot2.3.default.png"/></f><f name="4" ><p name="shoot2"  origin_x="18" origin_y="90" brow_x="-2" brow_y="-33" z="capOverHair" image="shoot2.4.default.png"/></f></s>
<s name="shootF"><f name="0" ><p name="shootF"  origin_x="21" origin_y="63" brow_x="-5" brow_y="-33" z="capOverHair" image="shootF.0.default.png"/></f><f name="1" ><p name="shootF"  origin_x="20" origin_y="63" brow_x="-4" brow_y="-33" z="capOverHair" image="shootF.1.default.png"/></f><f name="2" ><p name="pointer"  pointer="shootF/1/default"/></f></s>
<s name="proneStab"><f name="0" ><p name="proneStab"  origin_x="36" origin_y="78" brow_x="-20" brow_y="-21" z="capOverHair" image="proneStab.0.default.png"/></f><f name="1" ><p name="proneStab"  origin_x="36" origin_y="80" brow_x="-20" brow_y="-21" z="capOverHair" image="proneStab.1.default.png"/></f></s>
<s name="prone"><f name="0" ><p name="pointer"  pointer="proneStab/0/default"/></f></s>
<s name="heal"><f name="0" ><p name="pointer"  pointer="alert/1/default"/></f><f name="1" ><p name="pointer"  pointer="swingO2/1/default"/></f><f name="2" ><p name="pointer"  pointer="swingO2/0/default"/></f></s>
<s name="fly"><f name="0" ><p name="fly"  origin_x="20" origin_y="89" brow_x="-4" brow_y="-33" z="capOverHair" image="fly.0.default.png"/></f><f name="1" ><p name="fly"  origin_x="20" origin_y="91" brow_x="-4" brow_y="-33" z="capOverHair" image="fly.1.default.png"/></f></s>
<s name="jump"><f name="0" ><p name="jump"  origin_x="21" origin_y="62" brow_x="-3" brow_y="-32" z="capOverHair" image="jump.0.default.png"/></f></s>
<s name="sit"><f name="0" ><p name="sit"  origin_x="19" origin_y="87" brow_x="-3" brow_y="-31" z="capOverHair" image="sit.0.default.png"/></f></s>
<s name="ladder"><f name="0" ><p name="ladder"  origin_x="11" origin_y="78" brow_x="-5" brow_y="-29" z="backCapOverHair" image="ladder.0.default.png"/></f><f name="1" ><p name="ladder"  origin_x="10" origin_y="80" brow_x="-4" brow_y="-29" z="backCapOverHair" image="ladder.1.default.png"/></f></s>
<s name="rope"><f name="0" ><p name="rope"  origin_x="11" origin_y="90" brow_x="-5" brow_y="-29" z="backCapOverHair" image="rope.0.default.png"/></f><f name="1" ><p name="rope"  origin_x="10" origin_y="93" brow_x="-4" brow_y="-30" z="backCapOverHair" image="rope.1.default.png"/></f></s>
</i>
