<i>
<s name="walk2"><f name="0" ><p name="walk2"  origin_x="13" origin_y="52" hand_x="12" hand_y="-2" z="weaponOverArm" image="walk2.0.weapon.png"/></f><f name="1" ><p name="walk2"  origin_x="13" origin_y="51" hand_x="12" hand_y="-2" z="weaponOverArm" image="walk2.1.weapon.png"/></f><f name="2" ><p name="walk2"  origin_x="13" origin_y="52" hand_x="12" hand_y="-2" z="weaponOverArm" image="walk2.2.weapon.png"/></f><f name="3" ><p name="walk2"  origin_x="13" origin_y="52" hand_x="12" hand_y="1" z="weaponOverArm" image="walk2.3.weapon.png"/></f></s>
<s name="stand2"><f name="0" ><p name="stand2"  origin_x="22" origin_y="45" hand_x="2" hand_y="5" z="weaponOverArm" image="stand2.0.weapon.png"/></f><f name="1" ><p name="stand2"  origin_x="22" origin_y="45" hand_x="2" hand_y="5" z="weaponOverArm" image="stand2.1.weapon.png"/></f><f name="2" ><p name="stand2"  origin_x="22" origin_y="45" hand_x="2" hand_y="5" z="weaponOverArm" image="stand2.2.weapon.png"/></f></s>
<s name="alert"><f name="0" ><p name="alert"  origin_x="44" origin_y="47" hand_x="16" hand_y="10" z="weaponOverHand" image="alert.0.weapon.png"/></f><f name="1" ><p name="alert"  origin_x="45" origin_y="47" hand_x="15" hand_y="9" z="weaponOverHand" image="alert.1.weapon.png"/></f><f name="2" ><p name="alert"  origin_x="46" origin_y="47" hand_x="16" hand_y="8" z="weaponOverHand" image="alert.2.weapon.png"/></f></s>
<s name="swingT1"><f name="0" ><p name="swingT1"  origin_x="48" origin_y="28" hand_x="-29" hand_y="-1" z="weaponBelowArm" image="swingT1.0.weapon.png"/></f><f name="1" ><p name="swingT1"  origin_x="29" origin_y="48" hand_x="-25" hand_y="30" z="weaponBelowArm" image="swingT1.1.weapon.png"/></f><f name="2" ><p name="swingT1"  origin_x="48" origin_y="29" hand_x="21" hand_y="7" z="weaponOverBody" image="swingT1.2.weapon.png"/></f></s>
<s name="stabT1"><f name="0" ><p name="stabT1"  origin_x="59" origin_y="7" hand_x="24" hand_y="-1" z="weaponOverBody" image="stabT1.0.weapon.png"/></f><f name="1" ><p name="stabT1"  origin_x="57" origin_y="7" hand_x="24" hand_y="-1" z="weaponOverBody" image="stabT1.1.weapon.png"/></f><f name="2" ><p name="stabT1"  origin_x="61" origin_y="5" hand_x="23" hand_y="4" z="weaponOverBody" image="stabT1.2.weapon.png"/></f></s>
<s name="shoot2"><f name="0" ><p name="shoot2"  origin_x="50" origin_y="8" hand_x="14" hand_y="0" z="weaponBelowArm" image="shoot2.0.weapon.png"/></f><f name="1" ><p name="shoot2"  origin_x="49" origin_y="9" hand_x="13" hand_y="1" z="weaponBelowArm" image="shoot2.1.weapon.png"/></f><f name="2" ><p name="shoot2"  origin_x="49" origin_y="9" hand_x="-2" hand_y="-6" z="weaponBelowArm" image="shoot2.2.weapon.png"/></f><f name="3" ><p name="shoot2"  origin_x="49" origin_y="9" hand_x="11" hand_y="-8" z="weaponBelowArm" image="shoot2.3.weapon.png"/></f><f name="4" ><p name="shoot2"  origin_x="50" origin_y="8" hand_x="8" hand_y="-8" z="weaponBelowArm" image="shoot2.4.weapon.png"/></f></s>
<s name="proneStab"><f name="0" ><p name="proneStab"  origin_x="49" origin_y="9" hand_x="34" hand_y="0" z="weaponBelowArm" image="proneStab.0.weapon.png"/></f><f name="1" ><p name="proneStab"  origin_x="49" origin_y="9" hand_x="33" hand_y="1" z="weaponBelowArm" image="proneStab.1.weapon.png"/></f></s>
<s name="prone"><f name="0" ><p name="pointer"  pointer="proneStab/0/weapon"/></f></s>
<s name="fly"><f name="0" ><p name="fly"  origin_x="15" origin_y="50" hand_x="13" hand_y="-1" z="weaponOverArm" image="fly.0.weapon.png"/></f><f name="1" ><p name="fly"  origin_x="14" origin_y="50" hand_x="12" hand_y="0" z="weaponOverArm" image="fly.1.weapon.png"/></f></s>
<s name="jump"><f name="0" ><p name="jump"  origin_x="14" origin_y="50" hand_x="13" hand_y="-1" z="weaponOverArm" image="jump.0.weapon.png"/></f></s>
<s name="sit"><f name="0" ><p name="sit"  origin_x="20" origin_y="49" hand_x="-34" hand_y="26" z="weaponOverArm" image="sit.0.weapon.png"/></f></s>
</i>
