<i>
<s name="walk1"><f name="0" ><p name="45"  origin_x="6" origin_y="11" navel_x="7" navel_y="-6" z="weapon" image="45.walk1.0.weapon.png"/></f><f name="1" ><p name="45"  origin_x="16" origin_y="14" navel_x="6" navel_y="-4" z="weapon" image="45.walk1.1.weapon.png"/></f><f name="2" ><p name="pointer"  pointer="45/walk1/0/weapon"/></f><f name="3" ><p name="45"  origin_x="16" origin_y="10" navel_x="-5" navel_y="-4" z="weapon" image="45.walk1.3.weapon.png"/></f></s>
<s name="stand1"><f name="0" ><p name="45"  origin_x="16" origin_y="11" navel_x="-2" navel_y="-10" z="weapon" image="45.stand1.0.weapon.png"/></f><f name="1" ><p name="45"  origin_x="16" origin_y="11" navel_x="-2" navel_y="-9" z="weapon" image="45.stand1.1.weapon.png"/></f><f name="2" ><p name="45"  origin_x="16" origin_y="11" navel_x="-2" navel_y="-10" z="weapon" image="45.stand1.2.weapon.png"/></f></s>
<s name="alert"><f name="0" ><p name="weapon"  origin_x="15" origin_y="16" navel_x="6" navel_y="1" z="weaponOverArm" image="45.alert.0.weapon.png"/></f><f name="1" ><p name="weapon"  origin_x="15" origin_y="16" navel_x="6" navel_y="-1" z="weaponOverArm" image="45.alert.1.weapon.png"/></f><f name="2" ><p name="weapon"  origin_x="15" origin_y="16" navel_x="6" navel_y="-3" z="weaponOverArm" image="45.alert.2.weapon.png"/></f></s>
<s name="swingT1"><f name="0" ><p name="weapon"  origin_x="15" origin_y="13" navel_x="-20" navel_y="25" z="weaponBelowArm" image="45.swingT1.0.weapon.png"/></f><f name="1" ><p name="weapon"  origin_x="12" origin_y="19" navel_x="11" navel_y="18" z="weaponBelowArm" image="45.swingT1.1.weapon.png"/></f><f name="2" ><p name="weapon"  origin_x="42" origin_y="32" navel_x="45" navel_y="-14" z="weapon" image="45.swingT1.2.weapon.png"/></f></s>
<s name="swingT3"><f name="0" ><p name="45"  origin_x="16" origin_y="11" navel_x="-18" navel_y="-6" z="weapon" image="45.swingT3.0.weapon.png"/></f><f name="1" ><p name="45"  origin_x="19" origin_y="10" navel_x="-12" navel_y="-5" z="weaponOverBody" image="45.swingT3.1.weapon.png"/></f><f name="2" ><p name="45"  origin_x="37" origin_y="44" navel_x="21" navel_y="28" z="weaponBelowBody" image="45.swingT3.2.weapon.png"/></f></s>
<s name="shoot1"><f name="0" ><p name="45"  origin_x="23" origin_y="7" navel_x="26" navel_y="8" z="weaponBelowArm" image="45.shoot1.0.weapon.png"/></f><f name="1" ><p name="45"  origin_x="30" origin_y="7" navel_x="18" navel_y="8" z="weaponBelowArm" image="45.shoot1.1.weapon.png"/></f><f name="2" ><p name="45"  origin_x="49" origin_y="32" navel_x="55" navel_y="10" z="weaponBelowArm" image="45.shoot1.2.weapon.png"/></f></s>
<s name="shootF"><f name="0" ><p name="45"  origin_x="26" origin_y="9" navel_x="24" navel_y="10" z="weaponBelowArm" image="45.shootF.0.weapon.png"/></f><f name="1" ><p name="45"  origin_x="49" origin_y="32" navel_x="57" navel_y="12" z="weaponBelowArm" image="45.shootF.1.weapon.png"/></f><f name="2" ><p name="45"  origin_x="48" origin_y="32" navel_x="57" navel_y="12" z="weaponBelowArm" image="45.shootF.2.weapon.png"/></f></s>
<s name="proneStab"><f name="0" ><p name="weapon"  origin_x="22" origin_y="7" navel_x="14" navel_y="2" z="weaponBelowArm" image="45.proneStab.0.weapon.png"/></f><f name="1" ><p name="weapon"  origin_x="49" origin_y="32" navel_x="56" navel_y="2" z="weaponBelowArm" image="45.proneStab.1.weapon.png"/></f></s>
<s name="prone"><f name="0" ><p name="weapon"  pointer="45/proneStab/0/weapon"/></f></s>
<s name="fly"><f name="0" ><p name="weapon"  origin_x="13" origin_y="18" navel_x="-1" navel_y="8" z="weaponOverArm" image="45.fly.0.weapon.png"/></f><f name="1" ><p name="weapon"  pointer="45/fly/0/weapon"/></f></s>
<s name="jump"><f name="0" ><p name="weapon"  origin_x="14" origin_y="18" navel_x="-2" navel_y="7" z="weaponOverArm" image="45.jump.0.weapon.png"/></f></s>
<s name="walk2"><f name="0" ><p name="46"  origin_x="13" origin_y="17" navel_x="-2" navel_y="0" z="weaponOverArm" image="46.walk2.0.weapon.png"/></f><f name="1" ><p name="46"  origin_x="13" origin_y="17" navel_x="-1" navel_y="-1" z="weaponOverArm" image="46.walk2.1.weapon.png"/></f><f name="2" ><p name="pointer"  pointer="46/walk2/0/weapon"/></f><f name="3" ><p name="46"  origin_x="13" origin_y="16" navel_x="-3" navel_y="2" z="weaponOverArm" image="46.walk2.3.weapon.png"/></f></s>
<s name="stand2"><f name="0" ><p name="46"  origin_x="13" origin_y="17" navel_x="-2" navel_y="-1" z="weaponOverArm" image="46.stand2.0.weapon.png"/></f><f name="1" ><p name="46"  origin_x="13" origin_y="17" navel_x="-2" navel_y="0" z="weaponOverArm" image="46.stand2.1.weapon.png"/></f><f name="2" ><p name="46"  origin_x="13" origin_y="17" navel_x="-2" navel_y="-1" z="weaponOverArm" image="46.stand2.2.weapon.png"/></f></s>
<s name="stabT1"><f name="0" ><p name="46"  origin_x="29" origin_y="11" navel_x="0" navel_y="-8" z="weaponOverBody" image="46.stabT1.0.weapon.png"/></f><f name="1" ><p name="46"  origin_x="32" origin_y="10" navel_x="0" navel_y="-7" z="weaponOverBody" image="46.stabT1.1.weapon.png"/></f><f name="2" ><p name="46"  origin_x="62" origin_y="32" navel_x="42" navel_y="4" z="weaponOverBody" image="46.stabT1.2.weapon.png"/></f></s>
<s name="shoot2"><f name="0" ><p name="46"  origin_x="24" origin_y="8" navel_x="16" navel_y="5" z="weapon" image="46.shoot2.0.weapon.png"/></f><f name="1" ><p name="pointer"  pointer="46/shoot2/0/weapon"/></f><f name="2" ><p name="pointer"  pointer="46/shoot2/0/weapon"/></f><f name="3" ><p name="pointer"  pointer="46/shoot2/0/weapon"/></f><f name="4" ><p name="46"  origin_x="53" origin_y="32" navel_x="39" navel_y="6" z="weapon" image="46.shoot2.4.weapon.png"/></f></s>
</i>
