<i>
<s name="info"><f name="icon" ><p name="info"  image="info.icon.png"/></f><f name="iconRaw" ><p name="info"  origin_x="-1" origin_y="33" image="info.iconRaw.png"/></f><p name="reqJob" v="0"/></s>
<s name="walk1"><f name="0" ><p name="43"  origin_x="39" origin_y="9" hand_x="13" hand_y="3" z="weapon" image="43.walk1.0.weapon.png"/></f><f name="1" ><p name="43"  origin_x="45" origin_y="5" hand_x="4" hand_y="6" z="weapon" image="43.walk1.1.weapon.png"/></f><f name="2" ><p name="43"  origin_x="39" origin_y="9" hand_x="13" hand_y="4" z="weapon" image="43.walk1.2.weapon.png"/></f><f name="3" ><p name="43"  origin_x="36" origin_y="14" hand_x="16" hand_y="1" z="weapon" image="43.walk1.3.weapon.png"/></f></s>
<s name="stand2"><f name="0" ><p name="43"  origin_x="22" origin_y="35" hand_x="5" hand_y="0" z="weaponOverArm" image="43.stand2.0.weapon.png"/></f><f name="1" ><p name="43"  origin_x="23" origin_y="36" hand_x="5" hand_y="-1" z="weaponOverArm" image="43.stand2.1.weapon.png"/></f><f name="2" ><p name="43"  origin_x="24" origin_y="35" hand_x="5" hand_y="0" z="weaponOverArm" image="43.stand2.2.weapon.png"/></f></s>
<s name="alert"><f name="0" ><p name="43"  origin_x="49" origin_y="15" hand_x="0" hand_y="0" z="weaponOverArm" image="43.alert.0.weapon.png"/></f><f name="1" ><p name="43"  origin_x="49" origin_y="13" hand_x="0" hand_y="2" z="weaponOverArm" image="43.alert.1.weapon.png"/></f><f name="2" ><p name="43"  origin_x="49" origin_y="10" hand_x="0" hand_y="3" z="weaponOverArm" image="43.alert.2.weapon.png"/></f></s>
<s name="swingT1"><f name="0" ><p name="40"  origin_x="14" origin_y="39" navel_x="0" navel_y="0" z="weaponBelowArm" image="40.swingT1.0.weapon.png"/></f><f name="1" ><p name="40"  origin_x="29" origin_y="67" navel_x="0" navel_y="0" z="weaponBelowArm" image="40.swingT1.1.weapon.png"/></f><f name="2" ><p name="40"  origin_x="68" origin_y="3" navel_x="0" navel_y="0" z="weaponBelowBody" image="40.swingT1.2.weapon.png"/></f></s>
<s name="swingT2"><f name="0" ><p name="43"  origin_x="15" origin_y="57" navel_x="0" navel_y="0" z="weaponBelowBody" image="43.swingT2.0.weapon.png"/></f><f name="1" ><p name="43"  origin_x="31" origin_y="60" navel_x="0" navel_y="0" z="weaponBelowBody" image="43.swingT2.1.weapon.png"/></f><f name="2" ><p name="43"  origin_x="41" origin_y="12" navel_x="0" navel_y="0" z="weaponOverBody" image="43.swingT2.2.weapon.png"/></f></s>
<s name="swingT3"><f name="0" ><p name="40"  origin_x="16" origin_y="3" navel_x="0" navel_y="0" z="weaponOverBody" image="40.swingT3.0.weapon.png"/></f><f name="1" ><p name="40"  origin_x="22" origin_y="6" navel_x="0" navel_y="0" z="weaponOverBody" image="40.swingT3.1.weapon.png"/></f><f name="2" ><p name="40"  origin_x="37" origin_y="71" navel_x="0" navel_y="0" z="weaponBelowBody" image="40.swingT3.2.weapon.png"/></f></s>
<s name="swingTF"><f name="0" ><p name="40"  origin_x="5" origin_y="81" navel_x="0" navel_y="0" z="backWeapon" image="40.swingTF.0.weapon.png"/></f><f name="1" ><p name="40"  origin_x="5" origin_y="71" navel_x="0" navel_y="0" z="weaponBelowBody" image="40.swingTF.1.weapon.png"/></f><f name="2" ><p name="40"  origin_x="25" origin_y="66" navel_x="0" navel_y="0" z="weaponBelowArm" image="40.swingTF.2.weapon.png"/></f><f name="3" ><p name="40"  origin_x="70" origin_y="4" navel_x="0" navel_y="0" z="weaponBelowBody" image="40.swingTF.3.weapon.png"/></f></s>
<s name="stabO1"><f name="0" ><p name="40"  origin_x="43" origin_y="2" navel_x="0" navel_y="0" z="weapon" image="40.stabO1.0.weapon.png"/></f><f name="1" ><p name="40"  origin_x="84" origin_y="12" navel_x="0" navel_y="0" z="weapon" image="40.stabO1.1.weapon.png"/></f></s>
<s name="stabO2"><f name="0" ><p name="40"  origin_x="45" origin_y="15" navel_x="0" navel_y="0" z="weaponBelowArm" image="40.stabO2.0.weapon.png"/></f><f name="1" ><p name="40"  origin_x="82" origin_y="11" navel_x="0" navel_y="0" z="weaponBelowArm" image="40.stabO2.1.weapon.png"/></f></s>
<s name="stabOF"><f name="0" ><p name="40"  origin_x="51" origin_y="7" navel_x="0" navel_y="0" z="weaponBelowArm" image="40.stabOF.0.weapon.png"/></f><f name="1" ><p name="40"  origin_x="47" origin_y="4" navel_x="0" navel_y="0" z="weaponBelowArm" image="40.stabOF.1.weapon.png"/></f><f name="2" ><p name="40"  origin_x="85" origin_y="12" navel_x="0" navel_y="0" z="weapon" image="40.stabOF.2.weapon.png"/></f></s>
<s name="proneStab"><f name="0" ><p name="43"  origin_x="65" origin_y="7" navel_x="0" navel_y="0" z="weaponBelowArm" image="43.proneStab.0.weapon.png"/></f><f name="1" ><p name="43"  origin_x="83" origin_y="7" navel_x="0" navel_y="0" z="weaponBelowArm" image="43.proneStab.1.weapon.png"/></f></s>
<s name="prone"><f name="0" ><p name="pointer"  pointer="43/proneStab/0/weapon"/></f></s>
<s name="fly"><f name="0" ><p name="43"  origin_x="24" origin_y="42" navel_x="0" navel_y="0" z="weaponOverArm" image="43.fly.0.weapon.png"/></f><f name="1" ><p name="pointer"  pointer="43/fly/0/weapon"/></f></s>
<s name="jump"><f name="0" ><p name="43"  origin_x="24" origin_y="40" navel_x="0" navel_y="0" z="weaponOverArm" image="43.jump.0.weapon.png"/></f></s>
<s name="sit"></s>
<s name="walk2"><f name="0" ><p name="43"  origin_x="23" origin_y="37" hand_x="0" hand_y="0" z="weaponOverArm" image="43.walk2.0.weapon.png"/></f><f name="1" ><p name="43"  origin_x="22" origin_y="37" hand_x="0" hand_y="0" z="weaponOverArm" image="43.walk2.1.weapon.png"/></f><f name="2" ><p name="pointer"  pointer="43/walk2/0/weapon"/></f><f name="3" ><p name="43"  origin_x="22" origin_y="38" hand_x="0" hand_y="0" z="weaponOverArm" image="43.walk2.3.weapon.png"/></f></s>
<s name="swingP1"><f name="0" ><p name="43"  origin_x="15" origin_y="43" navel_x="0" navel_y="0" z="weaponBelowArm" image="43.swingP1.0.weapon.png"/></f><f name="1" ><p name="43"  origin_x="28" origin_y="70" navel_x="0" navel_y="0" z="weaponBelowArm" image="43.swingP1.1.weapon.png"/></f><f name="2" ><p name="43"  origin_x="66" origin_y="4" navel_x="0" navel_y="0" z="weaponBelowBody" image="43.swingP1.2.weapon.png"/></f><f name="image*" ><p name="pointer" /></f></s>
<s name="swingP2"><f name="0" ><p name="43"  origin_x="29" origin_y="58" navel_x="0" navel_y="0" z="weaponBelowBody" image="43.swingP2.0.weapon.png"/></f><f name="1" ><p name="43"  origin_x="24" origin_y="63" navel_x="0" navel_y="0" z="weaponBelowBody" image="43.swingP2.1.weapon.png"/></f><f name="2" ><p name="43"  origin_x="47" origin_y="7" navel_x="0" navel_y="0" z="weaponOverBody" image="43.swingP2.2.weapon.png"/></f><f name="image*" ><p name="pointer" /></f></s>
<s name="swingPF"><f name="0" ><p name="43"  origin_x="44" origin_y="9" navel_x="0" navel_y="0" z="weapon" image="43.swingPF.0.weapon.png"/></f><f name="1" ><p name="43"  origin_x="41" origin_y="14" navel_x="0" navel_y="0" z="weapon" image="43.swingPF.1.weapon.png"/></f><f name="2" ><p name="43"  origin_x="21" origin_y="41" navel_x="0" navel_y="0" z="weaponBelowArm" image="43.swingPF.2.weapon.png"/></f><f name="3" ><p name="43"  origin_x="69" origin_y="2" navel_x="0" navel_y="0" z="weaponBelowBody" image="43.swingPF.3.weapon.png"/></f><f name="image*" ><p name="pointer" /></f></s>
<s name="stabT1"><f name="0" ><p name="43"  origin_x="36" origin_y="11" navel_x="0" navel_y="0" z="weaponOverBody" image="43.stabT1.0.weapon.png"/></f><f name="1" ><p name="43"  origin_x="39" origin_y="10" navel_x="0" navel_y="0" z="weaponOverBody" image="43.stabT1.1.weapon.png"/></f><f name="2" ><p name="43"  origin_x="62" origin_y="9" navel_x="0" navel_y="0" z="weaponOverBody" image="43.stabT1.2.weapon.png"/></f><f name="image*" ><p name="pointer" /></f></s>
<s name="stabT2"><f name="0" ><p name="43"  origin_x="43" origin_y="12" navel_x="0" navel_y="0" z="weaponOverBody" image="43.stabT2.0.weapon.png"/></f><f name="1" ><p name="43"  origin_x="44" origin_y="12" navel_x="0" navel_y="0" z="weaponOverBody" image="43.stabT2.1.weapon.png"/></f><f name="2" ><p name="43"  origin_x="51" origin_y="13" navel_x="0" navel_y="0" z="weaponOverBody" image="43.stabT2.2.weapon.png"/></f><f name="image*" ><p name="pointer" /></f></s>
<s name="stabTF"><f name="0" ><p name="pointer"  pointer="43/swingPF/0/weapon"/></f><f name="1" ><p name="pointer"  pointer="43/swingPF/1/weapon"/></f><f name="2" ><p name="43"  origin_x="30" origin_y="28" navel_x="-7" navel_y="-5" z="weaponOverBody" image="43.stabTF.2.weapon.png"/></f><f name="3" ><p name="pointer"  pointer="43/stabT1/2/weapon"/></f><f name="image*" ><p name="pointer" /></f></s>
</i>
