<i>
<s name="stand0"><f name="0" delay="240" ><p name="stand0"  origin_x="16" origin_y="42" lt_x="-16" lt_y="-42" rb_x="18" rb_y="0" image="stand0.0.png"/></f><f name="1" delay="240" ><p name="stand0"  origin_x="15" origin_y="42" lt_x="-15" lt_y="-42" rb_x="18" rb_y="0" image="stand0.1.png"/></f><f name="2" delay="240" ><p name="stand0"  origin_x="15" origin_y="42" lt_x="-15" lt_y="-42" rb_x="19" rb_y="0" image="stand0.2.png"/></f><f name="3" delay="240" ><p name="stand0"  origin_x="15" origin_y="42" lt_x="-15" lt_y="-42" rb_x="18" rb_y="0" image="stand0.3.png"/></f></s>
<s name="stand1"><f name="0" delay="600" ><p name="stand1"  origin_x="15" origin_y="42" lt_x="-15" lt_y="-42" rb_x="18" rb_y="0" image="stand1.0.png"/></f><f name="1" delay="120" ><p name="stand1"  origin_x="15" origin_y="42" lt_x="-15" lt_y="-42" rb_x="18" rb_y="0" image="stand1.1.png"/></f><f name="2" delay="120" ><p name="stand1"  origin_x="15" origin_y="42" lt_x="-15" lt_y="-42" rb_x="18" rb_y="0" image="stand1.2.png"/></f><f name="3" delay="120" ><p name="stand1"  origin_x="15" origin_y="42" lt_x="-15" lt_y="-42" rb_x="18" rb_y="0" image="stand1.3.png"/></f></s>
<s name="hungry"><f name="0" delay="220" ><p name="hungry"  origin_x="14" origin_y="37" lt_x="-14" lt_y="-37" rb_x="19" rb_y="2" image="hungry.0.png"/></f><f name="1" delay="160" ><p name="hungry"  origin_x="15" origin_y="36" lt_x="-15" lt_y="-36" rb_x="20" rb_y="2" z="0" image="hungry.1.png"/></f><f name="2" delay="160" ><p name="hungry"  origin_x="16" origin_y="36" lt_x="-16" lt_y="-36" rb_x="20" rb_y="2" image="hungry.2.png"/></f><f name="3" delay="220" ><p name="hungry"  origin_x="16" origin_y="36" lt_x="-16" lt_y="-36" rb_x="21" rb_y="2" image="hungry.3.png"/></f></s>
<s name="move"><f name="0" delay="110" ><p name="move"  origin_x="15" origin_y="44" lt_x="-15" lt_y="-44" rb_x="19" rb_y="-2" image="move.0.png"/></f><f name="1" delay="160" ><p name="move"  origin_x="19" origin_y="49" lt_x="-19" lt_y="-49" rb_x="14" rb_y="-4" image="move.1.png"/></f><f name="2" delay="110" ><p name="move"  origin_x="19" origin_y="48" lt_x="-19" lt_y="-48" rb_x="16" rb_y="-2" image="move.2.png"/></f><f name="3" delay="110" ><p name="move"  origin_x="18" origin_y="49" z="0" lt_x="-18" lt_y="-49" rb_x="17" rb_y="-1" image="move.3.png"/></f><f name="4" delay="110" ><p name="move"  origin_x="16" origin_y="50" z="0" lt_x="-16" lt_y="-50" rb_x="22" rb_y="0" image="move.4.png"/></f><f name="5" delay="110" ><p name="move"  origin_x="13" origin_y="44" z="0" lt_x="-13" lt_y="-44" rb_x="24" rb_y="0" image="move.5.png"/></f><f name="6" delay="110" ><p name="move"  origin_x="16" origin_y="41" z="0" lt_x="-16" lt_y="-41" rb_x="27" rb_y="0" image="move.6.png"/></f></s>
<s name="jump"><f name="0" delay="240" ><p name="jump"  origin_x="28" origin_y="48" lt_x="-28" lt_y="-48" rb_x="19" rb_y="0" z="0" image="jump.0.png"/></f></s>
<s name="rest0"><f name="0" delay="240" ><p name="rest0"  origin_x="16" origin_y="33" lt_x="-16" lt_y="-33" rb_x="30" rb_y="1" image="rest0.0.png"/></f><f name="1" delay="240" ><p name="rest0"  origin_x="16" origin_y="33" lt_x="-16" lt_y="-33" rb_x="30" rb_y="1" image="rest0.1.png"/></f></s>
<s name="chat"><f name="0" delay="240" ><p name="chat"  origin_x="22" origin_y="42" lt_x="-24" lt_y="-42" rb_x="17" rb_y="0" image="chat.0.png"/></f><f name="1" delay="240" ><p name="chat"  origin_x="24" origin_y="42" lt_x="-24" lt_y="-42" rb_x="18" rb_y="0" image="chat.1.png"/></f><f name="2" ><p name="pointer"  pointer="chat/0"/></f><f name="3" ><p name="pointer"  pointer="chat/1"/></f><f name="4" ><p name="pointer"  pointer="chat/0"/></f><f name="5" ><p name="pointer"  pointer="chat/1"/></f><f name="6" ><p name="pointer"  pointer="chat/0"/></f><f name="7" ><p name="pointer"  pointer="chat/1"/></f><f name="8" ><p name="pointer"  pointer="chat/0"/></f><f name="9" ><p name="pointer"  pointer="chat/1"/></f><f name="10" ><p name="pointer"  pointer="chat/0"/></f><f name="11" ><p name="pointer"  pointer="chat/1"/></f><f name="12" ><p name="pointer"  pointer="chat/0"/></f><f name="13" ><p name="pointer"  pointer="chat/1"/></f><f name="14" ><p name="pointer"  pointer="chat/0"/></f><f name="15" ><p name="pointer"  pointer="chat/1"/></f></s>
<s name="angry"><f name="0" delay="160" ><p name="angry"  origin_x="19" origin_y="42" lt_x="-19" lt_y="-42" rb_x="20" rb_y="0" image="angry.0.png"/></f><f name="1" delay="160" ><p name="angry"  origin_x="19" origin_y="44" z="0" lt_x="-19" lt_y="-44" rb_x="20" rb_y="0" image="angry.1.png"/></f><f name="2" delay="160" ><p name="angry"  origin_x="36" origin_y="42" z="0" lt_x="-36" lt_y="-42" rb_x="20" rb_y="0" image="angry.2.png"/></f><f name="3" delay="160" ><p name="angry"  origin_x="45" origin_y="42" z="0" lt_x="-45" lt_y="-42" rb_x="20" rb_y="0" image="angry.3.png"/></f></s>
<s name="hang"><f name="0" delay="240" ><p name="hang"  origin_x="16" origin_y="41" lt_x="-16" lt_y="-41" rb_x="17" rb_y="0" z="0" image="hang.0.png"/></f></s>
<s name="cry"><f name="0" delay="240" ><p name="cry"  origin_x="18" origin_y="41" lt_x="-18" lt_y="-41" rb_x="18" rb_y="0" image="cry.0.png"/></f><f name="1" delay="240" ><p name="cry"  origin_x="20" origin_y="43" lt_x="-20" lt_y="-43" rb_x="18" rb_y="-1" image="cry.1.png"/></f><f name="2" delay="240" ><p name="cry"  origin_x="25" origin_y="41" lt_x="-18" lt_y="-41" rb_x="18" rb_y="0" image="cry.2.png"/></f><f name="3" delay="240" ><p name="cry"  origin_x="30" origin_y="40" lt_x="-30" lt_y="-40" rb_x="36" rb_y="1" image="cry.3.png"/></f><f name="4" ><p name="pointer"  pointer="cry/0"/></f><f name="5" ><p name="pointer"  pointer="cry/1"/></f><f name="6" ><p name="pointer"  pointer="cry/2"/></f><f name="7" ><p name="pointer"  pointer="cry/3"/></f><f name="8" ><p name="pointer"  pointer="cry/0"/></f><f name="9" ><p name="pointer"  pointer="cry/1"/></f><f name="10" ><p name="pointer"  pointer="cry/2"/></f><f name="11" ><p name="pointer"  pointer="cry/3"/></f></s>
<s name="nap"><f name="0" delay="240" ><p name="nap"  origin_x="28" origin_y="29" lt_x="-28" lt_y="-29" rb_x="25" rb_y="1" image="nap.0.png"/></f><f name="1" delay="240" ><p name="nap"  origin_x="35" origin_y="29" lt_x="-35" lt_y="-29" rb_x="29" rb_y="1" image="nap.1.png"/></f><f name="2" delay="240" ><p name="nap"  origin_x="19" origin_y="31" z="0" lt_x="-19" lt_y="-31" rb_x="31" rb_y="1" image="nap.2.png"/></f><f name="3" delay="240" ><p name="nap"  origin_x="19" origin_y="29" z="0" lt_x="-19" lt_y="-29" rb_x="19" rb_y="1" image="nap.3.png"/></f></s>
<s name="eat"><f name="0" delay="240" ><p name="eat"  origin_x="15" origin_y="42" lt_x="-15" lt_y="-42" rb_x="18" rb_y="0" image="eat.0.png"/></f><f name="1" delay="240" ><p name="eat"  origin_x="15" origin_y="42" z="0" lt_x="-15" lt_y="-42" rb_x="18" rb_y="0" image="eat.1.png"/></f><f name="2" ><p name="pointer"  pointer="eat/0"/></f><f name="3" ><p name="pointer"  pointer="eat/1"/></f><f name="4" ><p name="pointer"  pointer="eat/0"/></f><f name="5" ><p name="pointer"  pointer="eat/1"/></f></s>
<s name="fly"><f name="0" delay="220" ><p name="fly"  origin_x="15" origin_y="47" lt_x="-15" lt_y="-47" rb_x="18" rb_y="-4" image="fly.0.png"/></f><f name="1" delay="110" ><p name="fly"  origin_x="17" origin_y="47" lt_x="-17" lt_y="-47" rb_x="17" rb_y="-6" image="fly.1.png"/></f><f name="2" delay="220" ><p name="fly"  origin_x="16" origin_y="47" z="0" lt_x="-16" lt_y="-47" rb_x="17" rb_y="-4" image="fly.2.png"/></f><f name="3" delay="110" ><p name="fly"  origin_x="15" origin_y="47" z="0" lt_x="-15" lt_y="-47" rb_x="19" rb_y="-3" image="fly.3.png"/></f></s>
<s name="love"><f name="0" delay="220" ><p name="love"  origin_x="36" origin_y="42" lt_x="-36" lt_y="-42" rb_x="32" rb_y="-1" image="love.0.png"/></f><f name="1" delay="220" ><p name="love"  origin_x="38" origin_y="45" lt_x="-38" lt_y="-45" rb_x="35" rb_y="-2" image="love.1.png"/></f><f name="2" delay="220" ><p name="love"  origin_x="44" origin_y="43" lt_x="-44" lt_y="-43" rb_x="41" rb_y="0" image="love.2.png"/></f><f name="3" delay="220" ><p name="love"  origin_x="23" origin_y="41" z="0" lt_x="-23" lt_y="-41" rb_x="14" rb_y="0" image="love.3.png"/></f></s>
<s name="twinkling"><f name="0" delay="160" ><p name="twinkling"  origin_x="21" origin_y="42" lt_x="-21" lt_y="-42" rb_x="14" rb_y="-1" image="twinkling.0.png"/></f><f name="1" delay="160" ><p name="twinkling"  origin_x="21" origin_y="44" lt_x="-21" lt_y="-44" rb_x="14" rb_y="-2" image="twinkling.1.png"/></f><f name="2" delay="160" ><p name="twinkling"  origin_x="21" origin_y="40" lt_x="-21" lt_y="-40" rb_x="21" rb_y="0" image="twinkling.2.png"/></f><f name="3" delay="160" ><p name="twinkling"  origin_x="22" origin_y="41" z="0" lt_x="-22" lt_y="-41" rb_x="26" rb_y="0" image="twinkling.3.png"/></f></s>
<s name="shock"><f name="0" delay="160" ><p name="shock"  origin_x="19" origin_y="46" lt_x="-19" lt_y="-46" rb_x="25" rb_y="0" image="shock.0.png"/></f><f name="1" delay="160" ><p name="shock"  origin_x="18" origin_y="46" lt_x="-18" lt_y="-46" rb_x="25" rb_y="0" image="shock.1.png"/></f><f name="2" ><p name="pointer"  pointer="shock/0"/></f><f name="3" ><p name="pointer"  pointer="shock/1"/></f><f name="4" ><p name="pointer"  pointer="shock/0"/></f><f name="5" ><p name="pointer"  pointer="shock/1"/></f></s>
<s name="arrogance"><f name="0" delay="220" ><p name="arrogance"  origin_x="16" origin_y="41" lt_x="-16" lt_y="-41" rb_x="18" rb_y="0" image="arrogance.0.png"/></f><f name="1" delay="220" ><p name="arrogance"  origin_x="16" origin_y="41" z="0" lt_x="-16" lt_y="-41" rb_x="18" rb_y="0" image="arrogance.1.png"/></f><f name="2" delay="220" ><p name="arrogance"  origin_x="16" origin_y="41" z="0" lt_x="-16" lt_y="-41" rb_x="18" rb_y="0" image="arrogance.2.png"/></f><f name="3" delay="550" ><p name="arrogance"  origin_x="16" origin_y="41" z="0" lt_x="-16" lt_y="-41" rb_x="18" rb_y="0" image="arrogance.3.png"/></f><f name="4" delay="110" ><p name="arrogance"  origin_x="16" origin_y="41" z="0" lt_x="-16" lt_y="-41" rb_x="18" rb_y="0" image="arrogance.4.png"/></f><f name="5" delay="110" ><p name="arrogance"  origin_x="16" origin_y="41" z="0" lt_x="-16" lt_y="-41" rb_x="18" rb_y="0" image="arrogance.5.png"/></f><f name="6" delay="110" ><p name="arrogance"  origin_x="16" origin_y="41" z="0" lt_x="-16" lt_y="-41" rb_x="18" rb_y="0" image="arrogance.6.png"/></f><f name="7" delay="110" ><p name="arrogance"  origin_x="16" origin_y="42" z="0" lt_x="-16" lt_y="-42" rb_x="20" rb_y="0" image="arrogance.7.png"/></f><f name="8" delay="550" ><p name="arrogance"  origin_x="16" origin_y="41" z="0" lt_x="-16" lt_y="-41" rb_x="18" rb_y="0" image="arrogance.8.png"/></f></s>
<s name="stunned"><f name="0" delay="220" ><p name="stunned"  origin_x="14" origin_y="39" lt_x="-14" lt_y="-39" rb_x="23" rb_y="1" image="stunned.0.png"/></f><f name="1" delay="220" ><p name="stunned"  origin_x="14" origin_y="39" z="0" lt_x="-14" lt_y="-39" rb_x="23" rb_y="1" image="stunned.1.png"/></f><f name="2" delay="220" ><p name="stunned"  origin_x="14" origin_y="39" z="0" lt_x="-14" lt_y="-39" rb_x="23" rb_y="1" image="stunned.2.png"/></f><f name="3" delay="30" ><p name="stunned"  origin_x="14" origin_y="39" z="0" lt_x="-14" lt_y="-39" rb_x="23" rb_y="1" image="stunned.3.png"/></f><f name="4" delay="30" ><p name="stunned"  origin_x="14" origin_y="39" z="0" lt_x="-14" lt_y="-39" rb_x="23" rb_y="1" image="stunned.4.png"/></f><f name="5" delay="30" ><p name="stunned"  origin_x="14" origin_y="39" z="0" lt_x="-14" lt_y="-39" rb_x="23" rb_y="1" image="stunned.5.png"/></f><f name="6" delay="220" ><p name="stunned"  origin_x="14" origin_y="39" z="0" lt_x="-14" lt_y="-39" rb_x="23" rb_y="1" image="stunned.6.png"/></f><f name="7" delay="110" ><p name="stunned"  origin_x="14" origin_y="39" z="0" lt_x="-14" lt_y="-39" rb_x="23" rb_y="1" image="stunned.7.png"/></f></s>
<s name="change"><f name="0" delay="110" ><p name="change"  origin_x="15" origin_y="42" lt_x="-15" lt_y="-42" rb_x="18" rb_y="0" image="change.0.png"/></f><f name="1" delay="160" ><p name="change"  origin_x="29" origin_y="44" z="0" lt_x="-29" lt_y="-44" rb_x="8" rb_y="0" image="change.1.png"/></f><f name="2" delay="160" ><p name="change"  origin_x="54" origin_y="33" z="0" lt_x="-54" lt_y="-33" rb_x="-2" rb_y="1" image="change.2.png"/></f><f name="3" delay="160" ><p name="change"  origin_x="57" origin_y="52" z="0" lt_x="-57" lt_y="-52" rb_x="-13" rb_y="0" image="change.3.png"/></f><f name="4" delay="160" ><p name="change"  origin_x="102" origin_y="48" z="0" lt_x="-102" lt_y="-48" rb_x="-36" rb_y="0" image="change.4.png"/></f><f name="5" delay="160" ><p name="change"  origin_x="143" origin_y="61" z="0" lt_x="-143" lt_y="-61" rb_x="-72" rb_y="2" image="change.5.png"/></f><f name="6" delay="220" ><p name="change"  origin_x="160" origin_y="61" z="0" lt_x="-160" lt_y="-61" rb_x="-76" rb_y="2" image="change.6.png"/></f><f name="7" delay="220" ><p name="change"  origin_x="166" origin_y="61" z="0" lt_x="-166" lt_y="-61" rb_x="-72" rb_y="0" image="change.7.png"/></f><f name="8" delay="160" ><p name="change"  origin_x="121" origin_y="56" z="0" lt_x="-121" lt_y="-56" rb_x="-57" rb_y="0" image="change.8.png"/></f><f name="9" delay="160" ><p name="change"  origin_x="102" origin_y="55" z="0" lt_x="-102" lt_y="-55" rb_x="-38" rb_y="0" image="change.9.png"/></f><f name="10" delay="160" ><p name="change"  origin_x="88" origin_y="62" z="0" lt_x="-88" lt_y="-62" rb_x="-22" rb_y="1" image="change.10.png"/></f><f name="11" delay="160" ><p name="change"  origin_x="55" origin_y="64" z="0" lt_x="-55" lt_y="-64" rb_x="7" rb_y="1" image="change.11.png"/></f><f name="12" delay="160" ><p name="change"  origin_x="44" origin_y="61" z="0" lt_x="-44" lt_y="-61" rb_x="29" rb_y="2" image="change.12.png"/></f><f name="13" delay="160" ><p name="change"  origin_x="36" origin_y="103" z="0" lt_x="-36" lt_y="-103" rb_x="71" rb_y="15" image="change.13.png"/></f><f name="14" delay="160" ><p name="change"  origin_x="49" origin_y="106" z="0" lt_x="-49" lt_y="-106" rb_x="72" rb_y="11" image="change.14.png"/></f><f name="15" delay="160" ><p name="change"  origin_x="54" origin_y="105" z="0" lt_x="-54" lt_y="-105" rb_x="78" rb_y="20" image="change.15.png"/></f><f name="16" delay="160" ><p name="change"  origin_x="65" origin_y="104" z="0" lt_x="-65" lt_y="-104" rb_x="82" rb_y="26" image="change.16.png"/></f><f name="17" delay="160" ><p name="change"  origin_x="14" origin_y="44" z="0" lt_x="-14" lt_y="-44" rb_x="23" rb_y="0" image="change.17.png"/></f><f name="18" delay="110" ><p name="change"  origin_x="20" origin_y="42" z="0" lt_x="-20" lt_y="-42" rb_x="29" rb_y="0" image="change.18.png"/></f></s>
</i>
