<i>
<s name="info"><f name="icon" ><p name="info"  image="info.icon.png"/></f><f name="iconRaw" ><p name="info"  origin_x="0" origin_y="33" image="info.iconRaw.png"/></f><p name="reqJob" v="0"/></s>
<s name="walk1"><f name="0" ><p name="40"  origin_x="25" origin_y="7" hand_x="36" hand_y="4" z="weapon" image="40.walk1.0.weapon.png"/></f><f name="1" ><p name="40"  origin_x="25" origin_y="7" hand_x="33" hand_y="15" z="weapon" image="40.walk1.1.weapon.png"/></f><f name="2" ><p name="40"  origin_x="25" origin_y="7" hand_x="36" hand_y="5" z="weapon" image="40.walk1.2.weapon.png"/></f><f name="3" ><p name="40"  origin_x="25" origin_y="7" hand_x="34" hand_y="5" z="weapon" image="40.walk1.3.weapon.png"/></f><f name="image*" ><p name="pointer" /></f></s>
<s name="stand2"><f name="0" ><p name="40"  origin_x="25" origin_y="7" hand_x="1" hand_y="36" z="weaponOverArm" image="40.stand2.0.weapon.png"/></f><f name="1" ><p name="40"  origin_x="25" origin_y="7" hand_x="-1" hand_y="37" z="weaponOverArm" image="40.stand2.1.weapon.png"/></f><f name="2" ><p name="40"  origin_x="25" origin_y="7" hand_x="-1" hand_y="37" z="weaponOverArm" image="40.stand2.2.weapon.png"/></f></s>
<s name="alert"><f name="0" ><p name="40"  origin_x="23" origin_y="10" hand_x="41" hand_y="45" z="weaponOverArm" image="40.alert.0.weapon.png"/></f><f name="1" ><p name="40"  origin_x="23" origin_y="10" hand_x="38" hand_y="43" z="weaponOverArm" image="40.alert.1.weapon.png"/></f><f name="2" ><p name="40"  origin_x="23" origin_y="10" hand_x="39" hand_y="42" z="weaponOverArm" image="40.alert.2.weapon.png"/></f></s>
<s name="swingT1"><f name="0" ><p name="40"  origin_x="11" origin_y="5" navel_x="7" navel_y="49" z="weaponBelowArm" image="40.swingT1.0.weapon.png"/></f><f name="1" ><p name="40"  origin_x="11" origin_y="5" navel_x="16" navel_y="70" z="weaponBelowArm" image="40.swingT1.1.weapon.png"/></f><f name="2" ><p name="40"  origin_x="11" origin_y="5" navel_x="56" navel_y="14" z="weaponBelowBody" image="40.swingT1.2.weapon.png"/></f></s>
<s name="swingT2"><f name="0" ><p name="40"  origin_x="11" origin_y="5" navel_x="-3" navel_y="65" z="weaponBelowBody" image="40.swingT2.0.weapon.png"/></f><f name="1" ><p name="40"  origin_x="11" origin_y="5" navel_x="29" navel_y="77" z="weaponBelowBody" image="40.swingT2.1.weapon.png"/></f><f name="2" ><p name="40"  origin_x="11" origin_y="5" navel_x="51" navel_y="15" z="weaponOverBody" image="40.swingT2.2.weapon.png"/></f></s>
<s name="swingT3"><f name="0" ><p name="40"  origin_x="11" origin_y="5" navel_x="12" navel_y="3" z="weaponOverBody" image="40.swingT3.0.weapon.png"/></f><f name="1" ><p name="40"  origin_x="11" origin_y="5" navel_x="12" navel_y="3" z="weaponOverBody" image="40.swingT3.1.weapon.png"/></f><f name="2" ><p name="40"  origin_x="11" origin_y="5" navel_x="24" navel_y="75" z="weaponBelowBody" image="40.swingT3.2.weapon.png"/></f></s>
<s name="swingTF"><f name="0" ><p name="40"  origin_x="11" origin_y="5" navel_x="9" navel_y="75" z="backWeapon" image="40.swingTF.0.weapon.png"/></f><f name="1" ><p name="40"  origin_x="11" origin_y="5" navel_x="15" navel_y="75" z="weaponBelowBody" image="40.swingTF.1.weapon.png"/></f><f name="2" ><p name="40"  origin_x="11" origin_y="5" navel_x="20" navel_y="65" z="weaponBelowArm" image="40.swingTF.2.weapon.png"/></f><f name="3" ><p name="40"  origin_x="11" origin_y="5" navel_x="57" navel_y="16" z="weaponBelowBody" image="40.swingTF.3.weapon.png"/></f></s>
<s name="stabO1"><f name="0" ><p name="40"  origin_x="12" origin_y="5" navel_x="32" navel_y="3" z="weapon" image="40.stabO1.0.weapon.png"/></f><f name="1" ><p name="40"  origin_x="12" origin_y="5" navel_x="68" navel_y="12" z="weapon" image="40.stabO1.1.weapon.png"/></f></s>
<s name="stabO2"><f name="0" ><p name="40"  origin_x="12" origin_y="5" navel_x="32" navel_y="17" z="weaponBelowArm" image="40.stabO2.0.weapon.png"/></f><f name="1" ><p name="40"  origin_x="12" origin_y="5" navel_x="65" navel_y="11" z="weaponBelowArm" image="40.stabO2.1.weapon.png"/></f></s>
<s name="stabOF"><f name="0" ><p name="40"  origin_x="12" origin_y="5" navel_x="39" navel_y="7" z="weaponBelowArm" image="40.stabOF.0.weapon.png"/></f><f name="1" ><p name="40"  origin_x="12" origin_y="5" navel_x="35" navel_y="4" z="weaponBelowArm" image="40.stabOF.1.weapon.png"/></f><f name="2" ><p name="40"  origin_x="12" origin_y="5" navel_x="74" navel_y="12" z="weapon" image="40.stabOF.2.weapon.png"/></f></s>
<s name="proneStab"><f name="0" ><p name="40"  origin_x="5" origin_y="3" navel_x="83" navel_y="18" z="weaponBelowArm" image="40.proneStab.0.weapon.png"/></f><f name="1" ><p name="40"  origin_x="5" origin_y="3" navel_x="99" navel_y="15" z="weaponBelowArm" image="40.proneStab.1.weapon.png"/></f></s>
<s name="prone"><f name="0" ><p name="pointer"  pointer="40/proneStab/0/weapon"/></f></s>
<s name="fly"><f name="0" ><p name="40"  origin_x="13" origin_y="5" navel_x="11" navel_y="45" z="weaponOverArm" image="40.fly.0.weapon.png"/></f><f name="1" ><p name="pointer"  pointer="40/fly/0/weapon"/></f></s>
<s name="jump"><f name="0" ><p name="40"  origin_x="13" origin_y="5" navel_x="9" navel_y="45" z="weaponOverArm" image="40.jump.0.weapon.png"/></f></s>
<s name="walk2"><f name="0" ><p name="41"  origin_x="25" origin_y="7" hand_x="-2" hand_y="38" z="weaponOverArm" image="41.walk2.0.weapon.png"/></f><f name="1" ><p name="41"  origin_x="25" origin_y="7" hand_x="-1" hand_y="38" z="weaponOverArm" image="41.walk2.1.weapon.png"/></f><f name="2" ><p name="pointer"  pointer="41/walk2/0/weapon"/></f><f name="3" ><p name="41"  origin_x="25" origin_y="7" hand_x="-3" hand_y="41" z="weaponOverArm" image="41.walk2.3.weapon.png"/></f></s>
<s name="swingP1"><f name="0" ><p name="43"  origin_x="12" origin_y="5" navel_x="-3" navel_y="55" z="weaponBelowArm" image="43.swingP1.0.weapon.png"/></f><f name="1" ><p name="43"  origin_x="12" origin_y="5" navel_x="11" navel_y="82" z="weaponBelowArm" image="43.swingP1.1.weapon.png"/></f><f name="2" ><p name="43"  origin_x="12" origin_y="5" navel_x="73" navel_y="10" z="weaponBelowBody" image="43.swingP1.2.weapon.png"/></f><f name="image*" ><p name="pointer" /></f></s>
<s name="swingP2"><f name="0" ><p name="43"  origin_x="12" origin_y="5" navel_x="11" navel_y="69" z="weaponBelowBody" image="43.swingP2.0.weapon.png"/></f><f name="1" ><p name="43"  origin_x="12" origin_y="5" navel_x="10" navel_y="81" z="weaponBelowBody" image="43.swingP2.1.weapon.png"/></f><f name="2" ><p name="43"  origin_x="12" origin_y="5" navel_x="56" navel_y="12" z="weaponOverBody" image="43.swingP2.2.weapon.png"/></f><f name="image*" ><p name="pointer" /></f></s>
<s name="swingPF"><f name="0" ><p name="43"  origin_x="12" origin_y="5" navel_x="53" navel_y="8" z="weapon" image="43.swingPF.0.weapon.png"/></f><f name="1" ><p name="43"  origin_x="12" origin_y="5" navel_x="50" navel_y="17" z="weapon" image="43.swingPF.1.weapon.png"/></f><f name="2" ><p name="43"  origin_x="12" origin_y="5" navel_x="2" navel_y="54" z="weaponBelowArm" image="43.swingPF.2.weapon.png"/></f><f name="3" ><p name="43"  origin_x="12" origin_y="5" navel_x="73" navel_y="11" z="weaponBelowBody" image="43.swingPF.3.weapon.png"/></f><f name="image*" ><p name="pointer" /></f></s>
<s name="stabT1"><f name="0" ><p name="43"  origin_x="12" origin_y="5" navel_x="49" navel_y="10" z="weaponOverBody" image="43.stabT1.0.weapon.png"/></f><f name="1" ><p name="43"  origin_x="12" origin_y="5" navel_x="53" navel_y="2" z="weaponOverBody" image="43.stabT1.1.weapon.png"/></f><f name="2" ><p name="43"  origin_x="12" origin_y="5" navel_x="74" navel_y="10" z="weaponOverBody" image="43.stabT1.2.weapon.png"/></f><f name="image*" ><p name="pointer" /></f></s>
<s name="stabT2"><f name="0" ><p name="43"  origin_x="12" origin_y="5" navel_x="56" navel_y="11" z="weaponOverBody" image="43.stabT2.0.weapon.png"/></f><f name="1" ><p name="43"  origin_x="12" origin_y="5" navel_x="57" navel_y="4" z="weaponOverBody" image="43.stabT2.1.weapon.png"/></f><f name="2" ><p name="43"  origin_x="12" origin_y="5" navel_x="62" navel_y="18" z="weaponOverBody" image="43.stabT2.2.weapon.png"/></f><f name="image*" ><p name="pointer" /></f></s>
<s name="stabTF"><f name="0" ><p name="pointer"  pointer="43/swingPF/0/weapon"/></f><f name="1" ><p name="pointer"  pointer="43/swingPF/1/weapon"/></f><f name="2" ><p name="43"  origin_x="12" origin_y="5" navel_x="37" navel_y="12" z="weaponOverBody" image="43.stabTF.2.weapon.png"/></f><f name="3" ><p name="pointer"  pointer="43/stabT1/2/weapon"/></f><f name="image*" ><p name="pointer" /></f></s>
<s name="stand1"><f name="0" ><p name="44"  origin_x="25" origin_y="7" hand_x="35" hand_y="3" z="weapon" image="44.stand1.0.weapon.png"/></f><f name="1" ><p name="44"  origin_x="25" origin_y="7" hand_x="35" hand_y="3" z="weapon" image="44.stand1.1.weapon.png"/></f><f name="2" ><p name="44"  origin_x="25" origin_y="7" hand_x="35" hand_y="3" z="weapon" image="44.stand1.2.weapon.png"/></f></s>
</i>
