<i>
<s name="walk1"><f name="0" ><p name="40"  origin_x="58" origin_y="11" hand_x="0" hand_y="-1" z="weapon" image="40.walk1.0.weapon.png"/></f><f name="1" ><p name="40"  origin_x="54" origin_y="24" hand_x="0" hand_y="0" z="weapon" image="40.walk1.1.weapon.png"/></f><f name="2" ><p name="40"  origin_x="58" origin_y="11" hand_x="0" hand_y="0" z="weapon" image="40.walk1.2.weapon.png"/></f><f name="3" ><p name="40"  origin_x="57" origin_y="13" hand_x="0" hand_y="0" z="weapon" image="40.walk1.3.weapon.png"/></f></s>
<s name="walk2"><f name="0" ><p name="40"  origin_x="31" origin_y="32" hand_x="0" hand_y="0" z="weaponOverArm" image="40.walk2.0.weapon.png"/></f><f name="1" ><p name="40"  origin_x="31" origin_y="32" hand_x="0" hand_y="0" z="weaponOverArm" image="40.walk2.1.weapon.png"/></f><f name="2" ><p name="pointer"  pointer="40/walk2/0/weapon"/></f><f name="3" ><p name="40"  origin_x="31" origin_y="33" hand_x="0" hand_y="0" z="weaponOverArm" image="40.walk2.3.weapon.png"/></f></s>
<s name="stand1"><f name="0" ><p name="40"  origin_x="58" origin_y="9" hand_x="0" hand_y="0" z="weapon" image="40.stand1.0.weapon.png"/></f><f name="1" ><p name="pointer"  pointer="40/stand1/0/weapon"/></f><f name="2" ><p name="pointer"  pointer="40/stand1/0/weapon"/></f></s>
<s name="stand2"><f name="0" ><p name="40"  origin_x="32" origin_y="32" hand_x="0" hand_y="0" z="weaponOverArm" image="40.stand2.0.weapon.png"/></f><f name="1" ><p name="40"  origin_x="32" origin_y="32" hand_x="0" hand_y="0" z="weaponOverArm" image="40.stand2.1.weapon.png"/></f><f name="2" ><p name="40"  origin_x="32" origin_y="32" hand_x="0" hand_y="0" z="weaponOverArm" image="40.stand2.2.weapon.png"/></f></s>
<s name="alert"><f name="0" ><p name="40"  origin_x="70" origin_y="38" hand_x="0" hand_y="0" z="weaponOverArm" image="40.alert.0.weapon.png"/></f><f name="1" ><p name="40"  origin_x="69" origin_y="37" hand_x="0" hand_y="0" z="weaponOverArm" image="40.alert.1.weapon.png"/></f><f name="2" ><p name="40"  origin_x="70" origin_y="36" hand_x="0" hand_y="0" z="weaponOverArm" image="40.alert.2.weapon.png"/></f></s>
<s name="swingT1"><f name="0" ><p name="40"  origin_x="15" origin_y="30" hand_x="0" hand_y="0" z="weaponBelowArm" image="40.swingT1.0.weapon.png"/></f><f name="1" ><p name="40"  origin_x="7" origin_y="82" hand_x="0" hand_y="0" z="weaponBelowArm" image="40.swingT1.1.weapon.png"/></f><f name="2" ><p name="40"  origin_x="82" origin_y="7" hand_x="0" hand_y="0" z="weaponOverBody" image="40.swingT1.2.weapon.png"/></f></s>
<s name="swingT2"><f name="0" ><p name="40"  origin_x="44" origin_y="24" hand_x="-30" hand_y="14" z="weaponBelowBody" image="40.swingT2.0.weapon.png"/></f><f name="1" ><p name="40"  origin_x="48" origin_y="77" hand_x="0" hand_y="0" z="weaponOverBody" image="40.swingT2.1.weapon.png"/></f><f name="2" ><p name="40"  origin_x="82" origin_y="5" hand_x="0" hand_y="0" z="weaponOverBody" image="40.swingT2.2.weapon.png"/></f></s>
<s name="swingT3"><f name="0" ><p name="40"  origin_x="16" origin_y="10" hand_x="0" hand_y="0" z="weaponOverBody" image="40.swingT3.0.weapon.png"/></f><f name="1" ><p name="40"  origin_x="24" origin_y="8" hand_x="0" hand_y="0" z="weaponOverBody" image="40.swingT3.1.weapon.png"/></f><f name="2" ><p name="40"  origin_x="41" origin_y="81" hand_x="0" hand_y="0" z="weaponOverBody" image="40.swingT3.2.weapon.png"/></f></s>
<s name="swingTF"><f name="0" ><p name="40"  origin_x="17" origin_y="49" hand_x="2" hand_y="27" z="backWeapon" image="40.swingTF.0.weapon.png"/></f><f name="1" ><p name="40"  origin_x="57" origin_y="75" hand_x="0" hand_y="0" z="weaponBelowBody" image="40.swingTF.1.weapon.png"/></f><f name="2" ><p name="40"  origin_x="21" origin_y="34" hand_x="0" hand_y="0" z="weaponBelowArm" image="40.swingTF.2.weapon.png"/></f><f name="3" ><p name="40"  origin_x="79" origin_y="8" hand_x="0" hand_y="0" z="weaponBelowBody" image="40.swingTF.3.weapon.png"/></f></s>
<s name="stabO1"><f name="0" ><p name="40"  origin_x="73" origin_y="10" hand_x="0" hand_y="0" z="weapon" image="40.stabO1.0.weapon.png"/></f><f name="1" ><p name="40"  origin_x="70" origin_y="13" hand_x="0" hand_y="0" z="weapon" image="40.stabO1.1.weapon.png"/></f></s>
<s name="stabO2"><f name="0" ><p name="40"  origin_x="71" origin_y="8" hand_x="0" hand_y="0" z="weaponBelowArm" image="40.stabO2.0.weapon.png"/></f><f name="1" ><p name="40"  origin_x="73" origin_y="12" hand_x="0" hand_y="0" z="weapon" image="40.stabO2.1.weapon.png"/></f></s>
<s name="stabOF"><f name="0" ><p name="40"  origin_x="67" origin_y="10" hand_x="0" hand_y="0" z="weapon" image="40.stabOF.0.weapon.png"/></f><f name="1" ><p name="40"  origin_x="33" origin_y="14" hand_x="0" hand_y="0" z="weapon" image="40.stabOF.1.weapon.png"/></f><f name="2" ><p name="40"  origin_x="75" origin_y="25" hand_x="0" hand_y="0" z="weapon" image="40.stabOF.2.weapon.png"/></f></s>
<s name="proneStab"><f name="0" ><p name="40"  origin_x="92" origin_y="9" hand_x="0" hand_y="0" z="weaponBelowArm" image="40.proneStab.0.weapon.png"/></f><f name="1" ><p name="40"  origin_x="89" origin_y="10" hand_x="0" hand_y="0" z="weaponBelowArm" image="40.proneStab.1.weapon.png"/></f></s>
<s name="prone"><f name="0" ><p name="pointer"  pointer="40/proneStab/0/weapon"/></f></s>
<s name="heal"><f name="0" ><p name="pointer"  pointer="40/alert/1/weapon"/></f><f name="1" ><p name="pointer"  pointer="40/swingO2/1/weapon"/></f><f name="2" ><p name="pointer"  pointer="40/swingO2/0/weapon"/></f><f name="image*" ><p name="pointer" /></f></s>
<s name="fly"><f name="0" ><p name="40"  origin_x="34" origin_y="31" hand_x="0" hand_y="0" z="weaponOverArm" image="40.fly.0.weapon.png"/></f><f name="1" ><p name="pointer"  pointer="40/fly/0/weapon"/></f></s>
<s name="jump"><f name="0" ><p name="40"  origin_x="34" origin_y="33" hand_x="0" hand_y="0" z="weaponOverArm" image="40.jump.0.weapon.png"/></f></s>
<s name="rope"><f name="0" ><p name="40"  origin_x="44" origin_y="24" navel_x="0" navel_y="5" z="backWeaponOverHead" image="40.rope.0.weapon.png"/></f><f name="1" ><p name="40"  origin_x="44" origin_y="24" navel_x="-1" navel_y="8" z="backWeaponOverHead" image="40.rope.1.weapon.png"/></f></s>
<s name="ladder"><f name="0" ><p name="40"  origin_x="44" origin_y="24" navel_x="1" navel_y="7" z="backWeaponOverHead" image="40.ladder.0.weapon.png"/></f><f name="1" ><p name="40"  origin_x="44" origin_y="24" navel_x="-1" navel_y="7" z="backWeaponOverHead" image="40.ladder.1.weapon.png"/></f></s>
<s name="swingP1"><f name="0" ><p name="43"  origin_x="14" origin_y="28" hand_x="0" hand_y="0" z="weaponBelowArm" image="43.swingP1.0.weapon.png"/></f><f name="1" ><p name="43"  origin_x="13" origin_y="69" hand_x="0" hand_y="0" z="weaponBelowArm" image="43.swingP1.1.weapon.png"/></f><f name="2" ><p name="43"  origin_x="81" origin_y="7" hand_x="0" hand_y="0" z="weaponBelowBody" image="43.swingP1.2.weapon.png"/></f><f name="image*" ><p name="pointer" /></f></s>
<s name="swingP2"><f name="0" ><p name="43"  origin_x="13" origin_y="30" hand_x="0" hand_y="0" z="weaponBelowBody" image="43.swingP2.0.weapon.png"/></f><f name="1" ><p name="43"  origin_x="5" origin_y="85" hand_x="0" hand_y="0" z="weaponBelowBody" image="43.swingP2.1.weapon.png"/></f><f name="2" ><p name="43"  origin_x="82" origin_y="7" hand_x="0" hand_y="0" z="weaponOverBody" image="43.swingP2.2.weapon.png"/></f><f name="image*" ><p name="pointer" /></f></s>
<s name="swingPF"><f name="0" ><p name="43"  origin_x="90" origin_y="10" hand_x="0" hand_y="0" z="weapon" image="43.swingPF.0.weapon.png"/></f><f name="1" ><p name="43"  origin_x="86" origin_y="5" hand_x="0" hand_y="0" z="weapon" image="43.swingPF.1.weapon.png"/></f><f name="2" ><p name="43"  origin_x="31" origin_y="25" hand_x="0" hand_y="0" z="weaponBelowArm" image="43.swingPF.2.weapon.png"/></f><f name="3" ><p name="43"  origin_x="72" origin_y="3" hand_x="0" hand_y="0" z="weaponBelowBody" image="43.swingPF.3.weapon.png"/></f><f name="image*" ><p name="pointer" /></f></s>
<s name="stabT1"><f name="0" ><p name="43"  origin_x="87" origin_y="4" hand_x="0" hand_y="0" z="weaponOverBody" image="43.stabT1.0.weapon.png"/></f><f name="1" ><p name="43"  origin_x="86" origin_y="5" hand_x="0" hand_y="0" z="weaponOverBody" image="43.stabT1.1.weapon.png"/></f><f name="2" ><p name="43"  origin_x="86" origin_y="12" hand_x="0" hand_y="0" z="weaponOverBody" image="43.stabT1.2.weapon.png"/></f><f name="image*" ><p name="pointer" /></f></s>
<s name="stabT2"><f name="0" ><p name="43"  origin_x="86" origin_y="6" hand_x="0" hand_y="0" z="weaponOverBody" image="43.stabT2.0.weapon.png"/></f><f name="1" ><p name="43"  origin_x="85" origin_y="5" hand_x="0" hand_y="0" z="weaponOverBody" image="43.stabT2.1.weapon.png"/></f><f name="2" ><p name="43"  origin_x="86" origin_y="32" hand_x="0" hand_y="0" z="weaponOverBody" image="43.stabT2.2.weapon.png"/></f><f name="image*" ><p name="pointer" /></f></s>
<s name="stabTF"><f name="0" ><p name="pointer"  pointer="43/swingPF/0/weapon"/></f><f name="1" ><p name="pointer"  pointer="43/swingPF/1/weapon"/></f><f name="2" ><p name="43"  origin_x="44" origin_y="24" hand_x="21" hand_y="-36" z="weaponOverBody" image="43.stabTF.2.weapon.png"/></f><f name="3" ><p name="pointer"  pointer="43/stabT1/2/weapon"/></f><f name="image*" ><p name="pointer" /></f></s>
</i>
