<i>
<s name="info"><f name="icon" ><p name="info"  image="info.icon.png"/></f><f name="iconRaw" ><p name="info"  origin_x="1" origin_y="34" image="info.iconRaw.png"/></f><p name="reqJob" v="0"/></s>
<s name="walk1"><f name="0" ><p name="33"  origin_x="25" origin_y="7" hand_x="3" hand_y="-3" z="weapon" image="33.walk1.0.weapon.png"/></f><f name="1" ><p name="33"  origin_x="25" origin_y="7" hand_x="0" hand_y="10" z="weapon" image="33.walk1.1.weapon.png"/></f><f name="2" ><p name="pointer"  pointer="33/walk1/0/weapon"/></f><f name="3" ><p name="33"  origin_x="25" origin_y="7" hand_x="0" hand_y="10" z="weapon" image="33.walk1.3.weapon.png"/></f></s>
<s name="stand1"><f name="0" ><p name="33"  origin_x="25" origin_y="7" hand_x="3" hand_y="-4" z="weapon" image="33.stand1.0.weapon.png"/></f><f name="1" ><p name="pointer"  pointer="33/stand1/0/weapon"/></f><f name="2" ><p name="pointer"  pointer="33/stand1/0/weapon"/></f></s>
<s name="alert"><f name="0" ><p name="33"  origin_x="23" origin_y="10" hand_x="4" hand_y="6" z="weaponOverHand" image="33.alert.0.weapon.png"/></f><f name="1" ><p name="33"  origin_x="23" origin_y="10" hand_x="3" hand_y="5" z="weaponOverHand" image="33.alert.1.weapon.png"/></f><f name="2" ><p name="33"  origin_x="23" origin_y="10" hand_x="4" hand_y="4" z="weaponOverHand" image="33.alert.2.weapon.png"/></f></s>
<s name="swingO1"><f name="0" ><p name="33"  origin_x="11" origin_y="5" navel_x="17" navel_y="0" z="weaponBelowBody" image="33.swingO1.0.weapon.png"/></f><f name="1" ><p name="33"  origin_x="11" origin_y="5" navel_x="23" navel_y="5" z="weaponBelowBody" image="33.swingO1.1.weapon.png"/></f><f name="2" ><p name="33"  origin_x="11" origin_y="5" navel_x="-9" navel_y="34" z="weapon" image="33.swingO1.2.weapon.png"/></f></s>
<s name="swingO2"><f name="0" ><p name="33"  origin_x="12" origin_y="5" navel_x="31" navel_y="25" z="weaponBelowBody" image="33.swingO2.0.weapon.png"/></f><f name="1" ><p name="33"  origin_x="12" origin_y="5" navel_x="20" navel_y="33" z="weaponBelowBody" image="33.swingO2.1.weapon.png"/></f><f name="2" ><p name="33"  origin_x="12" origin_y="5" navel_x="-18" navel_y="23" z="weapon" image="33.swingO2.2.weapon.png"/></f></s>
<s name="swingO3"><f name="0" ><p name="33"  origin_x="12" origin_y="5" navel_x="-19" navel_y="34" z="weapon" image="33.swingO3.0.weapon.png"/></f><f name="1" ><p name="33"  origin_x="12" origin_y="5" navel_x="35" navel_y="1" z="weaponOverBody" image="33.swingO3.1.weapon.png"/></f><f name="2" ><p name="33"  origin_x="11" origin_y="5" navel_x="13" navel_y="0" z="weaponBelowBody" image="33.swingO3.2.weapon.png"/></f></s>
<s name="swingOF"><f name="0" ><p name="33"  origin_x="12" origin_y="5" navel_x="-19" navel_y="30" z="weapon" image="33.swingOF.0.weapon.png"/></f><f name="1" ><p name="33"  origin_x="12" origin_y="5" navel_x="17" navel_y="28" z="backWeapon" image="33.swingOF.1.weapon.png"/></f><f name="2" ><p name="33"  origin_x="12" origin_y="5" navel_x="14" navel_y="30" z="weaponBelowBody" image="33.swingOF.2.weapon.png"/></f><f name="3" ><p name="33"  origin_x="12" origin_y="5" navel_x="-3" navel_y="21" z="weaponBelowBody" image="33.swingOF.3.weapon.png"/></f></s>
<s name="stabO1"><f name="0" ><p name="33"  origin_x="12" origin_y="5" navel_x="2" navel_y="-4" z="weapon" image="33.stabO1.0.weapon.png"/></f><f name="1" ><p name="33"  origin_x="12" origin_y="5" navel_x="42" navel_y="6" z="weapon" image="33.stabO1.1.weapon.png"/></f></s>
<s name="stabO2"><f name="0" ><p name="33"  origin_x="12" origin_y="5" navel_x="5" navel_y="9" z="weaponBelowArm" image="33.stabO2.0.weapon.png"/></f><f name="1" ><p name="33"  origin_x="12" origin_y="5" navel_x="40" navel_y="5" z="weapon" image="33.stabO2.1.weapon.png"/></f></s>
<s name="stabOF"><f name="0" ><p name="33"  origin_x="12" origin_y="5" navel_x="9" navel_y="0" z="weapon" image="33.stabOF.0.weapon.png"/></f><f name="1" ><p name="33"  origin_x="12" origin_y="5" navel_x="5" navel_y="-3" z="weapon" image="33.stabOF.1.weapon.png"/></f><f name="2" ><p name="33"  origin_x="12" origin_y="5" navel_x="43" navel_y="5" z="weapon" image="33.stabOF.2.weapon.png"/></f></s>
<s name="proneStab"><f name="0" ><p name="33"  origin_x="5" origin_y="3" navel_x="32" navel_y="2" z="weaponBelowArm" image="33.proneStab.0.weapon.png"/></f><f name="1" ><p name="33"  origin_x="5" origin_y="3" navel_x="47" navel_y="2" z="weaponBelowArm" image="33.proneStab.1.weapon.png"/></f></s>
<s name="prone"><f name="0" ><p name="pointer"  pointer="33/proneStab/0/weapon"/></f></s>
<s name="heal"><f name="0" ><p name="pointer"  pointer="33/alert/1/weapon"/></f><f name="1" ><p name="pointer"  pointer="33/swingO2/1/weapon"/></f><f name="2" ><p name="pointer"  pointer="33/swingO2/0/weapon"/></f></s>
<s name="fly"><f name="0" ><p name="33"  origin_x="13" origin_y="5" navel_x="-5" navel_y="31" z="weaponOverArm" image="33.fly.0.weapon.png"/></f><f name="1" ><p name="pointer"  pointer="33/fly/0/weapon"/></f></s>
<s name="jump"><f name="0" ><p name="33"  origin_x="13" origin_y="5" navel_x="-6" navel_y="30" z="weaponOverArm" image="33.jump.0.weapon.png"/></f></s>
</i>
