<i>
<s name="info"><f name="icon" ><p name="info"  image="info.icon.png"/></f><f name="iconRaw" ><p name="info"  origin_x="-2" origin_y="31" image="info.iconRaw.png"/></f><p name="reqJob" v="0"/></s>
<s name="walk1"><f name="0" ><p name="walk1"  origin_x="4" origin_y="3" navel_x="10" navel_y="1" z="gloveOverBody" image="walk1.0.lGlove.png"/></f><f name="1" ><p name="walk1"  origin_x="3" origin_y="5" navel_x="6" navel_y="-3" z="gloveOverBody" image="walk1.1.lGlove.png"/></f><f name="2" ><p name="pointer"  pointer="walk1/0/lGlove"/></f><f name="3" ><p name="walk1"  origin_x="4" origin_y="2" navel_x="11" navel_y="8" z="gloveOverBody" image="walk1.3.lGlove.png"/></f></s>
<s name="walk2"><f name="0" ><p name="walk2"  origin_x="3" origin_y="5" navel_x="7" navel_y="-6" z="gloveOverHair" image="walk2.0.lGlove.png"/></f><f name="1" ><p name="walk2"  origin_x="3" origin_y="5" navel_x="8" navel_y="-7" z="gloveOverHair" image="walk2.1.lGlove.png"/></f><f name="2" ><p name="pointer"  pointer="walk2/0/lGlove"/></f><f name="3" ><p name="walk2"  origin_x="3" origin_y="5" navel_x="7" navel_y="-4" z="gloveOverHair" image="walk2.3.lGlove.png"/></f></s>
<s name="stand1"><f name="0" ><p name="stand1"  origin_x="3" origin_y="4" navel_x="7" navel_y="-6" z="gloveOverBody" image="stand1.0.lGlove.png"/></f><f name="1" ><p name="stand1"  origin_x="3" origin_y="4" navel_x="9" navel_y="-5" z="gloveOverBody" image="stand1.1.lGlove.png"/></f><f name="2" ><p name="stand1"  origin_x="4" origin_y="4" navel_x="9" navel_y="-6" z="gloveOverBody" image="stand1.2.lGlove.png"/></f></s>
<s name="stand2"><f name="0" ><p name="stand2"  origin_x="3" origin_y="5" navel_x="7" navel_y="-7" z="gloveOverHair" image="stand2.0.lGlove.png"/></f><f name="1" ><p name="stand2"  origin_x="3" origin_y="5" navel_x="8" navel_y="-6" z="gloveOverHair" image="stand2.1.lGlove.png"/></f><f name="2" ><p name="stand2"  origin_x="3" origin_y="4" navel_x="8" navel_y="-6" z="gloveOverHair" image="stand2.2.lGlove.png"/></f></s>
<s name="alert"><f name="0" ><p name="alert"  origin_x="15" origin_y="24" handMove_x="-11" handMove_y="-20" z="gloveBelowWeapon" image="alert.0.lGlove.png"/></f><f name="1" ><p name="alert"  origin_x="16" origin_y="23" handMove_x="-14" handMove_y="-19" z="gloveBelowWeapon" image="alert.1.lGlove.png"/></f><f name="2" ><p name="alert"  origin_x="16" origin_y="22" handMove_x="-16" handMove_y="-17" z="gloveBelowWeapon" image="alert.2.lGlove.png"/></f></s>
<s name="swingO1"><f name="1" ><p name="swingO1"  origin_x="3" origin_y="5" navel_x="-11" navel_y="0" z="gloveOverBody" image="swingO1.1.lGlove.png"/></f><f name="2" ><p name="swingO1"  origin_x="3" origin_y="5" navel_x="9" navel_y="4" z="gloveOverBody" image="swingO1.2.lGlove.png"/></f></s>
<s name="swingO2"><f name="0" ><p name="swingO2"  origin_x="4" origin_y="4" navel_x="10" navel_y="-1" z="gloveOverBody" image="swingO2.0.lGlove.png"/></f><f name="1" ><p name="swingO2"  origin_x="3" origin_y="5" navel_x="9" navel_y="9" z="gloveOverBody" image="swingO2.1.lGlove.png"/></f><f name="2" ><p name="swingO2"  origin_x="3" origin_y="5" navel_x="19" navel_y="9" z="gloveOverBody" image="swingO2.2.lGlove.png"/></f></s>
<s name="swingO3"><f name="0" ><p name="swingO3"  origin_x="4" origin_y="4" navel_x="27" navel_y="6" z="gloveOverBody" image="swingO3.0.lGlove.png"/></f></s>
<s name="swingOF"><f name="0" ><p name="swingOF"  origin_x="10" origin_y="10" navel_x="5" navel_y="-9" z="glove" image="swingOF.0.lGlove.png"/></f><f name="3" ><p name="swingOF"  origin_x="4" origin_y="4" navel_x="17" navel_y="-11" z="glove" image="swingOF.3.lGlove.png"/></f></s>
<s name="swingT1"><f name="0" ><p name="swingT1"  origin_x="4" origin_y="4" navel_x="-6" navel_y="26" z="gloveOverHair" image="swingT1.0.lGlove.png"/></f><f name="1" ><p name="swingT1"  origin_x="3" origin_y="5" navel_x="22" navel_y="14" z="gloveOverHair" image="swingT1.1.lGlove.png"/></f><f name="2" ><p name="swingT1"  origin_x="11" origin_y="9" navel_x="2" navel_y="-14" z="gloveOverBody" image="swingT1.2.lGlove.png"/></f></s>
<s name="swingT2"><f name="1" ><p name="swingT2"  origin_x="10" origin_y="10" navel_x="13" navel_y="6" z="gloveOverBody" image="swingT2.1.lGlove.png"/></f><f name="2" ><p name="swingT2"  origin_x="4" origin_y="4" navel_x="-4" navel_y="-5" z="glove" image="swingT2.2.lGlove.png"/></f></s>
<s name="swingT3"><f name="0" ><p name="swingT3"  origin_x="4" origin_y="4" navel_x="-7" navel_y="-1" z="glove" image="swingT3.0.lGlove.png"/></f><f name="1" ><p name="swingT3"  origin_x="3" origin_y="5" navel_x="-2" navel_y="-3" z="gloveBelowHead" image="swingT3.1.lGlove.png"/></f></s>
<s name="swingTF"><f name="1" ><p name="swingTF"  origin_x="3" origin_y="5" navel_x="-7" navel_y="13" z="gloveBelowHead" image="swingTF.1.lGlove.png"/></f><f name="2" ><p name="swingTF"  origin_x="3" origin_y="5" navel_x="14" navel_y="24" z="gloveWristOverHair" image="swingTF.2.lGlove.png"/></f><f name="3" ><p name="swingTF"  origin_x="3" origin_y="5" navel_x="15" navel_y="-7" z="gloveOverBody" image="swingTF.3.lGlove.png"/></f></s>
<s name="swingP1"><f name="0" ><p name="swingP1"  origin_x="4" origin_y="4" navel_x="0" navel_y="26" z="gloveOverHair" image="swingP1.0.lGlove.png"/></f><f name="1" ><p name="swingP1"  origin_x="3" origin_y="5" navel_x="23" navel_y="9" z="gloveOverHair" image="swingP1.1.lGlove.png"/></f><f name="2" ><p name="swingP1"  origin_x="11" origin_y="9" navel_x="5" navel_y="-12" z="gloveOverBody" image="swingP1.2.lGlove.png"/></f></s>
<s name="swingP2"><f name="0" ><p name="swingP2"  origin_x="10" origin_y="10" navel_x="-1" navel_y="21" z="gloveOverBody" image="swingP2.0.lGlove.png"/></f><f name="1" ><p name="swingP2"  origin_x="10" origin_y="10" navel_x="14" navel_y="18" z="gloveOverBody" image="swingP2.1.lGlove.png"/></f><f name="2" ><p name="swingP2"  origin_x="3" origin_y="5" navel_x="-3" navel_y="-6" z="glove" image="swingP2.2.lGlove.png"/></f></s>
<s name="swingPF"><f name="0" ><p name="swingPF"  origin_x="4" origin_y="4" navel_x="22" navel_y="3" z="gloveOverHair" image="swingPF.0.lGlove.png"/></f><f name="1" ><p name="swingPF"  origin_x="3" origin_y="5" navel_x="19" navel_y="-2" z="gloveOverHair" image="swingPF.1.lGlove.png"/></f><f name="2" ><p name="swingPF"  origin_x="3" origin_y="5" navel_x="7" navel_y="25" z="gloveOverHair" image="swingPF.2.lGlove.png"/></f><f name="3" ><p name="swingPF"  origin_x="3" origin_y="5" navel_x="13" navel_y="-8" z="gloveOverBody" image="swingPF.3.lGlove.png"/></f></s>
<s name="stabO1"><f name="0" ><p name="stabO1"  origin_x="4" origin_y="4" navel_x="25" navel_y="5" z="gloveOverBody" image="stabO1.0.lGlove.png"/></f></s>
<s name="stabO2"><f name="0" ><p name="stabO2"  origin_x="4" origin_y="4" navel_x="24" navel_y="7" z="gloveOverBody" image="stabO2.0.lGlove.png"/></f></s>
<s name="stabOF"><f name="0" ><p name="stabOF"  origin_x="4" origin_y="4" navel_x="-3" navel_y="3" z="gloveOverBody" image="stabOF.0.lGlove.png"/></f><f name="1" ><p name="stabOF"  origin_x="3" origin_y="5" navel_x="37" navel_y="10" z="gloveOverBody" image="stabOF.1.lGlove.png"/></f><f name="2" ><p name="stabOF"  origin_x="3" origin_y="5" navel_x="20" navel_y="5" z="gloveOverBody" image="stabOF.2.lGlove.png"/></f></s>
<s name="stabT1"><f name="0" ><p name="stabT1"  origin_x="4" origin_y="4" navel_x="3" navel_y="-2" z="gloveOverHair" image="stabT1.0.lGlove.png"/></f><f name="1" ><p name="stabT1"  origin_x="3" origin_y="5" navel_x="8" navel_y="-4" z="gloveOverHair" image="stabT1.1.lGlove.png"/></f><f name="2" ><p name="stabT1"  origin_x="3" origin_y="5" navel_x="29" navel_y="3" z="gloveOverHair" image="stabT1.2.lGlove.png"/></f></s>
<s name="stabT2"><f name="0" ><p name="stabT2"  origin_x="4" origin_y="4" navel_x="12" navel_y="-3" z="gloveOverHair" image="stabT2.0.lGlove.png"/></f><f name="1" ><p name="stabT2"  origin_x="3" origin_y="5" navel_x="16" navel_y="-2" z="gloveOverHair" image="stabT2.1.lGlove.png"/></f><f name="2" ><p name="stabT2"  origin_x="3" origin_y="5" navel_x="27" navel_y="5" z="gloveOverHair" image="stabT2.2.lGlove.png"/></f></s>
<s name="stabTF"><f name="0" ><p name="pointer"  pointer="swingPF/0/lGlove"/></f><f name="1" ><p name="pointer"  pointer="swingPF/1/lGlove"/></f><f name="2" ><p name="stabTF"  origin_x="3" origin_y="5" navel_x="-10" navel_y="2" z="gloveOverHair" image="stabTF.2.lGlove.png"/></f><f name="3" ><p name="pointer"  pointer="stabT1/2/lGlove"/></f></s>
<s name="shoot1"><f name="0" ><p name="shoot1"  origin_x="4" origin_y="4" navel_x="26" navel_y="8" z="gloveOverBody" image="shoot1.0.lGlove.png"/></f><f name="1" ><p name="shoot1"  origin_x="3" origin_y="5" navel_x="27" navel_y="7" z="gloveOverBody" image="shoot1.1.lGlove.png"/></f><f name="2" ><p name="pointer"  pointer="shoot1/1/lGlove"/></f></s>
<s name="shoot2"><f name="0" ><p name="shoot2"  origin_x="4" origin_y="4" navel_x="17" navel_y="7" z="gloveOverBody" image="shoot2.0.lGlove.png"/></f><f name="1" ><p name="pointer"  pointer="shoot2/0/lGlove"/></f><f name="2" ><p name="pointer"  pointer="shoot2/0/lGlove"/></f><f name="3" ><p name="pointer"  pointer="shoot2/0/lGlove"/></f><f name="4" ><p name="shoot2"  origin_x="4" origin_y="4" navel_x="15" navel_y="7" z="gloveOverBody" image="shoot2.4.lGlove.png"/></f></s>
<s name="shootF"><f name="0" ><p name="shootF"  origin_x="4" origin_y="4" navel_x="26" navel_y="15" z="gloveOverBody" image="shootF.0.lGlove.png"/></f><f name="1" ><p name="shootF"  origin_x="3" origin_y="5" navel_x="30" navel_y="13" z="gloveOverBody" image="shootF.1.lGlove.png"/></f><f name="2" ><p name="pointer"  pointer="shootF/1/lGlove"/></f></s>
<s name="proneStab"><f name="0" ><p name="proneStab"  origin_x="4" origin_y="4" navel_x="39" navel_y="2" z="gloveOverBody" image="proneStab.0.lGlove.png"/></f><f name="1" ><p name="pointer"  pointer="proneStab/0/lGlove"/></f></s>
<s name="prone"><f name="0" ><p name="lGlove"  pointer="proneStab/0/lGlove"/><p name="rGlove"  pointer="proneStab/0/rGlove"/></f></s>
<s name="heal"><f name="0" ><p name="lGlove"  pointer="alert/1/lGlove"/><p name="rGlove"  pointer="alert/1/rGlove"/></f><f name="1" ><p name="lGlove"  pointer="swingO2/1/lGlove"/><p name="rGlove"  pointer="swingO2/1/rGlove"/></f><f name="2" ><p name="lGlove"  pointer="swingO2/0/lGlove"/><p name="rGlove"  pointer="swingO2/0/rGlove"/></f></s>
<s name="fly"><f name="0" ><p name="fly"  origin_x="4" origin_y="4" navel_x="8" navel_y="5" z="gloveOverHair" image="fly.0.lGlove.png"/></f><f name="1" ><p name="pointer"  pointer="fly/0/lGlove"/></f></s>
<s name="sit"><f name="0" ><p name="sit"  origin_x="3" origin_y="5" navel_x="9" navel_y="-3" z="gloveOverBody" image="sit.0.lGlove.png"/></f></s>
<s name="jump"><f name="0" ><p name="jump"  origin_x="4" origin_y="4" navel_x="7" navel_y="4" z="gloveOverHair" image="jump.0.lGlove.png"/></f></s>
<s name="ladder"><f name="0" ><p name="ladder"  origin_x="10" origin_y="10" navel_x="1" navel_y="12" z="backGlove" image="ladder.0.rGlove.png"/></f><f name="1" ><p name="ladder"  origin_x="10" origin_y="10" navel_x="2" navel_y="5" z="backGlove" image="ladder.1.rGlove.png"/></f></s>
</i>
