  <i name="4121007">
  <i name="hit">
    <i name="0">
      <i name="0">
        <i name="origin">
          <i name="x" value="17"/>
          <i name="y" value="17"/>
        </i>
        <i name="delay" value="120"/>
        <i name="image" value="4121007.hit.0.0.png"/>
      </i>
      <i name="1">
        <i name="origin">
          <i name="x" value="25"/>
          <i name="y" value="25"/>
        </i>
        <i name="delay" value="120"/>
        <i name="image" value="4121007.hit.0.1.png"/>
      </i>
      <i name="2">
        <i name="origin">
          <i name="x" value="20"/>
          <i name="y" value="22"/>
        </i>
        <i name="delay" value="120"/>
        <i name="image" value="4121007.hit.0.2.png"/>
      </i>
    </i>
  </i>
  <i name="effect">
    <i name="0">
      <i name="origin">
        <i name="x" value="0"/>
        <i name="y" value="0"/>
      </i>
      <i name="delay" value="360"/>
      <i name="image" value="4121007.effect.0.png"/>
    </i>
    <i name="1">
      <i name="origin">
        <i name="x" value="105"/>
        <i name="y" value="51"/>
      </i>
      <i name="delay" value="150"/>
      <i name="image" value="4121007.effect.1.png"/>
    </i>
    <i name="2">
      <i name="origin">
        <i name="x" value="104"/>
        <i name="y" value="47"/>
      </i>
      <i name="delay" value="120"/>
      <i name="image" value="4121007.effect.2.png"/>
    </i>
    <i name="3">
      <i name="origin">
        <i name="x" value="111"/>
        <i name="y" value="45"/>
      </i>
      <i name="delay" value="150"/>
      <i name="image" value="4121007.effect.3.png"/>
    </i>
    <i name="4">
      <i name="origin">
        <i name="x" value="109"/>
        <i name="y" value="36"/>
      </i>
      <i name="delay" value="120"/>
      <i name="image" value="4121007.effect.4.png"/>
    </i>
    <i name="5">
      <i name="origin">
        <i name="x" value="108"/>
        <i name="y" value="35"/>
      </i>
      <i name="delay" value="100"/>
      <i name="image" value="4121007.effect.5.png"/>
    </i>
  </i>
  </i>
