  <i name="2121006">
  <i name="effect">
    <i name="0">
      <i name="origin">
        <i name="x" value="106"/>
        <i name="y" value="141"/>
      </i>
      <i name="delay" value="60"/>
      <i name="image" value="2121006.effect.0.png"/>
    </i>
    <i name="1">
      <i name="origin">
        <i name="x" value="113"/>
        <i name="y" value="146"/>
      </i>
      <i name="delay" value="60"/>
      <i name="image" value="2121006.effect.1.png"/>
    </i>
    <i name="2">
      <i name="origin">
        <i name="x" value="115"/>
        <i name="y" value="148"/>
      </i>
      <i name="delay" value="60"/>
      <i name="image" value="2121006.effect.2.png"/>
    </i>
    <i name="3">
      <i name="origin">
        <i name="x" value="117"/>
        <i name="y" value="148"/>
      </i>
      <i name="delay" value="60"/>
      <i name="image" value="2121006.effect.3.png"/>
    </i>
    <i name="4">
      <i name="origin">
        <i name="x" value="118"/>
        <i name="y" value="149"/>
      </i>
      <i name="delay" value="60"/>
      <i name="image" value="2121006.effect.4.png"/>
    </i>
    <i name="5">
      <i name="origin">
        <i name="x" value="118"/>
        <i name="y" value="148"/>
      </i>
      <i name="delay" value="60"/>
      <i name="image" value="2121006.effect.5.png"/>
    </i>
    <i name="6">
      <i name="origin">
        <i name="x" value="118"/>
        <i name="y" value="147"/>
      </i>
      <i name="delay" value="60"/>
      <i name="image" value="2121006.effect.6.png"/>
    </i>
    <i name="7">
      <i name="origin">
        <i name="x" value="120"/>
        <i name="y" value="146"/>
      </i>
      <i name="delay" value="60"/>
      <i name="image" value="2121006.effect.7.png"/>
    </i>
    <i name="8">
      <i name="origin">
        <i name="x" value="121"/>
        <i name="y" value="145"/>
      </i>
      <i name="delay" value="60"/>
      <i name="image" value="2121006.effect.8.png"/>
    </i>
    <i name="9">
      <i name="origin">
        <i name="x" value="120"/>
        <i name="y" value="145"/>
      </i>
      <i name="delay" value="60"/>
      <i name="image" value="2121006.effect.9.png"/>
    </i>
    <i name="10">
      <i name="origin">
        <i name="x" value="119"/>
        <i name="y" value="144"/>
      </i>
      <i name="delay" value="60"/>
      <i name="image" value="2121006.effect.10.png"/>
    </i>
    <i name="11">
      <i name="origin">
        <i name="x" value="120"/>
        <i name="y" value="145"/>
      </i>
      <i name="delay" value="60"/>
      <i name="image" value="2121006.effect.11.png"/>
    </i>
    <i name="12">
      <i name="origin">
        <i name="x" value="120"/>
        <i name="y" value="145"/>
      </i>
      <i name="delay" value="60"/>
      <i name="image" value="2121006.effect.12.png"/>
    </i>
    <i name="13">
      <i name="origin">
        <i name="x" value="120"/>
        <i name="y" value="145"/>
      </i>
      <i name="delay" value="60"/>
      <i name="image" value="2121006.effect.13.png"/>
    </i>
    <i name="14">
      <i name="origin">
        <i name="x" value="120"/>
        <i name="y" value="145"/>
      </i>
      <i name="delay" value="60"/>
      <i name="image" value="2121006.effect.14.png"/>
    </i>
    <i name="15">
      <i name="origin">
        <i name="x" value="120"/>
        <i name="y" value="145"/>
      </i>
      <i name="delay" value="60"/>
      <i name="image" value="2121006.effect.15.png"/>
    </i>
    <i name="16">
      <i name="origin">
        <i name="x" value="118"/>
        <i name="y" value="143"/>
      </i>
      <i name="delay" value="60"/>
      <i name="image" value="2121006.effect.16.png"/>
    </i>
    <i name="17">
      <i name="origin">
        <i name="x" value="116"/>
        <i name="y" value="142"/>
      </i>
      <i name="delay" value="60"/>
      <i name="image" value="2121006.effect.17.png"/>
    </i>
    <i name="18">
      <i name="origin">
        <i name="x" value="111"/>
        <i name="y" value="137"/>
      </i>
      <i name="delay" value="60"/>
      <i name="image" value="2121006.effect.18.png"/>
    </i>
  </i>
  <i name="hit">
    <i name="0">
      <i name="0">
        <i name="origin">
          <i name="x" value="38"/>
          <i name="y" value="44"/>
        </i>
        <i name="delay" value="60"/>
        <i name="image" value="2121006.hit.0.0.png"/>
      </i>
      <i name="1">
        <i name="origin">
          <i name="x" value="43"/>
          <i name="y" value="50"/>
        </i>
        <i name="delay" value="60"/>
        <i name="image" value="2121006.hit.0.1.png"/>
      </i>
      <i name="2">
        <i name="origin">
          <i name="x" value="51"/>
          <i name="y" value="55"/>
        </i>
        <i name="delay" value="60"/>
        <i name="image" value="2121006.hit.0.2.png"/>
      </i>
      <i name="3">
        <i name="origin">
          <i name="x" value="54"/>
          <i name="y" value="58"/>
        </i>
        <i name="delay" value="60"/>
        <i name="image" value="2121006.hit.0.3.png"/>
      </i>
      <i name="4">
        <i name="origin">
          <i name="x" value="57"/>
          <i name="y" value="59"/>
        </i>
        <i name="delay" value="60"/>
        <i name="image" value="2121006.hit.0.4.png"/>
      </i>
      <i name="5">
        <i name="origin">
          <i name="x" value="56"/>
          <i name="y" value="57"/>
        </i>
        <i name="delay" value="60"/>
        <i name="image" value="2121006.hit.0.5.png"/>
      </i>
      <i name="6">
        <i name="origin">
          <i name="x" value="51"/>
          <i name="y" value="52"/>
        </i>
        <i name="delay" value="60"/>
        <i name="image" value="2121006.hit.0.6.png"/>
      </i>
    </i>
  </i>
  </i>
