<i name="5000013">
<i name="stand0">
<i name="0">
<i name="origin">
<i name="x" value="13"/>
<i name="y" value="45"/>
</i>
<i name="image" value="5000013.stand0.0.png"/>
</i>
<i name="1">
<i name="origin">
<i name="x" value="13"/>
<i name="y" value="45"/>
</i>
<i name="image" value="5000013.stand0.1.png"/>
</i>
<i name="2">
<i name="origin">
<i name="x" value="13"/>
<i name="y" value="45"/>
</i>
<i name="image" value="5000013.stand0.2.png"/>
</i>
<i name="3">
<i name="pointer" value="5000013/stand0/0"/>
</i>
</i>
<i name="stand1">
<i name="0">
<i name="origin">
<i name="x" value="13"/>
<i name="y" value="45"/>
</i>
<i name="image" value="5000013.stand1.0.png"/>
</i>
<i name="1">
<i name="origin">
<i name="x" value="13"/>
<i name="y" value="45"/>
</i>
<i name="image" value="5000013.stand1.1.png"/>
</i>
<i name="2">
<i name="origin">
<i name="x" value="13"/>
<i name="y" value="45"/>
</i>
<i name="image" value="5000013.stand1.2.png"/>
</i>
<i name="3">
<i name="origin">
<i name="x" value="13"/>
<i name="y" value="45"/>
</i>
<i name="image" value="5000013.stand1.3.png"/>
</i>
</i>
<i name="rest0">
<i name="0">
<i name="origin">
<i name="x" value="14"/>
<i name="y" value="46"/>
</i>
<i name="image" value="5000013.rest0.0.png"/>
</i>
<i name="1">
<i name="origin">
<i name="x" value="14"/>
<i name="y" value="45"/>
</i>
<i name="image" value="5000013.rest0.1.png"/>
</i>
<i name="2">
<i name="origin">
<i name="x" value="14"/>
<i name="y" value="46"/>
</i>
<i name="image" value="5000013.rest0.2.png"/>
</i>
</i>
<i name="move">
<i name="0">
<i name="origin">
<i name="x" value="13"/>
<i name="y" value="45"/>
</i>
<i name="image" value="5000013.move.0.png"/>
</i>
<i name="1">
<i name="origin">
<i name="x" value="13"/>
<i name="y" value="45"/>
</i>
<i name="image" value="5000013.move.1.png"/>
</i>
<i name="2">
<i name="origin">
<i name="x" value="13"/>
<i name="y" value="44"/>
</i>
<i name="image" value="5000013.move.2.png"/>
</i>
<i name="3">
<i name="origin">
<i name="x" value="13"/>
<i name="y" value="45"/>
</i>
<i name="image" value="5000013.move.3.png"/>
</i>
<i name="4">
<i name="origin">
<i name="x" value="13"/>
<i name="y" value="45"/>
</i>
<i name="image" value="5000013.move.4.png"/>
</i>
<i name="5">
<i name="origin">
<i name="x" value="13"/>
<i name="y" value="44"/>
</i>
<i name="image" value="5000013.move.5.png"/>
</i>
</i>
<i name="angry">
<i name="0">
<i name="origin">
<i name="x" value="15"/>
<i name="y" value="46"/>
</i>
<i name="image" value="5000013.angry.0.png"/>
</i>
</i>
<i name="jump">
<i name="0">
<i name="origin">
<i name="x" value="13"/>
<i name="y" value="48"/>
</i>
<i name="image" value="5000013.jump.0.png"/>
</i>
</i>
<i name="chat">
<i name="0">
<i name="origin">
<i name="x" value="14"/>
<i name="y" value="45"/>
</i>
<i name="image" value="5000013.chat.0.png"/>
</i>
<i name="1">
<i name="origin">
<i name="x" value="14"/>
<i name="y" value="45"/>
</i>
<i name="image" value="5000013.chat.1.png"/>
</i>
<i name="2">
<i name="pointer" value="5000013/chat/0"/>
</i>
<i name="3">
<i name="pointer" value="5000013/chat/1"/>
</i>
</i>
<i name="hungry">
<i name="0">
<i name="origin">
<i name="x" value="16"/>
<i name="y" value="46"/>
</i>
<i name="image" value="5000013.hungry.0.png"/>
</i>
</i>
<i name="rise">
<i name="0">
<i name="origin">
<i name="x" value="13"/>
<i name="y" value="45"/>
</i>
<i name="image" value="5000013.rise.0.png"/>
</i>
<i name="1">
<i name="origin">
<i name="x" value="11"/>
<i name="y" value="47"/>
</i>
<i name="image" value="5000013.rise.1.png"/>
</i>
<i name="2">
<i name="origin">
<i name="x" value="8"/>
<i name="y" value="49"/>
</i>
<i name="image" value="5000013.rise.2.png"/>
</i>
<i name="3">
<i name="origin">
<i name="x" value="6"/>
<i name="y" value="51"/>
</i>
<i name="image" value="5000013.rise.3.png"/>
</i>
<i name="4">
<i name="origin">
<i name="x" value="6"/>
<i name="y" value="51"/>
</i>
<i name="image" value="5000013.rise.4.png"/>
</i>
<i name="5">
<i name="origin">
<i name="x" value="6"/>
<i name="y" value="51"/>
</i>
<i name="image" value="5000013.rise.5.png"/>
</i>
<i name="6">
<i name="pointer" value="5000013/rise/4"/>
</i>
<i name="7">
<i name="pointer" value="5000013/rise/3"/>
</i>
<i name="8">
<i name="pointer" value="5000013/rise/4"/>
</i>
<i name="9">
<i name="pointer" value="5000013/rise/5"/>
</i>
</i>
<i name="piddle">
<i name="0">
<i name="origin">
<i name="x" value="15"/>
<i name="y" value="45"/>
</i>
<i name="image" value="5000013.piddle.0.png"/>
</i>
<i name="1">
<i name="origin">
<i name="x" value="15"/>
<i name="y" value="45"/>
</i>
<i name="image" value="5000013.piddle.1.png"/>
</i>
<i name="2">
<i name="pointer" value="5000013/piddle/0"/>
</i>
<i name="3">
<i name="pointer" value="5000013/piddle/1"/>
</i>
<i name="4">
<i name="pointer" value="5000013/piddle/0"/>
</i>
<i name="5">
<i name="pointer" value="5000013/piddle/1"/>
</i>
<i name="6">
<i name="pointer" value="5000013/piddle/0"/>
</i>
<i name="7">
<i name="pointer" value="5000013/piddle/1"/>
</i>
</i>
<i name="cry">
<i name="0">
<i name="origin">
<i name="x" value="16"/>
<i name="y" value="46"/>
</i>
<i name="image" value="5000013.cry.0.png"/>
</i>
<i name="1">
<i name="origin">
<i name="x" value="16"/>
<i name="y" value="46"/>
</i>
<i name="image" value="5000013.cry.1.png"/>
</i>
<i name="2">
<i name="origin">
<i name="x" value="16"/>
<i name="y" value="46"/>
</i>
<i name="image" value="5000013.cry.2.png"/>
</i>
<i name="3">
<i name="pointer" value="5000013/cry/1"/>
</i>
<i name="4">
<i name="pointer" value="5000013/cry/2"/>
</i>
<i name="5">
<i name="pointer" value="5000013/cry/1"/>
</i>
<i name="6">
<i name="pointer" value="5000013/cry/2"/>
</i>
<i name="7">
<i name="pointer" value="5000013/cry/0"/>
</i>
</i>
<i name="plot">
<i name="0">
<i name="origin">
<i name="x" value="13"/>
<i name="y" value="44"/>
</i>
<i name="image" value="5000013.plot.0.png"/>
</i>
<i name="1">
<i name="origin">
<i name="x" value="13"/>
<i name="y" value="44"/>
</i>
<i name="image" value="5000013.plot.1.png"/>
</i>
<i name="2">
<i name="origin">
<i name="x" value="13"/>
<i name="y" value="44"/>
</i>
<i name="image" value="5000013.plot.2.png"/>
</i>
<i name="3">
<i name="origin">
<i name="x" value="13"/>
<i name="y" value="44"/>
</i>
<i name="image" value="5000013.plot.3.png"/>
</i>
</i>
<i name="blush">
<i name="0">
<i name="origin">
<i name="x" value="13"/>
<i name="y" value="45"/>
</i>
<i name="image" value="5000013.blush.0.png"/>
</i>
</i>
<i name="happy">
<i name="0">
<i name="origin">
<i name="x" value="13"/>
<i name="y" value="45"/>
</i>
<i name="image" value="5000013.happy.0.png"/>
</i>
<i name="1">
<i name="origin">
<i name="x" value="13"/>
<i name="y" value="45"/>
</i>
<i name="image" value="5000013.happy.1.png"/>
</i>
<i name="2">
<i name="origin">
<i name="x" value="12"/>
<i name="y" value="45"/>
</i>
<i name="image" value="5000013.happy.2.png"/>
</i>
<i name="3">
<i name="pointer" value="5000013/happy/0"/>
</i>
<i name="4">
<i name="pointer" value="5000013/happy/1"/>
</i>
<i name="5">
<i name="pointer" value="5000013/happy/2"/>
</i>
<i name="6">
<i name="pointer" value="5000013/happy/0"/>
</i>
</i>
<i name="sleep">
<i name="0">
<i name="origin">
<i name="x" value="13"/>
<i name="y" value="44"/>
</i>
<i name="image" value="5000013.sleep.0.png"/>
</i>
<i name="1">
<i name="origin">
<i name="x" value="13"/>
<i name="y" value="43"/>
</i>
<i name="image" value="5000013.sleep.1.png"/>
</i>
<i name="2">
<i name="origin">
<i name="x" value="13"/>
<i name="y" value="42"/>
</i>
<i name="image" value="5000013.sleep.2.png"/>
</i>
<i name="3">
<i name="origin">
<i name="x" value="13"/>
<i name="y" value="43"/>
</i>
<i name="image" value="5000013.sleep.3.png"/>
</i>
<i name="4">
<i name="origin">
<i name="x" value="13"/>
<i name="y" value="44"/>
</i>
<i name="image" value="5000013.sleep.4.png"/>
</i>
</i>
<i name="eat">
<i name="0">
<i name="origin">
<i name="x" value="13"/>
<i name="y" value="45"/>
</i>
<i name="image" value="5000013.eat.0.png"/>
</i>
<i name="1">
<i name="origin">
<i name="x" value="12"/>
<i name="y" value="45"/>
</i>
<i name="image" value="5000013.eat.1.png"/>
</i>
<i name="2">
<i name="origin">
<i name="x" value="12"/>
<i name="y" value="45"/>
</i>
<i name="image" value="5000013.eat.2.png"/>
</i>
<i name="3">
<i name="origin">
<i name="x" value="12"/>
<i name="y" value="45"/>
</i>
<i name="image" value="5000013.eat.3.png"/>
</i>
<i name="4">
<i name="origin">
<i name="x" value="12"/>
<i name="y" value="44"/>
</i>
<i name="image" value="5000013.eat.4.png"/>
</i>
<i name="5">
<i name="origin">
<i name="x" value="12"/>
<i name="y" value="45"/>
</i>
<i name="image" value="5000013.eat.5.png"/>
</i>
<i name="6">
<i name="origin">
<i name="x" value="12"/>
<i name="y" value="44"/>
</i>
<i name="image" value="5000013.eat.6.png"/>
</i>
</i>
<i name="fly">
<i name="0">
<i name="origin">
<i name="x" value="13"/>
<i name="y" value="45"/>
</i>
<i name="image" value="5000013.fly.0.png"/>
</i>
<i name="1">
<i name="origin">
<i name="x" value="12"/>
<i name="y" value="47"/>
</i>
<i name="image" value="5000013.fly.1.png"/>
</i>
</i>
<i name="hang">
<i name="0">
<i name="origin">
<i name="x" value="9"/>
<i name="y" value="64"/>
</i>
<i name="image" value="5000013.hang.0.png"/>
</i>
</i>
</i>