  <i name="4111001">
  <i name="effect">
    <i name="0">
      <i name="origin">
        <i name="x" value="64"/>
        <i name="y" value="110"/>
      </i>
      <i name="delay" value="75"/>
      <i name="image" value="4111001.effect.0.png"/>
    </i>
    <i name="1">
      <i name="origin">
        <i name="x" value="64"/>
        <i name="y" value="110"/>
      </i>
      <i name="delay" value="75"/>
      <i name="image" value="4111001.effect.1.png"/>
    </i>
    <i name="2">
      <i name="origin">
        <i name="x" value="65"/>
        <i name="y" value="119"/>
      </i>
      <i name="delay" value="75"/>
      <i name="image" value="4111001.effect.2.png"/>
    </i>
    <i name="3">
      <i name="origin">
        <i name="x" value="58"/>
        <i name="y" value="108"/>
      </i>
      <i name="delay" value="75"/>
      <i name="image" value="4111001.effect.3.png"/>
    </i>
    <i name="4">
      <i name="origin">
        <i name="x" value="58"/>
        <i name="y" value="108"/>
      </i>
      <i name="delay" value="75"/>
      <i name="image" value="4111001.effect.4.png"/>
    </i>
    <i name="5">
      <i name="origin">
        <i name="x" value="58"/>
        <i name="y" value="108"/>
      </i>
      <i name="delay" value="75"/>
      <i name="image" value="4111001.effect.5.png"/>
    </i>
    <i name="6">
      <i name="origin">
        <i name="x" value="50"/>
        <i name="y" value="102"/>
      </i>
      <i name="delay" value="75"/>
      <i name="image" value="4111001.effect.6.png"/>
    </i>
    <i name="7">
      <i name="origin">
        <i name="x" value="37"/>
        <i name="y" value="96"/>
      </i>
      <i name="delay" value="75"/>
      <i name="image" value="4111001.effect.7.png"/>
    </i>
    <i name="8">
      <i name="origin">
        <i name="x" value="28"/>
        <i name="y" value="98"/>
      </i>
      <i name="delay" value="75"/>
      <i name="image" value="4111001.effect.8.png"/>
    </i>
    <i name="9">
      <i name="origin">
        <i name="x" value="32"/>
        <i name="y" value="96"/>
      </i>
      <i name="delay" value="75"/>
      <i name="image" value="4111001.effect.9.png"/>
    </i>
    <i name="10">
      <i name="origin">
        <i name="x" value="22"/>
        <i name="y" value="91"/>
      </i>
      <i name="delay" value="75"/>
      <i name="image" value="4111001.effect.10.png"/>
    </i>
    <i name="11">
      <i name="origin">
        <i name="x" value="23"/>
        <i name="y" value="91"/>
      </i>
      <i name="delay" value="75"/>
      <i name="image" value="4111001.effect.11.png"/>
    </i>
  </i>
  <i name="effect0">
    <i name="0">
      <i name="origin">
        <i name="x" value="28"/>
        <i name="y" value="66"/>
      </i>
      <i name="delay" value="100"/>
      <i name="image" value="4111001.effect0.0.png"/>
    </i>
    <i name="1">
      <i name="origin">
        <i name="x" value="34"/>
        <i name="y" value="72"/>
      </i>
      <i name="delay" value="100"/>
      <i name="image" value="4111001.effect0.1.png"/>
    </i>
    <i name="2">
      <i name="origin">
        <i name="x" value="41"/>
        <i name="y" value="79"/>
      </i>
      <i name="delay" value="100"/>
      <i name="image" value="4111001.effect0.2.png"/>
    </i>
    <i name="3">
      <i name="origin">
        <i name="x" value="52"/>
        <i name="y" value="90"/>
      </i>
      <i name="delay" value="100"/>
      <i name="image" value="4111001.effect0.3.png"/>
    </i>
    <i name="4">
      <i name="origin">
        <i name="x" value="52"/>
        <i name="y" value="90"/>
      </i>
      <i name="delay" value="100"/>
      <i name="image" value="4111001.effect0.4.png"/>
    </i>
    <i name="5">
      <i name="origin">
        <i name="x" value="52"/>
        <i name="y" value="90"/>
      </i>
      <i name="delay" value="100"/>
      <i name="image" value="4111001.effect0.5.png"/>
    </i>
    <i name="6">
      <i name="origin">
        <i name="x" value="52"/>
        <i name="y" value="90"/>
      </i>
      <i name="delay" value="100"/>
      <i name="image" value="4111001.effect0.6.png"/>
    </i>
  </i>
  <i name="affected">
    <i name="0">
      <i name="origin">
        <i name="x" value="15"/>
        <i name="y" value="115"/>
      </i>
      <i name="delay" value="100"/>
      <i name="image" value="4111001.affected.0.png"/>
    </i>
    <i name="1">
      <i name="origin">
        <i name="x" value="6"/>
        <i name="y" value="115"/>
      </i>
      <i name="delay" value="100"/>
      <i name="image" value="4111001.affected.1.png"/>
    </i>
    <i name="2">
      <i name="origin">
        <i name="x" value="16"/>
        <i name="y" value="115"/>
      </i>
      <i name="delay" value="100"/>
      <i name="image" value="4111001.affected.2.png"/>
    </i>
    <i name="3">
      <i name="origin">
        <i name="x" value="16"/>
        <i name="y" value="115"/>
      </i>
      <i name="delay" value="100"/>
      <i name="image" value="4111001.affected.3.png"/>
    </i>
    <i name="4">
      <i name="pointer" value="4111001/affected/0"/>
    </i>
    <i name="5">
      <i name="pointer" value="4111001/affected/1"/>
    </i>
    <i name="6">
      <i name="pointer" value="4111001/affected/2"/>
    </i>
    <i name="7">
      <i name="pointer" value="4111001/affected/3"/>
    </i>
    <i name="8">
      <i name="pointer" value="4111001/affected/0"/>
    </i>
    <i name="9">
      <i name="pointer" value="4111001/affected/1"/>
    </i>
    <i name="10">
      <i name="pointer" value="4111001/affected/2"/>
    </i>
    <i name="11">
      <i name="pointer" value="4111001/affected/3"/>
    </i>
    <i name="12">
      <i name="pointer" value="4111001/affected/0"/>
    </i>
    <i name="13">
      <i name="pointer" value="4111001/affected/1"/>
    </i>
    <i name="14">
      <i name="pointer" value="4111001/affected/2"/>
    </i>
    <i name="15">
      <i name="origin">
        <i name="x" value="16"/>
        <i name="y" value="115"/>
      </i>
      <i name="delay" value="200"/>
      <i name="a0" value="255"/>
      <i name="a1" value="0"/>
      <i name="image" value="4111001.affected.15.png"/>
    </i>
  </i>
  </i>
