<i>
<s name="info"><f name="icon" ><p name="info"  image="info.icon.png"/></f><f name="iconRaw" ><p name="info"  origin_x="-1" origin_y="35" image="info.iconRaw.png"/></f><p name="reqJob" v="1"/></s>
<s name="walk1"><f name="0" ><p name="walk1"  origin_x="25" origin_y="7" hand_x="41" hand_y="10" z="weapon" image="walk1.0.weapon.png"/></f><f name="1" ><p name="walk1"  origin_x="25" origin_y="7" hand_x="37" hand_y="14" z="weapon" image="walk1.1.weapon.png"/></f><f name="2" ><p name="pointer"  pointer="walk1/0/weapon"/></f><f name="3" ><p name="walk1"  origin_x="25" origin_y="7" hand_x="37" hand_y="9" z="weapon" image="walk1.3.weapon.png"/></f></s>
<s name="stand2"><f name="0" ><p name="stand2"  origin_x="25" origin_y="7" hand_x="-13" hand_y="51" z="weaponOverArm" image="stand2.0.weapon.png"/></f><f name="1" ><p name="pointer"  pointer="stand2/0/weapon"/></f><f name="2" ><p name="pointer"  pointer="stand2/0/weapon"/></f></s>
<s name="alert"><f name="0" ><p name="alert"  origin_x="23" origin_y="10" hand_x="49" hand_y="14" handMove_x="40" handMove_y="10" z="weaponOverArm" image="alert.0.weapon.png"/></f><f name="1" ><p name="alert"  origin_x="23" origin_y="10" hand_x="47" hand_y="12" handMove_x="37" handMove_y="9" z="weaponOverArm" image="alert.1.weapon.png"/></f><f name="2" ><p name="alert"  origin_x="23" origin_y="10" hand_x="48" hand_y="11" handMove_x="35" handMove_y="10" z="weaponOverArm" image="alert.2.weapon.png"/></f></s>
<s name="swingT1"><f name="0" ><p name="swingT1"  origin_x="11" origin_y="5" navel_x="-14" navel_y="40" z="weaponBelowArm" image="swingT1.0.weapon.png"/></f><f name="1" ><p name="swingT1"  origin_x="11" origin_y="5" navel_x="14" navel_y="71" z="weaponBelowArm" image="swingT1.1.weapon.png"/></f><f name="2" ><p name="swingT1"  origin_x="11" origin_y="5" navel_x="67" navel_y="-3" z="weaponBelowBody" image="swingT1.2.weapon.png"/></f></s>
<s name="swingT2"><f name="0" ><p name="swingT2"  origin_x="11" origin_y="5" navel_x="0" navel_y="26" z="weaponBelowBody" image="swingT2.0.weapon.png"/></f><f name="1" ><p name="swingT2"  origin_x="11" origin_y="5" navel_x="24" navel_y="66" z="weaponOverBody" image="swingT2.1.weapon.png"/></f><f name="2" ><p name="swingT2"  origin_x="11" origin_y="5" navel_x="46" navel_y="2" z="weaponOverBody" image="swingT2.2.weapon.png"/></f></s>
<s name="swingT3"><f name="0" ><p name="swingT3"  origin_x="11" origin_y="5" navel_x="-8" navel_y="9" z="weaponOverBody" image="swingT3.0.weapon.png"/></f><f name="1" ><p name="swingT3"  origin_x="11" origin_y="5" navel_x="-6" navel_y="7" z="weaponOverBody" image="swingT3.1.weapon.png"/></f><f name="2" ><p name="swingT3"  origin_x="11" origin_y="5" navel_x="36" navel_y="69" z="weaponBelowBody" image="swingT3.2.weapon.png"/></f></s>
<s name="swingTF"><f name="0" ><p name="swingTF"  origin_x="11" origin_y="5" navel_x="22" navel_y="68" z="backWeapon" image="swingTF.0.weapon.png"/></f><f name="1" ><p name="swingTF"  origin_x="11" origin_y="5" navel_x="-2" navel_y="78" z="weaponBelowBody" image="swingTF.1.weapon.png"/></f><f name="2" ><p name="swingTF"  origin_x="11" origin_y="5" navel_x="3" navel_y="80" z="weaponBelowArm" image="swingTF.2.weapon.png"/></f><f name="3" ><p name="swingTF"  origin_x="11" origin_y="5" navel_x="65" navel_y="-2" z="weaponBelowBody" image="swingTF.3.weapon.png"/></f></s>
<s name="stabO1"><f name="0" ><p name="stabO1"  origin_x="12" origin_y="5" navel_x="38" navel_y="9" z="weapon" image="stabO1.0.weapon.png"/></f><f name="1" ><p name="stabO1"  origin_x="12" origin_y="5" navel_x="79" navel_y="19" z="weapon" image="stabO1.1.weapon.png"/></f></s>
<s name="stabO2"><f name="0" ><p name="stabO2"  origin_x="12" origin_y="5" navel_x="43" navel_y="23" z="weaponBelowArm" image="stabO2.0.weapon.png"/></f><f name="1" ><p name="stabO2"  origin_x="12" origin_y="5" navel_x="75" navel_y="18" z="weaponBelowArm" image="stabO2.1.weapon.png"/></f></s>
<s name="stabOF"><f name="0" ><p name="stabOF"  origin_x="12" origin_y="5" navel_x="47" navel_y="12" z="weaponBelowArm" image="stabOF.0.weapon.png"/></f><f name="1" ><p name="stabOF"  origin_x="12" origin_y="5" navel_x="43" navel_y="10" z="weaponBelowArm" image="stabOF.1.weapon.png"/></f><f name="2" ><p name="stabOF"  origin_x="12" origin_y="5" navel_x="80" navel_y="17" z="weapon" image="stabOF.2.weapon.png"/></f></s>
<s name="proneStab"><f name="0" ><p name="proneStab"  origin_x="5" origin_y="3" navel_x="70" navel_y="15" z="weaponBelowArm" image="proneStab.0.weapon.png"/></f><f name="1" ><p name="proneStab"  origin_x="5" origin_y="3" navel_x="84" navel_y="15" z="weaponBelowArm" image="proneStab.1.weapon.png"/></f></s>
<s name="prone"><f name="0" ><p name="pointer"  pointer="proneStab/0/weapon"/></f></s>
<s name="fly"><f name="0" ><p name="fly"  origin_x="13" origin_y="5" navel_x="-5" navel_y="61" z="weaponOverArm" image="fly.0.weapon.png"/></f><f name="1" ><p name="pointer"  pointer="fly/0/weapon"/></f></s>
<s name="jump"><f name="0" ><p name="jump"  origin_x="13" origin_y="5" navel_x="-5" navel_y="58" z="weaponOverArm" image="jump.0.weapon.png"/></f></s>
<s name="ladder"><f name="0" ><p name="ladder"  origin_x="12" origin_y="5" navel_x="19" navel_y="28" z="backWeaponOverShield" image="ladder.0.weapon.png"/></f><f name="1" ><p name="ladder"  origin_x="12" origin_y="5" navel_x="18" navel_y="28" z="backWeaponOverShield" image="ladder.1.weapon.png"/></f></s>
<s name="rope"><f name="0" ><p name="rope"  origin_x="12" origin_y="5" navel_x="19" navel_y="25" z="backWeaponOverShield" image="rope.0.weapon.png"/></f><f name="1" ><p name="rope"  origin_x="12" origin_y="5" navel_x="17" navel_y="25" z="backWeaponOverShield" image="rope.1.weapon.png"/></f></s>
</i>
