<i>
<s name="walk1"><f name="0" ><p name="walk1"  origin_x="9" origin_y="7" navel_x="18" navel_y="9" z="shield" image="walk1.0.shield.png"/></f><f name="1" ><p name="walk1"  origin_x="9" origin_y="6" navel_x="13" navel_y="9" z="shield" image="walk1.1.shield.png"/></f><f name="2" ><p name="pointer"  pointer="walk1/0/shield"/></f><f name="3" ><p name="walk1"  origin_x="9" origin_y="6" navel_x="19" navel_y="15" z="shield" image="walk1.3.shield.png"/></f></s>
<s name="stand1"><f name="0" ><p name="stand1"  origin_x="9" origin_y="6" navel_x="14" navel_y="6" z="shieldBelowBody" image="stand1.0.shield.png"/></f><f name="1" ><p name="stand1"  origin_x="9" origin_y="6" navel_x="16" navel_y="7" z="shieldBelowBody" image="stand1.1.shield.png"/></f><f name="2" ><p name="stand1"  origin_x="9" origin_y="6" navel_x="18" navel_y="6" z="shieldBelowBody" image="stand1.2.shield.png"/></f></s>
<s name="alert"><f name="0" ><p name="alert"  origin_x="10" origin_y="5" navel_x="24" navel_y="13" z="shieldOverHair" image="alert.0.shield.png"/></f><f name="1" ><p name="alert"  origin_x="10" origin_y="6" navel_x="23" navel_y="11" z="shieldOverHair" image="alert.1.shield.png"/></f><f name="2" ><p name="alert"  origin_x="9" origin_y="6" navel_x="24" navel_y="9" z="shieldOverHair" image="alert.2.shield.png"/></f></s>
<s name="swingO1"><f name="0" ><p name="swingO1"  origin_x="10" origin_y="5" navel_x="5" navel_y="17" z="shieldBelowBody" image="swingO1.0.shield.png"/></f><f name="1" ><p name="swingO1"  origin_x="10" origin_y="6" navel_x="-3" navel_y="12" z="shieldBelowBody" image="swingO1.1.shield.png"/></f><f name="2" ><p name="swingO1"  origin_x="9" origin_y="6" navel_x="15" navel_y="15" z="shieldBelowBody" image="swingO1.2.shield.png"/></f></s>
<s name="swingO2"><f name="0" ><p name="swingO2"  origin_x="10" origin_y="5" navel_x="17" navel_y="8" z="shieldBelowBody" image="swingO2.0.shield.png"/></f><f name="1" ><p name="swingO2"  origin_x="10" origin_y="6" navel_x="15" navel_y="18" z="shieldBelowBody" image="swingO2.1.shield.png"/></f><f name="2" ><p name="swingO2"  origin_x="9" origin_y="6" navel_x="30" navel_y="22" z="shieldBelowBody" image="swingO2.2.shield.png"/></f></s>
<s name="swingO3"><f name="0" ><p name="swingO3"  origin_x="10" origin_y="5" navel_x="43" navel_y="16" z="shieldBelowBody" image="swingO3.0.shield.png"/></f><f name="1" ><p name="swingO3"  origin_x="10" origin_y="6" navel_x="14" navel_y="20" z="shieldBelowBody" image="swingO3.1.shield.png"/></f><f name="2" ><p name="swingO3"  origin_x="9" origin_y="6" navel_x="2" navel_y="16" z="shieldBelowBody" image="swingO3.2.shield.png"/></f></s>
<s name="swingOF"><f name="0" ><p name="swingOF"  origin_x="9" origin_y="7" navel_x="23" navel_y="20" z="shieldOverHair" image="swingOF.0.shield.png"/></f><f name="1" ><p name="swingOF"  origin_x="10" origin_y="6" navel_x="-7" navel_y="20" z="backShield" image="swingOF.1.shield.png"/></f><f name="2" ><p name="swingOF"  origin_x="9" origin_y="6" navel_x="10" navel_y="23" z="shieldBelowBody" image="swingOF.2.shield.png"/></f><f name="3" ><p name="swingOF"  origin_x="10" origin_y="5" navel_x="39" navel_y="14" z="shieldBelowBody" image="swingOF.3.shield.png"/></f></s>
<s name="stabO1"><f name="0" ><p name="stabO1"  origin_x="10" origin_y="5" navel_x="34" navel_y="25" z="shieldOverHair" image="stabO1.0.shield.png"/></f><f name="1" ><p name="stabO1"  origin_x="10" origin_y="6" navel_x="13" navel_y="17" z="shieldBelowBody" image="stabO1.1.shield.png"/></f></s>
<s name="stabO2"><f name="0" ><p name="stabO2"  origin_x="10" origin_y="5" navel_x="40" navel_y="18" z="shieldBelowBody" image="stabO2.0.shield.png"/></f><f name="1" ><p name="stabO2"  origin_x="10" origin_y="6" navel_x="12" navel_y="15" z="shieldBelowBody" image="stabO2.1.shield.png"/></f></s>
<s name="stabOF"><f name="0" ><p name="stabOF"  origin_x="10" origin_y="5" navel_x="18" navel_y="22" z="shieldOverHair" image="stabOF.0.shield.png"/></f><f name="1" ><p name="stabOF"  origin_x="10" origin_y="6" navel_x="50" navel_y="18" z="shieldBelowBody" image="stabOF.1.shield.png"/></f><f name="2" ><p name="stabOF"  origin_x="10" origin_y="6" navel_x="32" navel_y="17" z="shieldBelowBody" image="stabOF.2.shield.png"/></f></s>
<s name="proneStab"><f name="0" ><p name="proneStab"  origin_x="10" origin_y="5" navel_x="39" navel_y="25" z="shieldBelowBody" image="proneStab.0.shield.png"/></f><f name="1" ><p name="pointer"  pointer="proneStab/0/shield"/></f></s>
<s name="prone"><f name="0" ><p name="pointer"  pointer="proneStab/0/shield"/></f></s>
<s name="heal"><f name="0" ><p name="pointer"  pointer="alert/1/shield"/></f><f name="1" ><p name="pointer"  pointer="swingO2/1/shield"/></f><f name="2" ><p name="pointer"  pointer="swingO2/0/shield"/></f></s>
<s name="fly"><f name="0" ><p name="fly"  origin_x="10" origin_y="5" navel_x="16" navel_y="14" z="shieldBelowBody" image="fly.0.shield.png"/></f><f name="1" ><p name="pointer"  pointer="fly/0/shield"/></f></s>
<s name="jump"><f name="0" ><p name="jump"  origin_x="10" origin_y="5" navel_x="15" navel_y="13" z="shieldBelowBody" image="jump.0.shield.png"/></f></s>
</i>
