  <i name="5000036">
  <i name="stand0">
    <i name="0">
      <i name="origin">
        <i name="x" value="18"/>
        <i name="y" value="54"/>
      </i>
      <i name="image" value="5000036.stand0.0.png"/>
    </i>
    <i name="1">
      <i name="origin">
        <i name="x" value="18"/>
        <i name="y" value="55"/>
      </i>
      <i name="image" value="5000036.stand0.1.png"/>
    </i>
    <i name="2">
      <i name="origin">
        <i name="x" value="18"/>
        <i name="y" value="54"/>
      </i>
      <i name="image" value="5000036.stand0.2.png"/>
    </i>
    <i name="3">
      <i name="origin">
        <i name="x" value="18"/>
        <i name="y" value="53"/>
      </i>
      <i name="image" value="5000036.stand0.3.png"/>
    </i>
    <i name="4">
      <i name="origin">
        <i name="x" value="18"/>
        <i name="y" value="54"/>
      </i>
      <i name="image" value="5000036.stand0.4.png"/>
    </i>
    <i name="5">
      <i name="origin">
        <i name="x" value="18"/>
        <i name="y" value="55"/>
      </i>
      <i name="image" value="5000036.stand0.5.png"/>
    </i>
    <i name="6">
      <i name="origin">
        <i name="x" value="18"/>
        <i name="y" value="54"/>
      </i>
      <i name="image" value="5000036.stand0.6.png"/>
    </i>
    <i name="7">
      <i name="origin">
        <i name="x" value="18"/>
        <i name="y" value="53"/>
      </i>
      <i name="image" value="5000036.stand0.7.png"/>
    </i>
  </i>
  <i name="stand1">
    <i name="0">
      <i name="origin">
        <i name="x" value="18"/>
        <i name="y" value="54"/>
      </i>
      <i name="image" value="5000036.stand1.0.png"/>
    </i>
    <i name="1">
      <i name="origin">
        <i name="x" value="18"/>
        <i name="y" value="55"/>
      </i>
      <i name="image" value="5000036.stand1.1.png"/>
    </i>
    <i name="2">
      <i name="origin">
        <i name="x" value="18"/>
        <i name="y" value="54"/>
      </i>
      <i name="image" value="5000036.stand1.2.png"/>
    </i>
    <i name="3">
      <i name="origin">
        <i name="x" value="18"/>
        <i name="y" value="53"/>
      </i>
      <i name="image" value="5000036.stand1.3.png"/>
    </i>
    <i name="4">
      <i name="origin">
        <i name="x" value="18"/>
        <i name="y" value="54"/>
      </i>
      <i name="image" value="5000036.stand1.4.png"/>
    </i>
    <i name="5">
      <i name="origin">
        <i name="x" value="18"/>
        <i name="y" value="55"/>
      </i>
      <i name="image" value="5000036.stand1.5.png"/>
    </i>
    <i name="6">
      <i name="origin">
        <i name="x" value="18"/>
        <i name="y" value="54"/>
      </i>
      <i name="image" value="5000036.stand1.6.png"/>
    </i>
    <i name="7">
      <i name="origin">
        <i name="x" value="18"/>
        <i name="y" value="53"/>
      </i>
      <i name="image" value="5000036.stand1.7.png"/>
    </i>
  </i>
  <i name="hungry">
    <i name="0">
      <i name="origin">
        <i name="x" value="8"/>
        <i name="y" value="58"/>
      </i>
      <i name="image" value="5000036.hungry.0.png"/>
    </i>
    <i name="1">
      <i name="origin">
        <i name="x" value="8"/>
        <i name="y" value="59"/>
      </i>
      <i name="image" value="5000036.hungry.1.png"/>
    </i>
  </i>
  <i name="move">
    <i name="0">
      <i name="origin">
        <i name="x" value="18"/>
        <i name="y" value="54"/>
      </i>
      <i name="image" value="5000036.move.0.png"/>
    </i>
    <i name="1">
      <i name="origin">
        <i name="x" value="18"/>
        <i name="y" value="55"/>
      </i>
      <i name="image" value="5000036.move.1.png"/>
    </i>
    <i name="2">
      <i name="origin">
        <i name="x" value="18"/>
        <i name="y" value="54"/>
      </i>
      <i name="image" value="5000036.move.2.png"/>
    </i>
    <i name="3">
      <i name="origin">
        <i name="x" value="18"/>
        <i name="y" value="53"/>
      </i>
      <i name="image" value="5000036.move.3.png"/>
    </i>
  </i>
  <i name="jump">
    <i name="0">
      <i name="origin">
        <i name="x" value="22"/>
        <i name="y" value="62"/>
      </i>
      <i name="image" value="5000036.jump.0.png"/>
    </i>
  </i>
  <i name="rest0">
    <i name="0">
      <i name="origin">
        <i name="x" value="19"/>
        <i name="y" value="43"/>
      </i>
      <i name="image" value="5000036.rest0.0.png"/>
    </i>
    <i name="1">
      <i name="origin">
        <i name="x" value="19"/>
        <i name="y" value="43"/>
      </i>
      <i name="image" value="5000036.rest0.1.png"/>
    </i>
    <i name="2">
      <i name="origin">
        <i name="x" value="19"/>
        <i name="y" value="43"/>
      </i>
      <i name="image" value="5000036.rest0.2.png"/>
    </i>
    <i name="3">
      <i name="origin">
        <i name="x" value="19"/>
        <i name="y" value="43"/>
      </i>
      <i name="image" value="5000036.rest0.3.png"/>
    </i>
    <i name="4">
      <i name="origin">
        <i name="x" value="19"/>
        <i name="y" value="43"/>
      </i>
      <i name="image" value="5000036.rest0.4.png"/>
    </i>
  </i>
  <i name="chat">
    <i name="0">
      <i name="origin">
        <i name="x" value="18"/>
        <i name="y" value="54"/>
      </i>
      <i name="image" value="5000036.chat.0.png"/>
    </i>
    <i name="1">
      <i name="origin">
        <i name="x" value="18"/>
        <i name="y" value="54"/>
      </i>
      <i name="image" value="5000036.chat.1.png"/>
    </i>
    <i name="2">
      <i name="pointer" value="5000036/chat/0"/>
    </i>
    <i name="3">
      <i name="pointer" value="5000036/chat/1"/>
    </i>
    <i name="4">
      <i name="pointer" value="5000036/chat/0"/>
    </i>
    <i name="5">
      <i name="pointer" value="5000036/chat/1"/>
    </i>
    <i name="6">
      <i name="pointer" value="5000036/chat/0"/>
    </i>
    <i name="7">
      <i name="pointer" value="5000036/chat/1"/>
    </i>
    <i name="8">
      <i name="pointer" value="5000036/chat/0"/>
    </i>
    <i name="9">
      <i name="pointer" value="5000036/chat/1"/>
    </i>
    <i name="10">
      <i name="pointer" value="5000036/chat/0"/>
    </i>
    <i name="11">
      <i name="pointer" value="5000036/chat/1"/>
    </i>
    <i name="12">
      <i name="pointer" value="5000036/chat/0"/>
    </i>
    <i name="13">
      <i name="pointer" value="5000036/chat/1"/>
    </i>
    <i name="14">
      <i name="pointer" value="5000036/chat/0"/>
    </i>
    <i name="15">
      <i name="pointer" value="5000036/chat/1"/>
    </i>
  </i>
  <i name="angry">
    <i name="0">
      <i name="origin">
        <i name="x" value="18"/>
        <i name="y" value="54"/>
      </i>
      <i name="image" value="5000036.angry.0.png"/>
    </i>
    <i name="1">
      <i name="origin">
        <i name="x" value="18"/>
        <i name="y" value="53"/>
      </i>
      <i name="image" value="5000036.angry.1.png"/>
    </i>
    <i name="2">
      <i name="origin">
        <i name="x" value="18"/>
        <i name="y" value="54"/>
      </i>
      <i name="image" value="5000036.angry.2.png"/>
    </i>
    <i name="3">
      <i name="origin">
        <i name="x" value="18"/>
        <i name="y" value="55"/>
      </i>
      <i name="image" value="5000036.angry.3.png"/>
    </i>
  </i>
  <i name="hang">
    <i name="0">
      <i name="origin">
        <i name="x" value="9"/>
        <i name="y" value="60"/>
      </i>
      <i name="image" value="5000036.hang.0.png"/>
    </i>
  </i>
  <i name="cry">
    <i name="0">
      <i name="origin">
        <i name="x" value="10"/>
        <i name="y" value="57"/>
      </i>
      <i name="image" value="5000036.cry.0.png"/>
    </i>
    <i name="1">
      <i name="origin">
        <i name="x" value="9"/>
        <i name="y" value="58"/>
      </i>
      <i name="image" value="5000036.cry.1.png"/>
    </i>
    <i name="2">
      <i name="pointer" value="5000036/cry/0"/>
    </i>
    <i name="3">
      <i name="pointer" value="5000036/cry/1"/>
    </i>
    <i name="4">
      <i name="pointer" value="5000036/cry/0"/>
    </i>
    <i name="5">
      <i name="pointer" value="5000036/cry/1"/>
    </i>
    <i name="6">
      <i name="pointer" value="5000036/cry/0"/>
    </i>
    <i name="7">
      <i name="pointer" value="5000036/cry/1"/>
    </i>
    <i name="8">
      <i name="pointer" value="5000036/cry/0"/>
    </i>
    <i name="9">
      <i name="pointer" value="5000036/cry/1"/>
    </i>
    <i name="10">
      <i name="pointer" value="5000036/cry/0"/>
    </i>
    <i name="11">
      <i name="pointer" value="5000036/cry/1"/>
    </i>
    <i name="12">
      <i name="pointer" value="5000036/cry/0"/>
    </i>
    <i name="13">
      <i name="pointer" value="5000036/cry/1"/>
    </i>
  </i>
  <i name="nap">
    <i name="0">
      <i name="origin">
        <i name="x" value="22"/>
        <i name="y" value="43"/>
      </i>
      <i name="image" value="5000036.nap.0.png"/>
    </i>
    <i name="1">
      <i name="origin">
        <i name="x" value="22"/>
        <i name="y" value="43"/>
      </i>
      <i name="image" value="5000036.nap.1.png"/>
    </i>
    <i name="2">
      <i name="origin">
        <i name="x" value="22"/>
        <i name="y" value="43"/>
      </i>
      <i name="image" value="5000036.nap.2.png"/>
    </i>
    <i name="3">
      <i name="origin">
        <i name="x" value="22"/>
        <i name="y" value="43"/>
      </i>
      <i name="image" value="5000036.nap.3.png"/>
    </i>
  </i>
  <i name="dung">
    <i name="0">
      <i name="origin">
        <i name="x" value="18"/>
        <i name="y" value="54"/>
      </i>
      <i name="image" value="5000036.dung.0.png"/>
    </i>
    <i name="1">
      <i name="origin">
        <i name="x" value="18"/>
        <i name="y" value="55"/>
      </i>
      <i name="image" value="5000036.dung.1.png"/>
    </i>
    <i name="2">
      <i name="origin">
        <i name="x" value="18"/>
        <i name="y" value="56"/>
      </i>
      <i name="image" value="5000036.dung.2.png"/>
    </i>
    <i name="3">
      <i name="origin">
        <i name="x" value="18"/>
        <i name="y" value="55"/>
      </i>
      <i name="image" value="5000036.dung.3.png"/>
    </i>
    <i name="4">
      <i name="origin">
        <i name="x" value="18"/>
        <i name="y" value="54"/>
      </i>
      <i name="image" value="5000036.dung.4.png"/>
    </i>
    <i name="5">
      <i name="origin">
        <i name="x" value="18"/>
        <i name="y" value="54"/>
      </i>
      <i name="image" value="5000036.dung.5.png"/>
    </i>
  </i>
  <i name="eat">
    <i name="0">
      <i name="origin">
        <i name="x" value="18"/>
        <i name="y" value="56"/>
      </i>
      <i name="image" value="5000036.eat.0.png"/>
    </i>
    <i name="1">
      <i name="origin">
        <i name="x" value="18"/>
        <i name="y" value="57"/>
      </i>
      <i name="image" value="5000036.eat.1.png"/>
    </i>
    <i name="2">
      <i name="origin">
        <i name="x" value="18"/>
        <i name="y" value="56"/>
      </i>
      <i name="image" value="5000036.eat.2.png"/>
    </i>
    <i name="3">
      <i name="origin">
        <i name="x" value="18"/>
        <i name="y" value="57"/>
      </i>
      <i name="image" value="5000036.eat.3.png"/>
    </i>
  </i>
  <i name="fly">
    <i name="0">
      <i name="origin">
        <i name="x" value="18"/>
        <i name="y" value="54"/>
      </i>
      <i name="image" value="5000036.fly.0.png"/>
    </i>
    <i name="1">
      <i name="origin">
        <i name="x" value="19"/>
        <i name="y" value="55"/>
      </i>
      <i name="image" value="5000036.fly.1.png"/>
    </i>
    <i name="2">
      <i name="origin">
        <i name="x" value="18"/>
        <i name="y" value="56"/>
      </i>
      <i name="image" value="5000036.fly.2.png"/>
    </i>
    <i name="3">
      <i name="origin">
        <i name="x" value="17"/>
        <i name="y" value="55"/>
      </i>
      <i name="image" value="5000036.fly.3.png"/>
    </i>
    <i name="4">
      <i name="origin">
        <i name="x" value="18"/>
        <i name="y" value="54"/>
      </i>
      <i name="image" value="5000036.fly.4.png"/>
    </i>
  </i>
  <i name="good">
    <i name="0">
      <i name="origin">
        <i name="x" value="18"/>
        <i name="y" value="54"/>
      </i>
      <i name="image" value="5000036.good.0.png"/>
    </i>
    <i name="1">
      <i name="origin">
        <i name="x" value="29"/>
        <i name="y" value="69"/>
      </i>
      <i name="image" value="5000036.good.1.png"/>
    </i>
    <i name="2">
      <i name="origin">
        <i name="x" value="-2"/>
        <i name="y" value="85"/>
      </i>
      <i name="image" value="5000036.good.2.png"/>
    </i>
    <i name="3">
      <i name="origin">
        <i name="x" value="-17"/>
        <i name="y" value="12"/>
      </i>
      <i name="image" value="5000036.good.3.png"/>
    </i>
    <i name="4">
      <i name="origin">
        <i name="x" value="5"/>
        <i name="y" value="-5"/>
      </i>
      <i name="image" value="5000036.good.4.png"/>
    </i>
    <i name="5">
      <i name="origin">
        <i name="x" value="18"/>
        <i name="y" value="55"/>
      </i>
      <i name="image" value="5000036.good.5.png"/>
    </i>
    <i name="6">
      <i name="origin">
        <i name="x" value="18"/>
        <i name="y" value="54"/>
      </i>
      <i name="image" value="5000036.good.6.png"/>
    </i>
    <i name="7">
      <i name="origin">
        <i name="x" value="18"/>
        <i name="y" value="53"/>
      </i>
      <i name="image" value="5000036.good.7.png"/>
    </i>
    <i name="8">
      <i name="origin">
        <i name="x" value="18"/>
        <i name="y" value="54"/>
      </i>
      <i name="image" value="5000036.good.8.png"/>
    </i>
    <i name="9">
      <i name="origin">
        <i name="x" value="18"/>
        <i name="y" value="55"/>
      </i>
      <i name="image" value="5000036.good.9.png"/>
    </i>
  </i>
  <i name="change">
    <i name="0">
      <i name="origin">
        <i name="x" value="18"/>
        <i name="y" value="54"/>
      </i>
      <i name="image" value="5000036.change.0.png"/>
    </i>
    <i name="1">
      <i name="origin">
        <i name="x" value="18"/>
        <i name="y" value="55"/>
      </i>
      <i name="image" value="5000036.change.1.png"/>
    </i>
    <i name="2">
      <i name="origin">
        <i name="x" value="18"/>
        <i name="y" value="57"/>
      </i>
      <i name="image" value="5000036.change.2.png"/>
    </i>
    <i name="3">
      <i name="origin">
        <i name="x" value="17"/>
        <i name="y" value="58"/>
      </i>
      <i name="image" value="5000036.change.3.png"/>
    </i>
    <i name="4">
      <i name="origin">
        <i name="x" value="18"/>
        <i name="y" value="63"/>
      </i>
      <i name="image" value="5000036.change.4.png"/>
    </i>
    <i name="5">
      <i name="origin">
        <i name="x" value="18"/>
        <i name="y" value="66"/>
      </i>
      <i name="image" value="5000036.change.5.png"/>
    </i>
    <i name="6">
      <i name="origin">
        <i name="x" value="18"/>
        <i name="y" value="69"/>
      </i>
      <i name="image" value="5000036.change.6.png"/>
    </i>
    <i name="7">
      <i name="origin">
        <i name="x" value="18"/>
        <i name="y" value="65"/>
      </i>
      <i name="image" value="5000036.change.7.png"/>
    </i>
    <i name="8">
      <i name="origin">
        <i name="x" value="18"/>
        <i name="y" value="62"/>
      </i>
      <i name="image" value="5000036.change.8.png"/>
    </i>
    <i name="9">
      <i name="origin">
        <i name="x" value="18"/>
        <i name="y" value="76"/>
      </i>
      <i name="image" value="5000036.change.9.png"/>
    </i>
    <i name="10">
      <i name="origin">
        <i name="x" value="19"/>
        <i name="y" value="103"/>
      </i>
      <i name="image" value="5000036.change.10.png"/>
    </i>
    <i name="11">
      <i name="origin">
        <i name="x" value="16"/>
        <i name="y" value="138"/>
      </i>
      <i name="image" value="5000036.change.11.png"/>
    </i>
    <i name="12">
      <i name="origin">
        <i name="x" value="51"/>
        <i name="y" value="63"/>
      </i>
      <i name="image" value="5000036.change.12.png"/>
    </i>
    <i name="13">
      <i name="origin">
        <i name="x" value="18"/>
        <i name="y" value="64"/>
      </i>
      <i name="image" value="5000036.change.13.png"/>
    </i>
    <i name="14">
      <i name="origin">
        <i name="x" value="18"/>
        <i name="y" value="59"/>
      </i>
      <i name="image" value="5000036.change.14.png"/>
    </i>
    <i name="15">
      <i name="origin">
        <i name="x" value="18"/>
        <i name="y" value="57"/>
      </i>
      <i name="image" value="5000036.change.15.png"/>
    </i>
    <i name="16">
      <i name="origin">
        <i name="x" value="18"/>
        <i name="y" value="56"/>
      </i>
      <i name="image" value="5000036.change.16.png"/>
    </i>
    <i name="17">
      <i name="origin">
        <i name="x" value="18"/>
        <i name="y" value="55"/>
      </i>
      <i name="image" value="5000036.change.17.png"/>
    </i>
  </i>
  </i>
