  <i name="3211004">
  <i name="effect">
    <i name="0">
      <i name="origin">
        <i name="x" value="94"/>
        <i name="y" value="99"/>
      </i>
      <i name="delay" value="65"/>
      <i name="image" value="3211004.effect.0.png"/>
    </i>
    <i name="1">
      <i name="origin">
        <i name="x" value="94"/>
        <i name="y" value="99"/>
      </i>
      <i name="delay" value="65"/>
      <i name="image" value="3211004.effect.1.png"/>
    </i>
    <i name="2">
      <i name="origin">
        <i name="x" value="84"/>
        <i name="y" value="93"/>
      </i>
      <i name="delay" value="65"/>
      <i name="image" value="3211004.effect.2.png"/>
    </i>
    <i name="3">
      <i name="origin">
        <i name="x" value="77"/>
        <i name="y" value="86"/>
      </i>
      <i name="delay" value="65"/>
      <i name="image" value="3211004.effect.3.png"/>
    </i>
    <i name="4">
      <i name="origin">
        <i name="x" value="77"/>
        <i name="y" value="81"/>
      </i>
      <i name="delay" value="65"/>
      <i name="image" value="3211004.effect.4.png"/>
    </i>
    <i name="5">
      <i name="origin">
        <i name="x" value="61"/>
        <i name="y" value="50"/>
      </i>
      <i name="delay" value="65"/>
      <i name="image" value="3211004.effect.5.png"/>
    </i>
    <i name="6">
      <i name="origin">
        <i name="x" value="70"/>
        <i name="y" value="50"/>
      </i>
      <i name="delay" value="65"/>
      <i name="image" value="3211004.effect.6.png"/>
    </i>
    <i name="7">
      <i name="origin">
        <i name="x" value="75"/>
        <i name="y" value="50"/>
      </i>
      <i name="delay" value="65"/>
      <i name="image" value="3211004.effect.7.png"/>
    </i>
    <i name="8">
      <i name="origin">
        <i name="x" value="75"/>
        <i name="y" value="50"/>
      </i>
      <i name="delay" value="65"/>
      <i name="image" value="3211004.effect.8.png"/>
    </i>
    <i name="9">
      <i name="origin">
        <i name="x" value="75"/>
        <i name="y" value="64"/>
      </i>
      <i name="delay" value="65"/>
      <i name="image" value="3211004.effect.9.png"/>
    </i>
    <i name="10">
      <i name="origin">
        <i name="x" value="60"/>
        <i name="y" value="90"/>
      </i>
      <i name="delay" value="65"/>
      <i name="image" value="3211004.effect.10.png"/>
    </i>
    <i name="11">
      <i name="origin">
        <i name="x" value="61"/>
        <i name="y" value="-32"/>
      </i>
      <i name="delay" value="65"/>
      <i name="image" value="3211004.effect.11.png"/>
    </i>
  </i>
  <i name="special">
    <i name="0">
      <i name="0">
        <i name="origin">
          <i name="x" value="10"/>
          <i name="y" value="50"/>
        </i>
        <i name="image" value="3211004.special.0.0.png"/>
      </i>
    </i>
  </i>
  <i name="hit">
    <i name="0">
      <i name="0">
        <i name="origin">
          <i name="x" value="28"/>
          <i name="y" value="55"/>
        </i>
        <i name="delay" value="120"/>
        <i name="image" value="3211004.hit.0.0.png"/>
      </i>
      <i name="1">
        <i name="origin">
          <i name="x" value="44"/>
          <i name="y" value="120"/>
        </i>
        <i name="delay" value="120"/>
        <i name="image" value="3211004.hit.0.1.png"/>
      </i>
      <i name="2">
        <i name="origin">
          <i name="x" value="68"/>
          <i name="y" value="165"/>
        </i>
        <i name="delay" value="120"/>
        <i name="image" value="3211004.hit.0.2.png"/>
      </i>
    </i>
  </i>
  </i>
