  <i name="1211002">
  <i name="hit">
    <i name="1">
      <i name="0">
        <i name="origin">
          <i name="x" value="44"/>
          <i name="y" value="53"/>
        </i>
        <i name="delay" value="100"/>
        <i name="image" value="1211002.hit.0.1.0.png"/>
      </i>
      <i name="1">
        <i name="origin">
          <i name="x" value="56"/>
          <i name="y" value="60"/>
        </i>
        <i name="delay" value="100"/>
        <i name="image" value="1211002.hit.0.1.1.png"/>
      </i>
      <i name="2">
        <i name="origin">
          <i name="x" value="45"/>
          <i name="y" value="50"/>
        </i>
        <i name="delay" value="100"/>
        <i name="image" value="1211002.hit.0.1.2.png"/>
      </i>
      <i name="3">
        <i name="origin">
          <i name="x" value="43"/>
          <i name="y" value="43"/>
        </i>
        <i name="delay" value="100"/>
        <i name="image" value="1211002.hit.0.1.3.png"/>
      </i>
    </i>
    <i name="2">
      <i name="0">
        <i name="origin">
          <i name="x" value="38"/>
          <i name="y" value="39"/>
        </i>
        <i name="delay" value="100"/>
        <i name="image" value="1211002.hit.0.2.0.png"/>
      </i>
      <i name="1">
        <i name="origin">
          <i name="x" value="55"/>
          <i name="y" value="55"/>
        </i>
        <i name="delay" value="100"/>
        <i name="image" value="1211002.hit.0.2.1.png"/>
      </i>
      <i name="2">
        <i name="origin">
          <i name="x" value="55"/>
          <i name="y" value="62"/>
        </i>
        <i name="delay" value="100"/>
        <i name="image" value="1211002.hit.0.2.2.png"/>
      </i>
      <i name="3">
        <i name="origin">
          <i name="x" value="49"/>
          <i name="y" value="49"/>
        </i>
        <i name="delay" value="100"/>
        <i name="image" value="1211002.hit.0.2.3.png"/>
      </i>
    </i>
    <i name="3">
      <i name="0">
        <i name="origin">
          <i name="x" value="33"/>
          <i name="y" value="43"/>
        </i>
        <i name="delay" value="100"/>
        <i name="image" value="1211002.hit.0.3.0.png"/>
      </i>
      <i name="1">
        <i name="origin">
          <i name="x" value="44"/>
          <i name="y" value="49"/>
        </i>
        <i name="delay" value="100"/>
        <i name="image" value="1211002.hit.0.3.1.png"/>
      </i>
      <i name="2">
        <i name="origin">
          <i name="x" value="39"/>
          <i name="y" value="43"/>
        </i>
        <i name="delay" value="100"/>
        <i name="image" value="1211002.hit.0.3.2.png"/>
      </i>
      <i name="3">
        <i name="origin">
          <i name="x" value="45"/>
          <i name="y" value="44"/>
        </i>
        <i name="delay" value="100"/>
        <i name="image" value="1211002.hit.0.3.3.png"/>
      </i>
    </i>
    <i name="5">
      <i name="0">
        <i name="origin">
          <i name="x" value="43"/>
          <i name="y" value="95"/>
        </i>
        <i name="delay" value="100"/>
        <i name="image" value="1211002.hit.0.5.0.png"/>
      </i>
      <i name="1">
        <i name="origin">
          <i name="x" value="56"/>
          <i name="y" value="111"/>
        </i>
        <i name="delay" value="100"/>
        <i name="image" value="1211002.hit.0.5.1.png"/>
      </i>
      <i name="2">
        <i name="origin">
          <i name="x" value="58"/>
          <i name="y" value="119"/>
        </i>
        <i name="delay" value="100"/>
        <i name="image" value="1211002.hit.0.5.2.png"/>
      </i>
      <i name="3">
        <i name="origin">
          <i name="x" value="60"/>
          <i name="y" value="122"/>
        </i>
        <i name="delay" value="100"/>
        <i name="image" value="1211002.hit.0.5.3.png"/>
      </i>
      <i name="4">
        <i name="origin">
          <i name="x" value="56"/>
          <i name="y" value="127"/>
        </i>
        <i name="delay" value="100"/>
        <i name="image" value="1211002.hit.0.5.4.png"/>
      </i>
      <i name="5">
        <i name="origin">
          <i name="x" value="55"/>
          <i name="y" value="126"/>
        </i>
        <i name="delay" value="100"/>
        <i name="image" value="1211002.hit.0.5.5.png"/>
      </i>
      <i name="6">
        <i name="origin">
          <i name="x" value="53"/>
          <i name="y" value="123"/>
        </i>
        <i name="delay" value="100"/>
        <i name="image" value="1211002.hit.0.5.6.png"/>
      </i>
      <i name="7">
        <i name="origin">
          <i name="x" value="51"/>
          <i name="y" value="122"/>
        </i>
        <i name="delay" value="100"/>
        <i name="image" value="1211002.hit.0.5.7.png"/>
      </i>
    </i>
  </i>
  <i name="effect">
    <i name="1">
      <i name="0">
        <i name="origin">
          <i name="x" value="65"/>
          <i name="y" value="95"/>
        </i>
        <i name="delay" value="80"/>
        <i name="image" value="1211002.effect.1.0.png"/>
      </i>
      <i name="1">
        <i name="origin">
          <i name="x" value="77"/>
          <i name="y" value="107"/>
        </i>
        <i name="delay" value="80"/>
        <i name="image" value="1211002.effect.1.1.png"/>
      </i>
      <i name="2">
        <i name="origin">
          <i name="x" value="72"/>
          <i name="y" value="100"/>
        </i>
        <i name="delay" value="80"/>
        <i name="image" value="1211002.effect.1.2.png"/>
      </i>
      <i name="3">
        <i name="origin">
          <i name="x" value="65"/>
          <i name="y" value="95"/>
        </i>
        <i name="delay" value="80"/>
        <i name="image" value="1211002.effect.1.3.png"/>
      </i>
      <i name="4">
        <i name="origin">
          <i name="x" value="42"/>
          <i name="y" value="73"/>
        </i>
        <i name="delay" value="80"/>
        <i name="image" value="1211002.effect.1.4.png"/>
      </i>
      <i name="5">
        <i name="origin">
          <i name="x" value="27"/>
          <i name="y" value="55"/>
        </i>
        <i name="delay" value="80"/>
        <i name="image" value="1211002.effect.1.5.png"/>
      </i>
    </i>
    <i name="2">
      <i name="0">
        <i name="origin">
          <i name="x" value="64"/>
          <i name="y" value="97"/>
        </i>
        <i name="delay" value="80"/>
        <i name="image" value="1211002.effect.2.0.png"/>
      </i>
      <i name="1">
        <i name="origin">
          <i name="x" value="77"/>
          <i name="y" value="106"/>
        </i>
        <i name="delay" value="80"/>
        <i name="image" value="1211002.effect.2.1.png"/>
      </i>
      <i name="2">
        <i name="origin">
          <i name="x" value="68"/>
          <i name="y" value="102"/>
        </i>
        <i name="delay" value="80"/>
        <i name="image" value="1211002.effect.2.2.png"/>
      </i>
      <i name="3">
        <i name="origin">
          <i name="x" value="64"/>
          <i name="y" value="97"/>
        </i>
        <i name="delay" value="80"/>
        <i name="image" value="1211002.effect.2.3.png"/>
      </i>
      <i name="4">
        <i name="origin">
          <i name="x" value="44"/>
          <i name="y" value="71"/>
        </i>
        <i name="delay" value="80"/>
        <i name="image" value="1211002.effect.2.4.png"/>
      </i>
      <i name="5">
        <i name="origin">
          <i name="x" value="27"/>
          <i name="y" value="55"/>
        </i>
        <i name="delay" value="80"/>
        <i name="image" value="1211002.effect.2.5.png"/>
      </i>
    </i>
    <i name="3">
      <i name="0">
        <i name="origin">
          <i name="x" value="59"/>
          <i name="y" value="90"/>
        </i>
        <i name="delay" value="80"/>
        <i name="image" value="1211002.effect.3.0.png"/>
      </i>
      <i name="1">
        <i name="origin">
          <i name="x" value="77"/>
          <i name="y" value="106"/>
        </i>
        <i name="delay" value="80"/>
        <i name="image" value="1211002.effect.3.1.png"/>
      </i>
      <i name="2">
        <i name="origin">
          <i name="x" value="64"/>
          <i name="y" value="92"/>
        </i>
        <i name="delay" value="80"/>
        <i name="image" value="1211002.effect.3.2.png"/>
      </i>
      <i name="3">
        <i name="origin">
          <i name="x" value="59"/>
          <i name="y" value="90"/>
        </i>
        <i name="delay" value="80"/>
        <i name="image" value="1211002.effect.3.3.png"/>
      </i>
      <i name="4">
        <i name="origin">
          <i name="x" value="43"/>
          <i name="y" value="70"/>
        </i>
        <i name="delay" value="80"/>
        <i name="image" value="1211002.effect.3.4.png"/>
      </i>
      <i name="5">
        <i name="origin">
          <i name="x" value="27"/>
          <i name="y" value="55"/>
        </i>
        <i name="delay" value="80"/>
        <i name="image" value="1211002.effect.3.5.png"/>
      </i>
    </i>
    <i name="5">
      <i name="0">
        <i name="origin">
          <i name="x" value="22"/>
          <i name="y" value="19"/>
        </i>
        <i name="delay" value="100"/>
        <i name="image" value="1211002.effect.5.0.png"/>
      </i>
      <i name="1">
        <i name="origin">
          <i name="x" value="28"/>
          <i name="y" value="28"/>
        </i>
        <i name="delay" value="100"/>
        <i name="image" value="1211002.effect.5.1.png"/>
      </i>
      <i name="2">
        <i name="origin">
          <i name="x" value="39"/>
          <i name="y" value="83"/>
        </i>
        <i name="delay" value="100"/>
        <i name="image" value="1211002.effect.5.2.png"/>
      </i>
      <i name="3">
        <i name="origin">
          <i name="x" value="47"/>
          <i name="y" value="80"/>
        </i>
        <i name="delay" value="100"/>
        <i name="image" value="1211002.effect.5.3.png"/>
      </i>
      <i name="4">
        <i name="origin">
          <i name="x" value="49"/>
          <i name="y" value="79"/>
        </i>
        <i name="delay" value="100"/>
        <i name="image" value="1211002.effect.5.4.png"/>
      </i>
      <i name="5">
        <i name="origin">
          <i name="x" value="61"/>
          <i name="y" value="119"/>
        </i>
        <i name="delay" value="100"/>
        <i name="image" value="1211002.effect.5.5.png"/>
      </i>
      <i name="6">
        <i name="origin">
          <i name="x" value="81"/>
          <i name="y" value="151"/>
        </i>
        <i name="delay" value="100"/>
        <i name="image" value="1211002.effect.5.6.png"/>
      </i>
      <i name="7">
        <i name="origin">
          <i name="x" value="83"/>
          <i name="y" value="151"/>
        </i>
        <i name="delay" value="100"/>
        <i name="image" value="1211002.effect.5.7.png"/>
      </i>
      <i name="8">
        <i name="origin">
          <i name="x" value="93"/>
          <i name="y" value="151"/>
        </i>
        <i name="delay" value="100"/>
        <i name="image" value="1211002.effect.5.8.png"/>
      </i>
      <i name="9">
        <i name="origin">
          <i name="x" value="94"/>
          <i name="y" value="151"/>
        </i>
        <i name="delay" value="100"/>
        <i name="image" value="1211002.effect.5.9.png"/>
      </i>
      <i name="10">
        <i name="origin">
          <i name="x" value="97"/>
          <i name="y" value="150"/>
        </i>
        <i name="delay" value="100"/>
        <i name="image" value="1211002.effect.5.10.png"/>
      </i>
      <i name="11">
        <i name="origin">
          <i name="x" value="110"/>
          <i name="y" value="150"/>
        </i>
        <i name="delay" value="100"/>
        <i name="image" value="1211002.effect.5.11.png"/>
      </i>
      <i name="12">
        <i name="origin">
          <i name="x" value="110"/>
          <i name="y" value="149"/>
        </i>
        <i name="delay" value="100"/>
        <i name="image" value="1211002.effect.5.12.png"/>
      </i>
    </i>
  </i>
  <i name="mob">
    <i name="0">
      <i name="origin">
        <i name="x" value="33"/>
        <i name="y" value="9"/>
      </i>
      <i name="delay" value="100"/>
      <i name="image" value="1211002.mob.0.png"/>
    </i>
    <i name="1">
      <i name="origin">
        <i name="x" value="29"/>
        <i name="y" value="9"/>
      </i>
      <i name="delay" value="100"/>
      <i name="image" value="1211002.mob.1.png"/>
    </i>
    <i name="2">
      <i name="origin">
        <i name="x" value="28"/>
        <i name="y" value="9"/>
      </i>
      <i name="delay" value="100"/>
      <i name="image" value="1211002.mob.2.png"/>
    </i>
  </i>
  </i>
