  <i name="1301007">
  <i name="effect">
    <i name="0">
      <i name="origin">
        <i name="x" value="32"/>
        <i name="y" value="119"/>
      </i>
      <i name="delay" value="100"/>
      <i name="image" value="1301007.effect.0.png"/>
    </i>
    <i name="1">
      <i name="origin">
        <i name="x" value="32"/>
        <i name="y" value="138"/>
      </i>
      <i name="delay" value="100"/>
      <i name="image" value="1301007.effect.1.png"/>
    </i>
    <i name="2">
      <i name="origin">
        <i name="x" value="32"/>
        <i name="y" value="147"/>
      </i>
      <i name="delay" value="100"/>
      <i name="image" value="1301007.effect.2.png"/>
    </i>
    <i name="3">
      <i name="origin">
        <i name="x" value="32"/>
        <i name="y" value="147"/>
      </i>
      <i name="delay" value="200"/>
      <i name="image" value="1301007.effect.3.png"/>
    </i>
    <i name="4">
      <i name="origin">
        <i name="x" value="32"/>
        <i name="y" value="99"/>
      </i>
      <i name="delay" value="100"/>
      <i name="image" value="1301007.effect.4.png"/>
    </i>
    <i name="5">
      <i name="origin">
        <i name="x" value="32"/>
        <i name="y" value="111"/>
      </i>
      <i name="delay" value="80"/>
      <i name="image" value="1301007.effect.5.png"/>
    </i>
    <i name="6">
      <i name="origin">
        <i name="x" value="32"/>
        <i name="y" value="132"/>
      </i>
      <i name="delay" value="80"/>
      <i name="image" value="1301007.effect.6.png"/>
    </i>
    <i name="7">
      <i name="origin">
        <i name="x" value="23"/>
        <i name="y" value="115"/>
      </i>
      <i name="delay" value="80"/>
      <i name="image" value="1301007.effect.7.png"/>
    </i>
    <i name="8">
      <i name="origin">
        <i name="x" value="22"/>
        <i name="y" value="134"/>
      </i>
      <i name="delay" value="80"/>
      <i name="image" value="1301007.effect.8.png"/>
    </i>
    <i name="9">
      <i name="origin">
        <i name="x" value="21"/>
        <i name="y" value="130"/>
      </i>
      <i name="delay" value="80"/>
      <i name="image" value="1301007.effect.9.png"/>
    </i>
    <i name="10">
      <i name="origin">
        <i name="x" value="19"/>
        <i name="y" value="136"/>
      </i>
      <i name="delay" value="80"/>
      <i name="image" value="1301007.effect.10.png"/>
    </i>
  </i>
  <i name="affected">
    <i name="0">
      <i name="origin">
        <i name="x" value="19"/>
        <i name="y" value="18"/>
      </i>
      <i name="delay" value="80"/>
      <i name="image" value="1301007.affected.0.png"/>
    </i>
    <i name="1">
      <i name="origin">
        <i name="x" value="24"/>
        <i name="y" value="58"/>
      </i>
      <i name="delay" value="80"/>
      <i name="image" value="1301007.affected.1.png"/>
    </i>
    <i name="2">
      <i name="origin">
        <i name="x" value="26"/>
        <i name="y" value="113"/>
      </i>
      <i name="delay" value="80"/>
      <i name="image" value="1301007.affected.2.png"/>
    </i>
    <i name="3">
      <i name="origin">
        <i name="x" value="23"/>
        <i name="y" value="115"/>
      </i>
      <i name="delay" value="80"/>
      <i name="image" value="1301007.affected.3.png"/>
    </i>
    <i name="4">
      <i name="origin">
        <i name="x" value="22"/>
        <i name="y" value="134"/>
      </i>
      <i name="delay" value="80"/>
      <i name="image" value="1301007.affected.4.png"/>
    </i>
    <i name="5">
      <i name="origin">
        <i name="x" value="21"/>
        <i name="y" value="130"/>
      </i>
      <i name="delay" value="80"/>
      <i name="image" value="1301007.affected.5.png"/>
    </i>
    <i name="6">
      <i name="origin">
        <i name="x" value="19"/>
        <i name="y" value="136"/>
      </i>
      <i name="delay" value="80"/>
      <i name="image" value="1301007.affected.6.png"/>
    </i>
  </i>
  </i>
