<i>
  <s name="walk1">
    <f name="0">
      <p name="30"  origin_x="24" origin_y="9" hand_x="14" hand_y="0" z="weapon" image="30.walk1.0.weapon.png"/>
    </f>
    <f name="1">
      <p name="30"  origin_x="21" origin_y="13" hand_x="10" hand_y="3" z="weapon" image="30.walk1.1.weapon.png"/>
    </f>
    <f name="2">
      <p name="30"  origin_x="24" origin_y="9" hand_x="14" hand_y="1" z="weapon" image="30.walk1.2.weapon.png"/>
    </f>
    <f name="3">
      <p name="30"  origin_x="24" origin_y="9" hand_x="13" hand_y="-1" z="weapon" image="30.walk1.3.weapon.png"/>
    </f>
  </s>
  <s name="stand1">
    <f name="0">
      <p name="30"  origin_x="25" origin_y="9" hand_x="14" hand_y="-4" z="weapon" image="30.stand1.0.weapon.png"/>
    </f>
    <f name="1">
      <p name="pointer"  pointer="30/stand1/0/weapon"/>
    </f>
    <f name="2">
      <p name="pointer"  pointer="30/stand1/0/weapon"/>
    </f>
  </s>
  <s name="alert">
    <f name="0">
      <p name="30"  origin_x="21" origin_y="13" hand_x="12" hand_y="4" z="weaponOverHand" image="30.alert.0.weapon.png"/>
    </f>
    <f name="1">
      <p name="30"  origin_x="21" origin_y="13" hand_x="11" hand_y="3" z="weaponOverHand" image="30.alert.1.weapon.png"/>
    </f>
    <f name="2">
      <p name="30"  origin_x="21" origin_y="13" hand_x="12" hand_y="2" z="weaponOverHand" image="30.alert.2.weapon.png"/>
    </f>
  </s>
  <s name="swingO1">
    <f name="0">
      <p name="30"  origin_x="24" origin_y="9" navel_x="-9" navel_y="-2" z="weaponBelowBody" image="30.swingO1.0.weapon.png"/>
    </f>
    <f name="1">
      <p name="30"  origin_x="25" origin_y="9" navel_x="-7" navel_y="-4" z="weaponBelowBody" image="30.swingO1.1.weapon.png"/>
    </f>
    <f name="2">
      <p name="30"  origin_x="21" origin_y="21" navel_x="-29" navel_y="29" z="weaponBelowArm" image="30.swingO1.2.weapon.png"/>
    </f>
  </s>
  <s name="swingO2">
    <f name="0">
      <p name="30"  origin_x="23" origin_y="13" navel_x="7" navel_y="17" z="weaponBelowBody" image="30.swingO2.0.weapon.png"/>
    </f>
    <f name="1">
      <p name="30"  origin_x="21" origin_y="20" navel_x="11" navel_y="21" z="weaponBelowBody" image="30.swingO2.1.weapon.png"/>
    </f>
    <f name="2">
      <p name="30"  origin_x="14" origin_y="25" navel_x="-19" navel_y="-13" z="weapon" image="30.swingO2.2.weapon.png"/>
    </f>
  </s>
  <s name="swingO3">
    <f name="0">
      <p name="30"  origin_x="9" origin_y="25" navel_x="-22" navel_y="25" z="weapon" image="30.swingO3.0.weapon.png"/>
    </f>
    <f name="1">
      <p name="30"  origin_x="24" origin_y="9" navel_x="32" navel_y="1" z="weaponOverBody" image="30.swingO3.1.weapon.png"/>
    </f>
    <f name="2">
      <p name="30"  origin_x="24" origin_y="9" navel_x="-12" navel_y="1" z="weaponBelowBody" image="30.swingO3.2.weapon.png"/>
    </f>
  </s>
  <s name="swingOF">
    <f name="0">
      <p name="30"  origin_x="14" origin_y="25" navel_x="-21" navel_y="-6" z="weapon" image="30.swingOF.0.weapon.png"/>
    </f>
    <f name="1">
      <p name="30"  origin_x="23" origin_y="13" navel_x="-6" navel_y="16" z="backWeapon" image="30.swingOF.1.weapon.png"/>
    </f>
    <f name="2">
      <p name="30"  origin_x="21" origin_y="20" navel_x="0" navel_y="24" z="weaponBelowBody" image="30.swingOF.2.weapon.png"/>
    </f>
    <f name="3">
      <p name="30"  origin_x="12" origin_y="5" navel_x="-19" navel_y="28" z="weaponBelowBody" image="30.swingOF.3.weapon.png"/>
    </f>
  </s>
  <s name="stabO1">
    <f name="0">
      <p name="30"  origin_x="24" origin_y="9" navel_x="0" navel_y="-3" z="weapon" image="30.stabO1.0.weapon.png"/>
    </f>
    <f name="1">
      <p name="30"  origin_x="24" origin_y="9" navel_x="39" navel_y="7" z="weapon" image="30.stabO1.1.weapon.png"/>
    </f>
  </s>
  <s name="stabO2">
    <f name="0">
      <p name="30"  origin_x="24" origin_y="9" navel_x="2" navel_y="11" z="weaponBelowArm" image="30.stabO2.0.weapon.png"/>
    </f>
    <f name="1">
      <p name="30"  origin_x="24" origin_y="9" navel_x="37" navel_y="5" z="weapon" image="30.stabO2.1.weapon.png"/>
    </f>
  </s>
  <s name="stabOF">
    <f name="0">
      <p name="30"  origin_x="24" origin_y="9" navel_x="7" navel_y="1" z="weapon" image="30.stabOF.0.weapon.png"/>
    </f>
    <f name="1">
      <p name="30"  origin_x="24" origin_y="9" navel_x="0" navel_y="3" z="weapon" image="30.stabOF.1.weapon.png"/>
    </f>
    <f name="2">
      <p name="30"  origin_x="24" origin_y="9" navel_x="41" navel_y="6" z="weapon" image="30.stabOF.2.weapon.png"/>
    </f>
  </s>
  <s name="proneStab">
    <f name="0">
      <p name="30"  origin_x="24" origin_y="9" navel_x="23" navel_y="1" z="weaponBelowArm" image="30.proneStab.0.weapon.png"/>
    </f>
    <f name="1">
      <p name="30"  origin_x="24" origin_y="9" navel_x="37" navel_y="1" z="weaponBelowArm" image="30.proneStab.1.weapon.png"/>
    </f>
  </s>
  <s name="prone">
    <f name="0">
      <p name="pointer"  pointer="30/proneStab/0/weapon"/>
    </f>
  </s>
  <s name="heal">
    <f name="0">
      <p name="pointer"  pointer="30/alert/1/weapon"/>
    </f>
    <f name="1">
      <p name="pointer"  pointer="30/swingO2/1/weapon"/>
    </f>
    <f name="2">
      <p name="pointer"  pointer="30/swingO2/0/weapon"/>
    </f>
  </s>
  <s name="fly">
    <f name="0">
      <p name="30"  origin_x="14" origin_y="25" navel_x="-6" navel_y="23" z="weaponBelowArm" image="30.fly.0.weapon.png"/>
    </f>
    <f name="1">
      <p name="30"  origin_x="14" origin_y="25" navel_x="-6" navel_y="23" z="weaponBelowArm" image="30.fly.1.weapon.png"/>
    </f>
  </s>
  <s name="jump">
    <f name="0">
      <p name="30"  origin_x="14" origin_y="25" navel_x="-7" navel_y="20" z="weaponBelowArm" image="30.jump.0.weapon.png"/>
    </f>
  </s>
  <s name="shoot1">
    <f name="0">
      <p name="37"  origin_x="23" origin_y="10" hand_x="0" hand_y="23" z="weaponOverHand" image="37.shoot1.0.weapon.png"/>
    </f>
    <f name="1">
      <p name="37"  origin_x="23" origin_y="10" hand_x="14" hand_y="23" z="weaponOverHand" image="37.shoot1.1.weapon.png"/>
    </f>
    <f name="2">
      <p name="pointer"  pointer="37/shoot1/1/weapon"/>
    </f>
    <f name="image*">
      <p name="pointer"/>
    </f>
  </s>
  <s name="shootF">
    <f name="0">
      <p name="37"  origin_x="23" origin_y="10" hand_x="3" hand_y="26" z="weaponOverHand" image="37.shootF.0.weapon.png"/>
    </f>
    <f name="1">
      <p name="37"  origin_x="23" origin_y="10" hand_x="20" hand_y="28" z="weaponOverHand" image="37.shootF.1.weapon.png"/>
    </f>
    <f name="2">
      <p name="pointer"  pointer="37/shootF/1/weapon"/>
    </f>
    <f name="image*">
      <p name="pointer"/>
    </f>
  </s>
</i>
