  <i name="1121010">
  <i name="effect">
    <i name="0">
      <i name="origin">
        <i name="x" value="84"/>
        <i name="y" value="122"/>
      </i>
      <i name="delay" value="60"/>
      <i name="image" value="1121010.effect.0.png"/>
    </i>
    <i name="1">
      <i name="origin">
        <i name="x" value="84"/>
        <i name="y" value="119"/>
      </i>
      <i name="delay" value="60"/>
      <i name="image" value="1121010.effect.1.png"/>
    </i>
    <i name="2">
      <i name="origin">
        <i name="x" value="86"/>
        <i name="y" value="135"/>
      </i>
      <i name="delay" value="60"/>
      <i name="image" value="1121010.effect.2.png"/>
    </i>
    <i name="3">
      <i name="origin">
        <i name="x" value="86"/>
        <i name="y" value="135"/>
      </i>
      <i name="delay" value="60"/>
      <i name="image" value="1121010.effect.3.png"/>
    </i>
    <i name="4">
      <i name="origin">
        <i name="x" value="86"/>
        <i name="y" value="120"/>
      </i>
      <i name="delay" value="60"/>
      <i name="image" value="1121010.effect.4.png"/>
    </i>
    <i name="5">
      <i name="origin">
        <i name="x" value="113"/>
        <i name="y" value="129"/>
      </i>
      <i name="delay" value="60"/>
      <i name="image" value="1121010.effect.5.png"/>
    </i>
    <i name="6">
      <i name="origin">
        <i name="x" value="127"/>
        <i name="y" value="148"/>
      </i>
      <i name="delay" value="60"/>
      <i name="image" value="1121010.effect.6.png"/>
    </i>
    <i name="7">
      <i name="origin">
        <i name="x" value="133"/>
        <i name="y" value="156"/>
      </i>
      <i name="delay" value="60"/>
      <i name="image" value="1121010.effect.7.png"/>
    </i>
    <i name="8">
      <i name="origin">
        <i name="x" value="152"/>
        <i name="y" value="154"/>
      </i>
      <i name="delay" value="60"/>
      <i name="image" value="1121010.effect.8.png"/>
    </i>
    <i name="9">
      <i name="origin">
        <i name="x" value="159"/>
        <i name="y" value="135"/>
      </i>
      <i name="delay" value="60"/>
      <i name="image" value="1121010.effect.9.png"/>
    </i>
    <i name="10">
      <i name="origin">
        <i name="x" value="159"/>
        <i name="y" value="134"/>
      </i>
      <i name="delay" value="60"/>
      <i name="image" value="1121010.effect.10.png"/>
    </i>
    <i name="11">
      <i name="origin">
        <i name="x" value="72"/>
        <i name="y" value="140"/>
      </i>
      <i name="delay" value="60"/>
      <i name="image" value="1121010.effect.11.png"/>
    </i>
    <i name="12">
      <i name="origin">
        <i name="x" value="45"/>
        <i name="y" value="82"/>
      </i>
      <i name="delay" value="60"/>
      <i name="image" value="1121010.effect.12.png"/>
    </i>
    <i name="13">
      <i name="origin">
        <i name="x" value="40"/>
        <i name="y" value="78"/>
      </i>
      <i name="delay" value="60"/>
      <i name="image" value="1121010.effect.13.png"/>
    </i>
    <i name="14">
      <i name="origin">
        <i name="x" value="38"/>
        <i name="y" value="77"/>
      </i>
      <i name="delay" value="60"/>
      <i name="image" value="1121010.effect.14.png"/>
    </i>
  </i>
  </i>
