<i>
<s name="info"><f name="icon" ><p name="info"  image="info.icon.png"/></f><f name="iconRaw" ><p name="info"  origin_x="-1" origin_y="28" image="info.iconRaw.png"/></f><f name="iconD" ><p name="info"  origin_x="-3" origin_y="34" image="info.iconD.png"/></f><f name="iconRawD" ><p name="info"  origin_x="-3" origin_y="34" image="info.iconRawD.png"/></f></s>
<s name="stand0"><f name="0" delay="2000" ><p name="stand0"  origin_x="27" origin_y="39" lt_x="-27" lt_y="-39" rb_x="28" rb_y="0" image="stand0.0.png"/></f><f name="1" delay="100" ><p name="stand0"  origin_x="27" origin_y="39" lt_x="-27" lt_y="-39" rb_x="28" rb_y="0" image="stand0.1.png"/></f><f name="2" delay="80" ><p name="stand0"  origin_x="27" origin_y="39" lt_x="-27" lt_y="-39" rb_x="28" rb_y="0" image="stand0.2.png"/></f></s>
<s name="stand1"><f name="0" delay="150" ><p name="stand1"  origin_x="27" origin_y="39" lt_x="-27" lt_y="-39" rb_x="28" rb_y="0" image="stand1.0.png"/></f><f name="1" delay="300" ><p name="stand1"  origin_x="27" origin_y="39" lt_x="-27" lt_y="-39" rb_x="27" rb_y="0" image="stand1.1.png"/></f><f name="2" delay="150" ><p name="stand1"  origin_x="27" origin_y="39" lt_x="-27" lt_y="-39" rb_x="28" rb_y="0" image="stand1.2.png"/></f><f name="3" delay="150" ><p name="stand1"  origin_x="27" origin_y="39" lt_x="-27" lt_y="-39" rb_x="28" rb_y="0" image="stand1.3.png"/></f><f name="4" delay="300" ><p name="stand1"  origin_x="27" origin_y="39" lt_x="-27" lt_y="-39" rb_x="27" rb_y="0" image="stand1.4.png"/></f><f name="5" delay="150" ><p name="stand1"  origin_x="27" origin_y="39" lt_x="-27" lt_y="-39" rb_x="28" rb_y="0" image="stand1.5.png"/></f></s>
<s name="hungry"><f name="0" delay="1200" ><p name="hungry"  origin_x="25" origin_y="35" lt_x="-25" lt_y="-35" rb_x="28" rb_y="0" image="hungry.0.png"/></f></s>
<s name="move"><f name="0" delay="100" ><p name="move"  origin_x="28" origin_y="41" lt_x="-28" lt_y="-41" rb_x="28" rb_y="0" image="move.0.png"/></f><f name="1" delay="100" ><p name="move"  origin_x="29" origin_y="41" lt_x="-29" lt_y="-41" rb_x="25" rb_y="0" image="move.1.png"/></f><f name="2" delay="100" ><p name="move"  origin_x="29" origin_y="40" lt_x="-29" lt_y="-40" rb_x="30" rb_y="0" image="move.2.png"/></f><f name="3" delay="100" ><p name="move"  origin_x="32" origin_y="38" lt_x="-32" lt_y="-38" rb_x="21" rb_y="0" image="move.3.png"/></f><f name="4" delay="100" ><p name="move"  origin_x="32" origin_y="39" lt_x="-32" lt_y="-39" rb_x="33" rb_y="0" image="move.4.png"/></f></s>
<s name="jump"><f name="0" ><p name="jump"  origin_x="29" origin_y="41" lt_x="-29" lt_y="-41" rb_x="25" rb_y="0" image="jump.0.png"/></f></s>
<s name="rest0"><f name="0" delay="160" ><p name="rest0"  origin_x="25" origin_y="36" lt_x="-25" lt_y="-36" rb_x="26" rb_y="0" image="rest0.0.png"/></f><f name="1" delay="160" ><p name="rest0"  origin_x="25" origin_y="36" lt_x="-25" lt_y="-36" rb_x="25" rb_y="0" image="rest0.1.png"/></f><f name="2" delay="300" ><p name="rest0"  origin_x="25" origin_y="36" lt_x="-25" lt_y="-36" rb_x="23" rb_y="0" image="rest0.2.png"/></f><f name="3" delay="200" ><p name="rest0"  origin_x="25" origin_y="36" lt_x="-25" lt_y="-36" rb_x="28" rb_y="0" image="rest0.3.png"/></f></s>
<s name="chat"><f name="0" delay="4000" ><p name="chat"  origin_x="29" origin_y="39" lt_x="-29" lt_y="-39" rb_x="28" rb_y="0" image="chat.0.png"/></f></s>
<s name="angry"><f name="0" delay="4000" ><p name="angry"  origin_x="28" origin_y="45" lt_x="-28" lt_y="-45" rb_x="17" rb_y="0" image="angry.0.png"/></f></s>
<s name="hang"><f name="0" ><p name="hang"  origin_x="16" origin_y="58" lt_x="-16" lt_y="-58" rb_x="18" rb_y="-1" image="hang.0.png"/></f></s>
<s name="dung"><f name="0" delay="150" ><p name="dung"  origin_x="29" origin_y="39" lt_x="-29" lt_y="-39" rb_x="28" rb_y="0" image="dung.0.png"/></f><f name="1" delay="150" ><p name="dung"  origin_x="29" origin_y="39" lt_x="-29" lt_y="-39" rb_x="28" rb_y="0" image="dung.1.png"/></f><f name="2" ><p name="pointer"  pointer="dung/0"/></f><f name="3" ><p name="pointer"  pointer="dung/1"/></f><f name="4" ><p name="pointer"  pointer="dung/0"/></f><f name="5" ><p name="pointer"  pointer="dung/1"/></f><f name="6" ><p name="pointer"  pointer="dung/0"/></f><f name="7" ><p name="pointer"  pointer="dung/1"/></f><f name="8" ><p name="pointer"  pointer="dung/0"/></f><f name="9" ><p name="pointer"  pointer="dung/1"/></f><f name="10" ><p name="pointer"  pointer="dung/0"/></f><f name="11" ><p name="pointer"  pointer="dung/1"/></f><f name="12" ><p name="pointer"  pointer="dung/0"/></f><f name="13" ><p name="pointer"  pointer="dung/1"/></f><f name="14" ><p name="pointer"  pointer="dung/0"/></f><f name="15" ><p name="pointer"  pointer="dung/1"/></f><f name="16" ><p name="pointer"  pointer="dung/0"/></f><f name="17" ><p name="pointer"  pointer="dung/1"/></f><f name="18" ><p name="pointer"  pointer="dung/0"/></f><f name="19" ><p name="pointer"  pointer="dung/1"/></f></s>
<s name="eye"><f name="0" delay="350" ><p name="eye"  origin_x="27" origin_y="44" lt_x="-27" lt_y="-44" rb_x="25" rb_y="0" image="eye.0.png"/></f><f name="1" delay="150" ><p name="eye"  origin_x="27" origin_y="44" lt_x="-27" lt_y="-44" rb_x="25" rb_y="0" image="eye.1.png"/></f><f name="2" delay="150" ><p name="eye"  origin_x="27" origin_y="44" lt_x="-27" lt_y="-44" rb_x="25" rb_y="0" image="eye.2.png"/></f><f name="3" delay="150" ><p name="eye"  origin_x="27" origin_y="44" lt_x="-27" lt_y="-44" rb_x="25" rb_y="0" image="eye.3.png"/></f><f name="4" ><p name="pointer"  pointer="eye/0"/></f><f name="5" ><p name="pointer"  pointer="eye/1"/></f><f name="6" ><p name="pointer"  pointer="eye/2"/></f><f name="7" ><p name="pointer"  pointer="eye/3"/></f><f name="8" ><p name="pointer"  pointer="eye/0"/></f><f name="9" ><p name="pointer"  pointer="eye/1"/></f><f name="10" ><p name="pointer"  pointer="eye/2"/></f><f name="11" ><p name="pointer"  pointer="eye/3"/></f><f name="12" ><p name="pointer"  pointer="eye/0"/></f><f name="13" ><p name="pointer"  pointer="eye/1"/></f><f name="14" ><p name="pointer"  pointer="eye/2"/></f><f name="15" ><p name="pointer"  pointer="eye/3"/></f><f name="16" ><p name="pointer"  pointer="eye/0"/></f><f name="17" ><p name="pointer"  pointer="eye/1"/></f><f name="18" ><p name="pointer"  pointer="eye/2"/></f><f name="19" ><p name="pointer"  pointer="eye/3"/></f></s>
<s name="prone"><f name="0" delay="100" ><p name="prone"  origin_x="32" origin_y="37" lt_x="-32" lt_y="-37" rb_x="24" rb_y="0" image="prone.0.png"/></f><f name="1" delay="80" ><p name="prone"  origin_x="32" origin_y="37" lt_x="-32" lt_y="-37" rb_x="24" rb_y="0" image="prone.1.png"/></f><f name="2" delay="1820" ><p name="prone"  origin_x="32" origin_y="37" lt_x="-32" lt_y="-37" rb_x="24" rb_y="0" image="prone.2.png"/></f><f name="3" ><p name="pointer"  pointer="prone/0"/></f><f name="4" ><p name="pointer"  pointer="prone/1"/></f><f name="5" ><p name="pointer"  pointer="prone/2"/></f></s>
<s name="rise"><f name="0" delay="200" ><p name="rise"  origin_x="19" origin_y="44" lt_x="-19" lt_y="-44" rb_x="23" rb_y="0" image="rise.0.png"/></f><f name="1" delay="200" ><p name="rise"  origin_x="19" origin_y="44" lt_x="-19" lt_y="-44" rb_x="23" rb_y="0" image="rise.1.png"/></f><f name="2" ><p name="pointer"  pointer="rise/0"/></f><f name="3" ><p name="pointer"  pointer="rise/1"/></f><f name="4" ><p name="pointer"  pointer="rise/0"/></f><f name="5" ><p name="pointer"  pointer="rise/1"/></f><f name="6" ><p name="pointer"  pointer="rise/0"/></f><f name="7" ><p name="pointer"  pointer="rise/1"/></f><f name="8" ><p name="pointer"  pointer="rise/0"/></f><f name="9" ><p name="pointer"  pointer="rise/1"/></f><f name="10" ><p name="pointer"  pointer="rise/0"/></f><f name="11" ><p name="pointer"  pointer="rise/1"/></f><f name="12" ><p name="pointer"  pointer="rise/0"/></f><f name="13" ><p name="pointer"  pointer="rise/1"/></f><f name="14" ><p name="pointer"  pointer="rise/0"/></f><f name="15" ><p name="pointer"  pointer="rise/1"/></f><f name="16" ><p name="pointer"  pointer="rise/0"/></f><f name="17" ><p name="pointer"  pointer="rise/1"/></f><f name="18" ><p name="pointer"  pointer="rise/0"/></f><f name="19" ><p name="pointer"  pointer="rise/1"/></f></s>
<s name="yes"><f name="0" delay="540" ><p name="yes"  origin_x="25" origin_y="36" lt_x="-25" lt_y="-36" rb_x="26" rb_y="0" image="yes.0.png"/></f><f name="1" delay="130" ><p name="yes"  origin_x="23" origin_y="35" lt_x="-23" lt_y="-35" rb_x="26" rb_y="0" image="yes.1.png"/></f><f name="2" delay="250" ><p name="yes"  origin_x="23" origin_y="36" lt_x="-23" lt_y="-36" rb_x="26" rb_y="0" image="yes.2.png"/></f><f name="3" delay="80" ><p name="yes"  origin_x="23" origin_y="35" lt_x="-23" lt_y="-35" rb_x="26" rb_y="0" image="yes.3.png"/></f><f name="4" ><p name="pointer"  pointer="yes/0"/></f><f name="5" ><p name="pointer"  pointer="yes/1"/></f><f name="6" ><p name="pointer"  pointer="yes/2"/></f><f name="7" ><p name="pointer"  pointer="yes/3"/></f><f name="8" ><p name="pointer"  pointer="yes/0"/></f><f name="9" ><p name="pointer"  pointer="yes/1"/></f><f name="10" ><p name="pointer"  pointer="yes/2"/></f><f name="11" ><p name="pointer"  pointer="yes/3"/></f><f name="12" ><p name="pointer"  pointer="yes/0"/></f><f name="13" ><p name="pointer"  pointer="yes/1"/></f><f name="14" ><p name="pointer"  pointer="yes/2"/></f><f name="15" ><p name="pointer"  pointer="yes/3"/></f></s>
<s name="cry"><f name="0" delay="4000" ><p name="cry"  origin_x="25" origin_y="35" lt_x="-25" lt_y="-35" rb_x="28" rb_y="0" image="cry.0.png"/></f></s>
<s name="alert"><f name="0" delay="4000" ><p name="alert"  origin_x="27" origin_y="39" lt_x="-27" lt_y="-39" rb_x="28" rb_y="0" image="alert.0.png"/></f></s>
<s name="no"><f name="0" delay="4000" ><p name="no"  origin_x="19" origin_y="37" lt_x="-19" lt_y="-37" rb_x="26" rb_y="0" image="no.0.png"/></f></s>
<s name="smile"><f name="0" delay="4000" ><p name="smile"  origin_x="27" origin_y="39" lt_x="-27" lt_y="-39" rb_x="26" rb_y="0" image="smile.0.png"/></f></s>
<s name="sneer"><f name="0" delay="4000" ><p name="sneer"  origin_x="27" origin_y="37" lt_x="-27" lt_y="-37" rb_x="28" rb_y="0" image="sneer.0.png"/></f></s>
<s name="front"><f name="0" delay="4000" ><p name="front"  origin_x="28" origin_y="46" lt_x="-28" lt_y="-46" rb_x="28" rb_y="0" image="front.0.png"/></f></s>
<s name="fly"><f name="0" delay="200" ><p name="fly"  origin_x="27" origin_y="41" lt_x="-27" lt_y="-39" rb_x="28" rb_y="0" image="fly.0.png"/></f><f name="1" delay="200" ><p name="fly"  origin_x="28" origin_y="42" lt_x="-27" lt_y="-39" rb_x="27" rb_y="0" image="fly.1.png"/></f></s>
</i>
