  <i name="02070002">
  <i name="info">
    <i name="icon">
      <i name="origin">
        <i name="x" value="-2"/>
        <i name="y" value="30"/>
      </i>
      <i name="z" value="0"/>
      <i name="image" value="02070002.info.icon.png"/>
    </i>
    <i name="iconRaw">
      <i name="origin">
        <i name="x" value="-2"/>
        <i name="y" value="30"/>
      </i>
      <i name="z" value="0"/>
      <i name="image" value="02070002.info.iconRaw.png"/>
    </i>
    <i name="price" value="1000"/>
    <i name="slotMax" value="700"/>
    <i name="unitPrice" value="0.5"/>
    <i name="incPAD" value="19"/>
    <i name="reqLevel" value="10"/>
  </i>
  <i name="bullet">
    <i name="0">
      <i name="origin">
        <i name="x" value="10"/>
        <i name="y" value="10"/>
      </i>
      <i name="z" value="0"/>
      <i name="delay" value="30"/>
      <i name="image" value="02070002.bullet.0.png"/>
    </i>
    <i name="1">
      <i name="origin">
        <i name="x" value="11"/>
        <i name="y" value="11"/>
      </i>
      <i name="z" value="0"/>
      <i name="delay" value="30"/>
      <i name="image" value="02070002.bullet.1.png"/>
    </i>
  </i>
  </i>
