<i>
  <s name="info">
    <f name="icon">
      <p name="info"  image="info.icon.png"/>
    </f>
    <f name="iconRaw">
      <p name="info"  origin_x="0" origin_y="32" image="info.iconRaw.png"/>
    </f>
    <p name="reqJob" v="8"/>
  </s>
  <s name="walk1">
    <f name="0">
      <p name="walk1"  origin_x="25" origin_y="7" hand_x="-14" hand_y="-4" z="weaponOverGlove" image="walk1.0.weapon.png"/>
    </f>
    <f name="1">
      <p name="walk1"  origin_x="25" origin_y="7" hand_x="-11" hand_y="-1" z="weaponOverGlove" image="walk1.1.weapon.png"/>
    </f>
    <f name="2">
      <p name="walk1"  origin_x="25" origin_y="7" hand_x="-14" hand_y="-3" z="weaponOverGlove" image="walk1.2.weapon.png"/>
    </f>
    <f name="3">
      <p name="walk1"  origin_x="25" origin_y="7" hand_x="-13" hand_y="-1" z="weaponOverGlove" image="walk1.3.weapon.png"/>
    </f>
  </s>
  <s name="stand1">
    <f name="0">
      <p name="stand1"  origin_x="25" origin_y="7" hand_x="-14" hand_y="-5" z="weaponOverGlove" image="stand1.0.weapon.png"/>
    </f>
    <f name="1">
      <p name="pointer"  pointer="stand1/0/weapon"/>
    </f>
    <f name="2">
      <p name="pointer"  pointer="stand1/0/weapon"/>
    </f>
  </s>
  <s name="alert">
    <f name="0">
      <p name="alert"  origin_x="23" origin_y="10" hand_x="-7" hand_y="-4" z="weaponOverGlove" image="alert.0.weapon.png"/>
    </f>
    <f name="1">
      <p name="alert"  origin_x="23" origin_y="10" hand_x="-8" hand_y="-5" z="weaponOverGlove" image="alert.1.weapon.png"/>
    </f>
    <f name="2">
      <p name="alert"  origin_x="23" origin_y="10" hand_x="-7" hand_y="-6" z="weaponOverGlove" image="alert.2.weapon.png"/>
    </f>
  </s>
  <s name="swingO1">
    <f name="1">
      <p name="swingO1"  origin_x="11" origin_y="5" navel_x="8" navel_y="-1" z="weaponOverGlove" image="swingO1.1.weapon.png"/>
    </f>
    <f name="2">
      <p name="swingO1"  origin_x="11" origin_y="5" navel_x="-27" navel_y="30" z="weaponOverGlove" image="swingO1.2.weapon.png"/>
    </f>
  </s>
  <s name="swingO2">
    <f name="0">
      <p name="swingO2"  origin_x="12" origin_y="5" navel_x="22" navel_y="27" z="weaponOverArmBelowHead" image="swingO2.0.weapon.png"/>
    </f>
    <f name="1">
      <p name="swingO2"  origin_x="12" origin_y="5" navel_x="27" navel_y="19" z="weaponOverArmBelowHead" image="swingO2.1.weapon.png"/>
    </f>
    <f name="2">
      <p name="swingO2"  origin_x="12" origin_y="5" navel_x="-21" navel_y="3" z="weaponOverGlove" image="swingO2.2.weapon.png"/>
    </f>
  </s>
  <s name="swingO3">
    <f name="0">
      <p name="swingO3"  origin_x="12" origin_y="5" navel_x="-27" navel_y="21" z="weaponOverGlove" image="swingO3.0.weapon.png"/>
    </f>
    <f name="1">
      <p name="swingO3"  origin_x="12" origin_y="5" navel_x="26" navel_y="0" z="weaponOverArmBelowHead" image="swingO3.1.weapon.png"/>
    </f>
  </s>
  <s name="swingOF">
    <f name="0">
      <p name="swingOF"  origin_x="12" origin_y="5" navel_x="-22" navel_y="11" z="weaponOverGlove" image="swingOF.0.weapon.png"/>
    </f>
    <f name="3">
      <p name="swingOF"  origin_x="12" origin_y="5" navel_x="-29" navel_y="17" z="weaponOverBody" image="swingOF.3.weapon.png"/>
    </f>
  </s>
  <s name="stabO1">
    <f name="0">
      <p name="stabO1"  origin_x="12" origin_y="5" navel_x="-15" navel_y="-5" z="weaponOverGlove" image="stabO1.0.weapon.png"/>
    </f>
    <f name="1">
      <p name="stabO1"  origin_x="12" origin_y="5" navel_x="33" navel_y="14" z="weaponOverGlove" image="stabO1.1.weapon.png"/>
    </f>
  </s>
  <s name="stabO2">
    <f name="0">
      <p name="stabO2"  origin_x="12" origin_y="5" navel_x="-3" navel_y="18" z="weaponWristOverGlove" image="stabO2.0.weapon.png"/>
    </f>
    <f name="1">
      <p name="stabO2"  origin_x="12" origin_y="5" navel_x="30" navel_y="13" z="weaponOverGlove" image="stabO2.1.weapon.png"/>
    </f>
  </s>
  <s name="stabOF">
    <f name="0">
      <p name="stabOF"  origin_x="12" origin_y="5" navel_x="-8" navel_y="-1" z="weaponOverArm" image="stabOF.0.weapon.png"/>
    </f>
    <f name="1">
      <p name="stabOF"  origin_x="12" origin_y="5" navel_x="-13" navel_y="-3" z="weaponOverArm" image="stabOF.1.weapon.png"/>
    </f>
    <f name="2">
      <p name="stabOF"  origin_x="12" origin_y="5" navel_x="35" navel_y="13" z="weaponOverGlove" image="stabOF.2.weapon.png"/>
    </f>
  </s>
  <s name="proneStab">
    <f name="0">
      <p name="proneStab"  origin_x="5" origin_y="3" navel_x="24" navel_y="0" z="weaponOverGlove" image="proneStab.0.weapon.png"/>
    </f>
    <f name="1">
      <p name="proneStab"  origin_x="5" origin_y="3" navel_x="39" navel_y="0" z="weaponOverGlove" image="proneStab.1.weapon.png"/>
    </f>
  </s>
  <s name="prone">
    <f name="0">
      <p name="pointer"  pointer="proneStab/0/weapon"/>
    </f>
  </s>
  <s name="heal">
    <f name="0">
      <p name="pointer"  pointer="alert/1/weapon"/>
    </f>
    <f name="1">
      <p name="pointer"  pointer="swingO2/1/weapon"/>
    </f>
    <f name="2">
      <p name="pointer"  pointer="swingO2/0/weapon"/>
    </f>
  </s>
  <s name="fly">
    <f name="0">
      <p name="fly"  origin_x="13" origin_y="5" navel_x="0" navel_y="20" z="weaponOverGlove" image="fly.0.weapon.png"/>
    </f>
    <f name="1">
      <p name="pointer"  pointer="fly/0/weapon"/>
    </f>
  </s>
  <s name="jump">
    <f name="0">
      <p name="jump"  origin_x="13" origin_y="5" navel_x="-1" navel_y="19" z="weaponOverGlove" image="jump.0.weapon.png"/>
    </f>
  </s>
</i>
