<i>
<s name="info"><f name="icon" ><p name="info"  image="info.icon.png"/></f><f name="iconRaw" ><p name="info"  origin_x="-3" origin_y="31" image="info.iconRaw.png"/></f><p name="reqJob" v="0"/></s>
<s name="walk1"><f name="0" ><p name="walk1"  origin_x="-10" origin_y="5" navel_x="0" navel_y="0" z="gloveWrist" image="walk1.0.rWrist.png"/></f><f name="1" ><p name="walk1"  origin_x="-6" origin_y="1" navel_x="0" navel_y="0" z="gloveWrist" image="walk1.1.rWrist.png"/></f><f name="2" ><p name="pointer"  pointer="walk1/0/rWrist"/></f><f name="3" ><p name="walk1"  origin_x="-11" origin_y="8" navel_x="0" navel_y="0" z="gloveWrist" image="walk1.3.rWrist.png"/></f></s>
<s name="walk2"><f name="0" ><p name="walk2"  origin_x="-7" origin_y="4" navel_x="0" navel_y="0" z="gloveWristOverHair" image="walk2.0.rWrist.png"/></f><f name="1" ><p name="walk2"  origin_x="-6" origin_y="3" navel_x="0" navel_y="0" z="gloveWristOverHair" image="walk2.1.rWrist.png"/></f><f name="2" ><p name="pointer"  pointer="walk2/0/rWrist"/></f><f name="3" ><p name="walk2"  origin_x="-8" origin_y="5" navel_x="0" navel_y="0" z="gloveWristOverHair" image="walk2.3.rWrist.png"/></f></s>
<s name="stand1"><f name="0" ><p name="stand1"  origin_x="-9" origin_y="1" navel_x="0" navel_y="0" z="gloveWrist" image="stand1.0.rWrist.png"/></f><f name="1" ><p name="stand1"  origin_x="-9" origin_y="2" navel_x="0" navel_y="0" z="gloveWrist" image="stand1.1.rWrist.png"/></f><f name="2" ><p name="stand1"  origin_x="-9" origin_y="1" navel_x="0" navel_y="0" z="gloveWrist" image="stand1.2.rWrist.png"/></f></s>
<s name="stand2"><f name="0" ><p name="stand2"  origin_x="-7" origin_y="3" navel_x="0" navel_y="0" z="gloveWristOverHair" image="stand2.0.rWrist.png"/></f><f name="1" ><p name="stand2"  origin_x="-7" origin_y="4" navel_x="0" navel_y="0" z="gloveWristOverHair" image="stand2.1.rWrist.png"/></f><f name="2" ><p name="stand2"  origin_x="-7" origin_y="3" navel_x="0" navel_y="0" z="gloveWristOverHair" image="stand2.2.rWrist.png"/></f></s>
<s name="alert"><f name="0" ><p name="alert"  origin_x="-5" origin_y="3" navel_x="0" navel_y="0" z="gloveWristOverHair" image="alert.0.rWrist.png"/></f><f name="1" ><p name="alert"  origin_x="-5" origin_y="1" navel_x="0" navel_y="0" z="gloveWristOverHair" image="alert.1.rWrist.png"/></f><f name="2" ><p name="alert"  origin_x="-5" origin_y="-1" navel_x="0" navel_y="0" z="gloveWristOverHair" image="alert.2.rWrist.png"/></f></s>
<s name="swingO1"><f name="1" ><p name="swingO1"  origin_x="13" origin_y="7" navel_x="0" navel_y="0" z="gloveWristOverHair" image="swingO1.1.rWrist.png"/></f><f name="2" ><p name="swingO1"  origin_x="-9" origin_y="21" navel_x="0" navel_y="0" z="gloveWristOverHair" image="swingO1.2.rWrist.png"/></f></s>
<s name="swingO2"><f name="0" ><p name="swingO2"  origin_x="20" origin_y="17" navel_x="0" navel_y="0" z="gloveWristOverHair" image="swingO2.0.rWrist.png"/></f><f name="1" ><p name="swingO2"  origin_x="22" origin_y="13" navel_x="0" navel_y="0" z="gloveWristOverHair" image="swingO2.1.rWrist.png"/></f><f name="2" ><p name="swingO2"  origin_x="-11" origin_y="6" navel_x="0" navel_y="0" z="gloveWristOverHair" image="swingO2.2.rWrist.png"/></f></s>
<s name="swingO3"><f name="0" ><p name="swingO3"  origin_x="-12" origin_y="14" navel_x="0" navel_y="0" z="gloveWristOverHair" image="swingO3.0.rWrist.png"/></f><f name="1" ><p name="swingO3"  origin_x="15" origin_y="8" navel_x="0" navel_y="0" z="gloveWristOverHair" image="swingO3.1.rWrist.png"/></f></s>
<s name="swingOF"><f name="0" ><p name="swingOF"  origin_x="-12" origin_y="14" navel_x="0" navel_y="0" z="gloveWristOverHair" image="swingOF.0.rWrist.png"/></f><f name="3" ><p name="swingOF"  origin_x="-10" origin_y="19" navel_x="0" navel_y="0" z="gloveWristOverHair" image="swingOF.3.rWrist.png"/></f></s>
<s name="swingT1"><f name="0" ><p name="swingT1"  origin_x="-13" origin_y="24" navel_x="0" navel_y="0" z="gloveWristOverHair" image="swingT1.0.rWrist.png"/></f><f name="1" ><p name="swingT1"  origin_x="12" origin_y="19" navel_x="0" navel_y="0" z="gloveWristOverHair" image="swingT1.1.rWrist.png"/></f><f name="2" ><p name="swingT1"  origin_x="16" origin_y="-5" navel_x="0" navel_y="0" z="gloveWristOverHair" image="swingT1.2.rWrist.png"/></f></s>
<s name="swingT2"><f name="1" ><p name="swingT2"  origin_x="11" origin_y="8" navel_x="0" navel_y="0" z="gloveWristOverHair" image="swingT2.1.rWrist.png"/></f><f name="2" ><p name="swingT2"  origin_x="-5" origin_y="5" navel_x="0" navel_y="0" z="gloveWristOverHair" image="swingT2.2.rWrist.png"/></f></s>
<s name="swingT3"><f name="0" ><p name="swingT3"  origin_x="-8" origin_y="4" navel_x="0" navel_y="0" z="gloveWristOverHair" image="swingT3.0.rWrist.png"/></f><f name="1" ><p name="swingT3"  origin_x="-7" origin_y="3" navel_x="0" navel_y="0" z="gloveWristOverHair" image="swingT3.1.rWrist.png"/></f></s>
<s name="swingTF"><f name="2" ><p name="swingTF"  origin_x="5" origin_y="23" navel_x="0" navel_y="0" z="gloveWristOverHair" image="swingTF.2.rWrist.png"/></f><f name="3" ><p name="swingTF"  origin_x="18" origin_y="-2" navel_x="0" navel_y="0" z="gloveWristOverHair" image="swingTF.3.rWrist.png"/></f></s>
<s name="swingP1"><f name="0" ><p name="swingP1"  origin_x="-12" origin_y="23" navel_x="0" navel_y="0" z="gloveWristOverHair" image="swingP1.0.rWrist.png"/></f><f name="1" ><p name="swingP1"  origin_x="13" origin_y="19" navel_x="0" navel_y="0" z="gloveWristOverHair" image="swingP1.1.rWrist.png"/></f><f name="2" ><p name="swingP1"  origin_x="15" origin_y="-2" navel_x="0" navel_y="0" z="gloveWristOverHair" image="swingP1.2.rWrist.png"/></f></s>
<s name="swingP2"><f name="0" ><p name="swingP2"  origin_x="19" origin_y="12" navel_x="0" navel_y="0" z="gloveWristOverHair" image="swingP2.0.rWrist.png"/></f><f name="1" ><p name="swingP2"  origin_x="14" origin_y="5" navel_x="0" navel_y="0" z="gloveWristOverHair" image="swingP2.1.rWrist.png"/></f><f name="2" ><p name="swingP2"  origin_x="-6" origin_y="5" navel_x="0" navel_y="0" z="gloveWristOverHair" image="swingP2.2.rWrist.png"/></f></s>
<s name="swingPF"><f name="0" ><p name="swingPF"  origin_x="-18" origin_y="12" navel_x="0" navel_y="0" z="gloveWristOverHair" image="swingPF.0.rWrist.png"/></f><f name="1" ><p name="swingPF"  origin_x="-18" origin_y="15" navel_x="0" navel_y="0" z="gloveWristOverHair" image="swingPF.1.rWrist.png"/></f><f name="2" ><p name="swingPF"  origin_x="-7" origin_y="24" navel_x="0" navel_y="0" z="gloveWristOverHair" image="swingPF.2.rWrist.png"/></f><f name="3" ><p name="swingPF"  origin_x="18" origin_y="-2" navel_x="0" navel_y="0" z="gloveWristOverHair" image="swingPF.3.rWrist.png"/></f></s>
<s name="stabO1"><f name="0" ><p name="stabO1"  origin_x="-12" origin_y="6" navel_x="0" navel_y="0" z="gloveWristOverHair" image="stabO1.0.rWrist.png"/></f><f name="1" ><p name="stabO1"  origin_x="22" origin_y="11" navel_x="0" navel_y="0" z="gloveWristOverHair" image="stabO1.1.rWrist.png"/></f></s>
<s name="stabO2"><f name="0" ><p name="stabO2"  origin_x="-15" origin_y="14" navel_x="0" navel_y="0" z="gloveWristOverHair" image="stabO2.0.rWrist.png"/></f><f name="1" ><p name="stabO2"  origin_x="19" origin_y="11" navel_x="0" navel_y="0" z="gloveWristOverHair" image="stabO2.1.rWrist.png"/></f></s>
<s name="stabOF"><f name="0" ><p name="stabOF"  origin_x="-4" origin_y="10" navel_x="0" navel_y="0" z="gloveWristOverHair" image="stabOF.0.rWrist.png"/></f><f name="1" ><p name="stabOF"  origin_x="-7" origin_y="7" navel_x="0" navel_y="0" z="gloveWristOverHair" image="stabOF.1.rWrist.png"/></f><f name="2" ><p name="stabOF"  origin_x="24" origin_y="11" navel_x="0" navel_y="0" z="gloveWristOverHair" image="stabOF.2.rWrist.png"/></f></s>
<s name="stabT1"><f name="0" ><p name="stabT1"  origin_x="-14" origin_y="10" navel_x="0" navel_y="0" z="gloveWristOverHair" image="stabT1.0.rWrist.png"/></f><f name="1" ><p name="stabT1"  origin_x="-13" origin_y="9" navel_x="0" navel_y="0" z="gloveWristOverHair" image="stabT1.1.rWrist.png"/></f><f name="2" ><p name="stabT1"  origin_x="-1" origin_y="8" navel_x="0" navel_y="0" z="gloveWristOverHair" image="stabT1.2.rWrist.png"/></f></s>
<s name="stabT2"><f name="0" ><p name="stabT2"  origin_x="-10" origin_y="11" navel_x="0" navel_y="0" z="gloveWristOverHair" image="stabT2.0.rWrist.png"/></f><f name="1" ><p name="stabT2"  origin_x="-8" origin_y="12" navel_x="0" navel_y="0" z="gloveWristOverHair" image="stabT2.1.rWrist.png"/></f><f name="2" ><p name="stabT2"  origin_x="-6" origin_y="4" navel_x="0" navel_y="0" z="gloveWristOverHair" image="stabT2.2.rWrist.png"/></f></s>
<s name="stabTF"><f name="0" ><p name="stabTF"  origin_x="-18" origin_y="12" navel_x="0" navel_y="0" z="gloveWristOverHair" image="stabTF.0.rWrist.png"/></f><f name="1" ><p name="stabTF"  origin_x="-18" origin_y="15" navel_x="0" navel_y="0" z="gloveWristOverHair" image="stabTF.1.rWrist.png"/></f><f name="2" ><p name="stabTF"  origin_x="-17" origin_y="17" navel_x="0" navel_y="0" z="gloveWristOverHair" image="stabTF.2.rWrist.png"/></f><f name="3" ><p name="pointer"  pointer="stabT1/2/rWrist"/></f></s>
<s name="shoot1"><f name="0" ><p name="shoot1"  origin_x="5" origin_y="15" navel_x="0" navel_y="0" z="gloveWristOverHair" image="shoot1.0.rWrist.png"/></f><f name="1" ><p name="shoot1"  origin_x="-9" origin_y="14" navel_x="0" navel_y="0" z="gloveWristOverHair" image="shoot1.1.rWrist.png"/></f><f name="2" ><p name="shoot1"  origin_x="-9" origin_y="14" navel_x="0" navel_y="0" z="gloveWristOverHair" image="shoot1.2.rWrist.png"/></f></s>
<s name="shoot2"><f name="0" ><p name="shoot2"  origin_x="-6" origin_y="9" navel_x="0" navel_y="0" z="gloveWristOverHair" image="shoot2.0.rWrist.png"/></f><f name="1" ><p name="shoot2"  origin_x="8" origin_y="15" navel_x="0" navel_y="0" z="gloveWristOverHair" image="shoot2.1.rWrist.png"/></f><f name="2" ><p name="shoot2"  origin_x="-5" origin_y="13" navel_x="0" navel_y="0" z="gloveWristOverHair" image="shoot2.2.rWrist.png"/></f><f name="3" ><p name="pointer"  pointer="shoot2/0/rWrist"/></f><f name="4" ><p name="shoot2"  origin_x="-8" origin_y="8" navel_x="0" navel_y="0" z="gloveWristOverHair" image="shoot2.4.rWrist.png"/></f></s>
<s name="shootF"><f name="0" ><p name="shootF"  origin_x="3" origin_y="16" navel_x="0" navel_y="0" z="gloveWristOverHair" image="shootF.0.rWrist.png"/></f><f name="1" ><p name="shootF"  origin_x="-10" origin_y="11" navel_x="0" navel_y="0" z="gloveWristOverHair" image="shootF.1.rWrist.png"/></f><f name="2" ><p name="pointer"  pointer="shootF/1/rWrist"/></f></s>
<s name="proneStab"><f name="0" ><p name="proneStab"  origin_x="4" origin_y="4" navel_x="0" navel_y="0" z="gloveWristOverHair" image="proneStab.0.rWrist.png"/></f><f name="1" ><p name="proneStab"  origin_x="20" origin_y="6" navel_x="0" navel_y="0" z="gloveWristOverHair" image="proneStab.1.rWrist.png"/></f></s>
<s name="prone"><f name="0" ><p name="pointer"  pointer="proneStab/0/rWrist"/></f></s>
<s name="heal"><f name="0" ><p name="pointer"  pointer="alert/1/rWrist"/></f><f name="1" ><p name="pointer"  pointer="swingO2/1/rWrist"/></f><f name="2" ><p name="pointer"  pointer="swingO2/0/rWrist"/></f></s>
<s name="fly"><f name="0" ><p name="fly"  origin_x="-5" origin_y="10" navel_x="0" navel_y="0" z="gloveWristOverHair" image="fly.0.rWrist.png"/></f><f name="1" ><p name="fly"  origin_x="-5" origin_y="10" navel_x="0" navel_y="0" z="gloveWristOverHair" image="fly.1.rWrist.png"/></f></s>
<s name="jump"><f name="0" ><p name="jump"  origin_x="-6" origin_y="9" navel_x="0" navel_y="0" z="gloveWristOverHair" image="jump.0.rWrist.png"/></f></s>
<s name="sit"><f name="0" ><p name="sit"  origin_x="-6" origin_y="3" navel_x="0" navel_y="0" z="gloveWristOverHair" image="sit.0.rWrist.png"/></f></s>
<s name="ladder"><f name="0" ><p name="ladder"  origin_x="11" origin_y="17" navel_x="0" navel_y="0" z="backGlove" image="ladder.0.rWrist.png"/></f><f name="1" ><p name="ladder"  origin_x="11" origin_y="9" navel_x="0" navel_y="0" z="backGlove" image="ladder.1.rWrist.png"/></f></s>
<s name="rope"><f name="0" ><p name="rope"  origin_x="10" origin_y="17" navel_x="0" navel_y="0" z="backGlove" image="rope.0.rWrist.png"/></f><f name="1" ><p name="rope"  origin_x="7" origin_y="11" navel_x="0" navel_y="0" z="backGlove" image="rope.1.rWrist.png"/></f></s>
</i>
