  <i name="05010007">
  <i name="info">
    <i name="icon">
      <i name="origin">
        <i name="x" value="0"/>
        <i name="y" value="32"/>
      </i>
      <i name="image" value="05010007.info.icon.png"/>
    </i>
    <i name="iconRaw">
      <i name="origin">
        <i name="x" value="0"/>
        <i name="y" value="32"/>
      </i>
      <i name="image" value="05010007.info.iconRaw.png"/>
    </i>
    <i name="cash" value="1"/>
  </i>
  <i name="effect">
    <i name="default" value="-NONE-"/>
    <i name="stand1">
      <i name="0">
        <i name="origin">
          <i name="x" value="41"/>
          <i name="y" value="94"/>
        </i>
        <i name="image" value="05010007.effect.stand1.0.png"/>
      </i>
      <i name="z" value="2"/>
      <i name="fixed" value="1"/>
    </i>
    <i name="stand2">
      <i name="0">
        <i name="pointer" value="05010007/effect/stand1/0"/>
      </i>
      <i name="z" value="2"/>
      <i name="fixed" value="1"/>
    </i>
    <i name="action" value="1"/>
    <i name="tamingMob" value="0"/>
  </i>
  </i>
