  <i name="4001334">
  <i name="hit">
    <i name="0">
      <i name="0">
        <i name="origin">
          <i name="x" value="37"/>
          <i name="y" value="34"/>
        </i>
        <i name="z" value="0"/>
        <i name="image" value="4001334.hit.0.0.png"/>
      </i>
      <i name="1">
        <i name="origin">
          <i name="x" value="28"/>
          <i name="y" value="64"/>
        </i>
        <i name="z" value="0"/>
        <i name="image" value="4001334.hit.0.1.png"/>
      </i>
      <i name="2">
        <i name="origin">
          <i name="x" value="11"/>
          <i name="y" value="83"/>
        </i>
        <i name="z" value="0"/>
        <i name="image" value="4001334.hit.0.2.png"/>
      </i>
    </i>
    <i name="1">
      <i name="0">
        <i name="origin">
          <i name="x" value="37"/>
          <i name="y" value="34"/>
        </i>
        <i name="z" value="0"/>
        <i name="image" value="4001334.hit.1.0.png"/>
      </i>
      <i name="1">
        <i name="origin">
          <i name="x" value="66"/>
          <i name="y" value="64"/>
        </i>
        <i name="z" value="0"/>
        <i name="image" value="4001334.hit.1.1.png"/>
      </i>
      <i name="2">
        <i name="origin">
          <i name="x" value="82"/>
          <i name="y" value="80"/>
        </i>
        <i name="z" value="1"/>
        <i name="image" value="4001334.hit.1.2.png"/>
      </i>
    </i>
  </i>
  </i>
