<i>
<s name="stand0"><f name="0" ><p name="stand0"  origin_x="10" origin_y="27" image="stand0.0.png"/></f><f name="1" ><p name="stand0"  origin_x="10" origin_y="27" z="0" image="stand0.1.png"/></f><f name="2" ><p name="stand0"  origin_x="10" origin_y="27" z="0" image="stand0.2.png"/></f><f name="3" ><p name="stand0"  origin_x="11" origin_y="25" z="0" image="stand0.3.png"/></f><f name="4" ><p name="stand0"  origin_x="11" origin_y="26" z="0" image="stand0.4.png"/></f><f name="5" ><p name="stand0"  origin_x="61" origin_y="51" z="0" image="stand0.5.png"/></f><f name="6" ><p name="stand0"  origin_x="79" origin_y="91" z="0" image="stand0.6.png"/></f><f name="7" ><p name="stand0"  origin_x="88" origin_y="90" z="0" image="stand0.7.png"/></f><f name="8" ><p name="stand0"  origin_x="77" origin_y="74" z="0" image="stand0.8.png"/></f><f name="9" ><p name="stand0"  origin_x="65" origin_y="74" z="0" image="stand0.9.png"/></f><f name="10" ><p name="stand0"  origin_x="18" origin_y="70" z="0" image="stand0.10.png"/></f></s>
<s name="move"><f name="0" ><p name="move"  origin_x="11" origin_y="28" lt_x="-24" lt_y="-31" rb_x="23" rb_y="0" image="move.0.png"/></f></s>
<s name="jump"><f name="0" ><p name="jump"  origin_x="11" origin_y="28" lt_x="-24" lt_y="-31" rb_x="23" rb_y="0" image="jump.0.png"/></f></s>
<s name="hang"><f name="0" ><p name="hang"  origin_x="11" origin_y="47" image="hang.0.png"/></f></s>
<s name="rest0"><f name="0" ><p name="rest0"  origin_x="15" origin_y="26" image="rest0.0.png"/></f></s>
<s name="stand1"><f name="0" ><p name="stand1"  origin_x="10" origin_y="27" image="stand1.0.png"/></f><f name="1" ><p name="stand1"  origin_x="10" origin_y="27" z="0" image="stand1.1.png"/></f><f name="2" ><p name="stand1"  origin_x="10" origin_y="27" z="0" image="stand1.2.png"/></f><f name="3" ><p name="stand1"  origin_x="11" origin_y="25" z="0" image="stand1.3.png"/></f><f name="4" ><p name="stand1"  origin_x="11" origin_y="26" z="0" image="stand1.4.png"/></f><f name="5" ><p name="stand1"  origin_x="61" origin_y="51" z="0" image="stand1.5.png"/></f><f name="6" ><p name="stand1"  origin_x="79" origin_y="91" z="0" image="stand1.6.png"/></f><f name="7" ><p name="stand1"  origin_x="88" origin_y="90" z="0" image="stand1.7.png"/></f><f name="8" ><p name="stand1"  origin_x="77" origin_y="74" z="0" image="stand1.8.png"/></f><f name="9" ><p name="stand1"  origin_x="65" origin_y="74" z="0" image="stand1.9.png"/></f><f name="10" ><p name="stand1"  origin_x="18" origin_y="70" z="0" image="stand1.10.png"/></f></s>
</i>
