  <i name="5000038">
  <i name="stand0">
    <i name="0">
      <i name="origin">
        <i name="x" value="6"/>
        <i name="y" value="58"/>
      </i>
      <i name="image" value="5000038.stand0.0.png"/>
    </i>
    <i name="1">
      <i name="origin">
        <i name="x" value="6"/>
        <i name="y" value="58"/>
      </i>
      <i name="image" value="5000038.stand0.1.png"/>
    </i>
    <i name="2">
      <i name="pointer" value="5000038/stand0/0"/>
    </i>
    <i name="3">
      <i name="pointer" value="5000038/stand0/1"/>
    </i>
  </i>
  <i name="stand1">
    <i name="0">
      <i name="origin">
        <i name="x" value="5"/>
        <i name="y" value="58"/>
      </i>
      <i name="image" value="5000038.stand1.0.png"/>
    </i>
    <i name="1">
      <i name="origin">
        <i name="x" value="5"/>
        <i name="y" value="57"/>
      </i>
      <i name="image" value="5000038.stand1.1.png"/>
    </i>
    <i name="2">
      <i name="origin">
        <i name="x" value="5"/>
        <i name="y" value="58"/>
      </i>
      <i name="image" value="5000038.stand1.2.png"/>
    </i>
    <i name="3">
      <i name="origin">
        <i name="x" value="5"/>
        <i name="y" value="59"/>
      </i>
      <i name="image" value="5000038.stand1.3.png"/>
    </i>
  </i>
  <i name="hungry">
    <i name="0">
      <i name="origin">
        <i name="x" value="7"/>
        <i name="y" value="63"/>
      </i>
      <i name="image" value="5000038.hungry.0.png"/>
    </i>
    <i name="1">
      <i name="origin">
        <i name="x" value="6"/>
        <i name="y" value="64"/>
      </i>
      <i name="image" value="5000038.hungry.1.png"/>
    </i>
    <i name="2">
      <i name="origin">
        <i name="x" value="7"/>
        <i name="y" value="66"/>
      </i>
      <i name="image" value="5000038.hungry.2.png"/>
    </i>
    <i name="3">
      <i name="origin">
        <i name="x" value="8"/>
        <i name="y" value="64"/>
      </i>
      <i name="image" value="5000038.hungry.3.png"/>
    </i>
  </i>
  <i name="move">
    <i name="0">
      <i name="origin">
        <i name="x" value="6"/>
        <i name="y" value="58"/>
      </i>
      <i name="image" value="5000038.move.0.png"/>
    </i>
    <i name="1">
      <i name="origin">
        <i name="x" value="6"/>
        <i name="y" value="59"/>
      </i>
      <i name="image" value="5000038.move.1.png"/>
    </i>
    <i name="2">
      <i name="origin">
        <i name="x" value="6"/>
        <i name="y" value="59"/>
      </i>
      <i name="image" value="5000038.move.2.png"/>
    </i>
  </i>
  <i name="jump">
    <i name="0">
      <i name="origin">
        <i name="x" value="7"/>
        <i name="y" value="63"/>
      </i>
      <i name="image" value="5000038.jump.0.png"/>
    </i>
  </i>
  <i name="rest0">
    <i name="0">
      <i name="origin">
        <i name="x" value="6"/>
        <i name="y" value="53"/>
      </i>
      <i name="image" value="5000038.rest0.0.png"/>
    </i>
    <i name="1">
      <i name="origin">
        <i name="x" value="6"/>
        <i name="y" value="53"/>
      </i>
      <i name="image" value="5000038.rest0.1.png"/>
    </i>
    <i name="2">
      <i name="origin">
        <i name="x" value="6"/>
        <i name="y" value="53"/>
      </i>
      <i name="image" value="5000038.rest0.2.png"/>
    </i>
  </i>
  <i name="chat">
    <i name="0">
      <i name="origin">
        <i name="x" value="6"/>
        <i name="y" value="58"/>
      </i>
      <i name="image" value="5000038.chat.0.png"/>
    </i>
    <i name="1">
      <i name="origin">
        <i name="x" value="6"/>
        <i name="y" value="57"/>
      </i>
      <i name="image" value="5000038.chat.1.png"/>
    </i>
    <i name="2">
      <i name="pointer" value="5000038/chat/0"/>
    </i>
    <i name="3">
      <i name="pointer" value="5000038/chat/1"/>
    </i>
    <i name="4">
      <i name="pointer" value="5000038/chat/0"/>
    </i>
    <i name="5">
      <i name="pointer" value="5000038/chat/1"/>
    </i>
    <i name="6">
      <i name="pointer" value="5000038/chat/0"/>
    </i>
    <i name="7">
      <i name="pointer" value="5000038/chat/1"/>
    </i>
  </i>
  <i name="angry">
    <i name="0">
      <i name="origin">
        <i name="x" value="8"/>
        <i name="y" value="67"/>
      </i>
      <i name="image" value="5000038.angry.0.png"/>
    </i>
    <i name="1">
      <i name="origin">
        <i name="x" value="8"/>
        <i name="y" value="68"/>
      </i>
      <i name="image" value="5000038.angry.1.png"/>
    </i>
    <i name="2">
      <i name="origin">
        <i name="x" value="8"/>
        <i name="y" value="69"/>
      </i>
      <i name="image" value="5000038.angry.2.png"/>
    </i>
  </i>
  <i name="hang">
    <i name="0">
      <i name="origin">
        <i name="x" value="14"/>
        <i name="y" value="72"/>
      </i>
      <i name="image" value="5000038.hang.0.png"/>
    </i>
  </i>
  <i name="hug">
    <i name="0">
      <i name="origin">
        <i name="x" value="6"/>
        <i name="y" value="58"/>
      </i>
      <i name="image" value="5000038.hug.0.png"/>
    </i>
  </i>
  <i name="flash">
    <i name="0">
      <i name="origin">
        <i name="x" value="6"/>
        <i name="y" value="58"/>
      </i>
      <i name="image" value="5000038.flash.0.png"/>
    </i>
    <i name="1">
      <i name="origin">
        <i name="x" value="6"/>
        <i name="y" value="58"/>
      </i>
      <i name="image" value="5000038.flash.1.png"/>
    </i>
    <i name="2">
      <i name="pointer" value="5000038/flash/0"/>
    </i>
    <i name="3">
      <i name="pointer" value="5000038/flash/1"/>
    </i>
  </i>
  <i name="fly">
    <i name="0">
      <i name="origin">
        <i name="x" value="5"/>
        <i name="y" value="58"/>
      </i>
      <i name="image" value="5000038.fly.0.png"/>
    </i>
    <i name="1">
      <i name="origin">
        <i name="x" value="5"/>
        <i name="y" value="59"/>
      </i>
      <i name="image" value="5000038.fly.1.png"/>
    </i>
  </i>
  <i name="eat">
    <i name="0">
      <i name="origin">
        <i name="x" value="7"/>
        <i name="y" value="53"/>
      </i>
      <i name="image" value="5000038.eat.0.png"/>
    </i>
    <i name="1">
      <i name="origin">
        <i name="x" value="8"/>
        <i name="y" value="54"/>
      </i>
      <i name="image" value="5000038.eat.1.png"/>
    </i>
    <i name="2">
      <i name="pointer" value="5000038/eat/0"/>
    </i>
    <i name="3">
      <i name="pointer" value="5000038/eat/1"/>
    </i>
    <i name="4">
      <i name="pointer" value="5000038/eat/0"/>
    </i>
    <i name="5">
      <i name="pointer" value="5000038/eat/1"/>
    </i>
    <i name="6">
      <i name="pointer" value="5000038/eat/0"/>
    </i>
    <i name="7">
      <i name="pointer" value="5000038/eat/1"/>
    </i>
    <i name="8">
      <i name="pointer" value="5000038/eat/0"/>
    </i>
    <i name="9">
      <i name="pointer" value="5000038/eat/1"/>
    </i>
    <i name="10">
      <i name="pointer" value="5000038/eat/0"/>
    </i>
    <i name="11">
      <i name="pointer" value="5000038/eat/1"/>
    </i>
  </i>
  <i name="sweat">
    <i name="0">
      <i name="origin">
        <i name="x" value="6"/>
        <i name="y" value="58"/>
      </i>
      <i name="image" value="5000038.sweat.0.png"/>
    </i>
  </i>
  <i name="dung">
    <i name="0">
      <i name="origin">
        <i name="x" value="0"/>
        <i name="y" value="80"/>
      </i>
      <i name="image" value="5000038.dung.0.png"/>
    </i>
  </i>
  <i name="love">
    <i name="0">
      <i name="origin">
        <i name="x" value="8"/>
        <i name="y" value="58"/>
      </i>
      <i name="image" value="5000038.love.0.png"/>
    </i>
    <i name="1">
      <i name="origin">
        <i name="x" value="8"/>
        <i name="y" value="64"/>
      </i>
      <i name="image" value="5000038.love.1.png"/>
    </i>
    <i name="2">
      <i name="origin">
        <i name="x" value="8"/>
        <i name="y" value="52"/>
      </i>
      <i name="image" value="5000038.love.2.png"/>
    </i>
  </i>
  <i name="love2">
    <i name="0">
      <i name="origin">
        <i name="x" value="2"/>
        <i name="y" value="75"/>
      </i>
      <i name="image" value="5000038.love2.0.png"/>
    </i>
    <i name="1">
      <i name="origin">
        <i name="x" value="2"/>
        <i name="y" value="76"/>
      </i>
      <i name="image" value="5000038.love2.1.png"/>
    </i>
    <i name="2">
      <i name="origin">
        <i name="x" value="2"/>
        <i name="y" value="77"/>
      </i>
      <i name="image" value="5000038.love2.2.png"/>
    </i>
    <i name="3">
      <i name="origin">
        <i name="x" value="2"/>
        <i name="y" value="78"/>
      </i>
      <i name="image" value="5000038.love2.3.png"/>
    </i>
    <i name="4">
      <i name="origin">
        <i name="x" value="2"/>
        <i name="y" value="77"/>
      </i>
      <i name="image" value="5000038.love2.4.png"/>
    </i>
    <i name="5">
      <i name="origin">
        <i name="x" value="2"/>
        <i name="y" value="76"/>
      </i>
      <i name="image" value="5000038.love2.5.png"/>
    </i>
  </i>
  <i name="sleep">
    <i name="0">
      <i name="origin">
        <i name="x" value="45"/>
        <i name="y" value="20"/>
      </i>
      <i name="image" value="5000038.sleep.0.png"/>
    </i>
    <i name="1">
      <i name="origin">
        <i name="x" value="45"/>
        <i name="y" value="20"/>
      </i>
      <i name="image" value="5000038.sleep.1.png"/>
    </i>
    <i name="2">
      <i name="origin">
        <i name="x" value="45"/>
        <i name="y" value="20"/>
      </i>
      <i name="image" value="5000038.sleep.2.png"/>
    </i>
    <i name="3">
      <i name="origin">
        <i name="x" value="45"/>
        <i name="y" value="20"/>
      </i>
      <i name="image" value="5000038.sleep.3.png"/>
    </i>
    <i name="4">
      <i name="origin">
        <i name="x" value="45"/>
        <i name="y" value="20"/>
      </i>
      <i name="image" value="5000038.sleep.4.png"/>
    </i>
    <i name="5">
      <i name="pointer" value="5000038/sleep/0"/>
    </i>
    <i name="6">
      <i name="pointer" value="5000038/sleep/1"/>
    </i>
    <i name="7">
      <i name="pointer" value="5000038/sleep/2"/>
    </i>
    <i name="8">
      <i name="pointer" value="5000038/sleep/3"/>
    </i>
    <i name="9">
      <i name="pointer" value="5000038/sleep/4"/>
    </i>
  </i>
  <i name="angry2">
    <i name="0">
      <i name="origin">
        <i name="x" value="11"/>
        <i name="y" value="67"/>
      </i>
      <i name="image" value="5000038.angry2.0.png"/>
    </i>
    <i name="1">
      <i name="origin">
        <i name="x" value="11"/>
        <i name="y" value="68"/>
      </i>
      <i name="image" value="5000038.angry2.1.png"/>
    </i>
    <i name="2">
      <i name="origin">
        <i name="x" value="11"/>
        <i name="y" value="67"/>
      </i>
      <i name="image" value="5000038.angry2.2.png"/>
    </i>
    <i name="3">
      <i name="origin">
        <i name="x" value="11"/>
        <i name="y" value="68"/>
      </i>
      <i name="image" value="5000038.angry2.3.png"/>
    </i>
  </i>
  <i name="change">
    <i name="0">
      <i name="origin">
        <i name="x" value="8"/>
        <i name="y" value="52"/>
      </i>
      <i name="image" value="5000038.change.0.png"/>
    </i>
    <i name="1">
      <i name="origin">
        <i name="x" value="9"/>
        <i name="y" value="80"/>
      </i>
      <i name="image" value="5000038.change.1.png"/>
    </i>
    <i name="2">
      <i name="origin">
        <i name="x" value="0"/>
        <i name="y" value="0"/>
      </i>
      <i name="image" value="5000038.change.2.png"/>
    </i>
    <i name="3">
      <i name="origin">
        <i name="x" value="0"/>
        <i name="y" value="0"/>
      </i>
      <i name="image" value="5000038.change.3.png"/>
    </i>
    <i name="4">
      <i name="origin">
        <i name="x" value="0"/>
        <i name="y" value="0"/>
      </i>
      <i name="image" value="5000038.change.4.png"/>
    </i>
    <i name="5">
      <i name="origin">
        <i name="x" value="0"/>
        <i name="y" value="0"/>
      </i>
      <i name="image" value="5000038.change.5.png"/>
    </i>
    <i name="6">
      <i name="origin">
        <i name="x" value="0"/>
        <i name="y" value="0"/>
      </i>
      <i name="image" value="5000038.change.6.png"/>
    </i>
    <i name="7">
      <i name="origin">
        <i name="x" value="0"/>
        <i name="y" value="0"/>
      </i>
      <i name="image" value="5000038.change.7.png"/>
    </i>
    <i name="8">
      <i name="origin">
        <i name="x" value="0"/>
        <i name="y" value="0"/>
      </i>
      <i name="image" value="5000038.change.8.png"/>
    </i>
    <i name="9">
      <i name="origin">
        <i name="x" value="0"/>
        <i name="y" value="0"/>
      </i>
      <i name="image" value="5000038.change.9.png"/>
    </i>
    <i name="10">
      <i name="origin">
        <i name="x" value="0"/>
        <i name="y" value="0"/>
      </i>
      <i name="image" value="5000038.change.10.png"/>
    </i>
    <i name="11">
      <i name="origin">
        <i name="x" value="0"/>
        <i name="y" value="0"/>
      </i>
      <i name="image" value="5000038.change.11.png"/>
    </i>
    <i name="12">
      <i name="origin">
        <i name="x" value="0"/>
        <i name="y" value="0"/>
      </i>
      <i name="image" value="5000038.change.12.png"/>
    </i>
    <i name="13">
      <i name="origin">
        <i name="x" value="0"/>
        <i name="y" value="0"/>
      </i>
      <i name="image" value="5000038.change.13.png"/>
    </i>
    <i name="14">
      <i name="origin">
        <i name="x" value="0"/>
        <i name="y" value="0"/>
      </i>
      <i name="image" value="5000038.change.14.png"/>
    </i>
    <i name="15">
      <i name="origin">
        <i name="x" value="0"/>
        <i name="y" value="0"/>
      </i>
      <i name="image" value="5000038.change.15.png"/>
    </i>
    <i name="16">
      <i name="origin">
        <i name="x" value="0"/>
        <i name="y" value="0"/>
      </i>
      <i name="image" value="5000038.change.16.png"/>
    </i>
  </i>
  </i>
