<i>
<s name="info"><f name="icon" ><p name="info"  image="info.icon.png"/></f><f name="iconRaw" ><p name="info"  origin_x="0" origin_y="28" image="info.iconRaw.png"/></f><f name="iconD" ><p name="info"  origin_x="-2" origin_y="34" image="info.iconD.png"/></f><f name="iconRawD" ><p name="info"  origin_x="-2" origin_y="34" image="info.iconRawD.png"/></f></s>
<s name="stand0"><f name="0" delay="1200" ><p name="stand0"  origin_x="19" origin_y="39" lt_x="-19" lt_y="-39" rb_x="19" rb_y="0" image="stand0.0.png"/></f><f name="1" delay="60" ><p name="stand0"  origin_x="19" origin_y="39" lt_x="-19" lt_y="-39" rb_x="19" rb_y="0" image="stand0.1.png"/></f><f name="2" delay="60" ><p name="stand0"  origin_x="19" origin_y="39" lt_x="-19" lt_y="-39" rb_x="19" rb_y="0" image="stand0.2.png"/></f></s>
<s name="stand1"><f name="0" delay="200" ><p name="stand1"  origin_x="19" origin_y="39" lt_x="-19" lt_y="-39" rb_x="19" rb_y="0" image="stand1.0.png"/></f><f name="1" delay="100" ><p name="stand1"  origin_x="19" origin_y="39" lt_x="-19" lt_y="-39" rb_x="17" rb_y="0" image="stand1.1.png"/></f><f name="2" delay="200" ><p name="stand1"  origin_x="19" origin_y="39" lt_x="-19" lt_y="-39" rb_x="16" rb_y="0" image="stand1.2.png"/></f><f name="3" ><p name="pointer"  pointer="stand1/1"/></f><f name="4" ><p name="pointer"  pointer="stand1/0"/></f><f name="5" delay="100" ><p name="stand1"  origin_x="19" origin_y="39" lt_x="-19" lt_y="-39" rb_x="22" rb_y="0" image="stand1.5.png"/></f><f name="6" delay="200" ><p name="stand1"  origin_x="19" origin_y="39" lt_x="-19" lt_y="-39" rb_x="25" rb_y="0" image="stand1.6.png"/></f><f name="7" delay="100" ><p name="stand1"  origin_x="19" origin_y="39" lt_x="-19" lt_y="-39" rb_x="29" rb_y="0" image="stand1.7.png"/></f><f name="8" delay="100" ><p name="stand1"  origin_x="19" origin_y="39" lt_x="-19" lt_y="-39" rb_x="26" rb_y="0" image="stand1.8.png"/></f></s>
<s name="hungry"><f name="0" delay="1200" ><p name="hungry"  origin_x="17" origin_y="32" lt_x="-17" lt_y="-32" rb_x="32" rb_y="0" image="hungry.0.png"/></f><f name="1" delay="60" ><p name="hungry"  origin_x="17" origin_y="32" lt_x="-17" lt_y="-32" rb_x="32" rb_y="0" image="hungry.1.png"/></f><f name="2" delay="60" ><p name="hungry"  origin_x="17" origin_y="32" lt_x="-17" lt_y="-32" rb_x="32" rb_y="0" image="hungry.2.png"/></f></s>
<s name="move"><f name="0" delay="100" ><p name="move"  origin_x="19" origin_y="37" lt_x="-19" lt_y="-37" rb_x="19" rb_y="0" image="move.0.png"/></f><f name="1" delay="180" ><p name="move"  origin_x="19" origin_y="40" lt_x="-19" lt_y="-37" rb_x="20" rb_y="0" image="move.1.png"/></f><f name="2" delay="150" ><p name="move"  origin_x="20" origin_y="39" lt_x="-20" lt_y="-39" rb_x="21" rb_y="0" image="move.2.png"/></f></s>
<s name="jump"><f name="0" ><p name="jump"  origin_x="19" origin_y="35" lt_x="-19" lt_y="-35" rb_x="19" rb_y="0" image="jump.0.png"/></f></s>
<s name="rest0"><f name="0" delay="400" ><p name="rest0"  origin_x="20" origin_y="39" lt_x="-20" lt_y="-39" rb_x="26" rb_y="0" image="rest0.0.png"/></f><f name="1" delay="100" ><p name="rest0"  origin_x="20" origin_y="39" lt_x="-20" lt_y="-39" rb_x="24" rb_y="0" image="rest0.1.png"/></f><f name="2" delay="200" ><p name="rest0"  origin_x="20" origin_y="39" lt_x="-20" lt_y="-39" rb_x="21" rb_y="0" image="rest0.2.png"/></f></s>
<s name="chat"><f name="0" delay="3000" ><p name="chat"  origin_x="19" origin_y="39" lt_x="-19" lt_y="-39" rb_x="19" rb_y="0" image="chat.0.png"/></f></s>
<s name="angry"><f name="0" delay="3000" ><p name="angry"  origin_x="21" origin_y="43" lt_x="-21" lt_y="-43" rb_x="16" rb_y="0" image="angry.0.png"/></f></s>
<s name="hang"><f name="0" ><p name="hang"  origin_x="13" origin_y="60" z="0" lt_x="-14" lt_y="-28" rb_x="15" rb_y="28" image="hang.0.png"/></f></s>
<s name="rise"><f name="0" delay="3000" ><p name="rise"  origin_x="20" origin_y="49" lt_x="-20" lt_y="-49" rb_x="21" rb_y="0" image="rise.0.png"/></f></s>
<s name="poor"><f name="0" delay="3000" ><p name="poor"  origin_x="17" origin_y="32" lt_x="-17" lt_y="-32" rb_x="32" rb_y="0" image="poor.0.png"/></f></s>
<s name="dung"><f name="0" delay="3000" ><p name="dung"  origin_x="21" origin_y="39" lt_x="-21" lt_y="-39" rb_x="21" rb_y="0" image="dung.0.png"/></f></s>
<s name="stretch"><f name="0" delay="3000" ><p name="stretch"  origin_x="19" origin_y="36" lt_x="-20" lt_y="-36" rb_x="30" rb_y="0" image="stretch.0.png"/></f></s>
<s name="prone"><f name="0" delay="3000" ><p name="prone"  origin_x="22" origin_y="33" lt_x="-22" lt_y="-33" rb_x="32" rb_y="0" image="prone.0.png"/></f></s>
<s name="alert"><f name="0" delay="3000" ><p name="alert"  origin_x="20" origin_y="34" lt_x="-20" lt_y="-34" rb_x="21" rb_y="0" image="alert.0.png"/></f></s>
<s name="cry"><f name="0" delay="3000" ><p name="cry"  origin_x="20" origin_y="35" lt_x="-20" lt_y="-35" rb_x="21" rb_y="0" image="cry.0.png"/></f></s>
<s name="fly"><f name="0" delay="200" ><p name="fly"  origin_x="21" origin_y="42" lt_x="-19" lt_y="-37" rb_x="19" rb_y="0" image="fly.0.png"/></f><f name="1" delay="200" ><p name="fly"  origin_x="20" origin_y="39" lt_x="-19" lt_y="-37" rb_x="20" rb_y="0" image="fly.1.png"/></f></s>
</i>
