<i name="5000016">
<i name="stand0">
<i name="0">
<i name="origin">
<i name="x" value="11"/>
<i name="y" value="46"/>
</i>
<i name="image" value="5000016.stand0.0.png"/>
</i>
<i name="1">
<i name="pointer" value="5000016/stand0/0"/>
</i>
<i name="2">
<i name="pointer" value="5000016/stand0/0"/>
</i>
</i>
<i name="stand1">
<i name="0">
<i name="origin">
<i name="x" value="11"/>
<i name="y" value="46"/>
</i>
<i name="image" value="5000016.stand1.0.png"/>
</i>
<i name="1">
<i name="pointer" value="5000016/stand1/0"/>
</i>
<i name="2">
<i name="pointer" value="5000016/stand1/0"/>
</i>
<i name="3">
<i name="pointer" value="5000016/stand1/0"/>
</i>
<i name="4">
<i name="pointer" value="5000016/stand1/0"/>
</i>
<i name="5">
<i name="pointer" value="5000016/stand1/0"/>
</i>
<i name="6">
<i name="pointer" value="5000016/stand1/0"/>
</i>
<i name="7">
<i name="pointer" value="5000016/stand1/0"/>
</i>
</i>
<i name="rest0">
<i name="0">
<i name="origin">
<i name="x" value="19"/>
<i name="y" value="38"/>
</i>
<i name="image" value="5000016.rest0.0.png"/>
</i>
<i name="1">
<i name="pointer" value="5000016/rest0/0"/>
</i>
<i name="2">
<i name="pointer" value="5000016/rest0/0"/>
</i>
<i name="3">
<i name="pointer" value="5000016/rest0/0"/>
</i>
<i name="4">
<i name="pointer" value="5000016/rest0/0"/>
</i>
<i name="5">
<i name="pointer" value="5000016/rest0/0"/>
</i>
<i name="6">
<i name="pointer" value="5000016/rest0/0"/>
</i>
<i name="7">
<i name="pointer" value="5000016/rest0/0"/>
</i>
<i name="8">
<i name="pointer" value="5000016/rest0/0"/>
</i>
<i name="9">
<i name="pointer" value="5000016/rest0/0"/>
</i>
<i name="10">
<i name="pointer" value="5000016/rest0/0"/>
</i>
<i name="11">
<i name="pointer" value="5000016/rest0/0"/>
</i>
</i>
<i name="move">
<i name="0">
<i name="origin">
<i name="x" value="13"/>
<i name="y" value="47"/>
</i>
<i name="image" value="5000016.move.0.png"/>
</i>
<i name="1">
<i name="origin">
<i name="x" value="11"/>
<i name="y" value="45"/>
</i>
<i name="image" value="5000016.move.1.png"/>
</i>
<i name="2">
<i name="origin">
<i name="x" value="11"/>
<i name="y" value="46"/>
</i>
<i name="image" value="5000016.move.2.png"/>
</i>
</i>
<i name="jump">
<i name="0">
<i name="origin">
<i name="x" value="14"/>
<i name="y" value="46"/>
</i>
<i name="image" value="5000016.jump.0.png"/>
</i>
</i>
<i name="hungry">
<i name="0">
<i name="origin">
<i name="x" value="12"/>
<i name="y" value="45"/>
</i>
<i name="image" value="5000016.hungry.0.png"/>
</i>
</i>
<i name="angry">
<i name="0">
<i name="origin">
<i name="x" value="8"/>
<i name="y" value="47"/>
</i>
<i name="image" value="5000016.angry.0.png"/>
</i>
</i>
<i name="chat">
<i name="0">
<i name="origin">
<i name="x" value="11"/>
<i name="y" value="46"/>
</i>
<i name="image" value="5000016.chat.0.png"/>
</i>
<i name="1">
<i name="pointer" value="5000016/chat/0"/>
</i>
<i name="2">
<i name="pointer" value="5000016/chat/0"/>
</i>
<i name="3">
<i name="pointer" value="5000016/chat/0"/>
</i>
<i name="4">
<i name="pointer" value="5000016/chat/0"/>
</i>
<i name="5">
<i name="pointer" value="5000016/chat/0"/>
</i>
<i name="6">
<i name="pointer" value="5000016/chat/0"/>
</i>
<i name="7">
<i name="pointer" value="5000016/chat/0"/>
</i>
<i name="8">
<i name="pointer" value="5000016/chat/0"/>
</i>
<i name="9">
<i name="pointer" value="5000016/chat/0"/>
</i>
<i name="10">
<i name="pointer" value="5000016/chat/0"/>
</i>
<i name="11">
<i name="pointer" value="5000016/chat/0"/>
</i>
</i>
<i name="hang">
<i name="0">
<i name="origin">
<i name="x" value="16"/>
<i name="y" value="69"/>
</i>
<i name="image" value="5000016.hang.0.png"/>
</i>
</i>
<i name="rise">
<i name="0">
<i name="origin">
<i name="x" value="8"/>
<i name="y" value="54"/>
</i>
<i name="image" value="5000016.rise.0.png"/>
</i>
</i>
<i name="dung">
<i name="0">
<i name="origin">
<i name="x" value="12"/>
<i name="y" value="45"/>
</i>
<i name="image" value="5000016.dung.0.png"/>
</i>
</i>
<i name="cry">
<i name="0">
<i name="origin">
<i name="x" value="12"/>
<i name="y" value="45"/>
</i>
<i name="image" value="5000016.cry.0.png"/>
</i>
<i name="1">
<i name="pointer" value="5000016/cry/0"/>
</i>
<i name="2">
<i name="pointer" value="5000016/cry/0"/>
</i>
<i name="3">
<i name="origin">
<i name="x" value="12"/>
<i name="y" value="46"/>
</i>
<i name="image" value="5000016.cry.3.png"/>
</i>
<i name="4">
<i name="pointer" value="5000016/cry/0"/>
</i>
<i name="5">
<i name="pointer" value="5000016/cry/0"/>
</i>
<i name="6">
<i name="pointer" value="5000016/cry/0"/>
</i>
<i name="7">
<i name="pointer" value="5000016/cry/3"/>
</i>
<i name="8">
<i name="pointer" value="5000016/cry/0"/>
</i>
<i name="9">
<i name="pointer" value="5000016/cry/0"/>
</i>
<i name="10">
<i name="pointer" value="5000016/cry/0"/>
</i>
<i name="11">
<i name="pointer" value="5000016/cry/3"/>
</i>
<i name="12">
<i name="pointer" value="5000016/cry/0"/>
</i>
<i name="13">
<i name="pointer" value="5000016/cry/0"/>
</i>
<i name="14">
<i name="pointer" value="5000016/cry/0"/>
</i>
<i name="16">
<i name="pointer" value="5000016/cry/0"/>
</i>
<i name="17">
<i name="pointer" value="5000016/cry/0"/>
</i>
<i name="18">
<i name="pointer" value="5000016/cry/0"/>
</i>
<i name="19">
<i name="pointer" value="5000016/cry/0"/>
</i>
<i name="15">
<i name="pointer" value="5000016/cry/3"/>
</i>
</i>
<i name="alert">
<i name="0">
<i name="origin">
<i name="x" value="11"/>
<i name="y" value="46"/>
</i>
<i name="image" value="5000016.alert.0.png"/>
</i>
</i>
<i name="eat">
<i name="0">
<i name="origin">
<i name="x" value="15"/>
<i name="y" value="39"/>
</i>
<i name="image" value="5000016.eat.0.png"/>
</i>
<i name="1">
<i name="origin">
<i name="x" value="15"/>
<i name="y" value="38"/>
</i>
<i name="image" value="5000016.eat.1.png"/>
</i>
<i name="2">
<i name="pointer" value="5000016/eat/0"/>
</i>
<i name="3">
<i name="pointer" value="5000016/eat/1"/>
</i>
<i name="4">
<i name="pointer" value="5000016/eat/0"/>
</i>
<i name="5">
<i name="pointer" value="5000016/eat/1"/>
</i>
<i name="6">
<i name="pointer" value="5000016/eat/0"/>
</i>
<i name="7">
<i name="pointer" value="5000016/eat/1"/>
</i>
<i name="8">
<i name="pointer" value="5000016/eat/0"/>
</i>
<i name="9">
<i name="pointer" value="5000016/eat/1"/>
</i>
<i name="10">
<i name="pointer" value="5000016/eat/0"/>
</i>
<i name="11">
<i name="pointer" value="5000016/eat/1"/>
</i>
<i name="12">
<i name="pointer" value="5000016/eat/0"/>
</i>
<i name="13">
<i name="pointer" value="5000016/eat/1"/>
</i>
<i name="14">
<i name="pointer" value="5000016/eat/0"/>
</i>
<i name="15">
<i name="pointer" value="5000016/eat/1"/>
</i>
<i name="16">
<i name="pointer" value="5000016/eat/0"/>
</i>
<i name="17">
<i name="pointer" value="5000016/eat/1"/>
</i>
<i name="18">
<i name="pointer" value="5000016/eat/0"/>
</i>
<i name="19">
<i name="pointer" value="5000016/eat/1"/>
</i>
<i name="20">
<i name="pointer" value="5000016/eat/0"/>
</i>
<i name="21">
<i name="pointer" value="5000016/eat/1"/>
</i>
<i name="22">
<i name="pointer" value="5000016/eat/0"/>
</i>
<i name="23">
<i name="pointer" value="5000016/eat/1"/>
</i>
</i>
<i name="love">
<i name="0">
<i name="origin">
<i name="x" value="12"/>
<i name="y" value="45"/>
</i>
<i name="image" value="5000016.love.0.png"/>
</i>
<i name="1">
<i name="pointer" value="5000016/love/0"/>
</i>
<i name="2">
<i name="pointer" value="5000016/love/0"/>
</i>
<i name="3">
<i name="pointer" value="5000016/love/0"/>
</i>
<i name="4">
<i name="pointer" value="5000016/love/0"/>
</i>
<i name="5">
<i name="pointer" value="5000016/love/0"/>
</i>
<i name="6">
<i name="pointer" value="5000016/love/0"/>
</i>
<i name="7">
<i name="pointer" value="5000016/love/0"/>
</i>
<i name="8">
<i name="pointer" value="5000016/love/0"/>
</i>
<i name="9">
<i name="pointer" value="5000016/love/0"/>
</i>
<i name="10">
<i name="pointer" value="5000016/love/0"/>
</i>
<i name="11">
<i name="pointer" value="5000016/love/0"/>
</i>
<i name="12">
<i name="pointer" value="5000016/love/0"/>
</i>
<i name="13">
<i name="pointer" value="5000016/love/0"/>
</i>
<i name="14">
<i name="pointer" value="5000016/love/0"/>
</i>
<i name="15">
<i name="pointer" value="5000016/love/0"/>
</i>
<i name="16">
<i name="pointer" value="5000016/love/0"/>
</i>
<i name="17">
<i name="pointer" value="5000016/love/0"/>
</i>
<i name="18">
<i name="pointer" value="5000016/love/0"/>
</i>
<i name="19">
<i name="pointer" value="5000016/love/0"/>
</i>
<i name="20">
<i name="pointer" value="5000016/love/0"/>
</i>
<i name="21">
<i name="pointer" value="5000016/love/0"/>
</i>
<i name="22">
<i name="pointer" value="5000016/love/0"/>
</i>
<i name="23">
<i name="pointer" value="5000016/love/0"/>
</i>
<i name="24">
<i name="pointer" value="5000016/love/0"/>
</i>
<i name="25">
<i name="pointer" value="5000016/love/0"/>
</i>
<i name="26">
<i name="pointer" value="5000016/love/0"/>
</i>
<i name="27">
<i name="pointer" value="5000016/love/0"/>
</i>
<i name="28">
<i name="pointer" value="5000016/love/0"/>
</i>
<i name="29">
<i name="pointer" value="5000016/love/0"/>
</i>
</i>
<i name="warn">
<i name="0">
<i name="origin">
<i name="x" value="8"/>
<i name="y" value="41"/>
</i>
<i name="image" value="5000016.warn.0.png"/>
</i>
</i>
<i name="stunned">
<i name="0">
<i name="origin">
<i name="x" value="11"/>
<i name="y" value="46"/>
</i>
<i name="image" value="5000016.stunned.0.png"/>
</i>
</i>
<i name="irrelevant">
<i name="0">
<i name="origin">
<i name="x" value="12"/>
<i name="y" value="45"/>
</i>
<i name="image" value="5000016.irrelevant.0.png"/>
</i>
</i>
<i name="no">
<i name="0">
<i name="origin">
<i name="x" value="20"/>
<i name="y" value="38"/>
</i>
<i name="image" value="5000016.no.0.png"/>
</i>
</i>
<i name="fly">
<i name="0">
<i name="origin">
<i name="x" value="11"/>
<i name="y" value="45"/>
</i>
<i name="image" value="5000016.fly.0.png"/>
</i>
<i name="1">
<i name="pointer" value="5000016/fly/0"/>
</i>
</i>
</i>