  <i name="3000001">
  <i name="damage">
    <i name="0">
      <i name="origin">
        <i name="x" value="-10"/>
        <i name="y" value="7"/>
      </i>
      <i name="delay" value="120"/>
      <i name="image" value="3000001.damage.0.png"/>
    </i>
    <i name="1">
      <i name="origin">
        <i name="x" value="16"/>
        <i name="y" value="7"/>
      </i>
      <i name="z" value="100"/>
      <i name="delay" value="120"/>
      <i name="image" value="3000001.damage.1.png"/>
    </i>
    <i name="2">
      <i name="origin">
        <i name="x" value="32"/>
        <i name="y" value="8"/>
      </i>
      <i name="delay" value="120"/>
      <i name="image" value="3000001.damage.2.png"/>
    </i>
    <i name="3">
      <i name="origin">
        <i name="x" value="32"/>
        <i name="y" value="7"/>
      </i>
      <i name="delay" value="300"/>
      <i name="image" value="3000001.damage.3.png"/>
    </i>
    <i name="4">
      <i name="origin">
        <i name="x" value="26"/>
        <i name="y" value="8"/>
      </i>
      <i name="delay" value="150"/>
      <i name="image" value="3000001.damage.4.png"/>
    </i>
    <i name="5">
      <i name="origin">
        <i name="x" value="60"/>
        <i name="y" value="7"/>
      </i>
      <i name="delay" value="120"/>
      <i name="image" value="3000001.damage.5.png"/>
    </i>
    <i name="6">
      <i name="origin">
        <i name="x" value="91"/>
        <i name="y" value="7"/>
      </i>
      <i name="delay" value="120"/>
      <i name="image" value="3000001.damage.6.png"/>
    </i>
  </i>
  </i>
