<i>
<s name="walk1"><f name="0" ><p name="walk1"  origin_x="12" origin_y="2" hand_x="0" hand_y="0" z="weapon" image="walk1.0.weapon.png"/></f><f name="1" ><p name="walk1"  origin_x="19" origin_y="7" hand_x="0" hand_y="0" z="weapon" image="walk1.1.weapon.png"/></f><f name="2" ><p name="pointer"  pointer="walk1/0/weapon"/></f><f name="3" ><p name="walk1"  origin_x="7" origin_y="6" hand_x="0" hand_y="0" z="weapon" image="walk1.3.weapon.png"/></f></s>
<s name="stand1"><f name="0" ><p name="stand1"  origin_x="12" origin_y="0" hand_x="0" hand_y="0" z="weapon" image="stand1.0.weapon.png"/></f><f name="1" ><p name="pointer"  pointer="stand1/0/weapon"/></f><f name="2" ><p name="pointer"  pointer="stand1/0/weapon"/></f></s>
<s name="alert"><f name="0" ><p name="alert"  origin_x="21" origin_y="7" hand_x="0" hand_y="0" z="weaponOverHand" image="alert.0.weapon.png"/></f><f name="1" ><p name="alert"  origin_x="20" origin_y="6" hand_x="0" hand_y="0" z="weaponOverHand" image="alert.1.weapon.png"/></f><f name="2" ><p name="alert"  origin_x="20" origin_y="5" hand_x="0" hand_y="0" z="weaponOverHand" image="alert.2.weapon.png"/></f></s>
<s name="swingO1"><f name="0" ><p name="swingO1"  origin_x="17" origin_y="9" hand_x="0" hand_y="0" z="weaponBelowBody" image="swingO1.0.weapon.png"/></f><f name="1" ><p name="swingO1"  origin_x="12" origin_y="2" hand_x="0" hand_y="0" z="weaponBelowBody" image="swingO1.1.weapon.png"/></f><f name="2" ><p name="swingO1"  origin_x="1" origin_y="19" hand_x="0" hand_y="0" z="weapon" image="swingO1.2.weapon.png"/></f></s>
<s name="swingO2"><f name="0" ><p name="swingO2"  origin_x="17" origin_y="16" hand_x="0" hand_y="0" z="weaponBelowBody" image="swingO2.0.weapon.png"/></f><f name="1" ><p name="swingO2"  origin_x="17" origin_y="27" hand_x="0" hand_y="0" z="weaponBelowBody" image="swingO2.1.weapon.png"/></f><f name="2" ><p name="swingO2"  origin_x="8" origin_y="7" hand_x="0" hand_y="0" z="weapon" image="swingO2.2.weapon.png"/></f></s>
<s name="swingO3"><f name="0" ><p name="swingO3"  origin_x="6" origin_y="18" hand_x="0" hand_y="0" z="weapon" image="swingO3.0.weapon.png"/></f><f name="1" ><p name="swingO3"  origin_x="19" origin_y="3" hand_x="0" hand_y="0" z="weaponOverBody" image="swingO3.1.weapon.png"/></f><f name="2" ><p name="swingO3"  origin_x="8" origin_y="5" hand_x="0" hand_y="0" z="weaponBelowBody" image="swingO3.2.weapon.png"/></f></s>
<s name="swingOF"><f name="0" ><p name="swingOF"  origin_x="12" origin_y="12" hand_x="0" hand_y="0" z="weapon" image="swingOF.0.weapon.png"/></f><f name="1" ><p name="swingOF"  origin_x="9" origin_y="2" hand_x="0" hand_y="0" z="backWeapon" image="swingOF.1.weapon.png"/></f><f name="2" ><p name="swingOF"  origin_x="9" origin_y="2" hand_x="0" hand_y="0" z="weaponBelowBody" image="swingOF.2.weapon.png"/></f><f name="3" ><p name="swingOF"  origin_x="5" origin_y="7" hand_x="0" hand_y="0" z="weaponBelowBody" image="swingOF.3.weapon.png"/></f></s>
<s name="stabO1"><f name="0" ><p name="stabO1"  origin_x="12" origin_y="1" hand_x="0" hand_y="0" z="weapon" image="stabO1.0.weapon.png"/></f><f name="1" ><p name="stabO1"  origin_x="21" origin_y="13" hand_x="0" hand_y="0" z="weapon" image="stabO1.1.weapon.png"/></f></s>
<s name="stabO2"><f name="0" ><p name="stabO2"  origin_x="22" origin_y="12" hand_x="0" hand_y="0" z="weaponBelowArm" image="stabO2.0.weapon.png"/></f><f name="1" ><p name="stabO2"  origin_x="21" origin_y="12" hand_x="0" hand_y="0" z="weapon" image="stabO2.1.weapon.png"/></f></s>
<s name="stabOF"><f name="0" ><p name="stabOF"  origin_x="12" origin_y="1" hand_x="0" hand_y="0" z="weapon" image="stabOF.0.weapon.png"/></f><f name="1" ><p name="stabOF"  origin_x="-28" origin_y="10" hand_x="0" hand_y="0" z="weapon" image="stabOF.1.weapon.png"/></f><f name="2" ><p name="stabOF"  origin_x="26" origin_y="25" hand_x="0" hand_y="0" z="weapon" image="stabOF.2.weapon.png"/></f></s>
<s name="proneStab"><f name="0" ><p name="proneStab"  origin_x="20" origin_y="2" hand_x="0" hand_y="0" z="weaponBelowArm" image="proneStab.0.weapon.png"/></f><f name="1" ><p name="proneStab"  origin_x="19" origin_y="3" hand_x="0" hand_y="0" z="weaponBelowArm" image="proneStab.1.weapon.png"/></f></s>
<s name="prone"><f name="0" ><p name="pointer"  pointer="proneStab/0/weapon"/></f></s>
<s name="heal"><f name="0" ><p name="pointer"  pointer="alert/1/weapon"/></f><f name="1" ><p name="pointer"  pointer="swingO2/1/weapon"/></f><f name="2" ><p name="pointer"  pointer="swingO2/0/weapon"/></f></s>
<s name="fly"><f name="0" ><p name="fly"  origin_x="17" origin_y="18" hand_x="0" hand_y="0" z="weaponOverArm" image="fly.0.weapon.png"/></f><f name="1" ><p name="fly"  origin_x="16" origin_y="19" hand_x="0" hand_y="0" z="weaponOverArm" image="fly.1.weapon.png"/></f></s>
<s name="jump"><f name="0" ><p name="jump"  origin_x="17" origin_y="18" hand_x="0" hand_y="0" z="weaponOverArm" image="jump.0.weapon.png"/></f></s>
</i>
