  <i name="2321007">
  <i name="effect">
    <i name="0">
      <i name="origin">
        <i name="x" value="51"/>
        <i name="y" value="48"/>
      </i>
      <i name="delay" value="60"/>
      <i name="image" value="2321007.effect.0.png"/>
    </i>
    <i name="1">
      <i name="origin">
        <i name="x" value="55"/>
        <i name="y" value="57"/>
      </i>
      <i name="delay" value="60"/>
      <i name="image" value="2321007.effect.1.png"/>
    </i>
    <i name="2">
      <i name="origin">
        <i name="x" value="71"/>
        <i name="y" value="86"/>
      </i>
      <i name="delay" value="60"/>
      <i name="image" value="2321007.effect.2.png"/>
    </i>
    <i name="3">
      <i name="origin">
        <i name="x" value="74"/>
        <i name="y" value="91"/>
      </i>
      <i name="delay" value="60"/>
      <i name="image" value="2321007.effect.3.png"/>
    </i>
    <i name="4">
      <i name="origin">
        <i name="x" value="82"/>
        <i name="y" value="111"/>
      </i>
      <i name="delay" value="60"/>
      <i name="image" value="2321007.effect.4.png"/>
    </i>
    <i name="5">
      <i name="origin">
        <i name="x" value="91"/>
        <i name="y" value="123"/>
      </i>
      <i name="delay" value="60"/>
      <i name="image" value="2321007.effect.5.png"/>
    </i>
    <i name="6">
      <i name="origin">
        <i name="x" value="103"/>
        <i name="y" value="135"/>
      </i>
      <i name="delay" value="60"/>
      <i name="image" value="2321007.effect.6.png"/>
    </i>
    <i name="7">
      <i name="origin">
        <i name="x" value="112"/>
        <i name="y" value="131"/>
      </i>
      <i name="delay" value="60"/>
      <i name="image" value="2321007.effect.7.png"/>
    </i>
    <i name="8">
      <i name="origin">
        <i name="x" value="102"/>
        <i name="y" value="112"/>
      </i>
      <i name="delay" value="60"/>
      <i name="image" value="2321007.effect.8.png"/>
    </i>
    <i name="9">
      <i name="origin">
        <i name="x" value="79"/>
        <i name="y" value="115"/>
      </i>
      <i name="delay" value="60"/>
      <i name="image" value="2321007.effect.9.png"/>
    </i>
    <i name="10">
      <i name="origin">
        <i name="x" value="79"/>
        <i name="y" value="120"/>
      </i>
      <i name="delay" value="60"/>
      <i name="image" value="2321007.effect.10.png"/>
    </i>
    <i name="11">
      <i name="origin">
        <i name="x" value="79"/>
        <i name="y" value="102"/>
      </i>
      <i name="delay" value="60"/>
      <i name="image" value="2321007.effect.11.png"/>
    </i>
    <i name="12">
      <i name="origin">
        <i name="x" value="72"/>
        <i name="y" value="101"/>
      </i>
      <i name="delay" value="60"/>
      <i name="image" value="2321007.effect.12.png"/>
    </i>
    <i name="13">
      <i name="origin">
        <i name="x" value="71"/>
        <i name="y" value="99"/>
      </i>
      <i name="delay" value="60"/>
      <i name="image" value="2321007.effect.13.png"/>
    </i>
    <i name="14">
      <i name="origin">
        <i name="x" value="69"/>
        <i name="y" value="96"/>
      </i>
      <i name="delay" value="60"/>
      <i name="image" value="2321007.effect.14.png"/>
    </i>
  </i>
  <i name="ball">
    <i name="0">
      <i name="origin">
        <i name="x" value="47"/>
        <i name="y" value="10"/>
      </i>
      <i name="delay" value="100"/>
      <i name="image" value="2321007.ball.0.png"/>
    </i>
  </i>
  <i name="hit">
    <i name="0">
      <i name="0">
        <i name="origin">
          <i name="x" value="43"/>
          <i name="y" value="60"/>
        </i>
        <i name="delay" value="60"/>
        <i name="image" value="2321007.hit.0.0.png"/>
      </i>
      <i name="1">
        <i name="origin">
          <i name="x" value="43"/>
          <i name="y" value="49"/>
        </i>
        <i name="delay" value="60"/>
        <i name="image" value="2321007.hit.0.1.png"/>
      </i>
      <i name="2">
        <i name="origin">
          <i name="x" value="50"/>
          <i name="y" value="53"/>
        </i>
        <i name="delay" value="60"/>
        <i name="image" value="2321007.hit.0.2.png"/>
      </i>
      <i name="3">
        <i name="origin">
          <i name="x" value="52"/>
          <i name="y" value="56"/>
        </i>
        <i name="delay" value="60"/>
        <i name="image" value="2321007.hit.0.3.png"/>
      </i>
      <i name="4">
        <i name="origin">
          <i name="x" value="52"/>
          <i name="y" value="56"/>
        </i>
        <i name="delay" value="60"/>
        <i name="image" value="2321007.hit.0.4.png"/>
      </i>
      <i name="5">
        <i name="origin">
          <i name="x" value="42"/>
          <i name="y" value="19"/>
        </i>
        <i name="delay" value="60"/>
        <i name="image" value="2321007.hit.0.5.png"/>
      </i>
      <i name="6">
        <i name="origin">
          <i name="x" value="45"/>
          <i name="y" value="16"/>
        </i>
        <i name="delay" value="60"/>
        <i name="image" value="2321007.hit.0.6.png"/>
      </i>
    </i>
  </i>
  </i>
