  <i name="02070005">
  <i name="info">
    <i name="icon">
      <i name="origin">
        <i name="x" value="-3"/>
        <i name="y" value="29"/>
      </i>
      <i name="z" value="0"/>
      <i name="image" value="02070005.info.icon.png"/>
    </i>
    <i name="iconRaw">
      <i name="origin">
        <i name="x" value="-3"/>
        <i name="y" value="29"/>
      </i>
      <i name="z" value="0"/>
      <i name="image" value="02070005.info.iconRaw.png"/>
    </i>
    <i name="price" value="10000"/>
    <i name="slotMax" value="1000"/>
    <i name="unitPrice" value="0.7"/>
    <i name="incPAD" value="25"/>
    <i name="reqLevel" value="10"/>
  </i>
  <i name="bullet">
    <i name="0">
      <i name="origin">
        <i name="x" value="24"/>
        <i name="y" value="4"/>
      </i>
      <i name="z" value="0"/>
      <i name="image" value="02070005.bullet.0.png"/>
    </i>
    <i name="1">
      <i name="origin">
        <i name="x" value="24"/>
        <i name="y" value="4"/>
      </i>
      <i name="z" value="0"/>
      <i name="image" value="02070005.bullet.1.png"/>
    </i>
  </i>
  </i>
