<i>
<s name="info"></s>
<s name="default"><f name="face" ><p name="default"  image="default.face.png"/></f></s>
<s name="blink"><f name="0" delay="60" ><p name="blink"  origin_x="12" origin_y="-4" brow_x="0" brow_y="0" z="face" image="blink.0.face.png"/></f><f name="1" delay="60" ><p name="blink"  origin_x="13" origin_y="-4" brow_x="0" brow_y="0" z="face" image="blink.1.face.png"/></f><f name="2" delay="60" ><p name="blink"  origin_x="12" origin_y="-6" brow_x="0" brow_y="0" z="face" image="blink.2.face.png"/></f></s>
<s name="hit"><f name="0" ><p name="hit"  origin_x="12" origin_y="-3" brow_x="0" brow_y="0" z="face" image="hit.0.face.png"/></f></s>
<s name="smile"><f name="0" ><p name="smile"  origin_x="13" origin_y="-5" brow_x="0" brow_y="0" z="face" image="smile.0.face.png"/></f></s>
<s name="troubled"><f name="0" ><p name="troubled"  origin_x="12" origin_y="-6" brow_x="0" brow_y="0" z="face" image="troubled.0.face.png"/></f></s>
<s name="cry"><f name="0" ><p name="cry"  origin_x="12" origin_y="-6" brow_x="0" brow_y="0" z="face" image="cry.0.face.png"/></f></s>
<s name="angry"><f name="0" ><p name="angry"  origin_x="12" origin_y="-3" brow_x="0" brow_y="0" z="face" image="angry.0.face.png"/></f></s>
<s name="bewildered"><f name="0" ><p name="bewildered"  origin_x="12" origin_y="-4" brow_x="0" brow_y="0" z="face" image="bewildered.0.face.png"/></f></s>
<s name="stunned"><f name="0" ><p name="stunned"  origin_x="13" origin_y="-5" brow_x="0" brow_y="0" z="face" image="stunned.0.face.png"/></f></s>
<s name="vomit"><f name="0" delay="120" ><p name="vomit"  origin_x="14" origin_y="-6" brow_x="0" brow_y="0" z="face" image="vomit.0.face.png"/></f><f name="1" delay="120" ><p name="vomit"  origin_x="14" origin_y="-6" brow_x="0" brow_y="0" z="face" image="vomit.1.face.png"/></f></s>
<s name="oops"><f name="0" ><p name="oops"  origin_x="12" origin_y="-5" brow_x="0" brow_y="0" z="face" image="oops.0.face.png"/></f></s>
<s name="cheers"><f name="0" ><p name="cheers"  origin_x="13" origin_y="-5" brow_x="0" brow_y="0" z="face" image="cheers.0.face.png"/></f></s>
<s name="chu"><f name="0" ><p name="chu"  origin_x="12" origin_y="-5" brow_x="0" brow_y="0" z="face" image="chu.0.face.png"/></f></s>
<s name="wink"><f name="0" ><p name="wink"  origin_x="12" origin_y="-5" brow_x="0" brow_y="0" z="face" image="wink.0.face.png"/></f></s>
<s name="pain"><f name="0" ><p name="pain"  origin_x="14" origin_y="-3" brow_x="0" brow_y="0" z="face" image="pain.0.face.png"/></f></s>
<s name="glitter"><f name="0" delay="150" ><p name="glitter"  origin_x="13" origin_y="-3" brow_x="0" brow_y="0" z="face" image="glitter.0.face.png"/></f><f name="1" delay="150" ><p name="glitter"  origin_x="13" origin_y="-3" brow_x="0" brow_y="0" z="face" image="glitter.1.face.png"/></f></s>
<s name="despair"><f name="0" delay="150" ><p name="despair"  origin_x="13" origin_y="8" brow_x="14" brow_y="-12" z="face" image="despair.0.face.png"/></f><f name="1" delay="150" ><p name="despair"  origin_x="13" origin_y="8" brow_x="16" brow_y="-12" z="face" image="despair.1.face.png"/></f></s>
<s name="love"><f name="0" delay="150" ><p name="love"  origin_x="13" origin_y="8" brow_x="0" brow_y="-9" z="face" image="love.0.face.png"/></f><f name="1" delay="150" ><p name="love"  origin_x="13" origin_y="8" brow_x="0" brow_y="-9" z="face" image="love.1.face.png"/></f></s>
<s name="shine"><f name="0" ><p name="shine"  origin_x="13" origin_y="6" brow_x="0" brow_y="-8" z="face" image="shine.0.face.png"/></f></s>
<s name="blaze"><f name="0" delay="110" ><p name="blaze"  origin_x="13" origin_y="8" brow_x="0" brow_y="-10" z="face" image="blaze.0.face.png"/></f><f name="1" delay="110" ><p name="blaze"  origin_x="13" origin_y="8" brow_x="0" brow_y="-8" z="face" image="blaze.1.face.png"/></f></s>
<s name="hum"><f name="0" delay="110" ><p name="hum"  origin_x="13" origin_y="8" brow_x="-2" brow_y="-9" z="face" image="hum.0.face.png"/></f><f name="1" delay="110" ><p name="hum"  origin_x="13" origin_y="8" brow_x="-2" brow_y="-9" z="face" image="hum.1.face.png"/></f></s>
<s name="bowing"><f name="0" delay="110" ><p name="bowing"  origin_x="13" origin_y="8" brow_x="11" brow_y="-11" z="face" image="bowing.0.face.png"/></f><f name="1" delay="110" ><p name="bowing"  origin_x="13" origin_y="8" brow_x="12" brow_y="-11" z="face" image="bowing.1.face.png"/></f></s>
<s name="hot"><f name="0" delay="110" ><p name="hot"  origin_x="13" origin_y="8" brow_x="16" brow_y="-10" z="face" image="hot.0.face.png"/></f><f name="1" delay="110" ><p name="hot"  origin_x="13" origin_y="8" brow_x="21" brow_y="-9" z="face" image="hot.1.face.png"/></f></s>
<s name="dam"><f name="0" delay="240"><p name="dam"  origin_x="13" origin_y="8" brow_x="-2" brow_y="-10" z="face" image="dam.0.face.png"/></f><f name="1" delay="240"><p name="dam"  origin_x="13" origin_y="8" brow_x="-2" brow_y="-9" z="face" image="dam.1.face.png"/></f></s></i>
