<i>
<s name="walk1"><f name="0" ><p name="walk1"  origin_x="47" origin_y="17" hand_x="0" hand_y="-1" z="weapon" image="walk1.0.weapon.png"/></f><f name="1" ><p name="walk1"  origin_x="45" origin_y="25" hand_x="0" hand_y="0" z="weapon" image="walk1.1.weapon.png"/></f><f name="2" ><p name="walk1"  origin_x="47" origin_y="17" hand_x="0" hand_y="0" z="weapon" image="walk1.2.weapon.png"/></f><f name="3" ><p name="walk1"  origin_x="47" origin_y="9" hand_x="0" hand_y="0" z="weapon" image="walk1.3.weapon.png"/></f></s>
<s name="stand1"><f name="0" ><p name="stand1"  origin_x="45" origin_y="9" hand_x="0" hand_y="0" z="weapon" image="stand1.0.weapon.png"/></f><f name="1" ><p name="stand1"  origin_x="45" origin_y="9" hand_x="0" hand_y="0" z="weapon" image="stand1.1.weapon.png"/></f><f name="2" ><p name="stand1"  origin_x="45" origin_y="9" hand_x="0" hand_y="0" z="weapon" image="stand1.2.weapon.png"/></f></s>
<s name="alert"><f name="0" ><p name="alert"  origin_x="50" origin_y="25" hand_x="0" hand_y="0" z="weaponOverHand" image="alert.0.weapon.png"/></f><f name="1" ><p name="alert"  origin_x="49" origin_y="24" hand_x="0" hand_y="0" z="weaponOverHand" image="alert.1.weapon.png"/></f><f name="2" ><p name="alert"  origin_x="50" origin_y="23" hand_x="0" hand_y="0" z="weaponOverHand" image="alert.2.weapon.png"/></f></s>
<s name="swingO1"><f name="0" ><p name="swingO1"  origin_x="27" origin_y="18" hand_x="0" hand_y="0" z="weaponBelowBody" image="swingO1.0.weapon.png"/></f><f name="1" ><p name="swingO1"  origin_x="26" origin_y="10" hand_x="0" hand_y="0" z="weaponBelowBody" image="swingO1.1.weapon.png"/></f><f name="2" ><p name="swingO1"  origin_x="21" origin_y="41" hand_x="0" hand_y="0" z="weapon" image="swingO1.2.weapon.png"/></f></s>
<s name="swingO2"><f name="0" ><p name="swingO2"  origin_x="21" origin_y="39" hand_x="0" hand_y="0" z="weaponBelowBody" image="swingO2.0.weapon.png"/></f><f name="1" ><p name="swingO2"  origin_x="8" origin_y="59" hand_x="0" hand_y="0" z="weaponBelowBody" image="swingO2.1.weapon.png"/></f><f name="2" ><p name="swingO2"  origin_x="9" origin_y="29" hand_x="0" hand_y="0" z="weapon" image="swingO2.2.weapon.png"/></f></s>
<s name="swingO3"><f name="0" ><p name="swingO3"  origin_x="9" origin_y="47" hand_x="0" hand_y="0" z="weapon" image="swingO3.0.weapon.png"/></f><f name="1" ><p name="swingO3"  origin_x="48" origin_y="15" hand_x="0" hand_y="0" z="weaponOverBody" image="swingO3.1.weapon.png"/></f><f name="2" ><p name="swingO3"  origin_x="26" origin_y="16" hand_x="0" hand_y="0" z="weaponBelowBody" image="swingO3.2.weapon.png"/></f></s>
<s name="stabO1"><f name="0" ><p name="stabO1"  origin_x="48" origin_y="16" hand_x="0" hand_y="0" z="weapon" image="stabO1.0.weapon.png"/></f><f name="1" ><p name="stabO1"  origin_x="49" origin_y="16" hand_x="0" hand_y="0" z="weapon" image="stabO1.1.weapon.png"/></f></s>
<s name="stabO2"><f name="0" ><p name="stabO2"  origin_x="49" origin_y="14" hand_x="0" hand_y="0" z="weapon" image="stabO2.0.weapon.png"/></f><f name="1" ><p name="stabO2"  origin_x="50" origin_y="15" hand_x="0" hand_y="0" z="weapon" image="stabO2.1.weapon.png"/></f></s>
<s name="shoot1"><f name="0" ><p name="shoot1"  origin_x="30" origin_y="42" hand_x="0" hand_y="0" z="weaponOverHand" image="shoot1.0.weapon.png"/></f><f name="1" ><p name="shoot1"  origin_x="44" origin_y="42" hand_x="0" hand_y="0" z="weaponOverHand" image="shoot1.1.weapon.png"/></f><f name="2" ><p name="pointer"  pointer="shoot1/1/weapon"/></f></s>
<s name="shootF"><f name="0" ><p name="shootF"  origin_x="16" origin_y="38" hand_x="16" hand_y="6" z="weaponOverHand" image="shootF.0.weapon.png"/></f><f name="1" ><p name="shootF"  origin_x="16" origin_y="38" hand_x="33" hand_y="9" z="weaponOverHand" image="shootF.1.weapon.png"/></f><f name="2" ><p name="pointer"  pointer="shootF/1/weapon"/></f></s>
<s name="proneStab"><f name="0" ><p name="proneStab"  origin_x="49" origin_y="14" hand_x="0" hand_y="0" z="weaponBelowArm" image="proneStab.0.weapon.png"/></f><f name="1" ><p name="proneStab"  origin_x="49" origin_y="15" hand_x="0" hand_y="0" z="weaponBelowArm" image="proneStab.1.weapon.png"/></f></s>
<s name="prone"><f name="0" ><p name="pointer"  pointer="proneStab/0/weapon"/></f></s>
<s name="heal"><f name="0" ><p name="pointer"  pointer="alert/1/weapon"/></f><f name="1" ><p name="pointer"  pointer="swingO2/1/weapon"/></f><f name="2" ><p name="pointer"  pointer="swingO2/0/weapon"/></f></s>
<s name="fly"><f name="0" ><p name="fly"  origin_x="26" origin_y="38" hand_x="0" hand_y="0" z="weaponOverArm" image="fly.0.weapon.png"/></f><f name="1" ><p name="fly"  origin_x="25" origin_y="39" hand_x="0" hand_y="0" z="weaponOverArm" image="fly.1.weapon.png"/></f></s>
<s name="jump"><f name="0" ><p name="jump"  origin_x="26" origin_y="38" hand_x="0" hand_y="0" z="weaponOverArm" image="jump.0.weapon.png"/></f></s>
<s name="ladder"><f name="0" ><p name="ladder"  origin_x="30" origin_y="30" navel_x="-8" navel_y="11" z="backWeaponOverShield" image="ladder.0.weapon.png"/></f><f name="1" ><p name="ladder"  origin_x="30" origin_y="30" navel_x="-9" navel_y="11" z="backWeaponOverShield" image="ladder.1.weapon.png"/></f></s>
<s name="rope"><f name="0" ><p name="rope"  origin_x="30" origin_y="30" navel_x="-8" navel_y="12" z="backWeaponOverShield" image="rope.0.weapon.png"/></f><f name="1" ><p name="rope"  origin_x="30" origin_y="30" navel_x="-9" navel_y="13" z="backWeaponOverShield" image="rope.1.weapon.png"/></f></s>
</i>
