  <i name="1201006">
  <i name="mob">
    <i name="0">
      <i name="origin">
        <i name="x" value="18"/>
        <i name="y" value="5"/>
      </i>
      <i name="delay" value="70"/>
      <i name="image" value="1201006.mob.0.png"/>
    </i>
    <i name="1">
      <i name="origin">
        <i name="x" value="16"/>
        <i name="y" value="4"/>
      </i>
      <i name="delay" value="70"/>
      <i name="image" value="1201006.mob.1.png"/>
    </i>
    <i name="2">
      <i name="origin">
        <i name="x" value="4"/>
        <i name="y" value="7"/>
      </i>
      <i name="delay" value="70"/>
      <i name="image" value="1201006.mob.2.png"/>
    </i>
    <i name="3">
      <i name="origin">
        <i name="x" value="4"/>
        <i name="y" value="11"/>
      </i>
      <i name="delay" value="70"/>
      <i name="image" value="1201006.mob.3.png"/>
    </i>
    <i name="4">
      <i name="origin">
        <i name="x" value="11"/>
        <i name="y" value="11"/>
      </i>
      <i name="delay" value="70"/>
      <i name="image" value="1201006.mob.4.png"/>
    </i>
    <i name="5">
      <i name="origin">
        <i name="x" value="9"/>
        <i name="y" value="8"/>
      </i>
      <i name="delay" value="70"/>
      <i name="image" value="1201006.mob.5.png"/>
    </i>
    <i name="6">
      <i name="origin">
        <i name="x" value="2"/>
        <i name="y" value="14"/>
      </i>
      <i name="delay" value="70"/>
      <i name="image" value="1201006.mob.6.png"/>
    </i>
    <i name="7">
      <i name="origin">
        <i name="x" value="5"/>
        <i name="y" value="17"/>
      </i>
      <i name="delay" value="70"/>
      <i name="image" value="1201006.mob.7.png"/>
    </i>
    <i name="pos" value="2"/>
    <i name="repeat" value="1"/>
  </i>
  <i name="effect">
    <i name="0">
      <i name="origin">
        <i name="x" value="27"/>
        <i name="y" value="60"/>
      </i>
      <i name="delay" value="200"/>
      <i name="image" value="1201006.effect.0.png"/>
    </i>
    <i name="1">
      <i name="origin">
        <i name="x" value="73"/>
        <i name="y" value="163"/>
      </i>
      <i name="delay" value="120"/>
      <i name="image" value="1201006.effect.1.png"/>
    </i>
    <i name="2">
      <i name="origin">
        <i name="x" value="124"/>
        <i name="y" value="201"/>
      </i>
      <i name="delay" value="80"/>
      <i name="image" value="1201006.effect.2.png"/>
    </i>
    <i name="3">
      <i name="origin">
        <i name="x" value="123"/>
        <i name="y" value="200"/>
      </i>
      <i name="delay" value="400"/>
      <i name="image" value="1201006.effect.3.png"/>
    </i>
    <i name="4">
      <i name="origin">
        <i name="x" value="125"/>
        <i name="y" value="208"/>
      </i>
      <i name="delay" value="100"/>
      <i name="image" value="1201006.effect.4.png"/>
    </i>
    <i name="5">
      <i name="origin">
        <i name="x" value="121"/>
        <i name="y" value="224"/>
      </i>
      <i name="delay" value="70"/>
      <i name="image" value="1201006.effect.5.png"/>
    </i>
    <i name="6">
      <i name="origin">
        <i name="x" value="129"/>
        <i name="y" value="232"/>
      </i>
      <i name="delay" value="400"/>
      <i name="image" value="1201006.effect.6.png"/>
    </i>
  </i>
  </i>
