  <i name="2111003">
  <i name="effect">
    <i name="0">
      <i name="origin">
        <i name="x" value="101"/>
        <i name="y" value="83"/>
      </i>
      <i name="delay" value="100"/>
      <i name="image" value="2111003.effect.0.png"/>
    </i>
    <i name="1">
      <i name="origin">
        <i name="x" value="103"/>
        <i name="y" value="87"/>
      </i>
      <i name="delay" value="100"/>
      <i name="image" value="2111003.effect.1.png"/>
    </i>
    <i name="2">
      <i name="origin">
        <i name="x" value="106"/>
        <i name="y" value="89"/>
      </i>
      <i name="delay" value="100"/>
      <i name="image" value="2111003.effect.2.png"/>
    </i>
    <i name="3">
      <i name="origin">
        <i name="x" value="106"/>
        <i name="y" value="85"/>
      </i>
      <i name="delay" value="100"/>
      <i name="image" value="2111003.effect.3.png"/>
    </i>
    <i name="4">
      <i name="origin">
        <i name="x" value="106"/>
        <i name="y" value="87"/>
      </i>
      <i name="delay" value="100"/>
      <i name="image" value="2111003.effect.4.png"/>
    </i>
    <i name="5">
      <i name="origin">
        <i name="x" value="106"/>
        <i name="y" value="88"/>
      </i>
      <i name="delay" value="100"/>
      <i name="image" value="2111003.effect.5.png"/>
    </i>
    <i name="6">
      <i name="origin">
        <i name="x" value="127"/>
        <i name="y" value="104"/>
      </i>
      <i name="delay" value="100"/>
      <i name="image" value="2111003.effect.6.png"/>
    </i>
    <i name="7">
      <i name="origin">
        <i name="x" value="121"/>
        <i name="y" value="99"/>
      </i>
      <i name="delay" value="100"/>
      <i name="image" value="2111003.effect.7.png"/>
    </i>
    <i name="8">
      <i name="origin">
        <i name="x" value="92"/>
        <i name="y" value="66"/>
      </i>
      <i name="delay" value="100"/>
      <i name="image" value="2111003.effect.8.png"/>
    </i>
    <i name="9">
      <i name="origin">
        <i name="x" value="92"/>
        <i name="y" value="66"/>
      </i>
      <i name="delay" value="100"/>
      <i name="image" value="2111003.effect.9.png"/>
    </i>
    <i name="10">
      <i name="origin">
        <i name="x" value="87"/>
        <i name="y" value="66"/>
      </i>
      <i name="delay" value="100"/>
      <i name="image" value="2111003.effect.10.png"/>
    </i>
    <i name="11">
      <i name="origin">
        <i name="x" value="87"/>
        <i name="y" value="66"/>
      </i>
      <i name="delay" value="100"/>
      <i name="image" value="2111003.effect.11.png"/>
    </i>
    <i name="12">
      <i name="origin">
        <i name="x" value="87"/>
        <i name="y" value="66"/>
      </i>
      <i name="delay" value="100"/>
      <i name="image" value="2111003.effect.12.png"/>
    </i>
    <i name="13">
      <i name="origin">
        <i name="x" value="86"/>
        <i name="y" value="65"/>
      </i>
      <i name="delay" value="100"/>
      <i name="image" value="2111003.effect.13.png"/>
    </i>
  </i>
  <i name="tile">
    <i name="0">
      <i name="0">
        <i name="origin">
          <i name="x" value="67"/>
          <i name="y" value="47"/>
        </i>
        <i name="delay" value="900"/>
        <i name="a0" value="128"/>
        <i name="a1" value="255"/>
        <i name="image" value="2111003.tile.0.0.png"/>
      </i>
      <i name="1">
        <i name="origin">
          <i name="x" value="67"/>
          <i name="y" value="47"/>
        </i>
        <i name="delay" value="900"/>
        <i name="a0" value="255"/>
        <i name="a1" value="128"/>
        <i name="image" value="2111003.tile.0.1.png"/>
      </i>
    </i>
    <i name="1">
      <i name="0">
        <i name="origin">
          <i name="x" value="42"/>
          <i name="y" value="45"/>
        </i>
        <i name="delay" value="700"/>
        <i name="a0" value="128"/>
        <i name="a1" value="255"/>
        <i name="image" value="2111003.tile.1.0.png"/>
      </i>
      <i name="1">
        <i name="origin">
          <i name="x" value="42"/>
          <i name="y" value="45"/>
        </i>
        <i name="delay" value="700"/>
        <i name="a0" value="255"/>
        <i name="a1" value="128"/>
        <i name="image" value="2111003.tile.1.1.png"/>
      </i>
    </i>
    <i name="2">
      <i name="0">
        <i name="origin">
          <i name="x" value="51"/>
          <i name="y" value="41"/>
        </i>
        <i name="delay" value="750"/>
        <i name="a0" value="128"/>
        <i name="a1" value="255"/>
        <i name="image" value="2111003.tile.2.0.png"/>
      </i>
      <i name="1">
        <i name="origin">
          <i name="x" value="51"/>
          <i name="y" value="41"/>
        </i>
        <i name="delay" value="750"/>
        <i name="a0" value="255"/>
        <i name="a1" value="128"/>
        <i name="image" value="2111003.tile.2.1.png"/>
      </i>
    </i>
    <i name="3">
      <i name="0">
        <i name="origin">
          <i name="x" value="50"/>
          <i name="y" value="36"/>
        </i>
        <i name="delay" value="800"/>
        <i name="a0" value="128"/>
        <i name="a1" value="255"/>
        <i name="image" value="2111003.tile.3.0.png"/>
      </i>
      <i name="1">
        <i name="origin">
          <i name="x" value="50"/>
          <i name="y" value="36"/>
        </i>
        <i name="delay" value="800"/>
        <i name="a0" value="255"/>
        <i name="a1" value="128"/>
        <i name="image" value="2111003.tile.3.1.png"/>
      </i>
    </i>
    <i name="4">
      <i name="0">
        <i name="origin">
          <i name="x" value="29"/>
          <i name="y" value="28"/>
        </i>
        <i name="delay" value="650"/>
        <i name="a0" value="128"/>
        <i name="a1" value="255"/>
        <i name="image" value="2111003.tile.4.0.png"/>
      </i>
      <i name="1">
        <i name="origin">
          <i name="x" value="29"/>
          <i name="y" value="28"/>
        </i>
        <i name="delay" value="650"/>
        <i name="a0" value="255"/>
        <i name="a1" value="128"/>
        <i name="image" value="2111003.tile.4.1.png"/>
      </i>
    </i>
    <i name="5">
      <i name="0">
        <i name="origin">
          <i name="x" value="52"/>
          <i name="y" value="38"/>
        </i>
        <i name="delay" value="720"/>
        <i name="a0" value="128"/>
        <i name="a1" value="255"/>
        <i name="image" value="2111003.tile.5.0.png"/>
      </i>
      <i name="1">
        <i name="origin">
          <i name="x" value="52"/>
          <i name="y" value="38"/>
        </i>
        <i name="delay" value="720"/>
        <i name="a0" value="255"/>
        <i name="a1" value="128"/>
        <i name="image" value="2111003.tile.5.1.png"/>
      </i>
    </i>
    <i name="6">
      <i name="0">
        <i name="origin">
          <i name="x" value="26"/>
          <i name="y" value="39"/>
        </i>
        <i name="delay" value="680"/>
        <i name="a0" value="128"/>
        <i name="a1" value="255"/>
        <i name="image" value="2111003.tile.6.0.png"/>
      </i>
      <i name="1">
        <i name="origin">
          <i name="x" value="26"/>
          <i name="y" value="39"/>
        </i>
        <i name="delay" value="680"/>
        <i name="a0" value="255"/>
        <i name="a1" value="128"/>
        <i name="image" value="2111003.tile.6.1.png"/>
      </i>
    </i>
    <i name="7">
      <i name="0">
        <i name="origin">
          <i name="x" value="37"/>
          <i name="y" value="25"/>
        </i>
        <i name="delay" value="640"/>
        <i name="a0" value="128"/>
        <i name="a1" value="255"/>
        <i name="image" value="2111003.tile.7.0.png"/>
      </i>
      <i name="1">
        <i name="origin">
          <i name="x" value="37"/>
          <i name="y" value="25"/>
        </i>
        <i name="delay" value="640"/>
        <i name="a0" value="255"/>
        <i name="a1" value="128"/>
        <i name="image" value="2111003.tile.7.1.png"/>
      </i>
    </i>
    <i name="8">
      <i name="0">
        <i name="origin">
          <i name="x" value="44"/>
          <i name="y" value="46"/>
        </i>
        <i name="delay" value="780"/>
        <i name="a0" value="128"/>
        <i name="a1" value="255"/>
        <i name="image" value="2111003.tile.8.0.png"/>
      </i>
      <i name="1">
        <i name="origin">
          <i name="x" value="44"/>
          <i name="y" value="46"/>
        </i>
        <i name="delay" value="780"/>
        <i name="a0" value="255"/>
        <i name="a1" value="128"/>
        <i name="image" value="2111003.tile.8.1.png"/>
      </i>
    </i>
    <i name="9">
      <i name="0">
        <i name="origin">
          <i name="x" value="23"/>
          <i name="y" value="22"/>
        </i>
        <i name="delay" value="700"/>
        <i name="a0" value="128"/>
        <i name="a1" value="255"/>
        <i name="image" value="2111003.tile.9.0.png"/>
      </i>
      <i name="1">
        <i name="origin">
          <i name="x" value="23"/>
          <i name="y" value="22"/>
        </i>
        <i name="delay" value="700"/>
        <i name="a0" value="255"/>
        <i name="a1" value="128"/>
        <i name="image" value="2111003.tile.9.1.png"/>
      </i>
    </i>
    <i name="10">
      <i name="0">
        <i name="origin">
          <i name="x" value="23"/>
          <i name="y" value="22"/>
        </i>
        <i name="delay" value="650"/>
        <i name="a0" value="128"/>
        <i name="a1" value="255"/>
        <i name="image" value="2111003.tile.10.0.png"/>
      </i>
      <i name="1">
        <i name="origin">
          <i name="x" value="23"/>
          <i name="y" value="22"/>
        </i>
        <i name="delay" value="650"/>
        <i name="a0" value="255"/>
        <i name="a1" value="128"/>
        <i name="image" value="2111003.tile.10.1.png"/>
      </i>
    </i>
  </i>
  <i name="mob">
    <i name="0">
      <i name="origin">
        <i name="x" value="13"/>
        <i name="y" value="18"/>
      </i>
      <i name="delay" value="70"/>
      <i name="image" value="2111003.mob.0.png"/>
    </i>
    <i name="1">
      <i name="origin">
        <i name="x" value="14"/>
        <i name="y" value="18"/>
      </i>
      <i name="delay" value="70"/>
      <i name="image" value="2111003.mob.1.png"/>
    </i>
    <i name="2">
      <i name="origin">
        <i name="x" value="17"/>
        <i name="y" value="20"/>
      </i>
      <i name="delay" value="70"/>
      <i name="image" value="2111003.mob.2.png"/>
    </i>
    <i name="3">
      <i name="origin">
        <i name="x" value="19"/>
        <i name="y" value="20"/>
      </i>
      <i name="delay" value="70"/>
      <i name="image" value="2111003.mob.3.png"/>
    </i>
    <i name="4">
      <i name="origin">
        <i name="x" value="16"/>
        <i name="y" value="18"/>
      </i>
      <i name="z" value="0"/>
      <i name="delay" value="70"/>
      <i name="image" value="2111003.mob.4.png"/>
    </i>
  </i>
  </i>
