  <i name="1201007">
  <i name="effect">
    <i name="0">
      <i name="origin">
        <i name="x" value="52"/>
        <i name="y" value="77"/>
      </i>
      <i name="delay" value="100"/>
      <i name="image" value="1201007.effect.0.png"/>
    </i>
    <i name="1">
      <i name="origin">
        <i name="x" value="52"/>
        <i name="y" value="77"/>
      </i>
      <i name="delay" value="100"/>
      <i name="image" value="1201007.effect.1.png"/>
    </i>
    <i name="2">
      <i name="origin">
        <i name="x" value="52"/>
        <i name="y" value="77"/>
      </i>
      <i name="delay" value="100"/>
      <i name="image" value="1201007.effect.2.png"/>
    </i>
    <i name="3">
      <i name="origin">
        <i name="x" value="52"/>
        <i name="y" value="77"/>
      </i>
      <i name="delay" value="100"/>
      <i name="image" value="1201007.effect.3.png"/>
    </i>
    <i name="4">
      <i name="origin">
        <i name="x" value="32"/>
        <i name="y" value="85"/>
      </i>
      <i name="delay" value="100"/>
      <i name="image" value="1201007.effect.4.png"/>
    </i>
    <i name="5">
      <i name="origin">
        <i name="x" value="32"/>
        <i name="y" value="85"/>
      </i>
      <i name="delay" value="100"/>
      <i name="image" value="1201007.effect.5.png"/>
    </i>
    <i name="6">
      <i name="origin">
        <i name="x" value="32"/>
        <i name="y" value="87"/>
      </i>
      <i name="delay" value="100"/>
      <i name="image" value="1201007.effect.6.png"/>
    </i>
    <i name="7">
      <i name="origin">
        <i name="x" value="35"/>
        <i name="y" value="82"/>
      </i>
      <i name="delay" value="100"/>
      <i name="image" value="1201007.effect.7.png"/>
    </i>
    <i name="8">
      <i name="origin">
        <i name="x" value="33"/>
        <i name="y" value="82"/>
      </i>
      <i name="delay" value="100"/>
      <i name="image" value="1201007.effect.8.png"/>
    </i>
    <i name="9">
      <i name="origin">
        <i name="x" value="33"/>
        <i name="y" value="82"/>
      </i>
      <i name="delay" value="100"/>
      <i name="image" value="1201007.effect.9.png"/>
    </i>
    <i name="10">
      <i name="origin">
        <i name="x" value="33"/>
        <i name="y" value="82"/>
      </i>
      <i name="delay" value="100"/>
      <i name="image" value="1201007.effect.10.png"/>
    </i>
    <i name="11">
      <i name="origin">
        <i name="x" value="33"/>
        <i name="y" value="82"/>
      </i>
      <i name="delay" value="100"/>
      <i name="image" value="1201007.effect.11.png"/>
    </i>
  </i>
  <i name="effect0">
    <i name="0">
      <i name="origin">
        <i name="x" value="10"/>
        <i name="y" value="77"/>
      </i>
      <i name="delay" value="100"/>
      <i name="image" value="1201007.effect0.0.png"/>
    </i>
    <i name="1">
      <i name="origin">
        <i name="x" value="10"/>
        <i name="y" value="77"/>
      </i>
      <i name="delay" value="100"/>
      <i name="image" value="1201007.effect0.1.png"/>
    </i>
    <i name="2">
      <i name="origin">
        <i name="x" value="10"/>
        <i name="y" value="77"/>
      </i>
      <i name="delay" value="100"/>
      <i name="image" value="1201007.effect0.2.png"/>
    </i>
    <i name="3">
      <i name="origin">
        <i name="x" value="10"/>
        <i name="y" value="77"/>
      </i>
      <i name="delay" value="100"/>
      <i name="image" value="1201007.effect0.3.png"/>
    </i>
    <i name="z" value="-1"/>
  </i>
  </i>
