  <i name="4120005">
  <i name="mob">
    <i name="0">
      <i name="origin">
        <i name="x" value="13"/>
        <i name="y" value="18"/>
      </i>
      <i name="delay" value="70"/>
      <i name="image" value="4120005.mob.0.png"/>
    </i>
    <i name="1">
      <i name="origin">
        <i name="x" value="14"/>
        <i name="y" value="18"/>
      </i>
      <i name="delay" value="70"/>
      <i name="image" value="4120005.mob.1.png"/>
    </i>
    <i name="2">
      <i name="origin">
        <i name="x" value="17"/>
        <i name="y" value="20"/>
      </i>
      <i name="delay" value="70"/>
      <i name="image" value="4120005.mob.2.png"/>
    </i>
    <i name="3">
      <i name="origin">
        <i name="x" value="19"/>
        <i name="y" value="20"/>
      </i>
      <i name="delay" value="70"/>
      <i name="image" value="4120005.mob.3.png"/>
    </i>
    <i name="4">
      <i name="origin">
        <i name="x" value="16"/>
        <i name="y" value="18"/>
      </i>
      <i name="z" value="0"/>
      <i name="delay" value="70"/>
      <i name="image" value="4120005.mob.4.png"/>
    </i>
  </i>
  </i>
