<i>
  <s name="walk2">
    <f name="0">
      <p name="walk2"  origin_x="25" origin_y="50" hand_x="0" hand_y="0" z="weaponOverArm" image="walk2.0.weapon.png"/>
    </f>
    <f name="1">
      <p name="walk2"  origin_x="25" origin_y="49" hand_x="0" hand_y="0" z="weaponOverArm" image="walk2.1.weapon.png"/>
    </f>
    <f name="2">
      <p name="pointer"  pointer="walk2/0/weapon"/>
    </f>
    <f name="3">
      <p name="walk2"  origin_x="25" origin_y="53" hand_x="0" hand_y="0" z="weaponOverArm" image="walk2.3.weapon.png"/>
    </f>
  </s>
  <s name="stand2">
    <f name="0">
      <p name="stand2"  origin_x="24" origin_y="50" hand_x="0" hand_y="0" z="weaponOverArm" image="stand2.0.weapon.png"/>
    </f>
    <f name="1">
      <p name="pointer"  pointer="stand2/0/weapon"/>
    </f>
    <f name="2">
      <p name="pointer"  pointer="stand2/0/weapon"/>
    </f>
  </s>
  <s name="alert">
    <f name="0">
      <p name="alert"  origin_x="44" origin_y="47" hand_x="16" hand_y="10" z="weaponOverHand" image="alert.0.weapon.png"/>
    </f>
    <f name="1">
      <p name="alert"  origin_x="45" origin_y="47" hand_x="15" hand_y="9" z="weaponOverHand" image="alert.1.weapon.png"/>
    </f>
    <f name="2">
      <p name="alert"  origin_x="46" origin_y="47" hand_x="16" hand_y="8" z="weaponOverHand" image="alert.2.weapon.png"/>
    </f>
  </s>
  <s name="swingT1">
    <f name="0">
      <p name="swingT1"  origin_x="19" origin_y="27" hand_x="0" hand_y="0" z="weaponBelowArm" image="swingT1.0.weapon.png"/>
    </f>
    <f name="1">
      <p name="swingT1"  origin_x="4" origin_y="78" hand_x="0" hand_y="0" z="weaponBelowArm" image="swingT1.1.weapon.png"/>
    </f>
    <f name="2">
      <p name="swingT1"  origin_x="69" origin_y="36" hand_x="0" hand_y="0" z="weaponBelowBody" image="swingT1.2.weapon.png"/>
    </f>
  </s>
  <s name="swingT2">
    <f name="0">
      <p name="swingT2"  origin_x="29" origin_y="48" hand_x="-27" hand_y="12" z="weaponBelowBody" image="swingT2.0.weapon.png"/>
    </f>
    <f name="1">
      <p name="swingT2"  origin_x="27" origin_y="79" hand_x="0" hand_y="0" z="weaponOverBody" image="swingT2.1.weapon.png"/>
    </f>
    <f name="2">
      <p name="swingT2"  origin_x="74" origin_y="33" hand_x="0" hand_y="0" z="weaponOverBody" image="swingT2.2.weapon.png"/>
    </f>
  </s>
  <s name="swingT3">
    <f name="0">
      <p name="swingT3"  origin_x="23" origin_y="12" hand_x="0" hand_y="0" z="weaponOverBody" image="swingT3.0.weapon.png"/>
    </f>
    <f name="1">
      <p name="swingT3"  origin_x="29" origin_y="34" hand_x="0" hand_y="0" z="weaponOverBody" image="swingT3.1.weapon.png"/>
    </f>
    <f name="2">
      <p name="swingT3"  origin_x="39" origin_y="76" hand_x="0" hand_y="0" z="weaponBelowBody" image="swingT3.2.weapon.png"/>
    </f>
  </s>
  <s name="swingTF">
    <f name="0">
      <p name="swingTF"  origin_x="9" origin_y="49" hand_x="-2" hand_y="17" z="backWeapon" image="swingTF.0.weapon.png"/>
    </f>
    <f name="1">
      <p name="swingTF"  origin_x="35" origin_y="84" hand_x="0" hand_y="0" z="weaponBelowBody" image="swingTF.1.weapon.png"/>
    </f>
    <f name="2">
      <p name="swingTF"  origin_x="20" origin_y="50" hand_x="0" hand_y="0" z="weaponBelowArm" image="swingTF.2.weapon.png"/>
    </f>
    <f name="3">
      <p name="swingTF"  origin_x="69" origin_y="36" hand_x="0" hand_y="0" z="weaponBelowBody" image="swingTF.3.weapon.png"/>
    </f>
  </s>
  <s name="stabO1">
    <f name="0">
      <p name="stabO1"  origin_x="73" origin_y="8" hand_x="0" hand_y="0" z="weapon" image="stabO1.0.weapon.png"/>
    </f>
    <f name="1">
      <p name="stabO1"  origin_x="72" origin_y="10" hand_x="0" hand_y="0" z="weapon" image="stabO1.1.weapon.png"/>
    </f>
  </s>
  <s name="stabO2">
    <f name="0">
      <p name="stabO2"  origin_x="63" origin_y="22" hand_x="0" hand_y="0" z="weaponBelowArm" image="stabO2.0.weapon.png"/>
    </f>
    <f name="1">
      <p name="stabO2"  origin_x="72" origin_y="9" hand_x="0" hand_y="0" z="weapon" image="stabO2.1.weapon.png"/>
    </f>
  </s>
  <s name="stabOF">
    <f name="0">
      <p name="stabOF"  origin_x="73" origin_y="9" hand_x="0" hand_y="0" z="weaponBelowArm" image="stabOF.0.weapon.png"/>
    </f>
    <f name="1">
      <p name="stabOF"  origin_x="39" origin_y="12" hand_x="0" hand_y="0" z="weaponBelowArm" image="stabOF.1.weapon.png"/>
    </f>
    <f name="2">
      <p name="stabOF"  origin_x="77" origin_y="23" hand_x="0" hand_y="0" z="weapon" image="stabOF.2.weapon.png"/>
    </f>
  </s>
  <s name="proneStab">
    <f name="0">
      <p name="proneStab"  origin_x="83" origin_y="9" hand_x="0" hand_y="0" z="weaponBelowArm" image="proneStab.0.weapon.png"/>
    </f>
    <f name="1">
      <p name="proneStab"  origin_x="82" origin_y="10" hand_x="0" hand_y="0" z="weaponBelowArm" image="proneStab.1.weapon.png"/>
    </f>
  </s>
  <s name="prone">
    <f name="0">
      <p name="pointer"  pointer="proneStab/0/weapon"/>
    </f>
  </s>
  <s name="fly">
    <f name="0">
      <p name="fly"  origin_x="28" origin_y="49" hand_x="0" hand_y="0" z="weaponOverArm" image="fly.0.weapon.png"/>
    </f>
    <f name="1">
      <p name="fly"  origin_x="26" origin_y="50" hand_x="1" hand_y="-1" z="weaponOverArm" image="fly.1.weapon.png"/>
    </f>
  </s>
  <s name="jump">
    <f name="0">
      <p name="jump"  origin_x="27" origin_y="49" hand_x="0" hand_y="0" z="weaponOverArm" image="jump.0.weapon.png"/>
    </f>
  </s>
</i>
