  <i name="5000027">
  <i name="stand0">
    <i name="0">
      <i name="origin">
        <i name="x" value="20"/>
        <i name="y" value="49"/>
      </i>
      <i name="image" value="5000027.stand0.0.png"/>
    </i>
    <i name="1">
      <i name="pointer" value="5000027/stand0/0"/>
    </i>
    <i name="2">
      <i name="pointer" value="5000027/stand0/0"/>
    </i>
  </i>
  <i name="stand1">
    <i name="0">
      <i name="origin">
        <i name="x" value="20"/>
        <i name="y" value="49"/>
      </i>
      <i name="image" value="5000027.stand1.0.png"/>
    </i>
    <i name="1">
      <i name="pointer" value="5000027/stand1/0"/>
    </i>
    <i name="2">
      <i name="pointer" value="5000027/stand1/0"/>
    </i>
    <i name="3">
      <i name="pointer" value="5000027/stand1/0"/>
    </i>
    <i name="4">
      <i name="pointer" value="5000027/stand1/0"/>
    </i>
    <i name="5">
      <i name="pointer" value="5000027/stand1/0"/>
    </i>
    <i name="6">
      <i name="pointer" value="5000027/stand1/0"/>
    </i>
    <i name="7">
      <i name="pointer" value="5000027/stand1/0"/>
    </i>
    <i name="8">
      <i name="pointer" value="5000027/stand1/0"/>
    </i>
  </i>
  <i name="hungry">
    <i name="0">
      <i name="origin">
        <i name="x" value="20"/>
        <i name="y" value="49"/>
      </i>
      <i name="image" value="5000027.hungry.0.png"/>
    </i>
  </i>
  <i name="move">
    <i name="0">
      <i name="origin">
        <i name="x" value="20"/>
        <i name="y" value="50"/>
      </i>
      <i name="image" value="5000027.move.0.png"/>
    </i>
    <i name="1">
      <i name="origin">
        <i name="x" value="20"/>
        <i name="y" value="48"/>
      </i>
      <i name="image" value="5000027.move.1.png"/>
    </i>
    <i name="2">
      <i name="pointer" value="5000027/move/0"/>
    </i>
    <i name="3">
      <i name="origin">
        <i name="x" value="20"/>
        <i name="y" value="48"/>
      </i>
      <i name="image" value="5000027.move.3.png"/>
    </i>
  </i>
  <i name="rest0">
    <i name="0">
      <i name="origin">
        <i name="x" value="14"/>
        <i name="y" value="46"/>
      </i>
      <i name="image" value="5000027.rest0.0.png"/>
    </i>
    <i name="1">
      <i name="pointer" value="5000027/rest0/0"/>
    </i>
    <i name="2">
      <i name="pointer" value="5000027/rest0/0"/>
    </i>
    <i name="3">
      <i name="pointer" value="5000027/rest0/0"/>
    </i>
    <i name="4">
      <i name="pointer" value="5000027/rest0/0"/>
    </i>
  </i>
  <i name="chat">
    <i name="0">
      <i name="origin">
        <i name="x" value="20"/>
        <i name="y" value="49"/>
      </i>
      <i name="image" value="5000027.chat.0.png"/>
    </i>
    <i name="1">
      <i name="pointer" value="5000027/chat/0"/>
    </i>
    <i name="2">
      <i name="pointer" value="5000027/chat/0"/>
    </i>
    <i name="3">
      <i name="pointer" value="5000027/chat/0"/>
    </i>
    <i name="4">
      <i name="pointer" value="5000027/chat/0"/>
    </i>
    <i name="5">
      <i name="pointer" value="5000027/chat/0"/>
    </i>
    <i name="6">
      <i name="pointer" value="5000027/chat/0"/>
    </i>
    <i name="7">
      <i name="pointer" value="5000027/chat/0"/>
    </i>
    <i name="8">
      <i name="pointer" value="5000027/chat/0"/>
    </i>
    <i name="9">
      <i name="pointer" value="5000027/chat/0"/>
    </i>
    <i name="10">
      <i name="pointer" value="5000027/chat/0"/>
    </i>
  </i>
  <i name="angry">
    <i name="0">
      <i name="origin">
        <i name="x" value="21"/>
        <i name="y" value="49"/>
      </i>
      <i name="image" value="5000027.angry.0.png"/>
    </i>
    <i name="1">
      <i name="origin">
        <i name="x" value="22"/>
        <i name="y" value="49"/>
      </i>
      <i name="image" value="5000027.angry.1.png"/>
    </i>
    <i name="2">
      <i name="pointer" value="5000027/angry/0"/>
    </i>
    <i name="3">
      <i name="pointer" value="5000027/angry/1"/>
    </i>
  </i>
  <i name="hang">
    <i name="0">
      <i name="origin">
        <i name="x" value="19"/>
        <i name="y" value="63"/>
      </i>
      <i name="image" value="5000027.hang.0.png"/>
    </i>
  </i>
  <i name="dung">
    <i name="0">
      <i name="origin">
        <i name="x" value="23"/>
        <i name="y" value="49"/>
      </i>
      <i name="image" value="5000027.dung.0.png"/>
    </i>
    <i name="1">
      <i name="pointer" value="5000027/dung/0"/>
    </i>
    <i name="2">
      <i name="pointer" value="5000027/dung/0"/>
    </i>
    <i name="3">
      <i name="pointer" value="5000027/dung/0"/>
    </i>
  </i>
  <i name="jump">
    <i name="0">
      <i name="origin">
        <i name="x" value="18"/>
        <i name="y" value="48"/>
      </i>
      <i name="image" value="5000027.jump.0.png"/>
    </i>
  </i>
  <i name="fly">
    <i name="0">
      <i name="origin">
        <i name="x" value="22"/>
        <i name="y" value="51"/>
      </i>
      <i name="image" value="5000027.fly.0.png"/>
    </i>
    <i name="1">
      <i name="origin">
        <i name="x" value="21"/>
        <i name="y" value="49"/>
      </i>
      <i name="image" value="5000027.fly.1.png"/>
    </i>
  </i>
  <i name="sleep">
    <i name="0">
      <i name="origin">
        <i name="x" value="33"/>
        <i name="y" value="38"/>
      </i>
      <i name="image" value="5000027.sleep.0.png"/>
    </i>
    <i name="1">
      <i name="pointer" value="5000027/sleep/0"/>
    </i>
    <i name="2">
      <i name="pointer" value="5000027/sleep/0"/>
    </i>
    <i name="3">
      <i name="pointer" value="5000027/sleep/0"/>
    </i>
    <i name="4">
      <i name="pointer" value="5000027/sleep/0"/>
    </i>
    <i name="5">
      <i name="pointer" value="5000027/sleep/0"/>
    </i>
    <i name="6">
      <i name="pointer" value="5000027/sleep/0"/>
    </i>
    <i name="7">
      <i name="pointer" value="5000027/sleep/0"/>
    </i>
  </i>
  <i name="stunned">
    <i name="0">
      <i name="origin">
        <i name="x" value="20"/>
        <i name="y" value="49"/>
      </i>
      <i name="image" value="5000027.stunned.0.png"/>
    </i>
    <i name="1">
      <i name="pointer" value="5000027/stunned/0"/>
    </i>
    <i name="2">
      <i name="pointer" value="5000027/stunned/0"/>
    </i>
    <i name="3">
      <i name="pointer" value="5000027/stunned/0"/>
    </i>
    <i name="4">
      <i name="pointer" value="5000027/stunned/0"/>
    </i>
    <i name="5">
      <i name="pointer" value="5000027/stunned/0"/>
    </i>
  </i>
  <i name="eat">
    <i name="0">
      <i name="origin">
        <i name="x" value="20"/>
        <i name="y" value="49"/>
      </i>
      <i name="image" value="5000027.eat.0.png"/>
    </i>
    <i name="1">
      <i name="pointer" value="5000027/eat/0"/>
    </i>
    <i name="2">
      <i name="pointer" value="5000027/eat/0"/>
    </i>
    <i name="3">
      <i name="pointer" value="5000027/eat/0"/>
    </i>
    <i name="4">
      <i name="pointer" value="5000027/eat/0"/>
    </i>
    <i name="5">
      <i name="pointer" value="5000027/eat/0"/>
    </i>
  </i>
  <i name="cry">
    <i name="0">
      <i name="origin">
        <i name="x" value="-14"/>
        <i name="y" value="37"/>
      </i>
      <i name="image" value="5000027.cry.0.png"/>
    </i>
    <i name="1">
      <i name="pointer" value="5000027/cry/0"/>
    </i>
    <i name="2">
      <i name="pointer" value="5000027/cry/0"/>
    </i>
    <i name="3">
      <i name="pointer" value="5000027/cry/0"/>
    </i>
  </i>
  <i name="deride">
    <i name="0">
      <i name="origin">
        <i name="x" value="20"/>
        <i name="y" value="49"/>
      </i>
      <i name="image" value="5000027.deride.0.png"/>
    </i>
    <i name="1">
      <i name="origin">
        <i name="x" value="20"/>
        <i name="y" value="50"/>
      </i>
      <i name="image" value="5000027.deride.1.png"/>
    </i>
    <i name="2">
      <i name="pointer" value="5000027/deride/0"/>
    </i>
    <i name="3">
      <i name="pointer" value="5000027/deride/1"/>
    </i>
  </i>
  <i name="happy">
    <i name="0">
      <i name="origin">
        <i name="x" value="22"/>
        <i name="y" value="49"/>
      </i>
      <i name="image" value="5000027.happy.0.png"/>
    </i>
    <i name="1">
      <i name="origin">
        <i name="x" value="22"/>
        <i name="y" value="50"/>
      </i>
      <i name="image" value="5000027.happy.1.png"/>
    </i>
    <i name="2">
      <i name="origin">
        <i name="x" value="22"/>
        <i name="y" value="51"/>
      </i>
      <i name="image" value="5000027.happy.2.png"/>
    </i>
    <i name="3">
      <i name="origin">
        <i name="x" value="22"/>
        <i name="y" value="50"/>
      </i>
      <i name="image" value="5000027.happy.3.png"/>
    </i>
    <i name="4">
      <i name="pointer" value="5000027/happy/0"/>
    </i>
    <i name="5">
      <i name="pointer" value="5000027/happy/1"/>
    </i>
    <i name="6">
      <i name="pointer" value="5000027/happy/2"/>
    </i>
    <i name="7">
      <i name="pointer" value="5000027/happy/3"/>
    </i>
  </i>
  <i name="transformation">
    <i name="0">
      <i name="origin">
        <i name="x" value="20"/>
        <i name="y" value="49"/>
      </i>
      <i name="image" value="5000027.transformation.0.png"/>
    </i>
    <i name="1">
      <i name="origin">
        <i name="x" value="20"/>
        <i name="y" value="49"/>
      </i>
      <i name="image" value="5000027.transformation.1.png"/>
    </i>
    <i name="2">
      <i name="origin">
        <i name="x" value="20"/>
        <i name="y" value="49"/>
      </i>
      <i name="image" value="5000027.transformation.2.png"/>
    </i>
    <i name="3">
      <i name="origin">
        <i name="x" value="20"/>
        <i name="y" value="49"/>
      </i>
      <i name="image" value="5000027.transformation.3.png"/>
    </i>
    <i name="4">
      <i name="origin">
        <i name="x" value="20"/>
        <i name="y" value="49"/>
      </i>
      <i name="image" value="5000027.transformation.4.png"/>
    </i>
    <i name="5">
      <i name="origin">
        <i name="x" value="20"/>
        <i name="y" value="49"/>
      </i>
      <i name="image" value="5000027.transformation.5.png"/>
    </i>
    <i name="6">
      <i name="origin">
        <i name="x" value="0"/>
        <i name="y" value="32"/>
      </i>
      <i name="image" value="5000027.transformation.6.png"/>
    </i>
    <i name="7">
      <i name="pointer" value="5000027/transformation/6"/>
    </i>
    <i name="8">
      <i name="pointer" value="5000027/transformation/6"/>
    </i>
    <i name="9">
      <i name="pointer" value="5000027/transformation/6"/>
    </i>
    <i name="10">
      <i name="pointer" value="5000027/transformation/6"/>
    </i>
    <i name="11">
      <i name="pointer" value="5000027/transformation/6"/>
    </i>
    <i name="12">
      <i name="pointer" value="5000027/transformation/6"/>
    </i>
    <i name="13">
      <i name="pointer" value="5000027/transformation/6"/>
    </i>
    <i name="14">
      <i name="origin">
        <i name="x" value="-7"/>
        <i name="y" value="40"/>
      </i>
      <i name="image" value="5000027.transformation.14.png"/>
    </i>
    <i name="15">
      <i name="pointer" value="5000027/transformation/14"/>
    </i>
    <i name="16">
      <i name="pointer" value="5000027/transformation/14"/>
    </i>
    <i name="17">
      <i name="pointer" value="5000027/transformation/14"/>
    </i>
    <i name="18">
      <i name="pointer" value="5000027/transformation/14"/>
    </i>
    <i name="19">
      <i name="pointer" value="5000027/transformation/14"/>
    </i>
    <i name="20">
      <i name="origin">
        <i name="x" value="-7"/>
        <i name="y" value="2"/>
      </i>
      <i name="image" value="5000027.transformation.20.png"/>
    </i>
    <i name="21">
      <i name="pointer" value="5000027/transformation/20"/>
    </i>
    <i name="22">
      <i name="pointer" value="5000027/transformation/20"/>
    </i>
    <i name="23">
      <i name="pointer" value="5000027/transformation/20"/>
    </i>
    <i name="24">
      <i name="pointer" value="5000027/transformation/20"/>
    </i>
    <i name="25">
      <i name="pointer" value="5000027/transformation/20"/>
    </i>
    <i name="26">
      <i name="origin">
        <i name="x" value="-7"/>
        <i name="y" value="5"/>
      </i>
      <i name="image" value="5000027.transformation.26.png"/>
    </i>
    <i name="27">
      <i name="origin">
        <i name="x" value="-7"/>
        <i name="y" value="13"/>
      </i>
      <i name="image" value="5000027.transformation.27.png"/>
    </i>
    <i name="28">
      <i name="origin">
        <i name="x" value="-4"/>
        <i name="y" value="14"/>
      </i>
      <i name="image" value="5000027.transformation.28.png"/>
    </i>
    <i name="29">
      <i name="origin">
        <i name="x" value="8"/>
        <i name="y" value="21"/>
      </i>
      <i name="image" value="5000027.transformation.29.png"/>
    </i>
    <i name="30">
      <i name="origin">
        <i name="x" value="33"/>
        <i name="y" value="21"/>
      </i>
      <i name="image" value="5000027.transformation.30.png"/>
    </i>
    <i name="31">
      <i name="origin">
        <i name="x" value="9"/>
        <i name="y" value="24"/>
      </i>
      <i name="image" value="5000027.transformation.31.png"/>
    </i>
    <i name="32">
      <i name="origin">
        <i name="x" value="9"/>
        <i name="y" value="12"/>
      </i>
      <i name="z" value="0"/>
      <i name="image" value="5000027.transformation.32.png"/>
    </i>
    <i name="33">
      <i name="origin">
        <i name="x" value="17"/>
        <i name="y" value="19"/>
      </i>
      <i name="z" value="0"/>
      <i name="image" value="5000027.transformation.33.png"/>
    </i>
    <i name="34">
      <i name="origin">
        <i name="x" value="18"/>
        <i name="y" value="44"/>
      </i>
      <i name="z" value="0"/>
      <i name="image" value="5000027.transformation.34.png"/>
    </i>
    <i name="35">
      <i name="origin">
        <i name="x" value="20"/>
        <i name="y" value="49"/>
      </i>
      <i name="z" value="0"/>
      <i name="image" value="5000027.transformation.35.png"/>
    </i>
    <i name="36">
      <i name="origin">
        <i name="x" value="20"/>
        <i name="y" value="49"/>
      </i>
      <i name="z" value="0"/>
      <i name="image" value="5000027.transformation.36.png"/>
    </i>
    <i name="37">
      <i name="origin">
        <i name="x" value="20"/>
        <i name="y" value="49"/>
      </i>
      <i name="z" value="0"/>
      <i name="image" value="5000027.transformation.37.png"/>
    </i>
    <i name="38">
      <i name="origin">
        <i name="x" value="20"/>
        <i name="y" value="49"/>
      </i>
      <i name="z" value="0"/>
      <i name="image" value="5000027.transformation.38.png"/>
    </i>
    <i name="39">
      <i name="origin">
        <i name="x" value="20"/>
        <i name="y" value="50"/>
      </i>
      <i name="z" value="0"/>
      <i name="image" value="5000027.transformation.39.png"/>
    </i>
    <i name="40">
      <i name="origin">
        <i name="x" value="20"/>
        <i name="y" value="49"/>
      </i>
      <i name="z" value="0"/>
      <i name="image" value="5000027.transformation.40.png"/>
    </i>
    <i name="41">
      <i name="origin">
        <i name="x" value="20"/>
        <i name="y" value="50"/>
      </i>
      <i name="z" value="0"/>
      <i name="image" value="5000027.transformation.41.png"/>
    </i>
  </i>
  </i>
