<i>
<s name="info"><f name="icon" ><p name="info"  image="info.icon.png"/></f><f name="iconRaw" ><p name="info"  origin_x="-3" origin_y="32" image="info.iconRaw.png"/></f><p name="reqJob" v="0"/></s>
<s name="default"><f name="default" ><p name="default"  origin_x="15" origin_y="25" brow_x="-18" brow_y="-23" z="accessoryFaceBelowFace" image="default.default.png"/></f></s>
<s name="blink"><f name="0" ><p name="pointer"  pointer="default/default"/></f><f name="1" ><p name="pointer"  pointer="default/default"/></f><f name="2" ><p name="pointer"  pointer="default/default"/></f></s>
<s name="hit"><f name="0" ><p name="pointer"  pointer="default/default"/></f></s>
<s name="smile"><f name="0" ><p name="pointer"  pointer="default/default"/></f></s>
<s name="troubled"><f name="0" ><p name="pointer"  pointer="default/default"/></f></s>
<s name="cry"><f name="0" ><p name="pointer"  pointer="default/default"/></f></s>
<s name="angry"><f name="0" ><p name="pointer"  pointer="default/default"/></f></s>
<s name="bewildered"><f name="0" ><p name="pointer"  pointer="default/default"/></f></s>
<s name="stunned"><f name="0" ><p name="pointer"  pointer="bewildered/0/default"/></f></s>
<s name="vomit"><f name="0" ><p name="pointer"  pointer="default/default"/></f><f name="1" ><p name="pointer"  pointer="vomit/0/default"/></f></s>
<s name="oops"><f name="0" ><p name="pointer"  pointer="default/default"/></f></s>
<s name="cheers"><f name="0" ><p name="pointer"  pointer="default/default"/></f></s>
<s name="chu"><f name="0" ><p name="pointer"  pointer="default/default"/></f></s>
<s name="wink"><f name="0" ><p name="pointer"  pointer="default/default"/></f></s>
<s name="pain"><f name="0" ><p name="pointer"  pointer="default/default"/></f></s>
<s name="glitter"><f name="0" ><p name="pointer"  pointer="default/default"/></f><f name="1" ><p name="pointer"  pointer="default/default"/></f></s>
<s name="shine"><f name="0" ><p name="pointer"  pointer="default/default"/></f></s>
<s name="love"><f name="0" ><p name="pointer"  pointer="default/default"/></f><f name="1" ><p name="pointer"  pointer="default/default"/></f></s>
<s name="blaze"><f name="0" ><p name="pointer"  pointer="default/default"/></f><f name="1" ><p name="pointer"  pointer="default/default"/></f></s>
<s name="despair"><f name="0" ><p name="pointer"  pointer="default/default"/></f><f name="1" ><p name="pointer"  pointer="default/default"/></f></s>
<s name="hum"><f name="0" ><p name="pointer"  pointer="default/default"/></f><f name="1" ><p name="pointer"  pointer="default/default"/></f></s>
<s name="bowing"><f name="0" ><p name="pointer"  pointer="default/default"/></f><f name="1" ><p name="pointer"  pointer="default/default"/></f></s>
<s name="hot"><f name="0" ><p name="pointer"  pointer="default/default"/></f><f name="1" ><p name="pointer"  pointer="default/default"/></f></s>
</i>
