  <i name="5000036">
  <i name="stand0">
    <i name="0">
      <i name="origin">
        <i name="x" value="29"/>
        <i name="y" value="22"/>
      </i>
      <i name="lt">
        <i name="x" value="-5"/>
        <i name="y" value="-68"/>
      </i>
      <i name="rb">
        <i name="x" value="27"/>
        <i name="y" value="-25"/>
      </i>
      <i name="delay" value="240"/>
      <i name="image" value="5000036.stand0.0.png"/>
    </i>
    <i name="1">
      <i name="origin">
        <i name="x" value="30"/>
        <i name="y" value="23"/>
      </i>
      <i name="lt">
        <i name="x" value="-5"/>
        <i name="y" value="-68"/>
      </i>
      <i name="rb">
        <i name="x" value="27"/>
        <i name="y" value="-25"/>
      </i>
      <i name="delay" value="240"/>
      <i name="image" value="5000036.stand0.1.png"/>
    </i>
    <i name="2">
      <i name="origin">
        <i name="x" value="29"/>
        <i name="y" value="22"/>
      </i>
      <i name="lt">
        <i name="x" value="-5"/>
        <i name="y" value="-68"/>
      </i>
      <i name="rb">
        <i name="x" value="27"/>
        <i name="y" value="-25"/>
      </i>
      <i name="delay" value="240"/>
      <i name="image" value="5000036.stand0.2.png"/>
    </i>
    <i name="3">
      <i name="origin">
        <i name="x" value="30"/>
        <i name="y" value="21"/>
      </i>
      <i name="lt">
        <i name="x" value="-5"/>
        <i name="y" value="-68"/>
      </i>
      <i name="rb">
        <i name="x" value="27"/>
        <i name="y" value="-25"/>
      </i>
      <i name="delay" value="240"/>
      <i name="image" value="5000036.stand0.3.png"/>
    </i>
    <i name="4">
      <i name="origin">
        <i name="x" value="29"/>
        <i name="y" value="22"/>
      </i>
      <i name="lt">
        <i name="x" value="-5"/>
        <i name="y" value="-68"/>
      </i>
      <i name="rb">
        <i name="x" value="27"/>
        <i name="y" value="-25"/>
      </i>
      <i name="delay" value="240"/>
      <i name="image" value="5000036.stand0.4.png"/>
    </i>
    <i name="5">
      <i name="origin">
        <i name="x" value="30"/>
        <i name="y" value="23"/>
      </i>
      <i name="lt">
        <i name="x" value="-5"/>
        <i name="y" value="-68"/>
      </i>
      <i name="rb">
        <i name="x" value="27"/>
        <i name="y" value="-25"/>
      </i>
      <i name="delay" value="240"/>
      <i name="image" value="5000036.stand0.5.png"/>
    </i>
    <i name="6">
      <i name="origin">
        <i name="x" value="29"/>
        <i name="y" value="22"/>
      </i>
      <i name="lt">
        <i name="x" value="-5"/>
        <i name="y" value="-68"/>
      </i>
      <i name="rb">
        <i name="x" value="27"/>
        <i name="y" value="-25"/>
      </i>
      <i name="delay" value="240"/>
      <i name="image" value="5000036.stand0.6.png"/>
    </i>
    <i name="7">
      <i name="origin">
        <i name="x" value="30"/>
        <i name="y" value="21"/>
      </i>
      <i name="lt">
        <i name="x" value="-5"/>
        <i name="y" value="-68"/>
      </i>
      <i name="rb">
        <i name="x" value="27"/>
        <i name="y" value="-25"/>
      </i>
      <i name="delay" value="240"/>
      <i name="image" value="5000036.stand0.7.png"/>
    </i>
  </i>
  <i name="stand1">
    <i name="0">
      <i name="origin">
        <i name="x" value="29"/>
        <i name="y" value="22"/>
      </i>
      <i name="lt">
        <i name="x" value="-5"/>
        <i name="y" value="-69"/>
      </i>
      <i name="rb">
        <i name="x" value="27"/>
        <i name="y" value="-26"/>
      </i>
      <i name="delay" value="240"/>
      <i name="image" value="5000036.stand1.0.png"/>
    </i>
    <i name="1">
      <i name="origin">
        <i name="x" value="30"/>
        <i name="y" value="23"/>
      </i>
      <i name="lt">
        <i name="x" value="-5"/>
        <i name="y" value="-68"/>
      </i>
      <i name="rb">
        <i name="x" value="27"/>
        <i name="y" value="-25"/>
      </i>
      <i name="delay" value="240"/>
      <i name="image" value="5000036.stand1.1.png"/>
    </i>
    <i name="2">
      <i name="origin">
        <i name="x" value="29"/>
        <i name="y" value="22"/>
      </i>
      <i name="lt">
        <i name="x" value="-5"/>
        <i name="y" value="-67"/>
      </i>
      <i name="rb">
        <i name="x" value="26"/>
        <i name="y" value="-24"/>
      </i>
      <i name="delay" value="240"/>
      <i name="image" value="5000036.stand1.2.png"/>
    </i>
    <i name="3">
      <i name="origin">
        <i name="x" value="30"/>
        <i name="y" value="21"/>
      </i>
      <i name="lt">
        <i name="x" value="-5"/>
        <i name="y" value="-66"/>
      </i>
      <i name="rb">
        <i name="x" value="26"/>
        <i name="y" value="-23"/>
      </i>
      <i name="delay" value="240"/>
      <i name="image" value="5000036.stand1.3.png"/>
    </i>
    <i name="4">
      <i name="origin">
        <i name="x" value="29"/>
        <i name="y" value="22"/>
      </i>
      <i name="lt">
        <i name="x" value="-5"/>
        <i name="y" value="-67"/>
      </i>
      <i name="rb">
        <i name="x" value="26"/>
        <i name="y" value="-24"/>
      </i>
      <i name="delay" value="240"/>
      <i name="image" value="5000036.stand1.4.png"/>
    </i>
    <i name="5">
      <i name="origin">
        <i name="x" value="30"/>
        <i name="y" value="23"/>
      </i>
      <i name="lt">
        <i name="x" value="-5"/>
        <i name="y" value="-68"/>
      </i>
      <i name="rb">
        <i name="x" value="26"/>
        <i name="y" value="-25"/>
      </i>
      <i name="delay" value="240"/>
      <i name="image" value="5000036.stand1.5.png"/>
    </i>
    <i name="6">
      <i name="origin">
        <i name="x" value="29"/>
        <i name="y" value="22"/>
      </i>
      <i name="lt">
        <i name="x" value="-5"/>
        <i name="y" value="-68"/>
      </i>
      <i name="rb">
        <i name="x" value="27"/>
        <i name="y" value="-25"/>
      </i>
      <i name="delay" value="240"/>
      <i name="image" value="5000036.stand1.6.png"/>
    </i>
    <i name="7">
      <i name="origin">
        <i name="x" value="30"/>
        <i name="y" value="21"/>
      </i>
      <i name="lt">
        <i name="x" value="-5"/>
        <i name="y" value="-68"/>
      </i>
      <i name="rb">
        <i name="x" value="27"/>
        <i name="y" value="-25"/>
      </i>
      <i name="delay" value="240"/>
      <i name="image" value="5000036.stand1.7.png"/>
    </i>
  </i>
  <i name="rest0">
    <i name="0">
      <i name="origin">
        <i name="x" value="18"/>
        <i name="y" value="26"/>
      </i>
      <i name="lt">
        <i name="x" value="-8"/>
        <i name="y" value="-64"/>
      </i>
      <i name="rb">
        <i name="x" value="26"/>
        <i name="y" value="-23"/>
      </i>
      <i name="delay" value="240"/>
      <i name="image" value="5000036.rest0.0.png"/>
    </i>
    <i name="1">
      <i name="origin">
        <i name="x" value="18"/>
        <i name="y" value="26"/>
      </i>
      <i name="lt">
        <i name="x" value="-8"/>
        <i name="y" value="-64"/>
      </i>
      <i name="rb">
        <i name="x" value="25"/>
        <i name="y" value="-23"/>
      </i>
      <i name="delay" value="240"/>
      <i name="image" value="5000036.rest0.1.png"/>
    </i>
    <i name="2">
      <i name="origin">
        <i name="x" value="18"/>
        <i name="y" value="26"/>
      </i>
      <i name="lt">
        <i name="x" value="-7"/>
        <i name="y" value="-64"/>
      </i>
      <i name="rb">
        <i name="x" value="26"/>
        <i name="y" value="-23"/>
      </i>
      <i name="delay" value="240"/>
      <i name="image" value="5000036.rest0.2.png"/>
    </i>
    <i name="3">
      <i name="origin">
        <i name="x" value="18"/>
        <i name="y" value="26"/>
      </i>
      <i name="lt">
        <i name="x" value="-8"/>
        <i name="y" value="-64"/>
      </i>
      <i name="rb">
        <i name="x" value="25"/>
        <i name="y" value="-23"/>
      </i>
      <i name="delay" value="240"/>
      <i name="image" value="5000036.rest0.3.png"/>
    </i>
    <i name="4">
      <i name="origin">
        <i name="x" value="18"/>
        <i name="y" value="26"/>
      </i>
      <i name="lt">
        <i name="x" value="-7"/>
        <i name="y" value="-64"/>
      </i>
      <i name="rb">
        <i name="x" value="26"/>
        <i name="y" value="-23"/>
      </i>
      <i name="delay" value="240"/>
      <i name="image" value="5000036.rest0.4.png"/>
    </i>
  </i>
  <i name="move">
    <i name="0">
      <i name="origin">
        <i name="x" value="18"/>
        <i name="y" value="22"/>
      </i>
      <i name="lt">
        <i name="x" value="-11"/>
        <i name="y" value="-71"/>
      </i>
      <i name="rb">
        <i name="x" value="23"/>
        <i name="y" value="-29"/>
      </i>
      <i name="delay" value="240"/>
      <i name="image" value="5000036.move.0.png"/>
    </i>
    <i name="1">
      <i name="origin">
        <i name="x" value="29"/>
        <i name="y" value="23"/>
      </i>
      <i name="lt">
        <i name="x" value="-14"/>
        <i name="y" value="-69"/>
      </i>
      <i name="rb">
        <i name="x" value="19"/>
        <i name="y" value="-29"/>
      </i>
      <i name="delay" value="240"/>
      <i name="image" value="5000036.move.1.png"/>
    </i>
    <i name="2">
      <i name="origin">
        <i name="x" value="27"/>
        <i name="y" value="22"/>
      </i>
      <i name="lt">
        <i name="x" value="-7"/>
        <i name="y" value="-69"/>
      </i>
      <i name="rb">
        <i name="x" value="25"/>
        <i name="y" value="-26"/>
      </i>
      <i name="delay" value="240"/>
      <i name="image" value="5000036.move.2.png"/>
    </i>
    <i name="3">
      <i name="origin">
        <i name="x" value="22"/>
        <i name="y" value="23"/>
      </i>
      <i name="lt">
        <i name="x" value="-7"/>
        <i name="y" value="-68"/>
      </i>
      <i name="rb">
        <i name="x" value="24"/>
        <i name="y" value="-25"/>
      </i>
      <i name="delay" value="240"/>
      <i name="image" value="5000036.move.3.png"/>
    </i>
  </i>
  <i name="jump">
    <i name="0">
      <i name="origin">
        <i name="x" value="28"/>
        <i name="y" value="48"/>
      </i>
      <i name="lt">
        <i name="x" value="-18"/>
        <i name="y" value="-29"/>
      </i>
      <i name="rb">
        <i name="x" value="45"/>
        <i name="y" value="1"/>
      </i>
      <i name="image" value="5000036.jump.0.png"/>
    </i>
  </i>
  <i name="hungry">
    <i name="0">
      <i name="origin">
        <i name="x" value="27"/>
        <i name="y" value="17"/>
      </i>
      <i name="lt">
        <i name="x" value="-7"/>
        <i name="y" value="-64"/>
      </i>
      <i name="rb">
        <i name="x" value="26"/>
        <i name="y" value="-23"/>
      </i>
      <i name="delay" value="240"/>
      <i name="image" value="5000036.hungry.0.png"/>
    </i>
    <i name="1">
      <i name="origin">
        <i name="x" value="25"/>
        <i name="y" value="18"/>
      </i>
      <i name="lt">
        <i name="x" value="-7"/>
        <i name="y" value="-64"/>
      </i>
      <i name="rb">
        <i name="x" value="26"/>
        <i name="y" value="-23"/>
      </i>
      <i name="delay" value="240"/>
      <i name="image" value="5000036.hungry.1.png"/>
    </i>
  </i>
  <i name="chat">
    <i name="0">
      <i name="origin">
        <i name="x" value="31"/>
        <i name="y" value="22"/>
      </i>
      <i name="lt">
        <i name="x" value="-6"/>
        <i name="y" value="-68"/>
      </i>
      <i name="rb">
        <i name="x" value="26"/>
        <i name="y" value="-25"/>
      </i>
      <i name="delay" value="240"/>
      <i name="image" value="5000036.chat.0.png"/>
    </i>
    <i name="1">
      <i name="origin">
        <i name="x" value="30"/>
        <i name="y" value="22"/>
      </i>
      <i name="lt">
        <i name="x" value="-6"/>
        <i name="y" value="-68"/>
      </i>
      <i name="rb">
        <i name="x" value="26"/>
        <i name="y" value="-25"/>
      </i>
      <i name="delay" value="240"/>
      <i name="image" value="5000036.chat.1.png"/>
    </i>
  </i>
  <i name="angry">
    <i name="0">
      <i name="origin">
        <i name="x" value="31"/>
        <i name="y" value="27"/>
      </i>
      <i name="lt">
        <i name="x" value="-6"/>
        <i name="y" value="-69"/>
      </i>
      <i name="rb">
        <i name="x" value="28"/>
        <i name="y" value="-29"/>
      </i>
      <i name="delay" value="240"/>
      <i name="image" value="5000036.angry.0.png"/>
    </i>
    <i name="1">
      <i name="origin">
        <i name="x" value="29"/>
        <i name="y" value="27"/>
      </i>
      <i name="lt">
        <i name="x" value="-5"/>
        <i name="y" value="-62"/>
      </i>
      <i name="rb">
        <i name="x" value="29"/>
        <i name="y" value="-27"/>
      </i>
      <i name="delay" value="240"/>
      <i name="image" value="5000036.angry.1.png"/>
    </i>
    <i name="2">
      <i name="origin">
        <i name="x" value="31"/>
        <i name="y" value="27"/>
      </i>
      <i name="lt">
        <i name="x" value="-20"/>
        <i name="y" value="-73"/>
      </i>
      <i name="rb">
        <i name="x" value="13"/>
        <i name="y" value="-20"/>
      </i>
      <i name="delay" value="240"/>
      <i name="image" value="5000036.angry.2.png"/>
    </i>
    <i name="3">
      <i name="origin">
        <i name="x" value="30"/>
        <i name="y" value="29"/>
      </i>
      <i name="lt">
        <i name="x" value="-6"/>
        <i name="y" value="-69"/>
      </i>
      <i name="rb">
        <i name="x" value="28"/>
        <i name="y" value="-29"/>
      </i>
      <i name="delay" value="240"/>
      <i name="image" value="5000036.angry.3.png"/>
    </i>
  </i>
  <i name="cry">
    <i name="0">
      <i name="origin">
        <i name="x" value="10"/>
        <i name="y" value="20"/>
      </i>
      <i name="lt">
        <i name="x" value="-5"/>
        <i name="y" value="-67"/>
      </i>
      <i name="rb">
        <i name="x" value="26"/>
        <i name="y" value="-25"/>
      </i>
      <i name="delay" value="240"/>
      <i name="image" value="5000036.cry.0.png"/>
    </i>
    <i name="1">
      <i name="origin">
        <i name="x" value="10"/>
        <i name="y" value="21"/>
      </i>
      <i name="lt">
        <i name="x" value="-5"/>
        <i name="y" value="-67"/>
      </i>
      <i name="rb">
        <i name="x" value="26"/>
        <i name="y" value="-25"/>
      </i>
      <i name="delay" value="240"/>
      <i name="image" value="5000036.cry.1.png"/>
    </i>
  </i>
  <i name="hang">
    <i name="0">
      <i name="origin">
        <i name="x" value="22"/>
        <i name="y" value="26"/>
      </i>
      <i name="lt">
        <i name="x" value="-11"/>
        <i name="y" value="-65"/>
      </i>
      <i name="rb">
        <i name="x" value="11"/>
        <i name="y" value="-46"/>
      </i>
      <i name="image" value="5000036.hang.0.png"/>
    </i>
  </i>
  <i name="nap">
    <i name="0">
      <i name="origin">
        <i name="x" value="21"/>
        <i name="y" value="26"/>
      </i>
      <i name="lt">
        <i name="x" value="17"/>
        <i name="y" value="-25"/>
      </i>
      <i name="rb">
        <i name="x" value="45"/>
        <i name="y" value="0"/>
      </i>
      <i name="delay" value="240"/>
      <i name="image" value="5000036.nap.0.png"/>
    </i>
    <i name="1">
      <i name="origin">
        <i name="x" value="21"/>
        <i name="y" value="26"/>
      </i>
      <i name="lt">
        <i name="x" value="17"/>
        <i name="y" value="-26"/>
      </i>
      <i name="rb">
        <i name="x" value="45"/>
        <i name="y" value="0"/>
      </i>
      <i name="delay" value="240"/>
      <i name="image" value="5000036.nap.1.png"/>
    </i>
    <i name="2">
      <i name="origin">
        <i name="x" value="21"/>
        <i name="y" value="26"/>
      </i>
      <i name="lt">
        <i name="x" value="17"/>
        <i name="y" value="-25"/>
      </i>
      <i name="rb">
        <i name="x" value="44"/>
        <i name="y" value="0"/>
      </i>
      <i name="delay" value="240"/>
      <i name="image" value="5000036.nap.2.png"/>
    </i>
    <i name="3">
      <i name="origin">
        <i name="x" value="21"/>
        <i name="y" value="26"/>
      </i>
      <i name="lt">
        <i name="x" value="19"/>
        <i name="y" value="-26"/>
      </i>
      <i name="rb">
        <i name="x" value="43"/>
        <i name="y" value="0"/>
      </i>
      <i name="delay" value="240"/>
      <i name="image" value="5000036.nap.3.png"/>
    </i>
  </i>
  <i name="dung">
    <i name="0">
      <i name="origin">
        <i name="x" value="18"/>
        <i name="y" value="22"/>
      </i>
      <i name="lt">
        <i name="x" value="-5"/>
        <i name="y" value="-65"/>
      </i>
      <i name="rb">
        <i name="x" value="27"/>
        <i name="y" value="-24"/>
      </i>
      <i name="delay" value="360"/>
      <i name="image" value="5000036.dung.0.png"/>
    </i>
    <i name="1">
      <i name="origin">
        <i name="x" value="24"/>
        <i name="y" value="23"/>
      </i>
      <i name="lt">
        <i name="x" value="-5"/>
        <i name="y" value="-65"/>
      </i>
      <i name="rb">
        <i name="x" value="27"/>
        <i name="y" value="-24"/>
      </i>
      <i name="delay" value="240"/>
      <i name="image" value="5000036.dung.1.png"/>
    </i>
    <i name="2">
      <i name="origin">
        <i name="x" value="29"/>
        <i name="y" value="24"/>
      </i>
      <i name="lt">
        <i name="x" value="-5"/>
        <i name="y" value="-65"/>
      </i>
      <i name="rb">
        <i name="x" value="27"/>
        <i name="y" value="-24"/>
      </i>
      <i name="delay" value="120"/>
      <i name="image" value="5000036.dung.2.png"/>
    </i>
    <i name="3">
      <i name="origin">
        <i name="x" value="33"/>
        <i name="y" value="23"/>
      </i>
      <i name="lt">
        <i name="x" value="-5"/>
        <i name="y" value="-65"/>
      </i>
      <i name="rb">
        <i name="x" value="27"/>
        <i name="y" value="-24"/>
      </i>
      <i name="delay" value="120"/>
      <i name="image" value="5000036.dung.3.png"/>
    </i>
    <i name="4">
      <i name="origin">
        <i name="x" value="37"/>
        <i name="y" value="22"/>
      </i>
      <i name="lt">
        <i name="x" value="-5"/>
        <i name="y" value="-65"/>
      </i>
      <i name="rb">
        <i name="x" value="27"/>
        <i name="y" value="-24"/>
      </i>
      <i name="delay" value="120"/>
      <i name="image" value="5000036.dung.4.png"/>
    </i>
    <i name="5">
      <i name="origin">
        <i name="x" value="18"/>
        <i name="y" value="22"/>
      </i>
      <i name="lt">
        <i name="x" value="-5"/>
        <i name="y" value="-65"/>
      </i>
      <i name="rb">
        <i name="x" value="27"/>
        <i name="y" value="-24"/>
      </i>
      <i name="delay" value="180"/>
      <i name="image" value="5000036.dung.5.png"/>
    </i>
  </i>
  <i name="eat">
    <i name="0">
      <i name="origin">
        <i name="x" value="17"/>
        <i name="y" value="23"/>
      </i>
      <i name="lt">
        <i name="x" value="-5"/>
        <i name="y" value="-67"/>
      </i>
      <i name="rb">
        <i name="x" value="26"/>
        <i name="y" value="-25"/>
      </i>
      <i name="delay" value="240"/>
      <i name="image" value="5000036.eat.0.png"/>
    </i>
    <i name="1">
      <i name="origin">
        <i name="x" value="17"/>
        <i name="y" value="23"/>
      </i>
      <i name="lt">
        <i name="x" value="-5"/>
        <i name="y" value="-67"/>
      </i>
      <i name="rb">
        <i name="x" value="26"/>
        <i name="y" value="-25"/>
      </i>
      <i name="delay" value="240"/>
      <i name="image" value="5000036.eat.1.png"/>
    </i>
    <i name="2">
      <i name="origin">
        <i name="x" value="17"/>
        <i name="y" value="23"/>
      </i>
      <i name="lt">
        <i name="x" value="-5"/>
        <i name="y" value="-67"/>
      </i>
      <i name="rb">
        <i name="x" value="26"/>
        <i name="y" value="-25"/>
      </i>
      <i name="delay" value="240"/>
      <i name="image" value="5000036.eat.2.png"/>
    </i>
    <i name="3">
      <i name="origin">
        <i name="x" value="17"/>
        <i name="y" value="23"/>
      </i>
      <i name="lt">
        <i name="x" value="-5"/>
        <i name="y" value="-67"/>
      </i>
      <i name="rb">
        <i name="x" value="26"/>
        <i name="y" value="-25"/>
      </i>
      <i name="delay" value="240"/>
      <i name="image" value="5000036.eat.3.png"/>
    </i>
  </i>
  <i name="fly">
    <i name="0">
      <i name="origin">
        <i name="x" value="30"/>
        <i name="y" value="22"/>
      </i>
      <i name="lt">
        <i name="x" value="-11"/>
        <i name="y" value="-77"/>
      </i>
      <i name="rb">
        <i name="x" value="21"/>
        <i name="y" value="-37"/>
      </i>
      <i name="delay" value="120"/>
      <i name="image" value="5000036.fly.0.png"/>
    </i>
    <i name="1">
      <i name="origin">
        <i name="x" value="28"/>
        <i name="y" value="23"/>
      </i>
      <i name="lt">
        <i name="x" value="-11"/>
        <i name="y" value="-77"/>
      </i>
      <i name="rb">
        <i name="x" value="21"/>
        <i name="y" value="-37"/>
      </i>
      <i name="delay" value="240"/>
      <i name="image" value="5000036.fly.1.png"/>
    </i>
    <i name="2">
      <i name="origin">
        <i name="x" value="26"/>
        <i name="y" value="25"/>
      </i>
      <i name="lt">
        <i name="x" value="-11"/>
        <i name="y" value="-77"/>
      </i>
      <i name="rb">
        <i name="x" value="21"/>
        <i name="y" value="-37"/>
      </i>
      <i name="delay" value="240"/>
      <i name="image" value="5000036.fly.2.png"/>
    </i>
    <i name="3">
      <i name="origin">
        <i name="x" value="17"/>
        <i name="y" value="23"/>
      </i>
      <i name="lt">
        <i name="x" value="-11"/>
        <i name="y" value="-77"/>
      </i>
      <i name="rb">
        <i name="x" value="21"/>
        <i name="y" value="-37"/>
      </i>
      <i name="delay" value="240"/>
      <i name="image" value="5000036.fly.3.png"/>
    </i>
    <i name="4">
      <i name="origin">
        <i name="x" value="18"/>
        <i name="y" value="22"/>
      </i>
      <i name="lt">
        <i name="x" value="-11"/>
        <i name="y" value="-77"/>
      </i>
      <i name="rb">
        <i name="x" value="21"/>
        <i name="y" value="-37"/>
      </i>
      <i name="delay" value="120"/>
      <i name="image" value="5000036.fly.4.png"/>
    </i>
  </i>
  <i name="good">
    <i name="0">
      <i name="origin">
        <i name="x" value="18"/>
        <i name="y" value="22"/>
      </i>
      <i name="lt">
        <i name="x" value="-16"/>
        <i name="y" value="-67"/>
      </i>
      <i name="rb">
        <i name="x" value="26"/>
        <i name="y" value="-24"/>
      </i>
      <i name="delay" value="240"/>
      <i name="image" value="5000036.good.0.png"/>
    </i>
    <i name="1">
      <i name="origin">
        <i name="x" value="20"/>
        <i name="y" value="49"/>
      </i>
      <i name="lt">
        <i name="x" value="-16"/>
        <i name="y" value="-67"/>
      </i>
      <i name="rb">
        <i name="x" value="26"/>
        <i name="y" value="-24"/>
      </i>
      <i name="delay" value="180"/>
      <i name="image" value="5000036.good.1.png"/>
    </i>
    <i name="2">
      <i name="origin">
        <i name="x" value="36"/>
        <i name="y" value="47"/>
      </i>
      <i name="lt">
        <i name="x" value="-16"/>
        <i name="y" value="-67"/>
      </i>
      <i name="rb">
        <i name="x" value="26"/>
        <i name="y" value="-24"/>
      </i>
      <i name="delay" value="180"/>
      <i name="image" value="5000036.good.2.png"/>
    </i>
    <i name="3">
      <i name="origin">
        <i name="x" value="3"/>
        <i name="y" value="66"/>
      </i>
      <i name="lt">
        <i name="x" value="-16"/>
        <i name="y" value="-67"/>
      </i>
      <i name="rb">
        <i name="x" value="26"/>
        <i name="y" value="-24"/>
      </i>
      <i name="delay" value="180"/>
      <i name="image" value="5000036.good.3.png"/>
    </i>
    <i name="4">
      <i name="origin">
        <i name="x" value="-3"/>
        <i name="y" value="32"/>
      </i>
      <i name="lt">
        <i name="x" value="-16"/>
        <i name="y" value="-67"/>
      </i>
      <i name="rb">
        <i name="x" value="26"/>
        <i name="y" value="-24"/>
      </i>
      <i name="delay" value="180"/>
      <i name="image" value="5000036.good.4.png"/>
    </i>
    <i name="5">
      <i name="origin">
        <i name="x" value="18"/>
        <i name="y" value="25"/>
      </i>
      <i name="lt">
        <i name="x" value="-16"/>
        <i name="y" value="-67"/>
      </i>
      <i name="rb">
        <i name="x" value="26"/>
        <i name="y" value="-24"/>
      </i>
      <i name="delay" value="180"/>
      <i name="image" value="5000036.good.5.png"/>
    </i>
    <i name="6">
      <i name="origin">
        <i name="x" value="18"/>
        <i name="y" value="22"/>
      </i>
      <i name="lt">
        <i name="x" value="-16"/>
        <i name="y" value="-67"/>
      </i>
      <i name="rb">
        <i name="x" value="26"/>
        <i name="y" value="-24"/>
      </i>
      <i name="delay" value="240"/>
      <i name="image" value="5000036.good.6.png"/>
    </i>
    <i name="7">
      <i name="origin">
        <i name="x" value="18"/>
        <i name="y" value="21"/>
      </i>
      <i name="lt">
        <i name="x" value="-16"/>
        <i name="y" value="-67"/>
      </i>
      <i name="rb">
        <i name="x" value="26"/>
        <i name="y" value="-24"/>
      </i>
      <i name="delay" value="240"/>
      <i name="image" value="5000036.good.7.png"/>
    </i>
    <i name="8">
      <i name="origin">
        <i name="x" value="18"/>
        <i name="y" value="22"/>
      </i>
      <i name="lt">
        <i name="x" value="-16"/>
        <i name="y" value="-67"/>
      </i>
      <i name="rb">
        <i name="x" value="26"/>
        <i name="y" value="-24"/>
      </i>
      <i name="delay" value="240"/>
      <i name="image" value="5000036.good.8.png"/>
    </i>
    <i name="9">
      <i name="origin">
        <i name="x" value="18"/>
        <i name="y" value="23"/>
      </i>
      <i name="lt">
        <i name="x" value="-16"/>
        <i name="y" value="-67"/>
      </i>
      <i name="rb">
        <i name="x" value="26"/>
        <i name="y" value="-24"/>
      </i>
      <i name="delay" value="240"/>
      <i name="image" value="5000036.good.9.png"/>
    </i>
  </i>
  <i name="change">
    <i name="0">
      <i name="origin">
        <i name="x" value="18"/>
        <i name="y" value="22"/>
      </i>
      <i name="lt">
        <i name="x" value="-10"/>
        <i name="y" value="-67"/>
      </i>
      <i name="rb">
        <i name="x" value="25"/>
        <i name="y" value="-25"/>
      </i>
      <i name="delay" value="240"/>
      <i name="image" value="5000036.change.0.png"/>
    </i>
    <i name="1">
      <i name="origin">
        <i name="x" value="18"/>
        <i name="y" value="23"/>
      </i>
      <i name="lt">
        <i name="x" value="-10"/>
        <i name="y" value="-67"/>
      </i>
      <i name="rb">
        <i name="x" value="25"/>
        <i name="y" value="-25"/>
      </i>
      <i name="delay" value="120"/>
      <i name="image" value="5000036.change.1.png"/>
    </i>
    <i name="2">
      <i name="origin">
        <i name="x" value="17"/>
        <i name="y" value="27"/>
      </i>
      <i name="lt">
        <i name="x" value="-10"/>
        <i name="y" value="-67"/>
      </i>
      <i name="rb">
        <i name="x" value="25"/>
        <i name="y" value="-25"/>
      </i>
      <i name="delay" value="120"/>
      <i name="image" value="5000036.change.2.png"/>
    </i>
    <i name="3">
      <i name="origin">
        <i name="x" value="20"/>
        <i name="y" value="25"/>
      </i>
      <i name="lt">
        <i name="x" value="-10"/>
        <i name="y" value="-67"/>
      </i>
      <i name="rb">
        <i name="x" value="25"/>
        <i name="y" value="-25"/>
      </i>
      <i name="delay" value="120"/>
      <i name="image" value="5000036.change.3.png"/>
    </i>
    <i name="4">
      <i name="origin">
        <i name="x" value="17"/>
        <i name="y" value="32"/>
      </i>
      <i name="lt">
        <i name="x" value="-10"/>
        <i name="y" value="-67"/>
      </i>
      <i name="rb">
        <i name="x" value="25"/>
        <i name="y" value="-25"/>
      </i>
      <i name="delay" value="240"/>
      <i name="image" value="5000036.change.4.png"/>
    </i>
    <i name="5">
      <i name="origin">
        <i name="x" value="18"/>
        <i name="y" value="54"/>
      </i>
      <i name="lt">
        <i name="x" value="-10"/>
        <i name="y" value="-67"/>
      </i>
      <i name="rb">
        <i name="x" value="25"/>
        <i name="y" value="-25"/>
      </i>
      <i name="delay" value="180"/>
      <i name="image" value="5000036.change.5.png"/>
    </i>
    <i name="6">
      <i name="origin">
        <i name="x" value="3"/>
        <i name="y" value="58"/>
      </i>
      <i name="lt">
        <i name="x" value="-10"/>
        <i name="y" value="-67"/>
      </i>
      <i name="rb">
        <i name="x" value="25"/>
        <i name="y" value="-25"/>
      </i>
      <i name="delay" value="180"/>
      <i name="image" value="5000036.change.6.png"/>
    </i>
    <i name="7">
      <i name="origin">
        <i name="x" value="18"/>
        <i name="y" value="59"/>
      </i>
      <i name="lt">
        <i name="x" value="-10"/>
        <i name="y" value="-67"/>
      </i>
      <i name="rb">
        <i name="x" value="25"/>
        <i name="y" value="-25"/>
      </i>
      <i name="delay" value="120"/>
      <i name="image" value="5000036.change.7.png"/>
    </i>
    <i name="8">
      <i name="origin">
        <i name="x" value="18"/>
        <i name="y" value="30"/>
      </i>
      <i name="lt">
        <i name="x" value="-10"/>
        <i name="y" value="-67"/>
      </i>
      <i name="rb">
        <i name="x" value="25"/>
        <i name="y" value="-25"/>
      </i>
      <i name="delay" value="180"/>
      <i name="image" value="5000036.change.8.png"/>
    </i>
    <i name="9">
      <i name="origin">
        <i name="x" value="19"/>
        <i name="y" value="42"/>
      </i>
      <i name="lt">
        <i name="x" value="-10"/>
        <i name="y" value="-67"/>
      </i>
      <i name="rb">
        <i name="x" value="25"/>
        <i name="y" value="-25"/>
      </i>
      <i name="delay" value="120"/>
      <i name="image" value="5000036.change.9.png"/>
    </i>
    <i name="10">
      <i name="origin">
        <i name="x" value="15"/>
        <i name="y" value="63"/>
      </i>
      <i name="lt">
        <i name="x" value="-10"/>
        <i name="y" value="-67"/>
      </i>
      <i name="rb">
        <i name="x" value="25"/>
        <i name="y" value="-25"/>
      </i>
      <i name="delay" value="60"/>
      <i name="image" value="5000036.change.10.png"/>
    </i>
    <i name="11">
      <i name="origin">
        <i name="x" value="21"/>
        <i name="y" value="94"/>
      </i>
      <i name="lt">
        <i name="x" value="-10"/>
        <i name="y" value="-67"/>
      </i>
      <i name="rb">
        <i name="x" value="25"/>
        <i name="y" value="-25"/>
      </i>
      <i name="delay" value="60"/>
      <i name="image" value="5000036.change.11.png"/>
    </i>
    <i name="12">
      <i name="origin">
        <i name="x" value="19"/>
        <i name="y" value="51"/>
      </i>
      <i name="z" value="0"/>
      <i name="delay" value="840"/>
      <i name="image" value="5000036.change.12.png"/>
    </i>
    <i name="13">
      <i name="origin">
        <i name="x" value="16"/>
        <i name="y" value="34"/>
      </i>
      <i name="z" value="0"/>
      <i name="image" value="5000036.change.13.png"/>
    </i>
    <i name="14">
      <i name="origin">
        <i name="x" value="17"/>
        <i name="y" value="27"/>
      </i>
      <i name="z" value="0"/>
      <i name="delay" value="60"/>
      <i name="image" value="5000036.change.14.png"/>
    </i>
    <i name="15">
      <i name="origin">
        <i name="x" value="18"/>
        <i name="y" value="25"/>
      </i>
      <i name="z" value="0"/>
      <i name="delay" value="60"/>
      <i name="image" value="5000036.change.15.png"/>
    </i>
    <i name="16">
      <i name="origin">
        <i name="x" value="18"/>
        <i name="y" value="24"/>
      </i>
      <i name="z" value="0"/>
      <i name="delay" value="60"/>
      <i name="image" value="5000036.change.16.png"/>
    </i>
    <i name="17">
      <i name="origin">
        <i name="x" value="18"/>
        <i name="y" value="23"/>
      </i>
      <i name="z" value="0"/>
      <i name="delay" value="60"/>
      <i name="image" value="5000036.change.17.png"/>
    </i>
  </i>
  </i>
