<i>
  <s name="walk1">
    <f name="0">
      <p name="weapon"  origin_x="73" origin_y="32" hand_x="0" hand_y="-1" z="weapon" image="30.walk1.0.weapon.png" />
    </f>
    <f name="1">
      <p name="weapon"  origin_x="69" origin_y="45" hand_x="0" hand_y="0" z="weapon" image="30.walk1.1.weapon.png" />
    </f>
    <f name="2">
      <p name="weapon"  origin_x="73" origin_y="32" hand_x="0" hand_y="0" z="weapon" image="30.walk1.2.weapon.png" />
    </f>
    <f name="3">
      <p name="weapon"  origin_x="70" origin_y="17" hand_x="0" hand_y="0" z="weapon" image="30.walk1.3.weapon.png" />
    </f>
  </s>
  <s name="stand1">
    <f name="0">
      <p name="weapon"  origin_x="69" origin_y="15" hand_x="0" hand_y="0" z="weapon" image="30.stand1.0.weapon.png" />
    </f>
    <f name="1">
      <p name="weapon"  pointer="30/stand1/0/weapon" />
    </f>
    <f name="2">
      <p name="weapon"  pointer="30/stand1/0/weapon" />
    </f>
  </s>
  <s name="alert">
    <f name="0">
      <p name="weapon"  origin_x="60" origin_y="61" hand_x="0" hand_y="0" z="weaponOverHand" image="30.alert.0.weapon.png" />
    </f>
    <f name="1">
      <p name="weapon"  origin_x="59" origin_y="60" hand_x="0" hand_y="0" z="weaponOverHand" image="30.alert.1.weapon.png" />
    </f>
    <f name="2">
      <p name="weapon"  origin_x="60" origin_y="59" hand_x="0" hand_y="0" z="weaponOverHand" image="30.alert.2.weapon.png" />
    </f>
  </s>
  <s name="swingO1">
    <f name="0">
      <p name="30"  origin_x="20" origin_y="32" hand_x="0" hand_y="0" z="weaponBelowBody" image="30.swingO1.0.weapon.png"/>
    </f>
    <f name="1">
      <p name="30"  origin_x="18" origin_y="21" hand_x="0" hand_y="0" z="weapon" image="30.swingO1.1.weapon.png"/>
    </f>
    <f name="2">
      <p name="30"  origin_x="16" origin_y="82" hand_x="0" hand_y="0" z="weapon" image="30.swingO1.2.weapon.png"/>
    </f>
  </s>
  <s name="swingO2">
    <f name="0">
      <p name="30"  origin_x="16" origin_y="58" hand_x="0" hand_y="0" z="weaponBelowBody" image="30.swingO2.0.weapon.png"/>
    </f>
    <f name="1">
      <p name="30"  origin_x="8" origin_y="85" hand_x="0" hand_y="0" z="weaponBelowBody" image="30.swingO2.1.weapon.png"/>
    </f>
    <f name="2">
      <p name="30"  origin_x="10" origin_y="21" hand_x="0" hand_y="0" z="weapon" image="30.swingO2.2.weapon.png"/>
    </f>
  </s>
  <s name="swingO3">
    <f name="0">
      <p name="30"  origin_x="10" origin_y="71" hand_x="0" hand_y="0" z="weapon" image="30.swingO3.0.weapon.png"/>
    </f>
    <f name="1">
      <p name="30"  origin_x="72" origin_y="30" hand_x="0" hand_y="0" z="weaponOverBody" image="30.swingO3.1.weapon.png"/>
    </f>
    <f name="2">
      <p name="30"  origin_x="15" origin_y="47" hand_x="0" hand_y="0" z="weaponBelowBody" image="30.swingO3.2.weapon.png"/>
    </f>
  </s>
  <s name="swingOF">
    <f name="0">
      <p name="30"  origin_x="22" origin_y="45" hand_x="-7" hand_y="-25" z="weapon" image="30.swingOF.0.weapon.png"/>
    </f>
    <f name="1">
      <p name="30"  origin_x="37" origin_y="39" hand_x="3" hand_y="37" z="backWeapon" image="30.swingOF.1.weapon.png"/>
    </f>
    <f name="2">
      <p name="30"  origin_x="44" origin_y="27" hand_x="-29" hand_y="16" z="weaponBelowBody" image="30.swingOF.2.weapon.png"/>
    </f>
    <f name="3">
      <p name="30"  origin_x="24" origin_y="76" hand_x="0" hand_y="-1" z="weaponBelowBody" image="30.swingOF.3.weapon.png"/>
    </f>
  </s>
  <s name="stabO1">
    <f name="0">
      <p name="weapon"  origin_x="72" origin_y="30" hand_x="0" hand_y="0" z="weapon" image="30.stabO1.0.weapon.png" />
    </f>
    <f name="1">
      <p name="weapon"  origin_x="66" origin_y="62" hand_x="0" hand_y="0" z="weapon" image="30.stabO1.1.weapon.png" />
    </f>
  </s>
  <s name="stabO2">
    <f name="0">
      <p name="weapon"  origin_x="74" origin_y="29" hand_x="0" hand_y="0" z="weaponBelowArm" image="30.stabO2.0.weapon.png" />
    </f>
    <f name="1">
      <p name="weapon"  origin_x="66" origin_y="61" hand_x="0" hand_y="0" z="weapon" image="30.stabO2.1.weapon.png" />
    </f>
  </s>
  <s name="stabOF">
    <f name="0">
      <p name="weapon"  origin_x="72" origin_y="31" hand_x="0" hand_y="0" z="weapon" image="30.stabOF.0.weapon.png" />
    </f>
    <f name="1">
      <p name="weapon"  origin_x="38" origin_y="40" hand_x="0" hand_y="0" z="weapon" image="30.stabOF.1.weapon.png" />
    </f>
    <f name="2">
      <p name="weapon"  origin_x="69" origin_y="80" hand_x="0" hand_y="0" z="weapon" image="30.stabOF.2.weapon.png" />
    </f>
  </s>
  <s name="proneStab">
    <f name="0">
      <p name="weapon"  origin_x="69" origin_y="29" hand_x="0" hand_y="0" z="weaponBelowArm" image="30.proneStab.0.weapon.png" />
    </f>
    <f name="1">
      <p name="weapon"  origin_x="68" origin_y="36" hand_x="0" hand_y="0" z="weaponBelowArm" image="30.proneStab.1.weapon.png" />
    </f>
  </s>
  <s name="prone">
    <f name="0">
      <p name="weapon"  pointer="30/proneStab/0/weapon" />
    </f>
  </s>
  <s name="heal">
    <f name="0">
      <p name="pointer"  pointer="30/alert/1/weapon"/>
    </f>
    <f name="1">
      <p name="pointer"  pointer="30/swingO2/1/weapon"/>
    </f>
    <f name="2">
      <p name="pointer"  pointer="30/swingO2/0/weapon"/>
    </f>
  </s>
  <s name="jump">
    <f name="0">
      <p name="weapon"  origin_x="18" origin_y="72" hand_x="0" hand_y="0" z="weaponOverArm" image="30.jump.0.weapon.png" />
    </f>
  </s>
  <s name="fly">
    <f name="0">
      <p name="weapon"  origin_x="18" origin_y="58" hand_x="0" hand_y="0" z="weaponOverArm" image="30.fly.0.weapon.png" />
    </f>
    <f name="1">
      <p name="weapon"  origin_x="17" origin_y="59" hand_x="0" hand_y="0" z="weaponOverArm" image="30.fly.1.weapon.png" />
    </f>
  </s>
  <s name="rope">
    <f name="0">
      <p name="weapon"  origin_x="36" origin_y="36" navel_x="-4" navel_y="8" z="backWeaponOverShield" image="30.rope.0.weapon.png" />
    </f>
    <f name="1">
      <p name="weapon"  origin_x="36" origin_y="36" navel_x="-5" navel_y="9" z="backWeaponOverShield" image="30.rope.1.weapon.png" />
    </f>
  </s>
  <s name="ladder">
    <f name="0">
      <p name="weapon"  origin_x="36" origin_y="36" navel_x="-5" navel_y="8" z="backWeaponOverShield" image="30.ladder.0.weapon.png" />
    </f>
    <f name="1">
      <p name="weapon"  origin_x="36" origin_y="36" navel_x="-6" navel_y="8" z="backWeaponOverShield" image="30.ladder.1.weapon.png" />
    </f>
  </s>
  <s name="shoot1">
    <f name="0">
      <p name="37"  origin_x="39" origin_y="57" hand_x="0" hand_y="0" z="weaponBelowArm" image="37.shoot1.0.weapon.png"/>
    </f>
    <f name="1">
      <p name="37"  origin_x="45" origin_y="63" hand_x="0" hand_y="0" z="weaponBelowArm" image="37.shoot1.1.weapon.png"/>
    </f>
    <f name="2">
      <p name="pointer"  pointer="37/shoot1/1/weapon"/>
    </f>
  </s>
  <s name="shootF">
    <f name="0">
      <p name="37"  origin_x="41" origin_y="56" hand_x="0" hand_y="0" z="weaponBelowArm" image="37.shootF.0.weapon.png"/>
    </f>
    <f name="1">
      <p name="37"  origin_x="50" origin_y="65" hand_x="0" hand_y="0" z="weaponBelowArm" image="37.shootF.1.weapon.png"/>
    </f>
    <f name="2">
      <p name="pointer"  pointer="37/shootF/1/weapon"/>
    </f>
  </s>
  <s name="walk2">
    <f name="0">
      <p name="weapon"  origin_x="12" origin_y="69" hand_x="0" hand_y="0" z="weaponOverArm" image="40.walk2.0.weapon.png" />
    </f>
    <f name="1">
      <p name="weapon"  origin_x="7" origin_y="76" hand_x="0" hand_y="0" z="weaponOverArm" image="40.walk2.1.weapon.png" />
    </f>
    <f name="2">
      <p name="weapon"  pointer="40/walk2/0/weapon" />
    </f>
    <f name="3">
      <p name="weapon"  origin_x="12" origin_y="71" hand_x="0" hand_y="0" z="weaponOverArm" image="40.walk2.3.weapon.png" />
    </f>
  </s>
  <s name="stand2">
    <f name="0">
      <p name="weapon"  origin_x="27" origin_y="51" hand_x="0" hand_y="0" z="weaponOverArm" image="40.stand2.0.weapon.png" />
    </f>
    <f name="1">
      <p name="weapon"  origin_x="27" origin_y="51" hand_x="0" hand_y="0" z="weaponOverArm" image="40.stand2.1.weapon.png" />
    </f>
    <f name="2">
      <p name="weapon"  origin_x="27" origin_y="51" hand_x="0" hand_y="0" z="weaponOverArm" image="40.stand2.2.weapon.png" />
    </f>
  </s>
  <s name="swingT1">
    <f name="0">
      <p name="weapon"  origin_x="9" origin_y="45" hand_x="0" hand_y="0" z="weaponBelowArm" image="40.swingT1.0.weapon.png" />
    </f>
    <f name="1">
      <p name="weapon"  origin_x="5" origin_y="78" hand_x="0" hand_y="0" z="weaponBelowArm" image="40.swingT1.1.weapon.png" />
    </f>
    <f name="2">
      <p name="weapon"  origin_x="68" origin_y="57" hand_x="0" hand_y="0" z="weaponOverBody" image="40.swingT1.2.weapon.png" />
    </f>
  </s>
  <s name="swingT2">
    <f name="0">
      <p name="weapon"  origin_x="36" origin_y="36" hand_x="-9" hand_y="25" z="weaponBelowBody" image="40.swingT2.0.weapon.png" />
    </f>
    <f name="1">
      <p name="weapon"  origin_x="36" origin_y="75" hand_x="0" hand_y="0" z="weaponOverBody" image="40.swingT2.1.weapon.png" />
    </f>
    <f name="2">
      <p name="weapon"  origin_x="69" origin_y="53" hand_x="0" hand_y="0" z="weaponOverBody" image="40.swingT2.2.weapon.png" />
    </f>
  </s>
  <s name="swingT3">
    <f name="0">
      <p name="weapon"  origin_x="14" origin_y="31" hand_x="0" hand_y="0" z="weaponOverBody" image="40.swingT3.0.weapon.png" />
    </f>
    <f name="1">
      <p name="weapon"  origin_x="18" origin_y="16" hand_x="0" hand_y="0" z="weaponOverBody" image="40.swingT3.1.weapon.png" />
    </f>
    <f name="2">
      <p name="weapon"  origin_x="16" origin_y="66" hand_x="0" hand_y="0" z="weaponOverBody" image="40.swingT3.2.weapon.png" />
    </f>
  </s>
  <s name="swingTF">
    <f name="0">
      <p name="40"  origin_x="36" origin_y="36" hand_x="23" hand_y="16" z="backWeapon" image="40.swingTF.0.weapon.png"/>
    </f>
    <f name="1">
      <p name="40"  origin_x="41" origin_y="75" hand_x="0" hand_y="0" z="weaponBelowBody" image="40.swingTF.1.weapon.png"/>
    </f>
    <f name="2">
      <p name="40"  origin_x="8" origin_y="80" hand_x="0" hand_y="0" z="weaponBelowArm" image="40.swingTF.2.weapon.png"/>
    </f>
    <f name="3">
      <p name="40"  origin_x="68" origin_y="57" hand_x="0" hand_y="0" z="weaponBelowBody" image="40.swingTF.3.weapon.png"/>
    </f>
  </s>
  <s name="swingP1">
    <f name="0">
      <p name="43"  origin_x="20" origin_y="38" hand_x="0" hand_y="0" z="weaponBelowArm" image="43.swingP1.0.weapon.png"/>
    </f>
    <f name="1">
      <p name="43"  origin_x="13" origin_y="57" hand_x="0" hand_y="0" z="weaponBelowArm" image="43.swingP1.1.weapon.png"/>
    </f>
    <f name="2">
      <p name="43"  origin_x="63" origin_y="59" hand_x="0" hand_y="0" z="weaponBelowBody" image="43.swingP1.2.weapon.png"/>
    </f>
    <f name="image*">
      <p name="pointer"/>
    </f>
  </s>
  <s name="swingP2">
    <f name="0">
      <p name="43"  origin_x="16" origin_y="56" hand_x="0" hand_y="0" z="weaponBelowBody" image="43.swingP2.0.weapon.png"/>
    </f>
    <f name="1">
      <p name="43"  origin_x="7" origin_y="72" hand_x="0" hand_y="0" z="weaponBelowBody" image="43.swingP2.1.weapon.png"/>
    </f>
    <f name="2">
      <p name="43"  origin_x="64" origin_y="58" hand_x="0" hand_y="0" z="weaponOverBody" image="43.swingP2.2.weapon.png"/>
    </f>
    <f name="image*">
      <p name="pointer"/>
    </f>
  </s>
  <s name="swingPF">
    <f name="0">
      <p name="43"  origin_x="73" origin_y="30" hand_x="0" hand_y="0" z="weapon" image="43.swingPF.0.weapon.png"/>
    </f>
    <f name="1">
      <p name="43"  origin_x="71" origin_y="16" hand_x="0" hand_y="0" z="weapon" image="43.swingPF.1.weapon.png"/>
    </f>
    <f name="2">
      <p name="43"  origin_x="37" origin_y="58" hand_x="0" hand_y="0" z="weaponBelowArm" image="43.swingPF.2.weapon.png"/>
    </f>
    <f name="3">
      <p name="43"  origin_x="59" origin_y="54" hand_x="0" hand_y="0" z="weaponBelowBody" image="43.swingPF.3.weapon.png"/>
    </f>
    <f name="image*">
      <p name="pointer"/>
    </f>
  </s>
  <s name="stabT1">
    <f name="0">
      <p name="weapon"  origin_x="69" origin_y="16" hand_x="0" hand_y="0" z="weaponOverBody" image="43.stabT1.0.weapon.png" />
    </f>
    <f name="1">
      <p name="weapon"  origin_x="70" origin_y="16" hand_x="0" hand_y="0" z="weaponOverBody" image="43.stabT1.1.weapon.png" />
    </f>
    <f name="2">
      <p name="weapon"  origin_x="65" origin_y="59" hand_x="0" hand_y="0" z="weaponOverBody" image="43.stabT1.2.weapon.png" />
    </f>
    <f name="image*">
      <p name="pointer"/>
    </f>
  </s>
  <s name="stabT2">
    <f name="0">
      <p name="43"  origin_x="68" origin_y="19" hand_x="0" hand_y="0" z="weaponOverBody" image="43.stabT2.0.weapon.png"/>
    </f>
    <f name="1">
      <p name="43"  origin_x="69" origin_y="17" hand_x="0" hand_y="0" z="weaponOverBody" image="43.stabT2.1.weapon.png"/>
    </f>
    <f name="2">
      <p name="43"  origin_x="59" origin_y="79" hand_x="0" hand_y="0" z="weaponOverBody" image="43.stabT2.2.weapon.png"/>
    </f>
    <f name="image*">
      <p name="pointer"/>
    </f>
  </s>
  <s name="stabTF">
    <f name="0">
      <p name="pointer"  pointer="43/swingPF/0/weapon"/>
    </f>
    <f name="1">
      <p name="pointer"  pointer="43/swingPF/1/weapon"/>
    </f>
    <f name="2">
      <p name="43"  origin_x="65" origin_y="-8" hand_x="0" hand_y="0" z="weaponOverBody" image="43.stabTF.2.weapon.png"/>
    </f>
    <f name="3">
      <p name="pointer"  pointer="43/stabT1/2/weapon"/>
    </f>
    <f name="image*">
      <p name="pointer"/>
    </f>
  </s>
  <s name="shoot2">
    <f name="0">
      <p name="46"  origin_x="43" origin_y="64" hand_x="0" hand_y="0" z="weaponBelowArm" image="46.shoot2.0.weapon.png"/>
    </f>
    <f name="1">
      <p name="46"  origin_x="42" origin_y="64" hand_x="0" hand_y="0" z="weaponBelowArm" image="46.shoot2.1.weapon.png"/>
    </f>
    <f name="2">
      <p name="46"  origin_x="39" origin_y="65" hand_x="-20" hand_y="0" z="weaponBelowArm" image="46.shoot2.2.weapon.png"/>
    </f>
    <f name="3">
      <p name="46"  origin_x="32" origin_y="63" hand_x="0" hand_y="1" z="weaponBelowArm" image="46.shoot2.3.weapon.png"/>
    </f>
    <f name="4">
      <p name="46"  origin_x="37" origin_y="56" hand_x="0" hand_y="0" z="weaponBelowArm" image="46.shoot2.4.weapon.png"/>
    </f>
  </s>
</i>
