  <i name="4121008">
  <i name="effect">
    <i name="0">
      <i name="origin">
        <i name="x" value="66"/>
        <i name="y" value="55"/>
      </i>
      <i name="delay" value="60"/>
      <i name="image" value="4121008.effect.0.png"/>
    </i>
    <i name="1">
      <i name="origin">
        <i name="x" value="66"/>
        <i name="y" value="56"/>
      </i>
      <i name="delay" value="60"/>
      <i name="image" value="4121008.effect.1.png"/>
    </i>
    <i name="2">
      <i name="origin">
        <i name="x" value="66"/>
        <i name="y" value="57"/>
      </i>
      <i name="delay" value="60"/>
      <i name="image" value="4121008.effect.2.png"/>
    </i>
    <i name="3">
      <i name="origin">
        <i name="x" value="66"/>
        <i name="y" value="58"/>
      </i>
      <i name="delay" value="60"/>
      <i name="image" value="4121008.effect.3.png"/>
    </i>
    <i name="4">
      <i name="origin">
        <i name="x" value="66"/>
        <i name="y" value="57"/>
      </i>
      <i name="delay" value="60"/>
      <i name="image" value="4121008.effect.4.png"/>
    </i>
    <i name="5">
      <i name="origin">
        <i name="x" value="66"/>
        <i name="y" value="57"/>
      </i>
      <i name="delay" value="60"/>
      <i name="image" value="4121008.effect.5.png"/>
    </i>
    <i name="6">
      <i name="origin">
        <i name="x" value="66"/>
        <i name="y" value="57"/>
      </i>
      <i name="delay" value="60"/>
      <i name="image" value="4121008.effect.6.png"/>
    </i>
    <i name="7">
      <i name="origin">
        <i name="x" value="66"/>
        <i name="y" value="56"/>
      </i>
      <i name="delay" value="60"/>
      <i name="image" value="4121008.effect.7.png"/>
    </i>
    <i name="8">
      <i name="origin">
        <i name="x" value="117"/>
        <i name="y" value="56"/>
      </i>
      <i name="delay" value="90"/>
      <i name="image" value="4121008.effect.8.png"/>
    </i>
    <i name="9">
      <i name="origin">
        <i name="x" value="113"/>
        <i name="y" value="65"/>
      </i>
      <i name="delay" value="90"/>
      <i name="image" value="4121008.effect.9.png"/>
    </i>
    <i name="10">
      <i name="origin">
        <i name="x" value="126"/>
        <i name="y" value="48"/>
      </i>
      <i name="delay" value="90"/>
      <i name="image" value="4121008.effect.10.png"/>
    </i>
    <i name="11">
      <i name="origin">
        <i name="x" value="122"/>
        <i name="y" value="46"/>
      </i>
      <i name="delay" value="90"/>
      <i name="image" value="4121008.effect.11.png"/>
    </i>
    <i name="12">
      <i name="origin">
        <i name="x" value="137"/>
        <i name="y" value="47"/>
      </i>
      <i name="delay" value="90"/>
      <i name="image" value="4121008.effect.12.png"/>
    </i>
    <i name="13">
      <i name="origin">
        <i name="x" value="100"/>
        <i name="y" value="46"/>
      </i>
      <i name="delay" value="90"/>
      <i name="image" value="4121008.effect.13.png"/>
    </i>
    <i name="14">
      <i name="origin">
        <i name="x" value="48"/>
        <i name="y" value="45"/>
      </i>
      <i name="delay" value="90"/>
      <i name="image" value="4121008.effect.14.png"/>
    </i>
    <i name="15">
      <i name="origin">
        <i name="x" value="-33"/>
        <i name="y" value="45"/>
      </i>
      <i name="delay" value="90"/>
      <i name="image" value="4121008.effect.15.png"/>
    </i>
  </i>
  <i name="hit">
    <i name="0">
      <i name="0">
        <i name="origin">
          <i name="x" value="52"/>
          <i name="y" value="89"/>
        </i>
        <i name="delay" value="120"/>
        <i name="image" value="4121008.hit.0.0.png"/>
      </i>
      <i name="1">
        <i name="origin">
          <i name="x" value="66"/>
          <i name="y" value="108"/>
        </i>
        <i name="delay" value="120"/>
        <i name="image" value="4121008.hit.0.1.png"/>
      </i>
      <i name="2">
        <i name="origin">
          <i name="x" value="61"/>
          <i name="y" value="111"/>
        </i>
        <i name="delay" value="120"/>
        <i name="image" value="4121008.hit.0.2.png"/>
      </i>
    </i>
  </i>
  <i name="mob">
    <i name="0">
      <i name="origin">
        <i name="x" value="30"/>
        <i name="y" value="9"/>
      </i>
      <i name="delay" value="100"/>
      <i name="image" value="4121008.mob.0.png"/>
    </i>
    <i name="1">
      <i name="origin">
        <i name="x" value="26"/>
        <i name="y" value="9"/>
      </i>
      <i name="delay" value="100"/>
      <i name="image" value="4121008.mob.1.png"/>
    </i>
    <i name="2">
      <i name="origin">
        <i name="x" value="25"/>
        <i name="y" value="9"/>
      </i>
      <i name="delay" value="100"/>
      <i name="image" value="4121008.mob.2.png"/>
    </i>
  </i>
  </i>
