<i name="5000009">
<i name="stand0">
<i name="0">
<i name="origin">
<i name="x" value="16"/>
<i name="y" value="43"/>
</i>
<i name="image" value="5000009.stand0.0.png"/>
</i>
<i name="1">
<i name="pointer" value="5000009/stand0/0"/>
</i>
<i name="2">
<i name="pointer" value="5000009/stand0/0"/>
</i>
</i>
<i name="stand1">
<i name="0">
<i name="origin">
<i name="x" value="16"/>
<i name="y" value="43"/>
</i>
<i name="image" value="5000009.stand1.0.png"/>
</i>
<i name="1">
<i name="pointer" value="5000009/stand1/0"/>
</i>
<i name="2">
<i name="pointer" value="5000009/stand1/0"/>
</i>
<i name="3">
<i name="pointer" value="5000009/stand1/0"/>
</i>
<i name="4">
<i name="pointer" value="5000009/stand1/0"/>
</i>
</i>
<i name="rest0">
<i name="0">
<i name="origin">
<i name="x" value="14"/>
<i name="y" value="43"/>
</i>
<i name="image" value="5000009.rest0.0.png"/>
</i>
<i name="1">
<i name="pointer" value="5000009/rest0/0"/>
</i>
<i name="2">
<i name="pointer" value="5000009/rest0/0"/>
</i>
</i>
<i name="move">
<i name="0">
<i name="origin">
<i name="x" value="16"/>
<i name="y" value="43"/>
</i>
<i name="image" value="5000009.move.0.png"/>
</i>
<i name="1">
<i name="origin">
<i name="x" value="16"/>
<i name="y" value="44"/>
</i>
<i name="image" value="5000009.move.1.png"/>
</i>
<i name="2">
<i name="origin">
<i name="x" value="16"/>
<i name="y" value="43"/>
</i>
<i name="image" value="5000009.move.2.png"/>
</i>
<i name="3">
<i name="origin">
<i name="x" value="16"/>
<i name="y" value="44"/>
</i>
<i name="image" value="5000009.move.3.png"/>
</i>
<i name="4">
<i name="origin">
<i name="x" value="16"/>
<i name="y" value="43"/>
</i>
<i name="image" value="5000009.move.4.png"/>
</i>
</i>
<i name="jump">
<i name="0">
<i name="origin">
<i name="x" value="20"/>
<i name="y" value="50"/>
</i>
<i name="image" value="5000009.jump.0.png"/>
</i>
</i>
<i name="hungry">
<i name="0">
<i name="origin">
<i name="x" value="19"/>
<i name="y" value="41"/>
</i>
<i name="image" value="5000009.hungry.0.png"/>
</i>
</i>
<i name="angry">
<i name="0">
<i name="origin">
<i name="x" value="21"/>
<i name="y" value="45"/>
</i>
<i name="image" value="5000009.angry.0.png"/>
</i>
</i>
<i name="chat">
<i name="0">
<i name="origin">
<i name="x" value="16"/>
<i name="y" value="43"/>
</i>
<i name="image" value="5000009.chat.0.png"/>
</i>
<i name="1">
<i name="origin">
<i name="x" value="16"/>
<i name="y" value="43"/>
</i>
<i name="image" value="5000009.chat.1.png"/>
</i>
<i name="2">
<i name="pointer" value="5000009/chat/0"/>
</i>
<i name="3">
<i name="pointer" value="5000009/chat/1"/>
</i>
<i name="4">
<i name="pointer" value="5000009/chat/0"/>
</i>
<i name="5">
<i name="pointer" value="5000009/chat/1"/>
</i>
<i name="6">
<i name="pointer" value="5000009/chat/0"/>
</i>
<i name="7">
<i name="pointer" value="5000009/chat/1"/>
</i>
</i>
<i name="hang">
<i name="0">
<i name="origin">
<i name="x" value="14"/>
<i name="y" value="58"/>
</i>
<i name="image" value="5000009.hang.0.png"/>
</i>
</i>
<i name="smile">
<i name="0">
<i name="origin">
<i name="x" value="16"/>
<i name="y" value="43"/>
</i>
<i name="image" value="5000009.smile.0.png"/>
</i>
</i>
<i name="dung">
<i name="0">
<i name="origin">
<i name="x" value="21"/>
<i name="y" value="45"/>
</i>
<i name="image" value="5000009.dung.0.png"/>
</i>
</i>
<i name="stunned">
<i name="0">
<i name="origin">
<i name="x" value="21"/>
<i name="y" value="45"/>
</i>
<i name="image" value="5000009.stunned.0.png"/>
</i>
</i>
<i name="belch">
<i name="0">
<i name="origin">
<i name="x" value="17"/>
<i name="y" value="48"/>
</i>
<i name="image" value="5000009.belch.0.png"/>
</i>
</i>
<i name="sleep">
<i name="0">
<i name="origin">
<i name="x" value="19"/>
<i name="y" value="42"/>
</i>
<i name="image" value="5000009.sleep.0.png"/>
</i>
<i name="1">
<i name="origin">
<i name="x" value="19"/>
<i name="y" value="41"/>
</i>
<i name="image" value="5000009.sleep.1.png"/>
</i>
<i name="2">
<i name="pointer" value="5000009/sleep/0"/>
</i>
<i name="3">
<i name="pointer" value="5000009/sleep/1"/>
</i>
<i name="4">
<i name="pointer" value="5000009/sleep/0"/>
</i>
<i name="5">
<i name="pointer" value="5000009/sleep/1"/>
</i>
<i name="6">
<i name="pointer" value="5000009/sleep/0"/>
</i>
<i name="7">
<i name="pointer" value="5000009/sleep/1"/>
</i>
</i>
<i name="deride">
<i name="0">
<i name="origin">
<i name="x" value="19"/>
<i name="y" value="42"/>
</i>
<i name="image" value="5000009.deride.0.png"/>
</i>
<i name="1">
<i name="origin">
<i name="x" value="19"/>
<i name="y" value="41"/>
</i>
<i name="image" value="5000009.deride.1.png"/>
</i>
<i name="2">
<i name="pointer" value="5000009/deride/0"/>
</i>
<i name="3">
<i name="pointer" value="5000009/deride/1"/>
</i>
<i name="4">
<i name="pointer" value="5000009/deride/0"/>
</i>
<i name="5">
<i name="pointer" value="5000009/deride/1"/>
</i>
<i name="6">
<i name="pointer" value="5000009/deride/0"/>
</i>
<i name="7">
<i name="pointer" value="5000009/deride/1"/>
</i>
<i name="8">
<i name="pointer" value="5000009/deride/0"/>
</i>
<i name="9">
<i name="pointer" value="5000009/deride/1"/>
</i>
<i name="10">
<i name="pointer" value="5000009/deride/0"/>
</i>
<i name="11">
<i name="pointer" value="5000009/deride/1"/>
</i>
<i name="12">
<i name="pointer" value="5000009/deride/0"/>
</i>
<i name="13">
<i name="pointer" value="5000009/deride/1"/>
</i>
<i name="14">
<i name="pointer" value="5000009/deride/0"/>
</i>
<i name="15">
<i name="pointer" value="5000009/deride/1"/>
</i>
</i>
<i name="cry">
<i name="0">
<i name="origin">
<i name="x" value="19"/>
<i name="y" value="42"/>
</i>
<i name="image" value="5000009.cry.0.png"/>
</i>
<i name="1">
<i name="pointer" value="5000009/cry/0"/>
</i>
<i name="2">
<i name="pointer" value="5000009/cry/0"/>
</i>
<i name="3">
<i name="pointer" value="5000009/cry/0"/>
</i>
<i name="4">
<i name="pointer" value="5000009/cry/0"/>
</i>
<i name="5">
<i name="pointer" value="5000009/cry/0"/>
</i>
</i>
<i name="fly">
<i name="0">
<i name="origin">
<i name="x" value="20"/>
<i name="y" value="50"/>
</i>
<i name="image" value="5000009.fly.0.png"/>
</i>
<i name="1">
<i name="origin">
<i name="x" value="20"/>
<i name="y" value="51"/>
</i>
<i name="image" value="5000009.fly.1.png"/>
</i>
</i>
</i>