<i name="5000007">
<i name="stand0">
<i name="0">
<i name="origin">
<i name="x" value="-22"/>
<i name="y" value="18"/>
</i>
<i name="image" value="5000007.stand0.0.png"/>
</i>
<i name="1">
<i name="pointer" value="5000007/stand0/0"/>
</i>
<i name="2">
<i name="pointer" value="5000007/stand0/0"/>
</i>
</i>
<i name="stand1">
<i name="0">
<i name="origin">
<i name="x" value="-22"/>
<i name="y" value="19"/>
</i>
<i name="image" value="5000007.stand1.0.png"/>
</i>
<i name="1">
<i name="origin">
<i name="x" value="-22"/>
<i name="y" value="18"/>
</i>
<i name="image" value="5000007.stand1.1.png"/>
</i>
<i name="2">
<i name="origin">
<i name="x" value="-22"/>
<i name="y" value="17"/>
</i>
<i name="image" value="5000007.stand1.2.png"/>
</i>
<i name="3">
<i name="origin">
<i name="x" value="-22"/>
<i name="y" value="16"/>
</i>
<i name="image" value="5000007.stand1.3.png"/>
</i>
<i name="4">
<i name="origin">
<i name="x" value="-22"/>
<i name="y" value="17"/>
</i>
<i name="image" value="5000007.stand1.4.png"/>
</i>
<i name="5">
<i name="origin">
<i name="x" value="-22"/>
<i name="y" value="18"/>
</i>
<i name="image" value="5000007.stand1.5.png"/>
</i>
</i>
<i name="hungry">
<i name="0">
<i name="origin">
<i name="x" value="-23"/>
<i name="y" value="11"/>
</i>
<i name="image" value="5000007.hungry.0.png"/>
</i>
</i>
<i name="move">
<i name="0">
<i name="origin">
<i name="x" value="-21"/>
<i name="y" value="14"/>
</i>
<i name="image" value="5000007.move.0.png"/>
</i>
<i name="1">
<i name="origin">
<i name="x" value="-17"/>
<i name="y" value="27"/>
</i>
<i name="image" value="5000007.move.1.png"/>
</i>
<i name="2">
<i name="origin">
<i name="x" value="-19"/>
<i name="y" value="18"/>
</i>
<i name="image" value="5000007.move.2.png"/>
</i>
</i>
<i name="jump">
<i name="0">
<i name="origin">
<i name="x" value="-22"/>
<i name="y" value="11"/>
</i>
<i name="image" value="5000007.jump.0.png"/>
</i>
</i>
<i name="rest0">
<i name="0">
<i name="origin">
<i name="x" value="-23"/>
<i name="y" value="11"/>
</i>
<i name="image" value="5000007.rest0.0.png"/>
</i>
<i name="1">
<i name="pointer" value="5000007/rest0/0"/>
</i>
<i name="2">
<i name="pointer" value="5000007/rest0/0"/>
</i>
<i name="3">
<i name="pointer" value="5000007/rest0/0"/>
</i>
<i name="4">
<i name="pointer" value="5000007/rest0/0"/>
</i>
<i name="5">
<i name="pointer" value="5000007/rest0/0"/>
</i>
</i>
<i name="chat">
<i name="0">
<i name="origin">
<i name="x" value="-22"/>
<i name="y" value="18"/>
</i>
<i name="image" value="5000007.chat.0.png"/>
</i>
<i name="1">
<i name="origin">
<i name="x" value="-24"/>
<i name="y" value="17"/>
</i>
<i name="image" value="5000007.chat.1.png"/>
</i>
<i name="2">
<i name="pointer" value="5000007/chat/0"/>
</i>
<i name="3">
<i name="pointer" value="5000007/chat/1"/>
</i>
<i name="4">
<i name="pointer" value="5000007/chat/0"/>
</i>
<i name="5">
<i name="pointer" value="5000007/chat/1"/>
</i>
<i name="6">
<i name="pointer" value="5000007/chat/0"/>
</i>
<i name="7">
<i name="pointer" value="5000007/chat/1"/>
</i>
<i name="8">
<i name="pointer" value="5000007/chat/0"/>
</i>
<i name="9">
<i name="pointer" value="5000007/chat/1"/>
</i>
</i>
<i name="angry">
<i name="0">
<i name="origin">
<i name="x" value="-19"/>
<i name="y" value="22"/>
</i>
<i name="image" value="5000007.angry.0.png"/>
</i>
</i>
<i name="hang">
<i name="0">
<i name="origin">
<i name="x" value="6"/>
<i name="y" value="11"/>
</i>
<i name="image" value="5000007.hang.0.png"/>
</i>
</i>
<i name="love">
<i name="0">
<i name="origin">
<i name="x" value="-22"/>
<i name="y" value="18"/>
</i>
<i name="image" value="5000007.love.0.png"/>
</i>
</i>
<i name="dung">
<i name="0">
<i name="origin">
<i name="x" value="-20"/>
<i name="y" value="21"/>
</i>
<i name="image" value="5000007.dung.0.png"/>
</i>
</i>
<i name="no">
<i name="0">
<i name="origin">
<i name="x" value="-18"/>
<i name="y" value="20"/>
</i>
<i name="image" value="5000007.no.0.png"/>
</i>
<i name="1">
<i name="origin">
<i name="x" value="-21"/>
<i name="y" value="22"/>
</i>
<i name="image" value="5000007.no.1.png"/>
</i>
<i name="2">
<i name="origin">
<i name="x" value="-19"/>
<i name="y" value="21"/>
</i>
<i name="image" value="5000007.no.2.png"/>
</i>
<i name="3">
<i name="pointer" value="5000007/no/0"/>
</i>
<i name="4">
<i name="pointer" value="5000007/no/0"/>
</i>
<i name="5">
<i name="pointer" value="5000007/no/1"/>
</i>
<i name="6">
<i name="pointer" value="5000007/no/2"/>
</i>
<i name="7">
<i name="pointer" value="5000007/no/0"/>
</i>
<i name="8">
<i name="pointer" value="5000007/no/0"/>
</i>
<i name="9">
<i name="pointer" value="5000007/no/1"/>
</i>
<i name="10">
<i name="pointer" value="5000007/no/2"/>
</i>
<i name="11">
<i name="pointer" value="5000007/no/0"/>
</i>
<i name="12">
<i name="pointer" value="5000007/no/0"/>
</i>
<i name="13">
<i name="pointer" value="5000007/no/1"/>
</i>
<i name="14">
<i name="pointer" value="5000007/no/2"/>
</i>
<i name="15">
<i name="pointer" value="5000007/no/0"/>
</i>
<i name="16">
<i name="pointer" value="5000007/no/0"/>
</i>
<i name="17">
<i name="pointer" value="5000007/no/1"/>
</i>
<i name="18">
<i name="pointer" value="5000007/no/2"/>
</i>
<i name="19">
<i name="pointer" value="5000007/no/0"/>
</i>
</i>
<i name="stunned">
<i name="0">
<i name="origin">
<i name="x" value="-19"/>
<i name="y" value="17"/>
</i>
<i name="image" value="5000007.stunned.0.png"/>
</i>
<i name="1">
<i name="pointer" value="5000007/stunned/0"/>
</i>
<i name="2">
<i name="pointer" value="5000007/stunned/0"/>
</i>
<i name="3">
<i name="pointer" value="5000007/stunned/0"/>
</i>
<i name="4">
<i name="pointer" value="5000007/stunned/0"/>
</i>
<i name="5">
<i name="pointer" value="5000007/stunned/0"/>
</i>
<i name="6">
<i name="pointer" value="5000007/stunned/0"/>
</i>
<i name="7">
<i name="pointer" value="5000007/stunned/0"/>
</i>
<i name="8">
<i name="pointer" value="5000007/stunned/0"/>
</i>
<i name="9">
<i name="pointer" value="5000007/stunned/0"/>
</i>
<i name="10">
<i name="pointer" value="5000007/stunned/0"/>
</i>
<i name="11">
<i name="pointer" value="5000007/stunned/0"/>
</i>
<i name="12">
<i name="pointer" value="5000007/stunned/0"/>
</i>
<i name="13">
<i name="pointer" value="5000007/stunned/0"/>
</i>
<i name="14">
<i name="pointer" value="5000007/stunned/0"/>
</i>
<i name="15">
<i name="pointer" value="5000007/stunned/0"/>
</i>
<i name="16">
<i name="pointer" value="5000007/stunned/0"/>
</i>
<i name="17">
<i name="pointer" value="5000007/stunned/0"/>
</i>
<i name="18">
<i name="pointer" value="5000007/stunned/0"/>
</i>
<i name="19">
<i name="pointer" value="5000007/stunned/0"/>
</i>
</i>
<i name="cry">
<i name="0">
<i name="origin">
<i name="x" value="-20"/>
<i name="y" value="17"/>
</i>
<i name="image" value="5000007.cry.0.png"/>
</i>
<i name="1">
<i name="origin">
<i name="x" value="-22"/>
<i name="y" value="17"/>
</i>
<i name="image" value="5000007.cry.1.png"/>
</i>
<i name="2">
<i name="pointer" value="5000007/cry/1"/>
</i>
<i name="3">
<i name="pointer" value="5000007/cry/1"/>
</i>
<i name="4">
<i name="pointer" value="5000007/cry/0"/>
</i>
<i name="5">
<i name="pointer" value="5000007/cry/1"/>
</i>
<i name="6">
<i name="pointer" value="5000007/cry/1"/>
</i>
<i name="7">
<i name="pointer" value="5000007/cry/1"/>
</i>
<i name="8">
<i name="pointer" value="5000007/cry/0"/>
</i>
<i name="9">
<i name="pointer" value="5000007/cry/1"/>
</i>
<i name="10">
<i name="pointer" value="5000007/cry/1"/>
</i>
<i name="11">
<i name="pointer" value="5000007/cry/1"/>
</i>
<i name="12">
<i name="pointer" value="5000007/cry/0"/>
</i>
<i name="13">
<i name="pointer" value="5000007/cry/1"/>
</i>
<i name="14">
<i name="pointer" value="5000007/cry/1"/>
</i>
<i name="15">
<i name="pointer" value="5000007/cry/1"/>
</i>
<i name="16">
<i name="pointer" value="5000007/cry/0"/>
</i>
<i name="17">
<i name="pointer" value="5000007/cry/1"/>
</i>
<i name="18">
<i name="pointer" value="5000007/cry/1"/>
</i>
<i name="19">
<i name="pointer" value="5000007/cry/1"/>
</i>
</i>
<i name="lonely">
<i name="0">
<i name="origin">
<i name="x" value="-23"/>
<i name="y" value="11"/>
</i>
<i name="image" value="5000007.lonely.0.png"/>
</i>
<i name="1">
<i name="pointer" value="5000007/lonely/0"/>
</i>
<i name="2">
<i name="pointer" value="5000007/lonely/0"/>
</i>
<i name="3">
<i name="pointer" value="5000007/lonely/0"/>
</i>
</i>
<i name="hand">
<i name="0">
<i name="origin">
<i name="x" value="-20"/>
<i name="y" value="19"/>
</i>
<i name="image" value="5000007.hand.0.png"/>
</i>
</i>
<i name="smile">
<i name="0">
<i name="origin">
<i name="x" value="-22"/>
<i name="y" value="18"/>
</i>
<i name="image" value="5000007.smile.0.png"/>
</i>
</i>
<i name="eat">
<i name="0">
<i name="origin">
<i name="x" value="-23"/>
<i name="y" value="12"/>
</i>
<i name="image" value="5000007.eat.0.png"/>
</i>
<i name="1">
<i name="pointer" value="5000007/eat/0"/>
</i>
<i name="2">
<i name="pointer" value="5000007/eat/0"/>
</i>
<i name="3">
<i name="pointer" value="5000007/eat/0"/>
</i>
<i name="4">
<i name="pointer" value="5000007/eat/0"/>
</i>
<i name="5">
<i name="pointer" value="5000007/eat/0"/>
</i>
<i name="6">
<i name="pointer" value="5000007/eat/0"/>
</i>
<i name="7">
<i name="pointer" value="5000007/eat/0"/>
</i>
<i name="8">
<i name="pointer" value="5000007/eat/0"/>
</i>
<i name="9">
<i name="pointer" value="5000007/eat/0"/>
</i>
<i name="10">
<i name="pointer" value="5000007/eat/0"/>
</i>
<i name="11">
<i name="pointer" value="5000007/eat/0"/>
</i>
<i name="12">
<i name="pointer" value="5000007/eat/0"/>
</i>
<i name="13">
<i name="pointer" value="5000007/eat/0"/>
</i>
<i name="14">
<i name="pointer" value="5000007/eat/0"/>
</i>
<i name="15">
<i name="pointer" value="5000007/eat/0"/>
</i>
<i name="16">
<i name="pointer" value="5000007/eat/0"/>
</i>
<i name="17">
<i name="pointer" value="5000007/eat/0"/>
</i>
<i name="18">
<i name="pointer" value="5000007/eat/0"/>
</i>
<i name="19">
<i name="pointer" value="5000007/eat/0"/>
</i>
<i name="20">
<i name="pointer" value="5000007/eat/0"/>
</i>
<i name="21">
<i name="pointer" value="5000007/eat/0"/>
</i>
<i name="22">
<i name="pointer" value="5000007/eat/0"/>
</i>
<i name="23">
<i name="pointer" value="5000007/eat/0"/>
</i>
<i name="24">
<i name="pointer" value="5000007/eat/0"/>
</i>
<i name="25">
<i name="pointer" value="5000007/eat/0"/>
</i>
<i name="26">
<i name="pointer" value="5000007/eat/0"/>
</i>
</i>
<i name="fly">
<i name="0">
<i name="origin">
<i name="x" value="-22"/>
<i name="y" value="15"/>
</i>
<i name="image" value="5000007.fly.0.png"/>
</i>
<i name="1">
<i name="origin">
<i name="x" value="-22"/>
<i name="y" value="17"/>
</i>
<i name="image" value="5000007.fly.1.png"/>
</i>
</i>
</i>