<i>
<s name="walk1"><f name="0" ><p name="47"  origin_x="2" origin_y="17" hand_x="0" hand_y="0" z="weaponOverGlove" image="47.walk1.0.weapon.png"/></f><f name="1" ><p name="47"  origin_x="-5" origin_y="14" hand_x="0" hand_y="0" z="weaponOverGlove" image="47.walk1.1.weapon.png"/></f><f name="2" ><p name="pointer"  pointer="47/walk1/0/weapon"/></f><f name="3" ><p name="47"  origin_x="5" origin_y="18" hand_x="0" hand_y="0" z="weaponOverGlove" image="47.walk1.3.weapon.png"/></f></s>
<s name="stand1"><f name="0" ><p name="47"  origin_x="1" origin_y="17" hand_x="0" hand_y="0" z="weaponOverGlove" image="47.stand1.0.weapon.png"/></f><f name="1" ><p name="pointer"  pointer="47/stand1/0/weapon"/></f><f name="2" ><p name="pointer"  pointer="47/stand1/0/weapon"/></f></s>
<s name="alert"><f name="0" ><p name="47"  origin_x="-2" origin_y="17" hand_x="0" hand_y="0" z="weaponOverGlove" image="47.alert.0.weapon.png"/></f><f name="1" ><p name="47"  origin_x="-3" origin_y="18" hand_x="0" hand_y="0" z="weaponOverGlove" image="47.alert.1.weapon.png"/></f><f name="2" ><p name="47"  origin_x="-1" origin_y="19" hand_x="0" hand_y="0" z="weaponOverGlove" image="47.alert.2.weapon.png"/></f></s>
<s name="swingO1"><f name="0" ><p name="47"  origin_x="21" origin_y="21" navel_x="5" navel_y="0" z="weaponOverGlove" image="47.swingO1.0.weapon.png"/></f><f name="1" ><p name="47"  origin_x="20" origin_y="15" navel_x="8" navel_y="-1" z="weaponOverGlove" image="47.swingO1.1.weapon.png"/></f><f name="2" ><p name="47"  origin_x="10" origin_y="32" navel_x="-19" navel_y="19" z="weaponOverGlove" image="47.swingO1.2.weapon.png"/></f></s>
<s name="swingO2"><f name="0" ><p name="47"  origin_x="20" origin_y="19" navel_x="17" navel_y="16" z="weapon" image="47.swingO2.0.weapon.png"/></f><f name="1" ><p name="47"  origin_x="20" origin_y="27" navel_x="21" navel_y="1" z="weapon" image="47.swingO2.1.weapon.png"/></f><f name="2" ><p name="47"  origin_x="4" origin_y="13" navel_x="-19" navel_y="-1" z="weaponOverGlove" image="47.swingO2.2.weapon.png"/></f></s>
<s name="swingO3"><f name="0" ><p name="47"  origin_x="11" origin_y="18" navel_x="-20" navel_y="13" z="weaponOverGlove" image="47.swingO3.0.weapon.png"/></f><f name="1" ><p name="47"  origin_x="25" origin_y="7" navel_x="20" navel_y="3" z="weaponOverGlove" image="47.swingO3.1.weapon.png"/></f><f name="2" ><p name="47"  origin_x="20" origin_y="15" navel_x="7" navel_y="1" z="weaponOverGlove" image="47.swingO3.2.weapon.png"/></f></s>
<s name="swingOF"><f name="0" ><p name="47"  origin_x="11" origin_y="14" navel_x="-28" navel_y="2" z="weaponOverGlove" image="47.swingOF.0.weapon.png"/></f><f name="3" ><p name="47"  origin_x="13" origin_y="31" navel_x="-20" navel_y="15" z="weapon" image="47.swingOF.3.weapon.png"/></f></s>
<s name="stabO1"><f name="0" ><p name="47"  origin_x="0" origin_y="13" navel_x="-14" navel_y="-3" z="weaponOverGlove" image="47.stabO1.0.weapon.png"/></f><f name="1" ><p name="47"  origin_x="20" origin_y="21" navel_x="26" navel_y="7" z="weaponOverGlove" image="47.stabO1.1.weapon.png"/></f></s>
<s name="stabO2"><f name="0" ><p name="47"  origin_x="-1" origin_y="9" navel_x="-11" navel_y="12" z="weaponOverGlove" image="47.stabO2.0.weapon.png"/></f><f name="1" ><p name="47"  origin_x="27" origin_y="7" navel_x="23" navel_y="7" z="weaponOverGlove" image="47.stabO2.1.weapon.png"/></f></s>
<s name="stabOF"><f name="0" ><p name="47"  origin_x="2" origin_y="14" navel_x="-7" navel_y="1" z="weaponOverGlove" image="47.stabOF.0.weapon.png"/></f><f name="1" ><p name="47"  origin_x="-32" origin_y="17" navel_x="23" navel_y="-6" z="weaponOverGlove" image="47.stabOF.1.weapon.png"/></f><f name="2" ><p name="47"  origin_x="32" origin_y="20" navel_x="23" navel_y="-6" z="weaponOverGlove" image="47.stabOF.2.weapon.png"/></f></s>
<s name="proneStab"><f name="0" ><p name="47"  origin_x="6" origin_y="17" navel_x="9" navel_y="2" z="weaponOverGlove" image="47.proneStab.0.weapon.png"/></f><f name="1" ><p name="47"  origin_x="5" origin_y="18" navel_x="24" navel_y="1" z="weaponOverGlove" image="47.proneStab.1.weapon.png"/></f></s>
<s name="prone"><f name="0" ><p name="pointer"  pointer="47/proneStab/0/weapon"/></f></s>
<s name="heal"><f name="0" ><p name="pointer"  pointer="47/alert/1/weapon"/></f><f name="1" ><p name="pointer"  pointer="47/swingO2/1/weapon"/></f><f name="2" ><p name="pointer"  pointer="47/swingO2/0/weapon"/></f></s>
<s name="fly"><f name="0" ><p name="47"  origin_x="-6" origin_y="5" navel_x="-3" navel_y="9" z="weaponOverGlove" image="47.fly.0.weapon.png"/></f><f name="1" ><p name="pointer"  pointer="47/fly/0/weapon"/></f></s>
<s name="jump"><f name="0" ><p name="47"  origin_x="-6" origin_y="5" navel_x="-4" navel_y="8" z="weaponOverGlove" image="47.jump.0.weapon.png"/></f></s>
<s name="rope"><f name="0" ><p name="47"  origin_x="11" origin_y="14" navel_x="-2" navel_y="19" z="backWeaponOverGlove" image="47.rope.0.weapon.png"/></f><f name="1" ><p name="47"  origin_x="11" origin_y="14" navel_x="0" navel_y="9" z="backWeaponOverGlove" image="47.rope.1.weapon.png"/></f></s>
<s name="ladder"><f name="0" ><p name="47"  origin_x="11" origin_y="14" navel_x="-2" navel_y="19" z="backWeaponOverGlove" image="47.ladder.0.weapon.png"/></f><f name="1" ><p name="47"  origin_x="11" origin_y="14" navel_x="0" navel_y="9" z="backWeaponOverGlove" image="47.ladder.1.weapon.png"/></f></s>
</i>
