<i>
<s name="default"><f name="default" ><p name="default"  origin_x="10" origin_y="-13" brow_x="0" brow_y="0" z="accessoryFaceBelowFace" image="default.default.png"/></f></s>
<s name="blink"><f name="0" ><p name="pointer"  pointer="default/default"/></f><f name="1" ><p name="pointer"  pointer="default/default"/></f><f name="2" ><p name="pointer"  pointer="default/default"/></f></s>
<s name="hit"><f name="0" ><p name="pointer"  pointer="blink/0/default"/></f></s>
<s name="smile"><f name="0" ><p name="smile"  origin_x="10" origin_y="-13" brow_x="0" brow_y="0" z="accessoryFaceBelowFace" image="smile.0.default.png"/></f></s>
<s name="troubled"><f name="0" ><p name="troubled"  origin_x="10" origin_y="-13" brow_x="0" brow_y="0" z="accessoryFaceBelowFace" image="troubled.0.default.png"/></f></s>
<s name="cry"><f name="0" ><p name="cry"  origin_x="10" origin_y="-13" brow_x="0" brow_y="0" z="accessoryFaceBelowFace" image="cry.0.default.png"/></f></s>
<s name="angry"><f name="0" ><p name="angry"  origin_x="10" origin_y="-13" brow_x="0" brow_y="0" z="accessoryFaceBelowFace" image="angry.0.default.png"/></f></s>
<s name="bewildered"><f name="0" ><p name="pointer"  pointer="default/default"/></f></s>
<s name="stunned"><f name="0" ><p name="pointer"  pointer="default/default"/></f></s>
<s name="vomit"><f name="0" ><p name="pointer"  pointer="default/default"/></f><f name="1" ><p name="pointer"  pointer="default/default"/></f></s>
<s name="oops"><f name="0" ><p name="oops"  origin_x="10" origin_y="-13" brow_x="0" brow_y="0" z="accessoryFaceBelowFace" image="oops.0.default.png"/></f></s>
<s name="cheers"><f name="0" ><p name="cheers"  origin_x="10" origin_y="-13" brow_x="0" brow_y="0" z="accessoryFaceBelowFace" image="cheers.0.default.png"/></f></s>
<s name="chu"><f name="0" ><p name="chu"  origin_x="10" origin_y="-13" brow_x="0" brow_y="0" z="accessoryFaceBelowFace" image="chu.0.default.png"/></f></s>
<s name="wink"><f name="0" ><p name="wink"  origin_x="10" origin_y="-13" brow_x="0" brow_y="0" z="accessoryFaceBelowFace" image="wink.0.default.png"/></f></s>
<s name="pain"><f name="0" ><p name="pain"  origin_x="10" origin_y="-13" brow_x="0" brow_y="0" z="accessoryFaceBelowFace" image="pain.0.default.png"/></f></s>
<s name="glitter"><f name="0" ><p name="glitter"  origin_x="10" origin_y="-13" brow_x="0" brow_y="0" z="accessoryFaceBelowFace" image="glitter.0.default.png"/></f><f name="1" ><p name="pointer"  pointer="glitter/0/default"/></f></s>
<s name="despair"><f name="0" ><p name="pointer"  pointer="pain/0/default"/></f><f name="1" ><p name="pointer"  pointer="pain/0/default"/></f></s>
<s name="love"><f name="0" ><p name="pointer"  pointer="glitter/0/default"/></f><f name="1" ><p name="pointer"  pointer="glitter/0/default"/></f></s>
<s name="shine"><f name="0" ><p name="pointer"  pointer="cheers/0/default"/></f><f name="1" ><p name="pointer"  pointer="cheers/0/default"/></f></s>
<s name="blaze"><f name="0" ><p name="pointer"  pointer="angry/0/default"/></f><f name="1" ><p name="pointer"  pointer="angry/0/default"/></f></s>
<s name="hum"><f name="0" ><p name="pointer"  pointer="pain/0/default"/></f><f name="1" ><p name="pointer"  pointer="pain/0/default"/></f></s>
<s name="bowing"><f name="0" ><p name="pointer"  pointer="pain/0/default"/></f><f name="1" ><p name="pointer"  pointer="pain/0/default"/></f></s>
<s name="hot"><f name="0" ><p name="pointer"  pointer="cheers/0/default"/></f><f name="1" ><p name="pointer"  pointer="cheers/0/default"/></f></s>
<s name="dam"><f name="0" ><p name="pointer"  pointer="cheers/0/default"/></f><f name="1" ><p name="pointer"  pointer="cheers/0/default"/></f></s>
</i>
