<i>
<s name="stand1"><f name="0" ><p name="weapon"  origin_x="12" origin_y="10" hand_x="-1" hand_y="-7" z="weapon" image="30.stand1.0.weapon.png"/></f><f name="1" ><p name="weapon"  pointer="30/stand1/0/weapon"/></f><f name="2" ><p name="weapon"  pointer="30/stand1/0/weapon"/></f></s>
<s name="alert"><f name="0" ><p name="weapon"  origin_x="22" origin_y="12" hand_x="-10" hand_y="-3" z="weaponOverHand" image="30.alert.0.weapon.png"/></f><f name="1" ><p name="weapon"  origin_x="23" origin_y="11" hand_x="-10" hand_y="-3" z="weaponOverHand" image="30.alert.1.weapon.png"/></f><f name="2" ><p name="weapon"  origin_x="23" origin_y="10" hand_x="-9" hand_y="-4" z="weaponOverHand" image="30.alert.2.weapon.png"/></f></s>
<s name="swingO1"><f name="0" ><p name="weapon"  origin_x="28" origin_y="12" navel_x="-13" navel_y="-4" z="weaponBelowBody" image="30.swingO1.0.weapon.png"/></f><f name="1" ><p name="weapon"  origin_x="33" origin_y="12" navel_x="-12" navel_y="-9" z="weaponBelowBody" image="30.swingO1.1.weapon.png"/></f><f name="2" ><p name="weapon"  origin_x="55" origin_y="55" navel_x="26" navel_y="11" z="weapon" image="30.swingO1.2.weapon.png"/></f></s>
<s name="swingO2"><f name="0" ><p name="weapon"  origin_x="34" origin_y="35" navel_x="23" navel_y="21" z="weaponBelowBody" image="30.swingO2.0.weapon.png"/></f><f name="1" ><p name="weapon"  origin_x="50" origin_y="29" navel_x="-15" navel_y="28" z="weaponBelowBody" image="30.swingO2.1.weapon.png"/></f><f name="2" ><p name="weapon"  origin_x="64" origin_y="45" navel_x="39" navel_y="19" z="weapon" image="30.swingO2.2.weapon.png"/></f></s>
<s name="swingO3"><f name="0" ><p name="weapon"  origin_x="54" origin_y="32" navel_x="9" navel_y="36" z="weapon" image="30.swingO3.0.weapon.png"/></f><f name="1" ><p name="weapon"  origin_x="55" origin_y="33" navel_x="-13" navel_y="31" z="weaponOverBody" image="30.swingO3.1.weapon.png"/></f><f name="2" ><p name="weapon"  origin_x="57" origin_y="44" navel_x="36" navel_y="23" z="weaponBelowBody" image="30.swingO3.2.weapon.png"/></f></s>
<s name="swingOF"><f name="0" ><p name="weapon"  origin_x="47" origin_y="31" navel_x="22" navel_y="-11" z="weapon" image="30.swingOF.0.weapon.png"/></f><f name="1" ><p name="weapon"  origin_x="42" origin_y="36" navel_x="-23" navel_y="6" z="backWeapon" image="30.swingOF.1.weapon.png"/></f><f name="2" ><p name="weapon"  origin_x="56" origin_y="36" navel_x="-18" navel_y="40" z="weaponBelowBody" image="30.swingOF.2.weapon.png"/></f><f name="3" ><p name="weapon"  origin_x="72" origin_y="50" navel_x="48" navel_y="12" z="weaponBelowBody" image="30.swingOF.3.weapon.png"/></f></s>
<s name="stabO1"><f name="0" ><p name="weapon"  origin_x="23" origin_y="8" navel_x="-24" navel_y="-8" z="weapon" image="30.stabO1.0.weapon.png"/></f><f name="1" ><p name="weapon"  origin_x="67" origin_y="33" navel_x="37" navel_y="14" z="weapon" image="30.stabO1.1.weapon.png"/></f></s>
<s name="stabO2"><f name="0" ><p name="weapon"  origin_x="23" origin_y="17" navel_x="-15" navel_y="-3" z="weaponBelowArm" image="30.stabO2.0.weapon.png"/></f><f name="1" ><p name="weapon"  origin_x="67" origin_y="33" navel_x="32" navel_y="13" z="weapon" image="30.stabO2.1.weapon.png"/></f></s>
<s name="stabOF"><f name="0" ><p name="weapon"  origin_x="26" origin_y="8" navel_x="-16" navel_y="-4" z="weapon" image="30.stabOF.0.weapon.png"/></f><f name="1" ><p name="weapon"  origin_x="32" origin_y="10" navel_x="-19" navel_y="-9" z="weapon" image="30.stabOF.1.weapon.png"/></f><f name="2" ><p name="weapon"  origin_x="67" origin_y="33" navel_x="34" navel_y="13" z="weapon" image="30.stabOF.2.weapon.png"/></f></s>
<s name="proneStab"><f name="0" ><p name="weapon"  origin_x="24" origin_y="5" navel_x="5" navel_y="1" z="weaponBelowArm" image="30.proneStab.0.weapon.png"/></f><f name="1" ><p name="weapon"  origin_x="55" origin_y="33" navel_x="36" navel_y="9" z="weaponBelowArm" image="30.proneStab.1.weapon.png"/></f></s>
<s name="prone"><f name="0" ><p name="weapon"  pointer="30/proneStab/0/weapon"/></f></s>
<s name="heal"><f name="0" ><p name="weapon"  pointer="30/alert/1/weapon"/></f><f name="1" ><p name="weapon"  pointer="30/swingO2/1/weapon"/></f><f name="2" ><p name="weapon"  pointer="30/swingO2/0/weapon"/></f></s>
<s name="fly"><f name="0" ><p name="weapon"  origin_x="19" origin_y="9" navel_x="-9" navel_y="3" z="weaponOverArm" image="30.fly.0.weapon.png"/></f><f name="1" ><p name="weapon"  pointer="30/fly/0/weapon"/></f></s>
<s name="jump"><f name="0" ><p name="weapon"  origin_x="13" origin_y="5" navel_x="4" navel_y="16" z="weaponOverArm" image="30.jump.0.weapon.png"/></f></s>
<s name="walk1"><f name="0" ><p name="weapon"  origin_x="12" origin_y="10" hand_x="-1" hand_y="-8" z="weapon" image="30.walk1.0.weapon.png"/></f><f name="1" ><p name="weapon"  origin_x="12" origin_y="9" hand_x="3" hand_y="-5" z="weapon" image="30.walk1.1.weapon.png"/></f><f name="2" ><p name="weapon"  pointer="30/walk1/0/weapon"/></f><f name="3" ><p name="weapon"  origin_x="11" origin_y="9" hand_x="-5" hand_y="-6" z="weapon" image="30.walk1.3.weapon.png"/></f></s>
<s name="stand2"><f name="0" ><p name="40"  origin_x="24" origin_y="13" hand_x="-11" hand_y="-7" z="weapon" image="40.stand2.0.weapon.png"/></f><f name="1" ><p name="pointer"  pointer="40/stand2/0/weapon"/></f><f name="2" ><p name="pointer"  pointer="40/stand2/0/weapon"/></f></s>
<s name="swingT1"><f name="0" ><p name="40"  origin_x="43" origin_y="25" navel_x="-37" navel_y="1" z="weaponBelowArm" image="40.swingT1.0.weapon.png"/></f><f name="1" ><p name="40"  origin_x="47" origin_y="35" navel_x="-25" navel_y="32" z="weaponBelowArm" image="40.swingT1.1.weapon.png"/></f><f name="2" ><p name="40"  origin_x="56" origin_y="50" navel_x="52" navel_y="31" z="weaponBelowBody" image="40.swingT1.2.weapon.png"/></f></s>
<s name="swingT2"><f name="0" ><p name="40"  origin_x="50" origin_y="40" navel_x="19" navel_y="26" z="weaponBelowBody" image="40.swingT2.0.weapon.png"/></f><f name="1" ><p name="40"  origin_x="50" origin_y="44" navel_x="-14" navel_y="43" z="weaponOverBody" image="40.swingT2.1.weapon.png"/></f><f name="2" ><p name="40"  origin_x="59" origin_y="50" navel_x="37" navel_y="32" z="weaponOverBody" image="40.swingT2.2.weapon.png"/></f></s>
<s name="swingT3"><f name="0" ><p name="40"  origin_x="46" origin_y="33" navel_x="-10" navel_y="24" z="weaponOverBody" image="40.swingT3.0.weapon.png"/></f><f name="1" ><p name="40"  origin_x="44" origin_y="22" navel_x="-34" navel_y="7" z="weaponOverBody" image="40.swingT3.1.weapon.png"/></f><f name="2" ><p name="40"  origin_x="64" origin_y="46" navel_x="60" navel_y="24" z="weaponBelowBody" image="40.swingT3.2.weapon.png"/></f></s>
<s name="swingTF"><f name="0" ><p name="40"  origin_x="49" origin_y="34" navel_x="13" navel_y="27" z="backWeapon" image="40.swingTF.0.weapon.png"/></f><f name="1" ><p name="40"  origin_x="47" origin_y="31" navel_x="-36" navel_y="40" z="weaponBelowBody" image="40.swingTF.1.weapon.png"/></f><f name="2" ><p name="40"  origin_x="52" origin_y="30" navel_x="-30" navel_y="35" z="weaponBelowArm" image="40.swingTF.2.weapon.png"/></f><f name="3" ><p name="40"  origin_x="56" origin_y="52" navel_x="58" navel_y="32" z="weaponBelowBody" image="40.swingTF.3.weapon.png"/></f></s>
<s name="shoot1"><f name="0" ><p name="weapon"  origin_x="21" origin_y="26" hand_x="-5" hand_y="-4" z="weaponOverHand" image="37.shoot1.0.weapon.png"/></f><f name="1" ><p name="weapon"  origin_x="21" origin_y="26" hand_x="9" hand_y="-4" z="weaponOverHand" image="37.shoot1.1.weapon.png"/></f><f name="2" ><p name="weapon"  pointer="37/shoot1/1/weapon"/></f></s>
<s name="shootF"><f name="0" ><p name="weapon"  origin_x="21" origin_y="28" hand_x="-2" hand_y="-4" z="weaponOverHand" image="37.shootF.0.weapon.png"/></f><f name="1" ><p name="weapon"  origin_x="21" origin_y="26" hand_x="15" hand_y="-2" z="weaponOverHand" image="37.shootF.1.weapon.png"/></f><f name="2" ><p name="weapon"  pointer="37/shootF/1/weapon"/></f></s>
</i>
