<i>
<s name="info"><f name="icon" ><p name="info"  image="info.icon.png"/></f><f name="iconRaw" ><p name="info"  origin_x="-4" origin_y="28" image="info.iconRaw.png"/></f><p name="reqJob" v="0"/></s>
<s name="walk1"><f name="0" ><p name="47"  origin_x="25" origin_y="7" hand_x="-21" hand_y="0" z="weaponOverGlove" image="47.walk1.0.weapon.png"/></f><f name="1" ><p name="47"  origin_x="25" origin_y="7" hand_x="-21" hand_y="0" z="weaponOverGlove" image="47.walk1.1.weapon.png"/></f><f name="2" ><p name="pointer"  pointer="47/walk1/0/weapon"/></f><f name="3" ><p name="47"  origin_x="25" origin_y="7" hand_x="-20" hand_y="1" z="weaponOverGlove" image="47.walk1.3.weapon.png"/></f></s>
<s name="stand1"><f name="0" ><p name="47"  origin_x="25" origin_y="7" hand_x="-21" hand_y="-1" z="weaponOverGlove" image="47.stand1.0.weapon.png"/></f><f name="1" ><p name="47"  origin_x="25" origin_y="7" hand_x="-21" hand_y="-1" z="weaponOverGlove" image="47.stand1.1.weapon.png"/></f><f name="2" ><p name="47"  origin_x="25" origin_y="7" hand_x="-21" hand_y="-1" z="weaponOverGlove" image="47.stand1.2.weapon.png"/></f></s>
<s name="alert"><f name="0" ><p name="47"  origin_x="23" origin_y="10" hand_x="-17" hand_y="-3" z="weaponOverGlove" image="47.alert.0.weapon.png"/></f><f name="1" ><p name="47"  origin_x="23" origin_y="10" hand_x="-18" hand_y="-3" z="weaponOverGlove" image="47.alert.1.weapon.png"/></f><f name="2" ><p name="47"  origin_x="23" origin_y="10" hand_x="-17" hand_y="-4" z="weaponOverGlove" image="47.alert.2.weapon.png"/></f></s>
<s name="swingO1"><f name="1" ><p name="47"  origin_x="11" origin_y="5" navel_x="2" navel_y="2" z="weaponOverGlove" image="47.swingO1.1.weapon.png"/></f><f name="2" ><p name="47"  origin_x="11" origin_y="5" navel_x="-22" navel_y="20" z="weaponOverGlove" image="47.swingO1.2.weapon.png"/></f></s>
<s name="swingO2"><f name="0" ><p name="47"  origin_x="12" origin_y="5" navel_x="10" navel_y="14" z="weapon" image="47.swingO2.0.weapon.png"/></f><f name="1" ><p name="47"  origin_x="12" origin_y="5" navel_x="13" navel_y="10" z="weapon" image="47.swingO2.1.weapon.png"/></f><f name="2" ><p name="47"  origin_x="12" origin_y="5" navel_x="-23" navel_y="1" z="weaponOverGlove" image="47.swingO2.2.weapon.png"/></f></s>
<s name="swingO3"><f name="0" ><p name="47"  origin_x="12" origin_y="5" navel_x="-23" navel_y="12" z="weaponOverGlove" image="47.swingO3.0.weapon.png"/></f><f name="1" ><p name="47"  origin_x="12" origin_y="5" navel_x="11" navel_y="3" z="weaponOverGlove" image="47.swingO3.1.weapon.png"/></f></s>
<s name="swingOF"><f name="0" ><p name="47"  origin_x="12" origin_y="5" navel_x="-23" navel_y="9" z="weaponOverGlove" image="47.swingOF.0.weapon.png"/></f><f name="3" ><p name="47"  origin_x="12" origin_y="5" navel_x="-23" navel_y="15" z="weapon" image="47.swingOF.3.weapon.png"/></f></s>
<s name="stabO1"><f name="0" ><p name="47"  origin_x="12" origin_y="5" navel_x="-22" navel_y="-1" z="weaponOverGlove" image="47.stabO1.0.weapon.png"/></f><f name="1" ><p name="47"  origin_x="12" origin_y="5" navel_x="18" navel_y="7" z="weaponOverGlove" image="47.stabO1.1.weapon.png"/></f></s>
<s name="stabO2"><f name="0" ><p name="47"  origin_x="12" origin_y="5" navel_x="-18" navel_y="11" z="weaponOverGlove" image="47.stabO2.0.weapon.png"/></f><f name="1" ><p name="47"  origin_x="12" origin_y="5" navel_x="15" navel_y="6" z="weaponOverGlove" image="47.stabO2.1.weapon.png"/></f></s>
<s name="stabOF"><f name="0" ><p name="47"  origin_x="12" origin_y="5" navel_x="-14" navel_y="3" z="weaponOverGlove" image="47.stabOF.0.weapon.png"/></f><f name="1" ><p name="47"  origin_x="12" origin_y="5" navel_x="-18" navel_y="0" z="weaponOverGlove" image="47.stabOF.1.weapon.png"/></f><f name="2" ><p name="47"  origin_x="12" origin_y="5" navel_x="20" navel_y="6" z="weaponOverGlove" image="47.stabOF.2.weapon.png"/></f></s>
<s name="proneStab"><f name="0" ><p name="47"  origin_x="5" origin_y="3" navel_x="9" navel_y="4" z="weaponOverGlove" image="47.proneStab.0.weapon.png"/></f><f name="1" ><p name="47"  origin_x="5" origin_y="3" navel_x="24" navel_y="3" z="weaponOverGlove" image="47.proneStab.1.weapon.png"/></f></s>
<s name="prone"><f name="0" ><p name="pointer"  pointer="47/proneStab/0/weapon"/></f></s>
<s name="heal"><f name="0" ><p name="pointer"  pointer="47/alert/1/weapon"/></f><f name="1" ><p name="pointer"  pointer="47/swingO2/1/weapon"/></f><f name="2" ><p name="pointer"  pointer="47/swingO2/0/weapon"/></f></s>
<s name="fly"><f name="0" ><p name="47"  origin_x="13" origin_y="5" navel_x="-12" navel_y="8" z="weaponOverGlove" image="47.fly.0.weapon.png"/></f><f name="1" ><p name="pointer"  pointer="47/fly/0/weapon"/></f></s>
<s name="jump"><f name="0" ><p name="47"  origin_x="13" origin_y="5" navel_x="-13" navel_y="7" z="weaponOverGlove" image="47.jump.0.weapon.png"/></f></s>
<s name="ladder"><f name="0" ><p name="47"  origin_x="13" origin_y="5" navel_x="-1" navel_y="17" z="backWeaponOverGlove" image="47.ladder.0.weapon.png"/></f><f name="1" ><p name="47"  origin_x="13" origin_y="5" navel_x="-1" navel_y="8" z="backWeaponOverGlove" image="47.ladder.1.weapon.png"/></f></s>
<s name="rope"><f name="0" ><p name="47"  origin_x="13" origin_y="5" navel_x="-3" navel_y="15" z="backWeaponOverGlove" image="47.rope.0.weapon.png"/></f><f name="1" ><p name="47"  origin_x="13" origin_y="5" navel_x="-6" navel_y="8" z="backWeaponOverGlove" image="47.rope.1.weapon.png"/></f></s>
</i>
