  <i name="2311005">
  <i name="effect">
    <i name="0">
      <i name="origin">
        <i name="x" value="68"/>
        <i name="y" value="107"/>
      </i>
      <i name="delay" value="88"/>
      <i name="image" value="2311005.effect.0.png"/>
    </i>
    <i name="1">
      <i name="origin">
        <i name="x" value="69"/>
        <i name="y" value="108"/>
      </i>
      <i name="delay" value="88"/>
      <i name="image" value="2311005.effect.1.png"/>
    </i>
    <i name="2">
      <i name="origin">
        <i name="x" value="69"/>
        <i name="y" value="108"/>
      </i>
      <i name="delay" value="88"/>
      <i name="image" value="2311005.effect.2.png"/>
    </i>
    <i name="3">
      <i name="origin">
        <i name="x" value="69"/>
        <i name="y" value="108"/>
      </i>
      <i name="delay" value="88"/>
      <i name="image" value="2311005.effect.3.png"/>
    </i>
    <i name="4">
      <i name="origin">
        <i name="x" value="69"/>
        <i name="y" value="108"/>
      </i>
      <i name="delay" value="88"/>
      <i name="image" value="2311005.effect.4.png"/>
    </i>
    <i name="5">
      <i name="origin">
        <i name="x" value="69"/>
        <i name="y" value="108"/>
      </i>
      <i name="delay" value="88"/>
      <i name="image" value="2311005.effect.5.png"/>
    </i>
    <i name="6">
      <i name="origin">
        <i name="x" value="69"/>
        <i name="y" value="108"/>
      </i>
      <i name="delay" value="88"/>
      <i name="image" value="2311005.effect.6.png"/>
    </i>
    <i name="7">
      <i name="origin">
        <i name="x" value="69"/>
        <i name="y" value="108"/>
      </i>
      <i name="delay" value="88"/>
      <i name="image" value="2311005.effect.7.png"/>
    </i>
    <i name="8">
      <i name="origin">
        <i name="x" value="69"/>
        <i name="y" value="108"/>
      </i>
      <i name="delay" value="88"/>
      <i name="image" value="2311005.effect.8.png"/>
    </i>
    <i name="9">
      <i name="origin">
        <i name="x" value="69"/>
        <i name="y" value="108"/>
      </i>
      <i name="delay" value="88"/>
      <i name="image" value="2311005.effect.9.png"/>
    </i>
    <i name="10">
      <i name="origin">
        <i name="x" value="69"/>
        <i name="y" value="108"/>
      </i>
      <i name="delay" value="88"/>
      <i name="image" value="2311005.effect.10.png"/>
    </i>
    <i name="11">
      <i name="origin">
        <i name="x" value="69"/>
        <i name="y" value="108"/>
      </i>
      <i name="delay" value="88"/>
      <i name="image" value="2311005.effect.11.png"/>
    </i>
    <i name="12">
      <i name="origin">
        <i name="x" value="78"/>
        <i name="y" value="116"/>
      </i>
      <i name="delay" value="88"/>
      <i name="image" value="2311005.effect.12.png"/>
    </i>
    <i name="13">
      <i name="origin">
        <i name="x" value="75"/>
        <i name="y" value="113"/>
      </i>
      <i name="delay" value="88"/>
      <i name="image" value="2311005.effect.13.png"/>
    </i>
    <i name="14">
      <i name="origin">
        <i name="x" value="72"/>
        <i name="y" value="111"/>
      </i>
      <i name="delay" value="88"/>
      <i name="image" value="2311005.effect.14.png"/>
    </i>
    <i name="15">
      <i name="origin">
        <i name="x" value="69"/>
        <i name="y" value="106"/>
      </i>
      <i name="delay" value="88"/>
      <i name="image" value="2311005.effect.15.png"/>
    </i>
    <i name="16">
      <i name="origin">
        <i name="x" value="67"/>
        <i name="y" value="105"/>
      </i>
      <i name="delay" value="88"/>
      <i name="image" value="2311005.effect.16.png"/>
    </i>
  </i>
  <i name="mob">
    <i name="0">
      <i name="origin">
        <i name="x" value="0"/>
        <i name="y" value="0"/>
      </i>
      <i name="delay" value="400"/>
      <i name="image" value="2311005.mob.0.png"/>
    </i>
    <i name="1">
      <i name="origin">
        <i name="x" value="15"/>
        <i name="y" value="12"/>
      </i>
      <i name="delay" value="70"/>
      <i name="image" value="2311005.mob.1.png"/>
    </i>
    <i name="2">
      <i name="origin">
        <i name="x" value="29"/>
        <i name="y" value="96"/>
      </i>
      <i name="delay" value="70"/>
      <i name="image" value="2311005.mob.2.png"/>
    </i>
    <i name="3">
      <i name="origin">
        <i name="x" value="37"/>
        <i name="y" value="46"/>
      </i>
      <i name="delay" value="70"/>
      <i name="image" value="2311005.mob.3.png"/>
    </i>
    <i name="4">
      <i name="origin">
        <i name="x" value="47"/>
        <i name="y" value="38"/>
      </i>
      <i name="delay" value="70"/>
      <i name="image" value="2311005.mob.4.png"/>
    </i>
    <i name="5">
      <i name="origin">
        <i name="x" value="50"/>
        <i name="y" value="40"/>
      </i>
      <i name="delay" value="70"/>
      <i name="image" value="2311005.mob.5.png"/>
    </i>
    <i name="6">
      <i name="origin">
        <i name="x" value="53"/>
        <i name="y" value="42"/>
      </i>
      <i name="delay" value="70"/>
      <i name="image" value="2311005.mob.6.png"/>
    </i>
    <i name="7">
      <i name="origin">
        <i name="x" value="56"/>
        <i name="y" value="47"/>
      </i>
      <i name="delay" value="70"/>
      <i name="image" value="2311005.mob.7.png"/>
    </i>
    <i name="8">
      <i name="origin">
        <i name="x" value="60"/>
        <i name="y" value="41"/>
      </i>
      <i name="delay" value="70"/>
      <i name="image" value="2311005.mob.8.png"/>
    </i>
    <i name="9">
      <i name="origin">
        <i name="x" value="59"/>
        <i name="y" value="42"/>
      </i>
      <i name="delay" value="70"/>
      <i name="image" value="2311005.mob.9.png"/>
    </i>
    <i name="10">
      <i name="origin">
        <i name="x" value="59"/>
        <i name="y" value="45"/>
      </i>
      <i name="delay" value="70"/>
      <i name="image" value="2311005.mob.10.png"/>
    </i>
    <i name="11">
      <i name="origin">
        <i name="x" value="43"/>
        <i name="y" value="33"/>
      </i>
      <i name="delay" value="70"/>
      <i name="image" value="2311005.mob.11.png"/>
    </i>
    <i name="12">
      <i name="origin">
        <i name="x" value="43"/>
        <i name="y" value="33"/>
      </i>
      <i name="delay" value="70"/>
      <i name="image" value="2311005.mob.12.png"/>
    </i>
  </i>
  <i name="mob0">
    <i name="0">
      <i name="origin">
        <i name="x" value="19"/>
        <i name="y" value="53"/>
      </i>
      <i name="a0" value="255"/>
      <i name="a1" value="128"/>
      <i name="delay" value="200"/>
      <i name="image" value="2311005.mob0.0.png"/>
    </i>
    <i name="1">
      <i name="origin">
        <i name="x" value="19"/>
        <i name="y" value="53"/>
      </i>
      <i name="a0" value="128"/>
      <i name="a1" value="255"/>
      <i name="delay" value="200"/>
      <i name="image" value="2311005.mob0.1.png"/>
    </i>
  </i>
  </i>
