  <i name="3111006">
  <i name="effect">
    <i name="0">
      <i name="origin">
        <i name="x" value="0"/>
        <i name="y" value="0"/>
      </i>
      <i name="delay" value="300"/>
      <i name="image" value="3111006.effect.0.png"/>
    </i>
    <i name="1">
      <i name="origin">
        <i name="x" value="113"/>
        <i name="y" value="70"/>
      </i>
      <i name="delay" value="100"/>
      <i name="image" value="3111006.effect.1.png"/>
    </i>
    <i name="2">
      <i name="origin">
        <i name="x" value="108"/>
        <i name="y" value="70"/>
      </i>
      <i name="delay" value="100"/>
      <i name="image" value="3111006.effect.2.png"/>
    </i>
    <i name="3">
      <i name="origin">
        <i name="x" value="94"/>
        <i name="y" value="70"/>
      </i>
      <i name="delay" value="100"/>
      <i name="image" value="3111006.effect.3.png"/>
    </i>
    <i name="4">
      <i name="origin">
        <i name="x" value="94"/>
        <i name="y" value="69"/>
      </i>
      <i name="delay" value="100"/>
      <i name="image" value="3111006.effect.4.png"/>
    </i>
    <i name="5">
      <i name="origin">
        <i name="x" value="94"/>
        <i name="y" value="52"/>
      </i>
      <i name="delay" value="100"/>
      <i name="image" value="3111006.effect.5.png"/>
    </i>
  </i>
  <i name="ball">
    <i name="0">
      <i name="origin">
        <i name="x" value="34"/>
        <i name="y" value="6"/>
      </i>
      <i name="image" value="3111006.ball.0.png"/>
    </i>
  </i>
  <i name="hit">
    <i name="0">
      <i name="0">
        <i name="origin">
          <i name="x" value="37"/>
          <i name="y" value="41"/>
        </i>
        <i name="delay" value="120"/>
        <i name="image" value="3111006.hit.0.0.png"/>
      </i>
      <i name="1">
        <i name="origin">
          <i name="x" value="53"/>
          <i name="y" value="50"/>
        </i>
        <i name="delay" value="120"/>
        <i name="image" value="3111006.hit.0.1.png"/>
      </i>
      <i name="2">
        <i name="origin">
          <i name="x" value="36"/>
          <i name="y" value="38"/>
        </i>
        <i name="delay" value="120"/>
        <i name="image" value="3111006.hit.0.2.png"/>
      </i>
    </i>
  </i>
  </i>
