  <i name="05010030">
  <i name="info">
    <i name="icon">
      <i name="origin">
        <i name="x" value="0"/>
        <i name="y" value="32"/>
      </i>
      <i name="image" value="05010030.info.icon.png"/>
    </i>
    <i name="iconRaw">
      <i name="origin">
        <i name="x" value="0"/>
        <i name="y" value="32"/>
      </i>
      <i name="image" value="05010030.info.iconRaw.png"/>
    </i>
    <i name="cash" value="1"/>
  </i>
  <i name="effect">
    <i name="default">
      <i name="0">
        <i name="origin">
          <i name="x" value="36"/>
          <i name="y" value="91"/>
        </i>
        <i name="z" value="0"/>
        <i name="delay" value="110"/>
        <i name="image" value="05010030.effect.default.0.png"/>
      </i>
      <i name="1">
        <i name="origin">
          <i name="x" value="36"/>
          <i name="y" value="62"/>
        </i>
        <i name="z" value="0"/>
        <i name="delay" value="110"/>
        <i name="image" value="05010030.effect.default.1.png"/>
      </i>
      <i name="2">
        <i name="origin">
          <i name="x" value="36"/>
          <i name="y" value="76"/>
        </i>
        <i name="z" value="0"/>
        <i name="delay" value="110"/>
        <i name="image" value="05010030.effect.default.2.png"/>
      </i>
      <i name="3">
        <i name="origin">
          <i name="x" value="36"/>
          <i name="y" value="89"/>
        </i>
        <i name="z" value="0"/>
        <i name="delay" value="110"/>
        <i name="image" value="05010030.effect.default.3.png"/>
      </i>
      <i name="4">
        <i name="origin">
          <i name="x" value="36"/>
          <i name="y" value="99"/>
        </i>
        <i name="z" value="0"/>
        <i name="delay" value="110"/>
        <i name="image" value="05010030.effect.default.4.png"/>
      </i>
      <i name="follow" value="1"/>
      <i name="pos" value="1"/>
      <i name="z" value="0"/>
      <i name="z" value="0"/>
      <i name="z" value="0"/>
      <i name="z" value="0"/>
      <i name="z" value="0"/>
      <i name="z" value="-1"/>
    </i>
  </i>
  </i>
