<i>
<s name="walk2"><f name="0" ><p name="walk2"  origin_x="13" origin_y="52" hand_x="12" hand_y="-2" z="weaponOverArm" image="walk2.0.weapon.png"/></f><f name="1" ><p name="walk2"  origin_x="13" origin_y="51" hand_x="12" hand_y="-2" z="weaponOverArm" image="walk2.1.weapon.png"/></f><f name="2" ><p name="walk2"  origin_x="13" origin_y="52" hand_x="12" hand_y="-2" z="weaponOverArm" image="walk2.2.weapon.png"/></f><f name="3" ><p name="walk2"  origin_x="13" origin_y="52" hand_x="12" hand_y="1" z="weaponOverArm" image="walk2.3.weapon.png"/></f></s>
<s name="stand2"><f name="0" ><p name="stand2"  origin_x="22" origin_y="45" hand_x="2" hand_y="5" z="weaponOverArm" image="stand2.0.weapon.png"/></f><f name="1" ><p name="stand2"  origin_x="22" origin_y="45" hand_x="2" hand_y="5" z="weaponOverArm" image="stand2.1.weapon.png"/></f><f name="2" ><p name="stand2"  origin_x="22" origin_y="45" hand_x="2" hand_y="5" z="weaponOverArm" image="stand2.2.weapon.png"/></f></s>
<s name="alert"><f name="0" ><p name="alert"  origin_x="44" origin_y="47" hand_x="16" hand_y="10" z="weaponOverHand" image="alert.0.weapon.png"/></f><f name="1" ><p name="alert"  origin_x="45" origin_y="47" hand_x="15" hand_y="9" z="weaponOverHand" image="alert.1.weapon.png"/></f><f name="2" ><p name="alert"  origin_x="46" origin_y="47" hand_x="16" hand_y="8" z="weaponOverHand" image="alert.2.weapon.png"/></f></s>
<s name="stabT1"><f name="0" ><p name="stabT1"  origin_x="59" origin_y="7" hand_x="24" hand_y="-1" z="weaponOverBody" image="stabT1.0.weapon.png"/></f><f name="1" ><p name="stabT1"  origin_x="57" origin_y="7" hand_x="24" hand_y="-1" z="weaponOverBody" image="stabT1.1.weapon.png"/></f><f name="2" ><p name="stabT1"  origin_x="61" origin_y="5" hand_x="23" hand_y="4" z="weaponOverBody" image="stabT1.2.weapon.png"/></f></s>
<s name="stabT2"><f name="0" ><p name="stabT2"  origin_x="56" origin_y="7" hand_x="25" hand_y="1" z="weaponOverBody" image="stabT2.0.weapon.png"/></f><f name="1" ><p name="stabT2"  origin_x="53" origin_y="8" hand_x="27" hand_y="-1" z="weaponOverBody" image="stabT2.1.weapon.png"/></f><f name="2" ><p name="stabT2"  origin_x="50" origin_y="18" hand_x="33" hand_y="12" z="weaponOverBody" image="stabT2.2.weapon.png"/></f></s>
<s name="stabTF"><f name="0" ><p name="pointer"  pointer="swingPF/0/weapon"/></f><f name="1" ><p name="pointer"  pointer="swingPF/1/weapon"/></f><f name="2" ><p name="stabTF"  origin_x="36" origin_y="38" hand_x="16" hand_y="-45" z="weaponOverBody" image="stabTF.2.weapon.png"/></f><f name="3" ><p name="stabTF"  origin_x="49" origin_y="21" hand_x="36" hand_y="-11" z="weaponOverBody" image="stabTF.3.weapon.png"/></f></s>
<s name="proneStab"><f name="0" ><p name="proneStab"  origin_x="49" origin_y="9" hand_x="34" hand_y="0" z="weaponBelowArm" image="proneStab.0.weapon.png"/></f><f name="1" ><p name="proneStab"  origin_x="49" origin_y="9" hand_x="33" hand_y="1" z="weaponBelowArm" image="proneStab.1.weapon.png"/></f></s>
<s name="prone"><f name="0" ><p name="pointer"  pointer="proneStab/0/weapon"/></f></s>
<s name="fly"><f name="0" ><p name="fly"  origin_x="15" origin_y="50" hand_x="13" hand_y="-1" z="weaponOverArm" image="fly.0.weapon.png"/></f><f name="1" ><p name="fly"  origin_x="14" origin_y="50" hand_x="12" hand_y="0" z="weaponOverArm" image="fly.1.weapon.png"/></f></s>
<s name="jump"><f name="0" ><p name="jump"  origin_x="14" origin_y="50" hand_x="13" hand_y="-1" z="weaponOverArm" image="jump.0.weapon.png"/></f></s>
<s name="swingP1"><f name="0" ><p name="swingP1"  origin_x="48" origin_y="29" hand_x="-33" hand_y="-3" z="weaponBelowArm" image="swingP1.0.weapon.png"/></f><f name="1" ><p name="swingP1"  origin_x="2" origin_y="79" hand_x="7" hand_y="-10" z="weaponBelowArm" image="swingP1.1.weapon.png"/></f><f name="2" ><p name="swingP1"  origin_x="48" origin_y="29" hand_x="28" hand_y="4" z="weaponBelowBody" image="swingP1.2.weapon.png"/></f></s>
<s name="swingP2"><f name="0" ><p name="swingP2"  origin_x="40" origin_y="36" hand_x="-29" hand_y="24" z="weaponBelowBody" image="swingP2.0.weapon.png"/></f><f name="1" ><p name="swingP2"  origin_x="29" origin_y="48" hand_x="-25" hand_y="32" z="weaponBelowBody" image="swingP2.1.weapon.png"/></f><f name="2" ><p name="swingP2"  origin_x="48" origin_y="29" hand_x="27" hand_y="5" z="weaponOverBody" image="swingP2.2.weapon.png"/></f></s>
<s name="swingPF"><f name="0" ><p name="swingPF"  origin_x="46" origin_y="4" hand_x="41" hand_y="4" z="weapon" image="swingPF.0.weapon.png"/></f><f name="1" ><p name="swingPF"  origin_x="42" origin_y="10" hand_x="39" hand_y="-3" z="weapon" image="swingPF.1.weapon.png"/></f><f name="2" ><p name="swingPF"  origin_x="48" origin_y="29" hand_x="-15" hand_y="-5" z="weaponBelowArm" image="swingPF.2.weapon.png"/></f><f name="3" ><p name="swingPF"  origin_x="48" origin_y="29" hand_x="21" hand_y="-1" z="weaponBelowBody" image="swingPF.3.weapon.png"/></f></s>
<s name="swingT2"><f name="0" ><p name="swingT2"  origin_x="29" origin_y="48" hand_x="-33" hand_y="33" z="weaponOverBody" image="swingT2.0.weapon.png"/></f><f name="1" ><p name="swingT2"  origin_x="33" origin_y="48" hand_x="-6" hand_y="31" z="weaponOverBody" image="swingT2.1.weapon.png"/></f><f name="2" ><p name="swingT2"  origin_x="48" origin_y="29" hand_x="26" hand_y="4" z="weaponOverBody" image="swingT2.2.weapon.png"/></f></s>
<s name="sit"><f name="0" ><p name="sit"  origin_x="20" origin_y="49" hand_x="-34" hand_y="26" z="weaponOverArm" image="sit.0.weapon.png"/></f></s>
</i>
