  <i name="1200002">
  <i name="hit">
    <i name="0">
      <i name="0">
        <i name="origin">
          <i name="x" value="83"/>
          <i name="y" value="46"/>
        </i>
        <i name="delay" value="50"/>
        <i name="image" value="1200002.hit.0.0.png"/>
      </i>
      <i name="1">
        <i name="origin">
          <i name="x" value="74"/>
          <i name="y" value="51"/>
        </i>
        <i name="delay" value="50"/>
        <i name="image" value="1200002.hit.0.1.png"/>
      </i>
      <i name="2">
        <i name="origin">
          <i name="x" value="92"/>
          <i name="y" value="41"/>
        </i>
        <i name="delay" value="50"/>
        <i name="image" value="1200002.hit.0.2.png"/>
      </i>
    </i>
  </i>
  </i>
