<i>
<s name="info"><f name="icon" ><p name="info"  image="info.icon.png"/></f><f name="iconRaw" ><p name="info"  origin_x="1" origin_y="33" image="info.iconRaw.png"/></f><p name="reqJob" v="0"/></s>
<s name="walk1"><f name="0" ><p name="45"  origin_x="5" origin_y="5" navel_x="20" navel_y="1" z="weapon" image="45.walk1.0.weapon.png"/></f><f name="1" ><p name="45"  origin_x="13" origin_y="5" navel_x="17" navel_y="7" z="weapon" image="45.walk1.1.weapon.png"/></f><f name="2" ><p name="pointer"  pointer="45/walk1/0/weapon"/></f><f name="3" ><p name="45"  origin_x="11" origin_y="5" navel_x="12" navel_y="9" z="weapon" image="45.walk1.3.weapon.png"/></f></s>
<s name="stand1"><f name="0" ><p name="45"  origin_x="10" origin_y="5" navel_x="16" navel_y="-3" z="weapon" image="45.stand1.0.weapon.png"/></f><f name="1" ><p name="45"  origin_x="10" origin_y="5" navel_x="16" navel_y="-2" z="weapon" image="45.stand1.1.weapon.png"/></f><f name="2" ><p name="45"  origin_x="10" origin_y="5" navel_x="16" navel_y="-3" z="weapon" image="45.stand1.2.weapon.png"/></f></s>
<s name="alert"><f name="0" ><p name="45"  origin_x="12" origin_y="5" navel_x="3" navel_y="31" z="weaponOverArm" image="45.alert.0.weapon.png"/></f><f name="1" ><p name="45"  origin_x="12" origin_y="5" navel_x="3" navel_y="29" z="weaponOverArm" image="45.alert.1.weapon.png"/></f><f name="2" ><p name="45"  origin_x="12" origin_y="5" navel_x="3" navel_y="27" z="weaponOverArm" image="45.alert.2.weapon.png"/></f></s>
<s name="swingT1"><f name="0" ><p name="45"  origin_x="11" origin_y="5" navel_x="-15" navel_y="31" z="weaponBelowArm" image="45.swingT1.0.weapon.png"/></f><f name="1" ><p name="45"  origin_x="11" origin_y="5" navel_x="9" navel_y="39" z="weaponBelowArm" image="45.swingT1.1.weapon.png"/></f><f name="2" ><p name="45"  origin_x="11" origin_y="5" navel_x="62" navel_y="-5" z="weapon" image="45.swingT1.2.weapon.png"/></f></s>
<s name="swingT3"><f name="0" ><p name="45"  origin_x="11" origin_y="5" navel_x="-17" navel_y="13" z="weapon" image="45.swingT3.0.weapon.png"/></f><f name="1" ><p name="45"  origin_x="11" origin_y="5" navel_x="-9" navel_y="-3" z="weaponOverBody" image="45.swingT3.1.weapon.png"/></f><f name="2" ><p name="45"  origin_x="11" origin_y="5" navel_x="23" navel_y="69" z="weaponBelowBody" image="45.swingT3.2.weapon.png"/></f></s>
<s name="shoot1"><f name="0" ><p name="45"  origin_x="13" origin_y="5" navel_x="23" navel_y="36" z="weaponBelowArm" image="45.shoot1.0.weapon.png"/></f><f name="1" ><p name="45"  origin_x="13" origin_y="5" navel_x="23" navel_y="36" z="weaponBelowArm" image="45.shoot1.1.weapon.png"/></f><f name="2" ><p name="pointer"  pointer="45/shoot1/0/weapon"/></f></s>
<s name="shootF"><f name="0" ><p name="45"  origin_x="11" origin_y="5" navel_x="31" navel_y="40" z="weaponBelowArm" image="45.shootF.0.weapon.png"/></f><f name="1" ><p name="45"  origin_x="11" origin_y="5" navel_x="27" navel_y="41" z="weaponBelowArm" image="45.shootF.1.weapon.png"/></f><f name="2" ><p name="45"  origin_x="13" origin_y="5" navel_x="26" navel_y="40" z="weaponBelowArm" image="45.shootF.2.weapon.png"/></f></s>
<s name="proneStab"><f name="0" ><p name="45"  origin_x="5" origin_y="3" navel_x="66" navel_y="12" z="weaponBelowArm" image="45.proneStab.0.weapon.png"/></f><f name="1" ><p name="45"  origin_x="5" origin_y="3" navel_x="81" navel_y="12" z="weaponBelowArm" image="45.proneStab.1.weapon.png"/></f></s>
<s name="prone"><f name="0" ><p name="pointer"  pointer="45/proneStab/0/weapon"/></f></s>
<s name="fly"><f name="0" ><p name="45"  origin_x="13" origin_y="5" navel_x="9" navel_y="32" z="weaponOverArm" image="45.fly.0.weapon.png"/></f><f name="1" ><p name="pointer"  pointer="45/fly/0/weapon"/></f></s>
<s name="jump"><f name="0" ><p name="45"  origin_x="17" origin_y="6" navel_x="4" navel_y="30" z="weaponOverArm" image="45.jump.0.weapon.png"/></f></s>
</i>
