  <i name="2101004">
  <i name="effect">
    <i name="0">
      <i name="origin">
        <i name="x" value="32"/>
        <i name="y" value="39"/>
      </i>
      <i name="delay" value="100"/>
      <i name="image" value="2101004.effect.0.png"/>
    </i>
    <i name="1">
      <i name="origin">
        <i name="x" value="33"/>
        <i name="y" value="50"/>
      </i>
      <i name="delay" value="100"/>
      <i name="image" value="2101004.effect.1.png"/>
    </i>
    <i name="2">
      <i name="origin">
        <i name="x" value="51"/>
        <i name="y" value="72"/>
      </i>
      <i name="delay" value="100"/>
      <i name="image" value="2101004.effect.2.png"/>
    </i>
    <i name="3">
      <i name="origin">
        <i name="x" value="51"/>
        <i name="y" value="73"/>
      </i>
      <i name="delay" value="100"/>
      <i name="image" value="2101004.effect.3.png"/>
    </i>
    <i name="4">
      <i name="origin">
        <i name="x" value="51"/>
        <i name="y" value="76"/>
      </i>
      <i name="delay" value="100"/>
      <i name="image" value="2101004.effect.4.png"/>
    </i>
    <i name="5">
      <i name="origin">
        <i name="x" value="51"/>
        <i name="y" value="76"/>
      </i>
      <i name="delay" value="100"/>
      <i name="image" value="2101004.effect.5.png"/>
    </i>
    <i name="6">
      <i name="origin">
        <i name="x" value="44"/>
        <i name="y" value="76"/>
      </i>
      <i name="delay" value="100"/>
      <i name="image" value="2101004.effect.6.png"/>
    </i>
    <i name="7">
      <i name="origin">
        <i name="x" value="47"/>
        <i name="y" value="79"/>
      </i>
      <i name="delay" value="100"/>
      <i name="image" value="2101004.effect.7.png"/>
    </i>
    <i name="8">
      <i name="origin">
        <i name="x" value="50"/>
        <i name="y" value="86"/>
      </i>
      <i name="delay" value="100"/>
      <i name="image" value="2101004.effect.8.png"/>
    </i>
    <i name="9">
      <i name="origin">
        <i name="x" value="50"/>
        <i name="y" value="86"/>
      </i>
      <i name="delay" value="100"/>
      <i name="image" value="2101004.effect.9.png"/>
    </i>
  </i>
  <i name="ball">
    <i name="0">
      <i name="origin">
        <i name="x" value="42"/>
        <i name="y" value="10"/>
      </i>
      <i name="image" value="2101004.ball.0.png"/>
    </i>
    <i name="1">
      <i name="origin">
        <i name="x" value="42"/>
        <i name="y" value="9"/>
      </i>
      <i name="image" value="2101004.ball.1.png"/>
    </i>
    <i name="2">
      <i name="origin">
        <i name="x" value="42"/>
        <i name="y" value="10"/>
      </i>
      <i name="image" value="2101004.ball.2.png"/>
    </i>
  </i>
  <i name="hit">
    <i name="0">
      <i name="0">
        <i name="origin">
          <i name="x" value="27"/>
          <i name="y" value="26"/>
        </i>
        <i name="delay" value="90"/>
        <i name="image" value="2101004.hit.0.0.png"/>
      </i>
      <i name="1">
        <i name="origin">
          <i name="x" value="26"/>
          <i name="y" value="45"/>
        </i>
        <i name="delay" value="90"/>
        <i name="image" value="2101004.hit.0.1.png"/>
      </i>
      <i name="2">
        <i name="origin">
          <i name="x" value="29"/>
          <i name="y" value="50"/>
        </i>
        <i name="delay" value="90"/>
        <i name="image" value="2101004.hit.0.2.png"/>
      </i>
      <i name="3">
        <i name="origin">
          <i name="x" value="24"/>
          <i name="y" value="41"/>
        </i>
        <i name="delay" value="90"/>
        <i name="image" value="2101004.hit.0.3.png"/>
      </i>
      <i name="4">
        <i name="origin">
          <i name="x" value="24"/>
          <i name="y" value="33"/>
        </i>
        <i name="delay" value="90"/>
        <i name="image" value="2101004.hit.0.4.png"/>
      </i>
    </i>
  </i>
  </i>
