<i>
<s name="info"><f name="icon" ><p name="info"  image="info.icon.png"/></f><f name="iconRaw" ><p name="info"  origin_x="0" origin_y="32" image="info.iconRaw.png"/></f><p name="reqJob" v="4"/></s>
<s name="walk1"><f name="0" ><p name="walk1"  origin_x="5" origin_y="5" navel_x="12" navel_y="14" z="weapon" image="walk1.0.weapon.png"/></f><f name="1" ><p name="walk1"  origin_x="13" origin_y="5" navel_x="10" navel_y="15" z="weapon" image="walk1.1.weapon.png"/></f><f name="2" ><p name="pointer"  pointer="walk1/0/weapon"/></f><f name="3" ><p name="walk1"  origin_x="11" origin_y="5" navel_x="6" navel_y="13" z="weapon" image="walk1.3.weapon.png"/></f></s>
<s name="stand1"><f name="0" ><p name="stand1"  origin_x="10" origin_y="5" navel_x="8" navel_y="11" z="weapon" image="stand1.0.weapon.png"/></f><f name="1" ><p name="stand1"  origin_x="10" origin_y="5" navel_x="8" navel_y="12" z="weapon" image="stand1.1.weapon.png"/></f><f name="2" ><p name="stand1"  origin_x="10" origin_y="5" navel_x="8" navel_y="11" z="weapon" image="stand1.2.weapon.png"/></f></s>
<s name="alert"><f name="0" ><p name="alert"  origin_x="12" origin_y="5" navel_x="1" navel_y="27" z="weaponOverArm" image="alert.0.weapon.png"/></f><f name="1" ><p name="alert"  origin_x="12" origin_y="5" navel_x="2" navel_y="23" z="weaponOverArm" image="alert.1.weapon.png"/></f><f name="2" ><p name="alert"  origin_x="12" origin_y="5" navel_x="2" navel_y="21" z="weaponOverArm" image="alert.2.weapon.png"/></f></s>
<s name="swingT1"><f name="0" ><p name="swingT1"  origin_x="11" origin_y="5" navel_x="-28" navel_y="45" z="weaponBelowArm" image="swingT1.0.weapon.png"/></f><f name="1" ><p name="swingT1"  origin_x="11" origin_y="5" navel_x="8" navel_y="41" z="weaponBelowArm" image="swingT1.1.weapon.png"/></f><f name="2" ><p name="swingT1"  origin_x="11" origin_y="5" navel_x="56" navel_y="-12" z="weapon" image="swingT1.2.weapon.png"/></f></s>
<s name="swingT3"><f name="0" ><p name="swingT3"  origin_x="11" origin_y="5" navel_x="-19" navel_y="8" z="weapon" image="swingT3.0.weapon.png"/></f><f name="1" ><p name="swingT3"  origin_x="11" origin_y="5" navel_x="-18" navel_y="2" z="weaponOverBody" image="swingT3.1.weapon.png"/></f><f name="2" ><p name="swingT3"  origin_x="11" origin_y="5" navel_x="18" navel_y="56" z="weaponBelowBody" image="swingT3.2.weapon.png"/></f></s>
<s name="shoot1"><f name="0" ><p name="shoot1"  origin_x="13" origin_y="5" navel_x="26" navel_y="29" z="weaponBelowArm" image="shoot1.0.weapon.png"/></f><f name="1" ><p name="shoot1"  origin_x="13" origin_y="5" navel_x="26" navel_y="26" z="weaponBelowArm" image="shoot1.1.weapon.png"/></f><f name="2" ><p name="shoot1"  origin_x="13" origin_y="5" navel_x="26" navel_y="32" z="weaponBelowArm" image="shoot1.2.weapon.png"/></f></s>
<s name="shootF"><f name="0" ><p name="shootF"  origin_x="11" origin_y="5" navel_x="31" navel_y="34" z="weaponBelowArm" image="shootF.0.weapon.png"/></f><f name="1" ><p name="shootF"  origin_x="11" origin_y="5" navel_x="32" navel_y="30" z="weaponBelowArm" image="shootF.1.weapon.png"/></f><f name="2" ><p name="shootF"  origin_x="13" origin_y="5" navel_x="30" navel_y="36" z="weaponBelowArm" image="shootF.2.weapon.png"/></f></s>
<s name="proneStab"><f name="0" ><p name="proneStab"  origin_x="5" origin_y="3" navel_x="54" navel_y="24" z="weaponBelowArm" image="proneStab.0.weapon.png"/></f><f name="1" ><p name="proneStab"  origin_x="5" origin_y="3" navel_x="80" navel_y="24" z="weaponBelowArm" image="proneStab.1.weapon.png"/></f></s>
<s name="prone"><f name="0" ><p name="pointer"  pointer="proneStab/0/weapon"/></f></s>
<s name="fly"><f name="0" ><p name="fly"  origin_x="13" origin_y="5" navel_x="1" navel_y="31" z="weaponOverArm" image="fly.0.weapon.png"/></f><f name="1" ><p name="pointer"  pointer="fly/0/weapon"/></f></s>
<s name="jump"><f name="0" ><p name="jump"  origin_x="17" origin_y="6" navel_x="-4" navel_y="29" z="weaponOverArm" image="jump.0.weapon.png"/></f></s>
</i>
