<i>
  <s name="info">
    <f name="icon">
      <p name="info"  image="info.icon.png"/>
    </f>
    <f name="iconRaw">
      <p name="info"  origin_x="0" origin_y="30" image="info.iconRaw.png"/>
    </f>
    <p name="reqJob" v="0"/>
  </s>
  <s name="walk1">
    <f name="0">
      <p name="walk1"  origin_x="25" origin_y="7" hand_x="3" hand_y="5" z="weapon" image="walk1.0.weapon.png"/>
    </f>
    <f name="1">
      <p name="walk1"  origin_x="25" origin_y="7" hand_x="-1" hand_y="12" z="weapon" image="walk1.1.weapon.png"/>
    </f>
    <f name="2">
      <p name="walk1"  origin_x="25" origin_y="7" hand_x="3" hand_y="6" z="weapon" image="walk1.2.weapon.png"/>
    </f>
    <f name="3">
      <p name="walk1"  origin_x="25" origin_y="7" hand_x="3" hand_y="9" z="weapon" image="walk1.3.weapon.png"/>
    </f>
  </s>
  <s name="stand1">
    <f name="0">
      <p name="stand1"  origin_x="25" origin_y="7" hand_x="3" hand_y="4" z="weapon" image="stand1.0.weapon.png"/>
    </f>
    <f name="1">
      <p name="pointer"  pointer="stand1/0/weapon"/>
    </f>
    <f name="2">
      <p name="pointer"  pointer="stand1/0/weapon"/>
    </f>
  </s>
  <s name="alert">
    <f name="0">
      <p name="alert"  origin_x="23" origin_y="10" hand_x="5" hand_y="9" z="weaponOverHand" image="alert.0.weapon.png"/>
    </f>
    <f name="1">
      <p name="alert"  origin_x="23" origin_y="10" hand_x="4" hand_y="8" z="weaponOverHand" image="alert.1.weapon.png"/>
    </f>
    <f name="2">
      <p name="alert"  origin_x="23" origin_y="10" hand_x="5" hand_y="7" z="weaponOverHand" image="alert.2.weapon.png"/>
    </f>
  </s>
  <s name="swingO1">
    <f name="0">
      <p name="swingO1"  origin_x="11" origin_y="5" navel_x="17" navel_y="-1" z="weaponBelowBody" image="swingO1.0.weapon.png"/>
    </f>
    <f name="1">
      <p name="swingO1"  origin_x="11" origin_y="5" navel_x="25" navel_y="6" z="weaponBelowBody" image="swingO1.1.weapon.png"/>
    </f>
    <f name="2">
      <p name="swingO1"  origin_x="11" origin_y="5" navel_x="-8" navel_y="38" z="weapon" image="swingO1.2.weapon.png"/>
    </f>
  </s>
  <s name="swingO2">
    <f name="0">
      <p name="swingO2"  origin_x="12" origin_y="5" navel_x="28" navel_y="32" z="weaponBelowBody" image="swingO2.0.weapon.png"/>
    </f>
    <f name="1">
      <p name="swingO2"  origin_x="12" origin_y="5" navel_x="25" navel_y="32" z="weaponBelowBody" image="swingO2.1.weapon.png"/>
    </f>
    <f name="2">
      <p name="swingO2"  origin_x="12" origin_y="5" navel_x="-6" navel_y="16" z="weapon" image="swingO2.2.weapon.png"/>
    </f>
  </s>
  <s name="swingO3">
    <f name="0">
      <p name="swingO3"  origin_x="12" origin_y="5" navel_x="-13" navel_y="32" z="weapon" image="swingO3.0.weapon.png"/>
    </f>
    <f name="1">
      <p name="swingO3"  origin_x="12" origin_y="5" navel_x="21" navel_y="-1" z="weaponOverBody" image="swingO3.1.weapon.png"/>
    </f>
    <f name="2">
      <p name="swingO3"  origin_x="12" origin_y="5" navel_x="12" navel_y="-1" z="weaponBelowBody" image="swingO3.2.weapon.png"/>
    </f>
  </s>
  <s name="swingOF">
    <f name="0">
      <p name="swingOF"  origin_x="12" origin_y="5" navel_x="-8" navel_y="24" z="weapon" image="swingOF.0.weapon.png"/>
    </f>
    <f name="1">
      <p name="swingOF"  origin_x="12" origin_y="5" navel_x="17" navel_y="26" z="backWeapon" image="swingOF.1.weapon.png"/>
    </f>
    <f name="2">
      <p name="swingOF"  origin_x="12" origin_y="5" navel_x="17" navel_y="29" z="weaponBelowBody" image="swingOF.2.weapon.png"/>
    </f>
    <f name="3">
      <p name="swingOF"  origin_x="12" origin_y="5" navel_x="-19" navel_y="18" z="weaponBelowBody" image="swingOF.3.weapon.png"/>
    </f>
  </s>
  <s name="stabO1">
    <f name="0">
      <p name="stabO1"  origin_x="12" origin_y="5" navel_x="2" navel_y="3" z="weapon" image="stabO1.0.weapon.png"/>
    </f>
    <f name="1">
      <p name="stabO1"  origin_x="12" origin_y="5" navel_x="25" navel_y="31" z="weapon" image="stabO1.1.weapon.png"/>
    </f>
  </s>
  <s name="stabO2">
    <f name="0">
      <p name="stabO2"  origin_x="12" origin_y="5" navel_x="-12" navel_y="35" z="weaponBelowArm" image="stabO2.0.weapon.png"/>
    </f>
    <f name="1">
      <p name="stabO2"  origin_x="12" origin_y="5" navel_x="27" navel_y="3" z="weapon" image="stabO2.1.weapon.png"/>
    </f>
  </s>
  <s name="stabOF">
    <f name="0">
      <p name="stabOF"  origin_x="12" origin_y="5" navel_x="9" navel_y="7" z="weapon" image="stabOF.0.weapon.png"/>
    </f>
    <f name="1">
      <p name="stabOF"  origin_x="12" origin_y="5" navel_x="5" navel_y="4" z="weapon" image="stabOF.1.weapon.png"/>
    </f>
    <f name="2">
      <p name="stabOF"  origin_x="12" origin_y="5" navel_x="27" navel_y="30" z="weapon" image="stabOF.2.weapon.png"/>
    </f>
  </s>
  <s name="proneStab">
    <f name="0">
      <p name="proneStab"  origin_x="5" origin_y="3" navel_x="20" navel_y="1" z="weaponBelowArm" image="proneStab.0.weapon.png"/>
    </f>
    <f name="1">
      <p name="proneStab"  origin_x="5" origin_y="3" navel_x="35" navel_y="1" z="weaponBelowArm" image="proneStab.1.weapon.png"/>
    </f>
  </s>
  <s name="prone">
    <f name="0">
      <p name="pointer"  pointer="proneStab/0/weapon"/>
    </f>
  </s>
  <s name="heal">
    <f name="0">
      <p name="pointer"  pointer="alert/1/weapon"/>
    </f>
    <f name="1">
      <p name="pointer"  pointer="swingO2/1/weapon"/>
    </f>
    <f name="2">
      <p name="pointer"  pointer="swingO2/0/weapon"/>
    </f>
  </s>
  <s name="fly">
    <f name="0">
      <p name="fly"  origin_x="13" origin_y="5" navel_x="6" navel_y="26" z="weaponOverArm" image="fly.0.weapon.png"/>
    </f>
    <f name="1">
      <p name="pointer"  pointer="fly/0/weapon"/>
    </f>
  </s>
  <s name="jump">
    <f name="0">
      <p name="jump"  origin_x="13" origin_y="5" navel_x="5" navel_y="24" z="weaponOverArm" image="jump.0.weapon.png"/>
    </f>
  </s>
</i>
