<i name="5000015">
<i name="stand0">
<i name="0">
<i name="origin">
<i name="x" value="20"/>
<i name="y" value="40"/>
</i>
<i name="image" value="5000015.stand0.0.png"/>
</i>
<i name="1">
<i name="pointer" value="5000015/stand0/0"/>
</i>
<i name="2">
<i name="pointer" value="5000015/stand0/0"/>
</i>
<i name="3">
<i name="pointer" value="5000015/stand0/0"/>
</i>
</i>
<i name="stand1">
<i name="0">
<i name="pointer" value="5000015/stand0/0"/>
</i>
<i name="1">
<i name="pointer" value="5000015/stand0/0"/>
</i>
<i name="2">
<i name="pointer" value="5000015/stand0/0"/>
</i>
<i name="3">
<i name="pointer" value="5000015/stand0/0"/>
</i>
</i>
<i name="rest0">
<i name="0">
<i name="origin">
<i name="x" value="18"/>
<i name="y" value="37"/>
</i>
<i name="image" value="5000015.rest0.0.png"/>
</i>
<i name="1">
<i name="pointer" value="5000015/rest0/0"/>
</i>
<i name="2">
<i name="pointer" value="5000015/rest0/0"/>
</i>
<i name="3">
<i name="pointer" value="5000015/rest0/0"/>
</i>
</i>
<i name="move">
<i name="0">
<i name="origin">
<i name="x" value="20"/>
<i name="y" value="39"/>
</i>
<i name="image" value="5000015.move.0.png"/>
</i>
<i name="1">
<i name="origin">
<i name="x" value="22"/>
<i name="y" value="38"/>
</i>
<i name="image" value="5000015.move.1.png"/>
</i>
<i name="2">
<i name="origin">
<i name="x" value="20"/>
<i name="y" value="38"/>
</i>
<i name="image" value="5000015.move.2.png"/>
</i>
</i>
<i name="jump">
<i name="0">
<i name="pointer" value="5000015/move/0"/>
</i>
</i>
<i name="hungry">
<i name="0">
<i name="origin">
<i name="x" value="19"/>
<i name="y" value="35"/>
</i>
<i name="image" value="5000015.hungry.0.png"/>
</i>
</i>
<i name="angry">
<i name="0">
<i name="origin">
<i name="x" value="21"/>
<i name="y" value="40"/>
</i>
<i name="image" value="5000015.angry.0.png"/>
</i>
</i>
<i name="chat">
<i name="0">
<i name="pointer" value="5000015/stand0/0"/>
</i>
<i name="1">
<i name="pointer" value="5000015/stand0/0"/>
</i>
<i name="2">
<i name="pointer" value="5000015/stand0/0"/>
</i>
<i name="3">
<i name="pointer" value="5000015/stand0/0"/>
</i>
<i name="4">
<i name="pointer" value="5000015/stand0/0"/>
</i>
<i name="5">
<i name="pointer" value="5000015/stand0/0"/>
</i>
<i name="6">
<i name="pointer" value="5000015/stand0/0"/>
</i>
<i name="7">
<i name="pointer" value="5000015/stand0/0"/>
</i>
<i name="8">
<i name="pointer" value="5000015/stand0/0"/>
</i>
<i name="9">
<i name="pointer" value="5000015/stand0/0"/>
</i>
<i name="10">
<i name="pointer" value="5000015/stand0/0"/>
</i>
</i>
<i name="hang">
<i name="0">
<i name="origin">
<i name="x" value="18"/>
<i name="y" value="60"/>
</i>
<i name="image" value="5000015.hang.0.png"/>
</i>
</i>
<i name="rise">
<i name="0">
<i name="origin">
<i name="x" value="20"/>
<i name="y" value="46"/>
</i>
<i name="image" value="5000015.rise.0.png"/>
</i>
</i>
<i name="dung">
<i name="0">
<i name="origin">
<i name="x" value="20"/>
<i name="y" value="40"/>
</i>
<i name="image" value="5000015.dung.0.png"/>
</i>
<i name="1">
<i name="origin">
<i name="x" value="20"/>
<i name="y" value="40"/>
</i>
<i name="image" value="5000015.dung.1.png"/>
</i>
<i name="2">
<i name="pointer" value="5000015/dung/1"/>
</i>
</i>
<i name="cry">
<i name="0">
<i name="origin">
<i name="x" value="19"/>
<i name="y" value="35"/>
</i>
<i name="image" value="5000015.cry.0.png"/>
</i>
<i name="1">
<i name="pointer" value="5000015/cry/0"/>
</i>
<i name="2">
<i name="pointer" value="5000015/cry/0"/>
</i>
<i name="3">
<i name="pointer" value="5000015/cry/0"/>
</i>
<i name="4">
<i name="pointer" value="5000015/cry/0"/>
</i>
<i name="5">
<i name="pointer" value="5000015/cry/0"/>
</i>
<i name="6">
<i name="pointer" value="5000015/cry/0"/>
</i>
<i name="7">
<i name="pointer" value="5000015/cry/0"/>
</i>
<i name="8">
<i name="pointer" value="5000015/cry/0"/>
</i>
<i name="9">
<i name="pointer" value="5000015/cry/0"/>
</i>
</i>
<i name="alert">
<i name="0">
<i name="origin">
<i name="x" value="20"/>
<i name="y" value="40"/>
</i>
<i name="image" value="5000015.alert.0.png"/>
</i>
<i name="1">
<i name="pointer" value="5000015/alert/0"/>
</i>
<i name="2">
<i name="pointer" value="5000015/alert/0"/>
</i>
<i name="3">
<i name="pointer" value="5000015/alert/0"/>
</i>
<i name="4">
<i name="pointer" value="5000015/alert/0"/>
</i>
<i name="5">
<i name="pointer" value="5000015/alert/0"/>
</i>
<i name="6">
<i name="pointer" value="5000015/alert/0"/>
</i>
<i name="7">
<i name="pointer" value="5000015/alert/0"/>
</i>
<i name="8">
<i name="pointer" value="5000015/alert/0"/>
</i>
<i name="9">
<i name="pointer" value="5000015/alert/0"/>
</i>
<i name="10">
<i name="pointer" value="5000015/alert/0"/>
</i>
<i name="11">
<i name="pointer" value="5000015/alert/0"/>
</i>
<i name="12">
<i name="pointer" value="5000015/alert/0"/>
</i>
</i>
<i name="christmas">
<i name="0">
<i name="origin">
<i name="x" value="20"/>
<i name="y" value="41"/>
</i>
<i name="image" value="5000015.christmas.0.png"/>
</i>
<i name="1">
<i name="origin">
<i name="x" value="20"/>
<i name="y" value="39"/>
</i>
<i name="image" value="5000015.christmas.1.png"/>
</i>
<i name="2">
<i name="pointer" value="5000015/christmas/0"/>
</i>
<i name="3">
<i name="pointer" value="5000015/christmas/1"/>
</i>
</i>
<i name="love">
<i name="0">
<i name="origin">
<i name="x" value="20"/>
<i name="y" value="40"/>
</i>
<i name="image" value="5000015.love.0.png"/>
</i>
<i name="1">
<i name="origin">
<i name="x" value="20"/>
<i name="y" value="40"/>
</i>
<i name="image" value="5000015.love.1.png"/>
</i>
<i name="2">
<i name="origin">
<i name="x" value="22"/>
<i name="y" value="38"/>
</i>
<i name="image" value="5000015.love.2.png"/>
</i>
<i name="3">
<i name="origin">
<i name="x" value="21"/>
<i name="y" value="39"/>
</i>
<i name="image" value="5000015.love.3.png"/>
</i>
<i name="4">
<i name="origin">
<i name="x" value="20"/>
<i name="y" value="40"/>
</i>
<i name="image" value="5000015.love.4.png"/>
</i>
</i>
<i name="cute">
<i name="0">
<i name="origin">
<i name="x" value="21"/>
<i name="y" value="37"/>
</i>
<i name="image" value="5000015.cute.0.png"/>
</i>
<i name="1">
<i name="pointer" value="5000015/cute/0"/>
</i>
<i name="2">
<i name="pointer" value="5000015/cute/0"/>
</i>
<i name="3">
<i name="pointer" value="5000015/cute/0"/>
</i>
<i name="4">
<i name="pointer" value="5000015/cute/0"/>
</i>
<i name="5">
<i name="pointer" value="5000015/cute/0"/>
</i>
<i name="6">
<i name="pointer" value="5000015/cute/0"/>
</i>
<i name="7">
<i name="pointer" value="5000015/cute/0"/>
</i>
</i>
<i name="fly">
<i name="0">
<i name="origin">
<i name="x" value="20"/>
<i name="y" value="40"/>
</i>
<i name="image" value="5000015.fly.0.png"/>
</i>
<i name="1">
<i name="origin">
<i name="x" value="21"/>
<i name="y" value="40"/>
</i>
<i name="image" value="5000015.fly.1.png"/>
</i>
</i>
</i>