<i>
<s name="stand0"><f name="0" delay="600" ><p name="stand0"  origin_x="22" origin_y="51" lt_x="-22" lt_y="-51" rb_x="20" rb_y="0" image="stand0.0.png"/></f><f name="1" delay="120" ><p name="stand0"  origin_x="22" origin_y="51" lt_x="-22" lt_y="-51" rb_x="20" rb_y="0" image="stand0.1.png"/></f></s>
<s name="stand1"><f name="0" delay="240" ><p name="stand1"  origin_x="23" origin_y="51" lt_x="-23" lt_y="-51" rb_x="20" rb_y="0" image="stand1.0.png"/></f><f name="1" delay="240" ><p name="stand1"  origin_x="23" origin_y="51" lt_x="-23" lt_y="-51" rb_x="20" rb_y="0" image="stand1.1.png"/></f><f name="2" delay="240" ><p name="stand1"  origin_x="23" origin_y="51" z="0" lt_x="-23" lt_y="-51" rb_x="21" rb_y="0" image="stand1.2.png"/></f><f name="3" delay="240" ><p name="stand1"  origin_x="23" origin_y="51" z="0" lt_x="-23" lt_y="-51" rb_x="21" rb_y="0" image="stand1.3.png"/></f><f name="4" delay="240" ><p name="stand1"  origin_x="23" origin_y="51" z="0" lt_x="-23" lt_y="-51" rb_x="22" rb_y="0" image="stand1.4.png"/></f><f name="5" delay="240" ><p name="stand1"  origin_x="23" origin_y="51" z="0" lt_x="-23" lt_y="-51" rb_x="22" rb_y="0" image="stand1.5.png"/></f><f name="6" delay="240" ><p name="stand1"  origin_x="23" origin_y="51" z="0" lt_x="-23" lt_y="-51" rb_x="21" rb_y="0" image="stand1.6.png"/></f><f name="7" delay="240" ><p name="stand1"  origin_x="23" origin_y="51" z="0" lt_x="-23" lt_y="-51" rb_x="21" rb_y="0" image="stand1.7.png"/></f></s>
<s name="hungry"><f name="0" delay="1200" ><p name="hungry"  origin_x="23" origin_y="48" lt_x="-23" lt_y="-48" rb_x="19" rb_y="0" image="hungry.0.png"/></f></s>
<s name="move"><f name="0" delay="160" ><p name="move"  origin_x="26" origin_y="61" lt_x="-27" lt_y="-51" rb_x="32" rb_y="5" image="move.0.png"/></f><f name="1" delay="160" ><p name="move"  origin_x="26" origin_y="62" lt_x="-27" lt_y="-49" rb_x="31" rb_y="5" image="move.1.png"/></f><f name="2" delay="160" ><p name="move"  origin_x="26" origin_y="61" lt_x="-27" lt_y="-47" rb_x="30" rb_y="5" image="move.2.png"/></f><f name="3" delay="160" ><p name="move"  origin_x="26" origin_y="60" lt_x="-27" lt_y="-51" rb_x="32" rb_y="5" image="move.3.png"/></f></s>
<s name="rest0"><f name="0" delay="240" ><p name="rest0"  origin_x="22" origin_y="48" lt_x="-22" lt_y="-48" rb_x="21" rb_y="0" image="rest0.0.png"/></f><f name="1" delay="240" ><p name="rest0"  origin_x="22" origin_y="48" lt_x="-22" lt_y="-48" rb_x="22" rb_y="0" image="rest0.1.png"/></f><f name="2" delay="240" ><p name="rest0"  origin_x="22" origin_y="48" lt_x="-22" lt_y="-48" rb_x="23" rb_y="0" image="rest0.2.png"/></f><f name="3" delay="240" ><p name="rest0"  origin_x="22" origin_y="48" lt_x="-22" lt_y="-48" rb_x="22" rb_y="0" image="rest0.3.png"/></f></s>
<s name="chat"><f name="0" delay="220" ><p name="chat"  origin_x="22" origin_y="51" lt_x="-22" lt_y="-51" rb_x="20" rb_y="0" image="chat.0.png"/></f><f name="1" delay="220" ><p name="chat"  origin_x="22" origin_y="51" lt_x="-22" lt_y="-51" rb_x="20" rb_y="0" image="chat.1.png"/></f><f name="2" ><p name="pointer"  pointer="chat/0"/></f><f name="3" ><p name="pointer"  pointer="chat/1"/></f><f name="4" ><p name="pointer"  pointer="chat/0"/></f><f name="5" ><p name="pointer"  pointer="chat/1"/></f><f name="6" ><p name="pointer"  pointer="chat/0"/></f><f name="7" ><p name="pointer"  pointer="chat/1"/></f><f name="8" ><p name="pointer"  pointer="chat/0"/></f><f name="9" ><p name="pointer"  pointer="chat/1"/></f><f name="10" ><p name="pointer"  pointer="chat/0"/></f></s>
<s name="angry"><f name="0" delay="120" ><p name="angry"  origin_x="31" origin_y="57" lt_x="-31" lt_y="-57" rb_x="18" rb_y="0" image="angry.0.png"/></f><f name="1" delay="120" ><p name="angry"  origin_x="29" origin_y="62" lt_x="-29" lt_y="-62" rb_x="18" rb_y="0" image="angry.1.png"/></f><f name="2" delay="120" ><p name="angry"  origin_x="29" origin_y="65" lt_x="-29" lt_y="-65" rb_x="18" rb_y="0" image="angry.2.png"/></f><f name="3" delay="120" ><p name="angry"  origin_x="29" origin_y="56" lt_x="-29" lt_y="-56" rb_x="18" rb_y="0" image="angry.3.png"/></f></s>
<s name="hang"><f name="0" delay="240" ><p name="hang"  origin_x="23" origin_y="61" lt_x="-23" lt_y="-61" rb_x="20" rb_y="0" image="hang.0.png"/></f></s>
<s name="dung"><f name="0" delay="4000" ><p name="dung"  origin_x="27" origin_y="46" lt_x="-27" lt_y="-46" rb_x="19" rb_y="0" image="dung.0.png"/></f></s>
<s name="jump"><f name="0" ><p name="jump"  origin_x="26" origin_y="55" lt_x="-26" lt_y="-55" rb_x="16" rb_y="0" image="jump.0.png"/></f></s>
<s name="fly"><f name="0" delay="220" ><p name="fly"  origin_x="24" origin_y="51" lt_x="-24" lt_y="-51" rb_x="22" rb_y="-3" image="fly.0.png"/></f><f name="1" delay="220" ><p name="fly"  origin_x="25" origin_y="50" lt_x="-25" lt_y="-50" rb_x="25" rb_y="-4" image="fly.1.png"/></f></s>
<s name="sleep"><f name="0" delay="160" ><p name="sleep"  origin_x="22" origin_y="55" lt_x="-22" lt_y="-55" rb_x="26" rb_y="-2" image="sleep.0.png"/></f><f name="1" delay="160" ><p name="sleep"  origin_x="22" origin_y="54" lt_x="-22" lt_y="-54" rb_x="26" rb_y="-1" image="sleep.1.png"/></f><f name="2" delay="160" ><p name="sleep"  origin_x="23" origin_y="53" lt_x="-23" lt_y="-53" rb_x="26" rb_y="0" image="sleep.2.png"/></f><f name="3" delay="160" ><p name="sleep"  origin_x="26" origin_y="54" lt_x="-26" lt_y="-54" rb_x="26" rb_y="-1" image="sleep.3.png"/></f><f name="4" delay="160" ><p name="sleep"  origin_x="28" origin_y="55" lt_x="-28" lt_y="-55" rb_x="26" rb_y="-2" image="sleep.4.png"/></f><f name="5" delay="160" ><p name="sleep"  origin_x="32" origin_y="56" lt_x="-32" lt_y="-56" rb_x="26" rb_y="-2" image="sleep.5.png"/></f><f name="6" ><p name="pointer"  pointer="sleep/0"/></f><f name="7" ><p name="pointer"  pointer="sleep/1"/></f><f name="8" ><p name="pointer"  pointer="sleep/2"/></f><f name="9" ><p name="pointer"  pointer="sleep/3"/></f><f name="10" ><p name="pointer"  pointer="sleep/4"/></f><f name="11" ><p name="pointer"  pointer="sleep/5"/></f></s>
<s name="stunned"><f name="0" delay="300" ><p name="stunned"  origin_x="28" origin_y="51" lt_x="-28" lt_y="-51" rb_x="24" rb_y="0" image="stunned.0.png"/></f><f name="1" delay="110" ><p name="stunned"  origin_x="28" origin_y="51" lt_x="-28" lt_y="-51" rb_x="24" rb_y="0" image="stunned.1.png"/></f><f name="2" ><p name="pointer"  pointer="stunned/0"/></f><f name="3" ><p name="pointer"  pointer="stunned/1"/></f><f name="4" ><p name="pointer"  pointer="stunned/0"/></f><f name="5" ><p name="pointer"  pointer="stunned/1"/></f></s>
<s name="eat"><f name="0" delay="220" ><p name="eat"  origin_x="22" origin_y="48" lt_x="-22" lt_y="-48" rb_x="21" rb_y="0" image="eat.0.png"/></f><f name="1" delay="220" ><p name="eat"  origin_x="24" origin_y="48" lt_x="-24" lt_y="-48" rb_x="22" rb_y="0" image="eat.1.png"/></f><f name="2" delay="220" ><p name="eat"  origin_x="22" origin_y="48" lt_x="-22" lt_y="-48" rb_x="23" rb_y="0" image="eat.2.png"/></f><f name="3" delay="220" ><p name="eat"  origin_x="24" origin_y="48" lt_x="-24" lt_y="-48" rb_x="22" rb_y="0" image="eat.3.png"/></f><f name="4" ><p name="pointer"  pointer="eat/0"/></f><f name="5" ><p name="pointer"  pointer="eat/1"/></f><f name="6" ><p name="pointer"  pointer="eat/2"/></f><f name="7" ><p name="pointer"  pointer="eat/3"/></f></s>
<s name="cry"><f name="0" delay="160" ><p name="cry"  origin_x="27" origin_y="77" lt_x="-27" lt_y="-36" rb_x="28" rb_y="3" image="cry.0.png"/></f><f name="1" delay="160" ><p name="cry"  origin_x="27" origin_y="76" lt_x="-27" lt_y="-36" rb_x="28" rb_y="3" image="cry.1.png"/></f><f name="2" delay="160" ><p name="cry"  origin_x="27" origin_y="77" lt_x="-27" lt_y="-36" rb_x="28" rb_y="3" image="cry.2.png"/></f><f name="3" delay="160" ><p name="cry"  origin_x="27" origin_y="76" lt_x="-27" lt_y="-36" rb_x="28" rb_y="3" image="cry.3.png"/></f><f name="4" delay="160" ><p name="cry"  origin_x="27" origin_y="77" lt_x="-27" lt_y="-37" rb_x="28" rb_y="3" image="cry.4.png"/></f><f name="5" delay="160" ><p name="cry"  origin_x="27" origin_y="76" lt_x="-27" lt_y="-37" rb_x="28" rb_y="3" image="cry.5.png"/></f><f name="6" delay="110" ><p name="cry"  origin_x="27" origin_y="77" lt_x="-27" lt_y="-37" rb_x="28" rb_y="3" image="cry.6.png"/></f><f name="7" delay="160" ><p name="cry"  origin_x="27" origin_y="76" lt_x="-27" lt_y="-37" rb_x="28" rb_y="3" image="cry.7.png"/></f><f name="8" delay="110" ><p name="cry"  origin_x="27" origin_y="77" lt_x="-27" lt_y="-37" rb_x="28" rb_y="3" image="cry.8.png"/></f><f name="9" delay="160" ><p name="cry"  origin_x="27" origin_y="76" lt_x="-27" lt_y="-37" rb_x="28" rb_y="3" image="cry.9.png"/></f></s>
<s name="love"><f name="0" delay="150" ><p name="love"  origin_x="18" origin_y="51" lt_x="-18" lt_y="-51" rb_x="24" rb_y="0" image="love.0.png"/></f><f name="1" delay="150" ><p name="love"  origin_x="18" origin_y="51" lt_x="-18" lt_y="-51" rb_x="24" rb_y="0" image="love.1.png"/></f><f name="2" delay="150" ><p name="love"  origin_x="18" origin_y="51" lt_x="-18" lt_y="-51" rb_x="24" rb_y="0" image="love.2.png"/></f><f name="3" delay="150" ><p name="love"  origin_x="26" origin_y="51" lt_x="-26" lt_y="-51" rb_x="25" rb_y="0" image="love.3.png"/></f><f name="4" delay="150" ><p name="love"  origin_x="18" origin_y="51" lt_x="-18" lt_y="-51" rb_x="24" rb_y="0" image="love.4.png"/></f><f name="5" delay="150" ><p name="love"  origin_x="18" origin_y="51" lt_x="-18" lt_y="-51" rb_x="24" rb_y="0" image="love.5.png"/></f><f name="6" ><p name="pointer"  pointer="love/0"/></f><f name="7" ><p name="pointer"  pointer="love/1"/></f><f name="8" ><p name="pointer"  pointer="love/2"/></f><f name="9" ><p name="pointer"  pointer="love/3"/></f><f name="10" ><p name="pointer"  pointer="love/4"/></f><f name="11" ><p name="pointer"  pointer="love/5"/></f></s>
<s name="happy"><f name="0" delay="220" ><p name="happy"  origin_x="32" origin_y="47" lt_x="-32" lt_y="-47" rb_x="15" rb_y="0" image="happy.0.png"/></f><f name="1" delay="220" ><p name="happy"  origin_x="36" origin_y="47" lt_x="-36" lt_y="-47" rb_x="22" rb_y="0" image="happy.1.png"/></f><f name="2" delay="220" ><p name="happy"  origin_x="42" origin_y="47" lt_x="-42" lt_y="-47" rb_x="19" rb_y="0" image="happy.2.png"/></f><f name="3" delay="220" ><p name="happy"  origin_x="43" origin_y="47" lt_x="-43" lt_y="-47" rb_x="10" rb_y="0" image="happy.3.png"/></f><f name="4" ><p name="pointer"  pointer="happy/0"/></f><f name="5" ><p name="pointer"  pointer="happy/1"/></f><f name="6" ><p name="pointer"  pointer="happy/2"/></f><f name="7" ><p name="pointer"  pointer="happy/3"/></f></s>
<s name="transformation"><f name="0" delay="500" ><p name="transformation"  origin_x="22" origin_y="51" lt_x="-22" lt_y="-51" rb_x="20" rb_y="0" image="transformation.0.png"/></f><f name="1" delay="180" ><p name="transformation"  origin_x="21" origin_y="51" lt_x="-21" lt_y="-51" rb_x="21" rb_y="0" image="transformation.1.png"/></f><f name="2" delay="180" ><p name="transformation"  origin_x="21" origin_y="51" lt_x="-21" lt_y="-51" rb_x="21" rb_y="0" image="transformation.2.png"/></f><f name="3" delay="180" ><p name="transformation"  origin_x="21" origin_y="51" lt_x="-21" lt_y="-51" rb_x="21" rb_y="0" image="transformation.3.png"/></f><f name="4" delay="180" ><p name="transformation"  origin_x="21" origin_y="51" lt_x="-21" lt_y="-51" rb_x="21" rb_y="0" image="transformation.4.png"/></f><f name="5" delay="180" ><p name="transformation"  origin_x="73" origin_y="51" lt_x="-73" lt_y="-51" rb_x="71" rb_y="0" image="transformation.5.png"/></f><f name="6" delay="180" ><p name="transformation"  origin_x="72" origin_y="60" lt_x="-72" lt_y="-60" rb_x="72" rb_y="0" image="transformation.6.png"/></f><f name="7" delay="110" ><p name="transformation"  origin_x="57" origin_y="82" lt_x="-57" lt_y="-82" rb_x="72" rb_y="0" image="transformation.7.png"/></f><f name="8" delay="110" ><p name="transformation"  origin_x="22" origin_y="119" lt_x="-22" lt_y="-119" rb_x="65" rb_y="0" image="transformation.8.png"/></f><f name="9" delay="110" ><p name="transformation"  origin_x="24" origin_y="142" lt_x="-24" lt_y="-142" rb_x="23" rb_y="0" image="transformation.9.png"/></f><f name="10" delay="110" ><p name="transformation"  origin_x="22" origin_y="148" lt_x="-22" lt_y="-148" rb_x="21" rb_y="0" image="transformation.10.png"/></f><f name="11" delay="110" ><p name="transformation"  origin_x="38" origin_y="143" lt_x="-38" lt_y="-143" rb_x="35" rb_y="0" image="transformation.11.png"/></f><f name="12" delay="110" ><p name="transformation"  origin_x="46" origin_y="148" lt_x="-46" lt_y="-148" rb_x="36" rb_y="0" image="transformation.12.png"/></f><f name="13" delay="110" ><p name="transformation"  origin_x="43" origin_y="122" lt_x="-43" lt_y="-122" rb_x="36" rb_y="-5" image="transformation.13.png"/></f><f name="14" delay="110" ><p name="transformation"  origin_x="49" origin_y="125" lt_x="-49" lt_y="-125" rb_x="42" rb_y="-2" image="transformation.14.png"/></f><f name="15" delay="500" ><p name="transformation"  origin_x="8" origin_y="125" lt_x="-8" lt_y="-125" rb_x="7" rb_y="-2" image="transformation.15.png"/></f><f name="16" delay="110" ><p name="transformation"  origin_x="8" origin_y="125" lt_x="-8" lt_y="-125" rb_x="7" rb_y="-2" image="transformation.16.png"/></f><f name="17" delay="110" ><p name="transformation"  origin_x="8" origin_y="125" lt_x="-8" lt_y="-125" rb_x="7" rb_y="-2" image="transformation.17.png"/></f><f name="18" delay="110" ><p name="transformation"  origin_x="8" origin_y="125" lt_x="-8" lt_y="-125" rb_x="7" rb_y="-2" image="transformation.18.png"/></f><f name="19" delay="110" ><p name="transformation"  origin_x="8" origin_y="125" lt_x="-8" lt_y="-125" rb_x="14" rb_y="-2" image="transformation.19.png"/></f><f name="20" delay="110" ><p name="transformation"  origin_x="8" origin_y="125" lt_x="-8" lt_y="-125" rb_x="14" rb_y="-2" image="transformation.20.png"/></f><f name="21" delay="110" ><p name="transformation"  origin_x="8" origin_y="125" lt_x="-8" lt_y="-125" rb_x="14" rb_y="-2" image="transformation.21.png"/></f><f name="22" delay="110" ><p name="transformation"  origin_x="8" origin_y="125" lt_x="-8" lt_y="-125" rb_x="7" rb_y="-2" image="transformation.22.png"/></f><f name="23" delay="110" ><p name="transformation"  origin_x="35" origin_y="125" lt_x="-35" lt_y="-125" rb_x="38" rb_y="-2" image="transformation.23.png"/></f><f name="24" delay="110" ><p name="transformation"  origin_x="43" origin_y="124" lt_x="-43" lt_y="-124" rb_x="39" rb_y="-3" image="transformation.24.png"/></f><f name="25" delay="110" ><p name="transformation"  origin_x="40" origin_y="123" lt_x="-40" lt_y="-123" rb_x="39" rb_y="-4" image="transformation.25.png"/></f><f name="26" delay="110" ><p name="transformation"  origin_x="46" origin_y="113" lt_x="-46" lt_y="-113" rb_x="45" rb_y="-9" image="transformation.26.png"/></f><f name="27" delay="110" ><p name="transformation"  origin_x="22" origin_y="50" lt_x="-22" lt_y="-50" rb_x="20" rb_y="0" image="transformation.27.png"/></f></s>
</i>
