<i>
  <s name="walk1">
    <f name="0" face="1" delay="180">
      <p name="body" origin_x="19" origin_y="32" neck_x="-4" nech_y="-32" navel_x="-6" navel_y="-20" z="body" image="walk1.0.body.png"/>
      <p name="arm" origin_x="6" origin_y="8" navel_x="-12" navel_y="2" hand_x="1" hand_y="5" z="arm" image="walk1.0.arm.png"/>
      <p name="front" origin_x="19" origin_y="17" neck_x="0" neck_y="15" brow_x="-4" brow_y="-5" z="head" image="front.head.png"/>
    </f>
    <f name="1" face="1" delay="180">
      <p name="body" origin_x="16" origin_y="32" neck_x="-4" neck_y="-31" navel_x="-6" navel_y="-20" z="body" image="walk1.1.body.png"/>
      <p name="arm" origin_x="6" origin_y="9" navel_x="-6" navel_y="-1" hand_x="-2" hand_y="5" z="arm" image="walk1.1.arm.png"/>
      <p name="front" origin_x="19" origin_y="17" neck_x="0" neck_y="15" brow_x="-4" brow_y="-5" z="head" image="front.head.png"/>
    </f>
    <f name="2" face="1" delay="180">
      <p name="body" origin_x="19" origin_y="32" neck_x="-4" neck_y="-32" navel_x="-6" navel_y="-20" z="body" image="walk1.2.body.png"/>
      <p name="arm" origin_x="6" origin_y="8" navel_x="-12" navel_y="2" hand_x="1" hand_y="6" z="arm" image="walk1.2.arm.png"/>
      <p name="front" origin_x="19" origin_y="17" neck_x="0" neck_y="15" brow_x="-4" brow_y="-5" z="head" image="front.head.png"/>
    </f>
    <f name="3" face="1" delay="180">
      <p name="body" origin_x="21" origin_y="31" neck_x="-4" neck_y="-31" navel_x="-6" navel_y="-18" z="body" image="walk1.3.body.png"/>
      <p name="arm" origin_x="7" origin_y="7" navel_x="-13" navel_y="4" hand_x="3" hand_y="5" z="arm" image="walk1.3.arm.png"/>
      <p name="front" origin_x="19" origin_y="17" neck_x="0" neck_y="15" brow_x="-4" brow_y="-5" z="head" image="front.head.png"/>
    </f>
  </s>
  <s name="walk2">
    <f name="0" face="1" delay="180">
      <p name="body" origin_x="13" origin_y="31" neck_x="-4" neck_y="-32" navel_x="-6" navel_y="-20" z="body" image="walk2.0.body.png"/>
      <p name="arm" origin_x="6" origin_y="6" navel_x="-6" navel_y="3" hand_x="-2" hand_y="2" z="arm" image="walk2.0.arm.png"/>
      <p name="hand" origin_x="4" origin_y="4" navel_x="6" navel_y="2" z="handOverHair" image="walk2.0.hand.png"/>
      <p name="front" origin_x="19" origin_y="17" neck_x="0" neck_y="15" brow_x="-4" brow_y="-5" z="head" image="front.head.png"/>
    </f>
    <f name="1" face="1" delay="180">
      <p name="body" origin_x="16" origin_y="30" neck_x="-4" neck_y="-31" navel_x="-6" navel_y="-20" z="body" image="walk2.1.body.png"/>
      <p name="arm" origin_x="6" origin_y="6" navel_x="-5" navel_y="2" hand_x="-2" hand_y="2" z="arm" image="walk2.1.arm.png"/>
      <p name="hand" origin_x="4" origin_y="4" navel_x="7" navel_y="1" z="handOverHair" image="walk2.1.hand.png"/>
      <p name="front" origin_x="19" origin_y="17" neck_x="0" neck_y="15" brow_x="-4" brow_y="-5" z="head" image="front.head.png"/>
    </f>
    <f name="2" face="1" delay="180">
      <p name="body" origin_x="13" origin_y="32" neck_x="-4" neck_y="-32" navel_x="-6" navel_y="-20" z="body" image="walk2.2.body.png"/>
      <p name="arm" origin_x="6" origin_y="6" navel_x="-6" navel_y="3" hand_x="-2" hand_y="2" z="arm" image="walk2.2.arm.png"/>
      <p name="hand" origin_x="4" origin_y="4" navel_x="6" navel_y="2" z="handOverHair" image="walk2.2.hand.png"/>
      <p name="front" origin_x="19" origin_y="17" neck_x="0" neck_y="15" brow_x="-4" brow_y="-5" z="head" image="front.head.png"/>
    </f>
    <f name="3" face="1" delay="180">
      <p name="body" origin_x="15" origin_y="30" neck_x="-4" neck_y="-31" navel_x="-6" navel_y="-18" z="body" image="walk2.3.body.png"/>
      <p name="arm" origin_x="5" origin_y="6" navel_x="-6" navel_y="4" hand_x="-1" hand_y="4" z="arm" image="walk2.3.arm.png"/>
      <p name="hand" origin_x="4" origin_y="4" navel_x="5" navel_y="3" z="handOverHair" image="walk2.3.hand.png"/>
      <p name="front" origin_x="19" origin_y="17" neck_x="0" neck_y="15" brow_x="-4" brow_y="-5" z="head" image="front.head.png"/>
    </f>
  </s>
  <s name="stand1">
    <f name="0" face="1" delay="500">
      <p name="body" origin_x="16" origin_y="31" neck_x="-4" neck_y="-32" navel_x="-8" navel_y="-21" z="body" image="stand1.0.body.png"/>
      <p name="arm" origin_x="5" origin_y="9" navel_x="-13" navel_y="-1" hand_x="-1" hand_y="5" z="arm" image="stand1.0.arm.png"/>
      <p name="front" origin_x="19" origin_y="17" neck_x="0" neck_y="15" brow_x="-4" brow_y="-5" z="head" image="front.head.png"/>
    </f>
    <f name="1" face="1" delay="500">
      <p name="body" origin_x="17" origin_y="31" neck_x="-4" neck_y="-32" navel_x="-7" navel_y="-20" z="body" image="stand1.1.body.png"/>
      <p name="arm" origin_x="5" origin_y="9" navel_x="-13" navel_y="0" hand_x="-1" hand_y="5" z="arm" image="stand1.1.arm.png"/>
      <p name="front" origin_x="19" origin_y="17" neck_x="0" neck_y="15" brow_x="-4" brow_y="-5" z="head" image="front.head.png"/>
    </f>
    <f name="2" face="1" delay="500">
      <p name="body" origin_x="18" origin_y="31" neck_x="-4" neck_y="-32" navel_x="-6" navel_y="-21" z="body" image="stand1.2.body.png"/>
      <p name="arm" origin_x="6" origin_y="9" navel_x="-13" navel_y="-1" hand_x="-1" hand_y="5" z="arm" image="stand1.2.arm.png"/>
      <p name="front" origin_x="19" origin_y="17" neck_x="0" neck_y="15" brow_x="-4" brow_y="-5" z="head" image="front.head.png"/>
    </f>
  </s>
  <s name="stand2">
    <f name="0" face="1" delay="500">
      <p name="body" origin_x="15" origin_y="31" neck_x="-4" neck_y="-32" navel_x="-8" navel_y="-21" z="body" image="stand2.0.body.png"/>
      <p name="arm" origin_x="7" origin_y="7" navel_x="-11" navel_y="1" hand_x="-6" hand_y="1" z="arm" image="stand2.0.arm.png"/>
      <p name="hand" origin_x="4" origin_y="12" navel_x="6" navel_y="-7" z="handOverHair" image="stand2.0.hand.png"/>
      <p name="front" origin_x="19" origin_y="17" neck_x="0" neck_y="15" brow_x="-4" brow_y="-5" z="head" image="front.head.png"/>
    </f>
    <f name="1" face="1" delay="500">
      <p name="body" origin_x="15" origin_y="31" neck_x="-4" neck_y="-32" navel_x="-7" navel_y="-20" z="body" image="stand2.1.body.png"/>
      <p name="arm" origin_x="7" origin_y="7" navel_x="-11" navel_y="2" hand_x="-6" hand_y="1" z="arm" image="stand2.1.arm.png"/>
      <p name="hand" origin_x="4" origin_y="4" navel_x="6" navel_y="2" z="handOverHair" image="stand2.1.hand.png"/>
      <p name="front" origin_x="19" origin_y="17" neck_x="0" neck_y="15" brow_x="-4" brow_y="-5" z="head" image="front.head.png"/>
    </f>
    <f name="2" face="1" delay="500">
      <p name="body" origin_x="15" origin_y="31" neck_x="-4" neck_y="-32" navel_x="-6" navel_y="-21" z="body" image="stand2.2.body.png"/>
      <p name="arm" origin_x="6" origin_y="7" navel_x="-10" navel_y="1" hand_x="-5" hand_y="1" z="arm" image="stand2.2.arm.png"/>
      <p name="hand" origin_x="4" origin_y="4" navel_x="6" navel_y="1" z="handOverHair" image="stand2.2.hand.png"/>
      <p name="front" origin_x="19" origin_y="17" neck_x="0" neck_y="15" brow_x="-4" brow_y="-5" z="head" image="front.head.png"/>
    </f>
  </s>
  <s name="alert">
    <f name="0" face="1" delay="500">
      <p name="body" origin_x="16" origin_y="29" neck_x="-4" neck_y="-29" navel_x="-3" navel_y="-18" z="body" image="alert.0.body.png"/>
      <p name="arm" origin_x="6" origin_y="8" navel_x="-11" navel_y="1" hand_x="-5" hand_y="5" z="armOverHair" image="alert.0.arm.png"/>
      <p name="lHand" origin_x="15" origin_y="24" handMove_x="-11" handMove_y="-20" z="handBelowWeapon" image="alert.0.lHand.png"/>
      <p name="rHand" origin_x="4" origin_y="4" navel_x="-4" navel_y="-2" z="handOverHair" image="alert.0.rHand.png"/>
      <p name="front" origin_x="19" origin_y="17" neck_x="0" neck_y="15" brow_x="-4" brow_y="-5" z="head" image="front.head.png"/>
    </f>
    <f name="1" face="1" delay="500">
      <p name="body" origin_x="16" origin_y="30" neck_x="-4" neck_y="-30" navel_x="-3" navel_y="-19" z="body" image="alert.1.body.png"/>
      <p name="arm" origin_x="7" origin_y="8" navel_x="-11" navel_y="1" hand_x="-6" hand_y="6" z="armOverHair" image="alert.1.arm.png"/>
      <p name="lHand" origin_x="15" origin_y="23" handMove_x="-13" handMove_y="-19" z="handBelowWeapon" image="alert.1.lHand.png"/>
      <p name="rHand" origin_x="4" origin_y="4" navel_x="-4" navel_y="-4" z="handOverHair" image="alert.1.rHand.png"/>
      <p name="front" origin_x="19" origin_y="17" neck_x="0" neck_y="15" brow_x="-4" brow_y="-5" z="head" image="front.head.png"/>
    </f>
    <f name="2" face="1" delay="500">
      <p name="body" origin_x="16" origin_y="31" neck_x="-4" neck_y="-31" navel_x="-3" navel_y="-20" z="body" image="alert.2.body.png"/>
      <p name="arm" origin_x="6" origin_y="10" navel_x="-11" navel_y="-1" hand_x="-5" hand_y="5" z="armOverHair" image="alert.2.arm.png"/>
      <p name="lHand" origin_x="15" origin_y="22" handMove_x="-15" handMove_y="-17" z="handBelowWeapon" image="alert.2.lHand.png"/>
      <p name="rHand" origin_x="4" origin_y="4" navel_x="-4" navel_y="-6" z="handOverHair" image="alert.2.rHand.png"/>
      <p name="front" origin_x="19" origin_y="17" neck_x="0" neck_y="15" brow_x="-4" brow_y="-5" z="head" image="front.head.png"/>
    </f>
  </s>
  <s name="swingO1">
    <f name="0" face="1" delay="300">
      <p name="body" origin_x="11" origin_y="27" neck_x="-9" neck_y="-26" navel_x="-1" navel_y="-16" z="body" image="swingO1.0.body.png"/>
      <p name="arm" origin_x="7" origin_y="7" navel_x="5" navel_y="2" hand_x="0" hand_y="2" z="arm" image="swingO1.0.arm.png"/>
      <p name="front" origin_x="19" origin_y="17" neck_x="0" neck_y="15" brow_x="-4" brow_y="-5" z="head" image="front.head.png"/>
    </f>
    <f name="1" face="1" delay="150">
      <p name="body" origin_x="11" origin_y="31" neck_x="-10" neck_y="-31" navel_x="-8" navel_y="-20" z="body" image="swingO1.1.body.png"/>
      <p name="arm" origin_x="7" origin_y="7" navel_x="5" navel_y="4" hand_x="-3" hand_y="5" z="armOverHair" image="swingO1.1.arm.png"/>
      <p name="front" origin_x="19" origin_y="17" neck_x="0" neck_y="15" brow_x="-4" brow_y="-5" z="head" image="front.head.png"/>
    </f>
    <f name="2" face="1" delay="350">
      <p name="body" origin_x="38" origin_y="27" neck_x="-37" neck_y="-25" navel_x="-29" navel_y="-17" z="body" image="swingO1.2.body.png"/>
      <p name="arm" origin_x="6" origin_y="7" navel_x="-8" navel_y="18" hand_x="11" hand_y="-1" z="armOverHair" image="swingO1.2.arm.png"/>
      <p name="front" origin_x="19" origin_y="17" neck_x="0" neck_y="15" brow_x="-4" brow_y="-5" z="head" image="front.head.png"/>
    </f>
  </s>
  <s name="swingO2">
    <f name="0" face="1" delay="300">
      <p name="body" origin_x="18" origin_y="31" neck_x="-4" neck_y="-32" navel_x="-6" navel_y="-20" z="body" image="swingO2.0.body.png"/>
      <p name="arm" origin_x="11" origin_y="7" navel_x="11" navel_y="12" hand_x="-6" hand_y="-4" z="armBelowHead" image="swingO2.0.arm.png"/>
      <p name="front" origin_x="19" origin_y="17" neck_x="0" neck_y="15" brow_x="-4" brow_y="-5" z="head" image="front.head.png"/>
    </f>
    <f name="1" face="1" delay="150">
      <p name="body" origin_x="21" origin_y="31" neck_x="-13" neck_y="-30" navel_x="-8" navel_y="-18" z="body" image="swingO2.1.body.png"/>
      <p name="arm" origin_x="12" origin_y="6" navel_x="13" navel_y="9" hand_x="-8" hand_y="8" z="armBelowHead" image="swingO2.1.arm.png"/>
      <p name="front" origin_x="19" origin_y="17" neck_x="0" neck_y="15" brow_x="-4" brow_y="-5" z="head" image="front.head.png"/>
    </f>
    <f name="2" face="1" delay="350">
      <p name="body" origin_x="30" origin_y="29" neck_x="-17" neck_y="-27" navel_x="-11" navel_y="-16" z="body" image="swingO2.2.body.png"/>
      <p name="arm" origin_x="10" origin_y="8" navel_x="-14" navel_y="3" hand_x="5" hand_y="4" z="arm" image="swingO2.2.arm.png"/>
      <p name="front" origin_x="19" origin_y="17" neck_x="0" neck_y="15" brow_x="-4" brow_y="-5" z="head" image="front.head.png"/>
    </f>
  </s>
  <s name="swingO3">
    <f name="0" face="1" delay="300">
      <p name="body" origin_x="36" origin_y="27" neck_x="-11" neck_y="-27" navel_x="-8" navel_y="-16" z="body" image="swingO3.0.body.png"/>
      <p name="arm" origin_x="11" origin_y="7" navel_x="-14" navel_y="10" hand_x="6" hand_y="-3" z="arm" image="swingO3.0.arm.png"/>
      <p name="front" origin_x="19" origin_y="17" neck_x="0" neck_y="15" brow_x="-4" brow_y="-5" z="head" image="front.head.png"/>
    </f>
    <f name="1" face="1" delay="150">
      <p name="body" origin_x="28" origin_y="30" neck_x="-31" neck_y="-28" navel_x="-24" navel_y="-17" z="body" image="swingO3.1.body.png"/>
      <p name="arm" origin_x="12" origin_y="6" navel_x="11" navel_y="5" hand_x="-9" hand_y="2" z="armBelowHead" image="swingO3.1.arm.png"/>
      <p name="front" origin_x="19" origin_y="17" neck_x="0" neck_y="15" brow_x="-4" brow_y="-5" z="head" image="front.head.png"/>
    </f>
    <f name="2" face="1" delay="350">
      <p name="body" origin_x="36" origin_y="27" neck_x="-34" neck_y="-26" navel_x="-30" navel_y="-16" z="body" image="swingO3.2.body.png"/>
      <p name="arm" origin_x="10" origin_y="8" navel_x="-2" navel_y="1" hand_x="-9" hand_y="0" z="arm" image="swingO3.2.arm.png"/>
      <p name="front" origin_x="19" origin_y="17" neck_x="0" neck_y="15" brow_x="-4" brow_y="-5" z="head" image="front.head.png"/>
    </f>
  </s>
  <s name="swingOF">
    <f name="0" face="1" delay="200">
      <p name="body" origin_x="22" origin_y="31" neck_x="-14" neck_y="-26" navel_x="-7" navel_y="-17" hand_x="12" hand_y="-24" z="body" image="swingOF.0.body.png"/>
      <p name="hand" origin_x="13" origin_y="24" navel_x="-27" navel_y="-12" z="handOverHair" image="swingOF.0.hand.png"/>
      <p name="front" origin_x="19" origin_y="17" neck_x="0" neck_y="15" brow_x="-4" brow_y="-5" z="head" image="front.head.png"/>
    </f>
    <f name="1" face="0" delay="100">
      <p name="swingOF" origin_x="26" origin_y="47" neck_x="-9" neck_y="-42" navel_x="-13" navel_y="-31" hand_x="3" hand_y="-35" z="backBody" image="swingOF.1.body.png"/>
      <p name="back" origin_x="20" origin_y="17" neck_x="0" neck_y="15" brow_x="-4" brow_y="-5" z="backHead" image="back.head.png"/>
    </f>
    <f name="2" face="1" delay="100">
      <p name="swingOF" origin_x="44" origin_y="38" neck_x="-29" neck_y="-38" navel_x="-27" navel_y="-25" hand_x="-41" hand_y="-35" z="body" image="swingOF.2.body.png"/>
      <p name="front" origin_x="19" origin_y="17" neck_x="0" neck_y="15" brow_x="-4" brow_y="-5" z="head" image="front.head.png"/>
    </f>
    <f name="3" face="1" delay="300">
      <p name="body" origin_x="55" origin_y="32" neck_x="-52" neck_y="-21" navel_x="-39" navel_y="-12" hand_x="-19" hand_y="-28" z="body" image="swingOF.3.body.png"/>
      <p name="arm" origin_x="11" origin_y="7" navel_x="8" navel_y="-1" hand_x="28" hand_y="-14" z="armBelowHeadOverMailChest" image="swingOF.3.arm.png"/>
      <p name="front" origin_x="19" origin_y="17" neck_x="0" neck_y="15" brow_x="-4" brow_y="-5" z="head" image="front.head.png"/>
    </f>
  </s>
  <s name="swingT1">
    <f name="0" face="1" delay="300">
      <p name="body" origin_x="19" origin_y="31" neck_x="-4" neck_y="-32" navel_x="-8" navel_y="-21" z="body" image="swingT1.0.body.png"/>
      <p name="arm" origin_x="5" origin_y="9" navel_x="-3" navel_y="18" hand_x="6" hand_y="-5" z="armOverHairBelowWeapon" image="swingT1.0.arm.png"/>
      <p name="armOverHair" origin_x="9" origin_y="13" navel_x="-15" navel_y="17" z="armOverHair" image="swingT1.0.armOverHair.png"/>
      <p name="front" origin_x="19" origin_y="17" neck_x="0" neck_y="15" brow_x="-4" brow_y="-5" z="head" image="front.head.png"/>
    </f>
    <f name="1" face="1" delay="150">
      <p name="body" origin_x="25" origin_y="31" neck_x="-19" neck_y="-30" navel_x="-13" navel_y="-18" z="body" image="swingT1.1.body.png"/>
      <p name="arm" origin_x="10" origin_y="10" navel_x="13" navel_y="6" hand_x="-6" hand_y="-6" z="armOverHairBelowWeapon" image="swingT1.1.arm.png"/>
      <p name="armOverHair" origin_x="9" origin_y="13" navel_x="10" navel_y="12" z="armOverHair" image="swingT1.1.armOverHair.png"/>
      <p name="front" origin_x="19" origin_y="17" neck_x="0" neck_y="15" brow_x="-4" brow_y="-5" z="head" image="front.head.png"/>
    </f>
    <f name="2" face="1" delay="350">
      <p name="body" origin_x="35" origin_y="28" neck_x="-33" neck_y="-25" navel_x="-23" navel_y="-17" z="body" image="swingT1.2.body.png"/>
      <p name="arm" origin_x="10" origin_y="8" navel_x="10" navel_y="-2" hand_x="-6" hand_y="10" z="arm" image="swingT1.2.arm.png"/>
      <p name="front" origin_x="19" origin_y="17" neck_x="0" neck_y="15" brow_x="-4" brow_y="-5" z="head" image="front.head.png"/>
    </f>
  </s>
  <s name="swingT2">
    <f name="0" face="1" delay="300">
      <p name="swingT2" origin_x="23" origin_y="37" neck_x="-4" neck_y="-30" navel_x="-8" navel_y="-18" hand_x="-9" hand_y="-32" z="body" image="swingT2.0.body.png"/>
      <p name="front" origin_x="19" origin_y="17" neck_x="0" neck_y="15" brow_x="-4" brow_y="-5" z="head" image="front.head.png"/>
    </f>
    <f name="1" face="1" delay="150">
      <p name="body" origin_x="33" origin_y="31" neck_x="-13" neck_y="-30" navel_x="-12" navel_y="-18" z="body" image="swingT2.1.body.png"/>
      <p name="arm" origin_x="10" origin_y="10" navel_x="9" navel_y="-1" hand_x="-6" hand_y="-6" z="arm" image="swingT2.1.arm.png"/>
      <p name="front" origin_x="19" origin_y="17" neck_x="0" neck_y="15" brow_x="-4" brow_y="-5" z="head" image="front.head.png"/>
    </f>
    <f name="2" face="1" delay="350">
      <p name="body" origin_x="32" origin_y="28" neck_x="-33" neck_y="-24" navel_x="-21" navel_y="-16" z="body" image="swingT2.2.body.png"/>
      <p name="arm" origin_x="10" origin_y="8" navel_x="-1" navel_y="4" hand_x="4" hand_y="10" z="armBelowHeadOverMailChest" image="swingT2.2.arm.png"/>
      <p name="front" origin_x="19" origin_y="17" neck_x="0" neck_y="15" brow_x="-4" brow_y="-5" z="head" image="front.head.png"/>
    </f>
  </s>
  <s name="swingT3">
    <f name="0" face="1" delay="300">
      <p name="body" origin_x="14" origin_y="31" neck_x="-4" neck_y="-30" navel_x="-1" navel_y="-18" z="body" image="swingT3.0.body.png"/>
      <p name="arm" origin_x="10" origin_y="8" navel_x="-5" navel_y="0" hand_x="3" hand_y="3" z="arm" image="swingT3.0.arm.png"/>
      <p name="front" origin_x="19" origin_y="17" neck_x="0" neck_y="15" brow_x="-4" brow_y="-5" z="head" image="front.head.png"/>
    </f>
    <f name="1" face="1" delay="150">
      <p name="body" origin_x="18" origin_y="25" neck_x="-16" neck_y="-24" navel_x="-10" navel_y="-16" z="body" image="swingT3.1.body.png"/>
      <p name="arm" origin_x="10" origin_y="10" navel_x="-2" navel_y="-2" hand_x="10" hand_y="2" z="armBelowHeadOverMailChest" image="swingT3.1.arm.png"/>
      <p name="front" origin_x="19" origin_y="17" neck_x="0" neck_y="15" brow_x="-4" brow_y="-5" z="head" image="front.head.png"/>
    </f>
    <f name="2" face="1" delay="350">
      <p name="body" origin_x="25" origin_y="40" neck_x="-20" neck_y="-27" navel_x="-13" navel_y="-17" z="body" image="swingT3.2.body.png"/>
      <p name="arm" origin_x="10" origin_y="8" navel_x="9" navel_y="12" hand_x="-2" hand_y="-4" z="armBelowHead" image="swingT3.2.arm.png"/>
      <p name="front" origin_x="19" origin_y="17" neck_x="0" neck_y="15" brow_x="-4" brow_y="-5" z="head" image="front.head.png"/>
    </f>
  </s>
  <s name="swingTF">
    <f name="0" face="0" delay="200">
      <p name="swingTF" origin_x="14" origin_y="48" neck_x="-5" neck_y="-32" navel_x="-5" navel_y="-21" hand_x="-6" hand_y="-45" z="backBody" image="swingTF.0.body.png"/>
      <p name="back" origin_x="20" origin_y="17" neck_x="0" neck_y="15" brow_x="-4" brow_y="-5" z="backHead" image="back.head.png"/>
    </f>
    <f name="1" face="1" delay="150">
      <p name="body" origin_x="19" origin_y="41" neck_x="-9" neck_y="-33" navel_x="-9" navel_y="-22" z="body" image="swingTF.1.body.png"/>
      <p name="arm" origin_x="10" origin_y="10" navel_x="-12" navel_y="7" hand_x="-1" hand_y="-7" z="armBelowHeadOverMailChest" image="swingTF.1.arm.png"/>
      <p name="front" origin_x="19" origin_y="17" neck_x="0" neck_y="15" brow_x="-4" brow_y="-5" z="head" image="front.head.png"/>
    </f>
    <f name="2" face="1" delay="150">
      <p name="body" origin_x="25" origin_y="30" neck_x="-22" neck_y="-30" navel_x="-17" navel_y="-18" z="body" image="swingTF.2.body.png"/>
      <p name="arm" origin_x="10" origin_y="8" navel_x="6" navel_y="26" hand_x="3" hand_y="-4" z="armOverHair" image="swingTF.2.arm.png"/>
      <p name="front" origin_x="19" origin_y="17" neck_x="0" neck_y="15" brow_x="-4" brow_y="-5" z="head" image="front.head.png"/>
    </f>
    <f name="3" face="1" delay="200">
      <p name="body" origin_x="41" origin_y="28" neck_x="-37" neck_y="-24" navel_x="-24" navel_y="-15" z="body" image="swingTF.3.body.png"/>
      <p name="arm" origin_x="10" origin_y="8" navel_x="12" navel_y="0" hand_x="-6" hand_y="10" z="armOverHair" image="swingTF.3.arm.png"/>
      <p name="front" origin_x="19" origin_y="17" neck_x="0" neck_y="15" brow_x="-4" brow_y="-5" z="head" image="front.head.png"/>
    </f>
  </s>
  <s name="swingP1">
    <f name="0" face="1" delay="300">
      <p name="body" origin_x="19" origin_y="31" neck_x="-4" neck_y="-32" navel_x="-7" navel_y="-20" z="body" image="swingP1.0.body.png"/>
      <p name="arm" origin_x="5" origin_y="9" navel_x="3" navel_y="21" hand_x="5" hand_y="-5" z="armOverHairBelowWeapon" image="swingP1.0.arm.png"/>
      <p name="armOverHair" origin_x="9" origin_y="13" navel_x="-14" navel_y="19" z="armOverHair" image="swingP1.0.armOverHair.png"/>
      <p name="front" origin_x="19" origin_y="17" neck_x="0" neck_y="15" brow_x="-4" brow_y="-5" z="head" image="front.head.png"/>
    </f>
    <f name="1" face="1" delay="150">
      <p name="body" origin_x="38" origin_y="31" neck_x="-19" neck_y="-30" navel_x="-13" navel_y="-17" z="body" image="swingP1.1.body.png"/>
      <p name="arm" origin_x="10" origin_y="10" navel_x="9" navel_y="16" hand_x="-6" hand_y="-6" z="armOverHair" image="swingP1.1.arm.png"/>
      <p name="front" origin_x="19" origin_y="17" neck_x="0" neck_y="15" brow_x="-4" brow_y="-5" z="head" image="front.head.png"/>
    </f>
    <f name="2" face="1" delay="350">
      <p name="body" origin_x="35" origin_y="28" neck_x="-33" neck_y="-25" navel_x="-23" navel_y="-16" z="body" image="swingP1.2.body.png"/>
      <p name="arm" origin_x="10" origin_y="8" navel_x="10" navel_y="-1" hand_x="-6" hand_y="10" z="arm" image="swingP1.2.arm.png"/>
      <p name="front" origin_x="19" origin_y="17" neck_x="0" neck_y="15" brow_x="-4" brow_y="-5" z="head" image="front.head.png"/>
    </f>
  </s>
  <s name="swingP2">
    <f name="0" face="1" delay="300">
      <p name="body" origin_x="18" origin_y="48" neck_x="-4" neck_y="-32" navel_x="-7" navel_y="-20" z="body" image="swingP2.0.body.png"/>
      <p name="arm" origin_x="5" origin_y="9" navel_x="17" navel_y="9" hand_x="0" hand_y="-5" z="arm" image="swingP2.0.arm.png"/>
      <p name="front" origin_x="19" origin_y="17" neck_x="0" neck_y="15" brow_x="-4" brow_y="-5" z="head" image="front.head.png"/>
    </f>
    <f name="1" face="1" delay="150">
      <p name="body" origin_x="31" origin_y="43" neck_x="-13" neck_y="-30" navel_x="-9" navel_y="-18" z="body" image="swingP2.1.body.png"/>
      <p name="arm" origin_x="10" origin_y="10" navel_x="13" navel_y="-3" hand_x="-6" hand_y="-5" z="arm" image="swingP2.1.arm.png"/>
      <p name="front" origin_x="19" origin_y="17" neck_x="0" neck_y="15" brow_x="-4" brow_y="-5" z="head" image="front.head.png"/>
    </f>
    <f name="2" face="1" delay="350">
      <p name="body" origin_x="28" origin_y="28" neck_x="-29" neck_y="-24" navel_x="-17" navel_y="-16" z="body" image="swingP2.2.body.png"/>
      <p name="arm" origin_x="10" origin_y="8" navel_x="-1" navel_y="4" hand_x="5" hand_y="11" z="armBelowHead" image="swingP2.2.arm.png"/>
      <p name="front" origin_x="19" origin_y="17" neck_x="0" neck_y="15" brow_x="-4" brow_y="-5" z="head" image="front.head.png"/>
    </f>
  </s>
  <s name="swingPF">
    <f name="0" face="1" delay="100">
      <p name="body" origin_x="31" origin_y="28" neck_x="-11" neck_y="-27" navel_x="-12" navel_y="-15" z="body" image="swingPF.0.body.png"/>
      <p name="arm" origin_x="7" origin_y="7" navel_x="-14" navel_y="10" hand_x="6" hand_y="7" z="arm" image="swingPF.0.arm.png"/>
      <p name="hand" origin_x="4" origin_y="4" navel_x="19" navel_y="3" z="handOverHair" image="swingPF.0.hand.png"/>
      <p name="front" origin_x="19" origin_y="17" neck_x="0" neck_y="15" brow_x="-4" brow_y="-5" z="head" image="front.head.png"/>
    </f>
    <f name="1" face="1" delay="200">
      <p name="body" origin_x="31" origin_y="27" neck_x="-11" neck_y="-26" navel_x="-12" navel_y="-14" z="body" image="swingPF.1.body.png"/>
      <p name="arm" origin_x="7" origin_y="7" navel_x="-14" navel_y="9" hand_x="6" hand_y="3" z="arm" image="swingPF.1.arm.png"/>
      <p name="hand" origin_x="4" origin_y="4" navel_x="17" navel_y="-1" z="handOverHair" image="swingPF.1.hand.png"/>
      <p name="front" origin_x="19" origin_y="17" neck_x="0" neck_y="15" brow_x="-4" brow_y="-5" z="head" image="front.head.png"/>
    </f>
    <f name="2" face="1" delay="200">
      <p name="body" origin_x="30" origin_y="59" neck_x="-21" neck_y="-58" navel_x="-18" navel_y="-46" z="body" image="swingPF.2.body.png"/>
      <p name="arm" origin_x="7" origin_y="7" navel_x="-8" navel_y="25" hand_x="6" hand_y="-4" z="armOverHair" image="swingPF.2.arm.png"/>
      <p name="armOverHair" origin_x="9" origin_y="13" navel_x="5" navel_y="17" z="armOverHair" image="swingPF.2.armOverHair.png"/>
      <p name="front" origin_x="19" origin_y="17" neck_x="0" neck_y="15" brow_x="-4" brow_y="-5" z="head" image="front.head.png"/>
    </f>
    <f name="3" face="1" delay="200">
      <p name="body" origin_x="50" origin_y="28" neck_x="-48" neck_y="-25" navel_x="-36" navel_y="-16" z="body" image="swingPF.3.body.png"/>
      <p name="arm" origin_x="7" origin_y="7" navel_x="15" navel_y="0" hand_x="-8" hand_y="6" z="armOverHair" image="swingPF.3.arm.png"/>
      <p name="front" origin_x="19" origin_y="17" neck_x="0" neck_y="15" brow_x="-4" brow_y="-5" z="head" image="front.head.png"/>
    </f>
  </s>
  <s name="stabO1">
    <f name="0" face="1" delay="350">
      <p name="body" origin_x="30" origin_y="29" neck_x="-4" neck_y="-29" navel_x="-5" navel_y="-17" z="body" image="stabO1.0.body.png"/>
      <p name="arm" origin_x="7" origin_y="7" navel_x="-12" navel_y="4" hand_x="2" hand_y="7" z="arm" image="stabO1.0.arm.png"/>
      <p name="front" origin_x="19" origin_y="17" neck_x="0" neck_y="15" brow_x="-4" brow_y="-5" z="head" image="front.head.png"/>
    </f>
    <f name="1" face="1" delay="450">
      <p name="body" origin_x="25" origin_y="27" neck_x="-23" neck_y="-26" navel_x="-14" navel_y="-15" z="body" image="stabO1.1.body.png"/>
      <p name="arm" origin_x="7" origin_y="7" navel_x="23" navel_y="5" hand_x="-3" hand_y="-2" z="armOverHair" image="stabO1.1.arm.png"/>
      <p name="front" origin_x="19" origin_y="17" neck_x="0" neck_y="15" brow_x="-4" brow_y="-5" z="head" image="front.head.png"/>
    </f>
  </s>
  <s name="stabO2">
    <f name="0" face="1" delay="350">
      <p name="body" origin_x="30" origin_y="33" neck_x="-4" neck_y="-32" navel_x="-5" navel_y="-20" z="body" image="stabO2.0.body.png"/>
      <p name="arm" origin_x="7" origin_y="7" navel_x="-13" navel_y="9" hand_x="-2" hand_y="-3" z="armOverHair" image="stabO2.0.arm.png"/>
      <p name="front" origin_x="19" origin_y="17" neck_x="0" neck_y="15" brow_x="-4" brow_y="-5" z="head" image="front.head.png"/>
    </f>
    <f name="1" face="1" delay="450">
      <p name="body" origin_x="26" origin_y="27" neck_x="-26" neck_y="-25" navel_x="-16" navel_y="-16" z="body" image="stabO2.1.body.png"/>
      <p name="arm" origin_x="7" origin_y="7" navel_x="20" navel_y="4" hand_x="-3" hand_y="-3" z="armOverHair" image="stabO2.1.arm.png"/>
      <p name="front" origin_x="19" origin_y="17" neck_x="0" neck_y="15" brow_x="-4" brow_y="-5" z="head" image="front.head.png"/>
    </f>
  </s>
  <s name="stabOF">
    <f name="0" face="1" delay="250">
      <p name="body" origin_x="8" origin_y="26" neck_x="-5" neck_y="-25" navel_x="4" navel_y="-13" z="body" image="stabOF.0.body.png"/>
      <p name="arm" origin_x="7" origin_y="7" navel_x="-4" navel_y="6" hand_x="3" hand_y="5" z="armOverHair" image="stabOF.0.arm.png"/>
      <p name="front" origin_x="19" origin_y="17" neck_x="0" neck_y="15" brow_x="-4" brow_y="-5" z="head" image="front.head.png"/>
    </f>
    <f name="1" face="1" delay="150">
      <p name="body" origin_x="53" origin_y="34" neck_x="-30" neck_y="-30" navel_x="-18" navel_y="-21" z="body" image="stabOF.1.body.png"/>
      <p name="arm" origin_x="7" origin_y="7" navel_x="-5" navel_y="2" hand_x="-28" hand_y="8" z="armOverHair" image="stabOF.1.arm.png"/>
      <p name="front" origin_x="19" origin_y="17" neck_x="0" neck_y="15" brow_x="-4" brow_y="-5" z="head" image="front.head.png"/>
    </f>
    <f name="2" face="1" delay="300">
      <p name="body" origin_x="60" origin_y="27" neck_x="-50" neck_y="-24" navel_x="-37" navel_y="-15" z="body" image="stabOF.2.body.png"/>
      <p name="arm" origin_x="7" origin_y="7" navel_x="25" navel_y="4" hand_x="2" hand_y="10" z="armOverHair" image="stabOF.2.arm.png"/>
      <p name="front" origin_x="19" origin_y="17" neck_x="0" neck_y="15" brow_x="-4" brow_y="-5" z="head" image="front.head.png"/>
    </f>
  </s>
  <s name="stabT1">
    <f name="0" face="1" delay="300">
      <p name="body" origin_x="25" origin_y="32" neck_x="-18" neck_y="-28" navel_x="-9" navel_y="-19" z="body" image="stabT1.0.body.png"/>
      <p name="arm" origin_x="7" origin_y="7" navel_x="-7" navel_y="6" hand_x="13" hand_y="4" z="armBelowHead" image="stabT1.0.arm.png"/>
      <p name="hand" origin_x="4" origin_y="4" navel_x="2" navel_y="-3" z="handOverHair" image="stabT1.0.hand.png"/>
      <p name="front" origin_x="19" origin_y="17" neck_x="0" neck_y="15" brow_x="-4" brow_y="-5" z="head" image="front.head.png"/>
    </f>
    <f name="1" face="1" delay="100">
      <p name="body" origin_x="32" origin_y="29" neck_x="-31" neck_y="-24" navel_x="-24" navel_y="-18" z="body" image="stabT1.1.body.png"/>
      <p name="arm" origin_x="7" origin_y="7" navel_x="-9" navel_y="6" hand_x="8" hand_y="5" z="armBelowHead" image="stabT1.1.arm.png"/>
      <p name="hand" origin_x="4" origin_y="4" navel_x="5" navel_y="-4" z="handOverHair" image="stabT1.1.hand.png"/>
      <p name="front" origin_x="19" origin_y="17" neck_x="0" neck_y="15" brow_x="-4" brow_y="-5" z="head" image="front.head.png"/>
    </f>
    <f name="2" face="1" delay="350">
      <p name="body" origin_x="58" origin_y="25" neck_x="-35" neck_y="-23" navel_x="-29" navel_y="-14" z="body" image="stabT1.2.body.png"/>
      <p name="arm" origin_x="7" origin_y="7" navel_x="0" navel_y="4" hand_x="-3" hand_y="0" z="armBelowHead" image="stabT1.2.arm.png"/>
      <p name="hand" origin_x="4" origin_y="4" navel_x="25" navel_y="4" z="handOverHair" image="stabT1.2.hand.png"/>
      <p name="front" origin_x="19" origin_y="17" neck_x="0" neck_y="15" brow_x="-4" brow_y="-5" z="head" image="front.head.png"/>
    </f>
  </s>
  <s name="stabT2">
    <f name="0" face="1" delay="300">
      <p name="body" origin_x="15" origin_y="32" neck_x="-9" neck_y="-29" navel_x="-2" navel_y="-18" z="body" image="stabT2.0.body.png"/>
      <p name="arm" origin_x="7" origin_y="7" navel_x="-10" navel_y="8" hand_x="3" hand_y="8" z="armBelowHead" image="stabT2.0.arm.png"/>
      <p name="hand" origin_x="4" origin_y="4" navel_x="12" navel_y="-3" z="handOverHair" image="stabT2.0.hand.png"/>
      <p name="front" origin_x="19" origin_y="17" neck_x="0" neck_y="15" brow_x="-4" brow_y="-5" z="head" image="front.head.png"/>
    </f>
    <f name="1" face="1" delay="100">
      <p name="body" origin_x="23" origin_y="29" neck_x="-25" neck_y="-22" navel_x="-10" navel_y="-16" z="body" image="stabT2.1.body.png"/>
      <p name="arm" origin_x="7" origin_y="7" navel_x="-3" navel_y="9" hand_x="9" hand_y="6" z="armBelowHead" image="stabT2.1.arm.png"/>
      <p name="hand" origin_x="4" origin_y="4" navel_x="15" navel_y="-2" z="handOverHair" image="stabT2.1.hand.png"/>
      <p name="front" origin_x="19" origin_y="17" neck_x="0" neck_y="15" brow_x="-4" brow_y="-5" z="head" image="front.head.png"/>
    </f>
    <f name="2" face="1" delay="350">
      <p name="body" origin_x="43" origin_y="26" neck_x="-28" neck_y="-23" navel_x="-19" navel_y="-14" z="body" image="stabT2.2.body.png"/>
      <p name="arm" origin_x="7" origin_y="7" navel_x="-8" navel_y="5" hand_x="-2" hand_y="9" z="armBelowHead" image="stabT2.2.arm.png"/>
      <p name="hand" origin_x="4" origin_y="4" navel_x="26" navel_y="4" z="handOverHair" image="stabT2.2.hand.png"/>
      <p name="front" origin_x="19" origin_y="17" neck_x="0" neck_y="15" brow_x="-4" brow_y="-5" z="head" image="front.head.png"/>
    </f>
  </s>
  <s name="stabTF">
    <f name="0" face="1" delay="100">
      <p name="body" pointer="swingPF/0/body"/>
      <p name="arm" pointer="swingPF/0/arm"/>
      <p name="hand" pointer="swingPF/0/hand"/>
      <p name="front" origin_x="19" origin_y="17" neck_x="0" neck_y="15" brow_x="-4" brow_y="-5" z="head" image="front.head.png"/>
    </f>
    <f name="1" face="1" delay="200">
      <p name="body" pointer="swingPF/1/body"/>
      <p name="arm" pointer="swingPF/1/arm"/>
      <p name="hand" pointer="swingPF/1/hand"/>
      <p name="front" origin_x="19" origin_y="17" neck_x="0" neck_y="15" brow_x="-4" brow_y="-5" z="head" image="front.head.png"/>
    </f>
    <f name="2" face="1" delay="200">
      <p name="body" origin_x="30" origin_y="59" neck_x="-21" neck_y="-58" navel_x="-18" navel_y="-46" z="body" image="stabTF.2.body.png"/>
      <p name="arm" origin_x="7" origin_y="7" navel_x="-10" navel_y="9" hand_x="4" hand_y="-20" z="armBelowHead" image="stabTF.2.arm.png"/>
      <p name="armOverHair" origin_x="9" origin_y="13" navel_x="-3" navel_y="-4" z="arm" image="stabTF.2.armOverHair.png"/>
      <p name="front" origin_x="19" origin_y="17" neck_x="0" neck_y="15" brow_x="-4" brow_y="-5" z="head" image="front.head.png"/>
    </f>
    <f name="3" face="1" delay="200">
      <p name="body" pointer="stabT1/2/body"/>
      <p name="arm" pointer="stabT1/2/arm"/>
      <p name="hand" pointer="stabT1/2/hand"/>
      <p name="front" origin_x="19" origin_y="17" neck_x="0" neck_y="15" brow_x="-4" brow_y="-5" z="head" image="front.head.png"/>
    </f>
  </s>
  <s name="shoot1">
    <f name="0" face="1" delay="300">
      <p name="body" origin_x="31" origin_y="31" neck_x="-4" neck_y="-32" navel_x="-4" navel_y="-19" z="body" image="shoot1.0.body.png"/>
      <p name="arm" origin_x="7" origin_y="7" navel_x="6" navel_y="9" hand_x="-3" hand_y="-3" z="armOverHair" image="shoot1.0.arm.png"/>
      <p name="front" origin_x="19" origin_y="17" neck_x="0" neck_y="15" brow_x="-4" brow_y="-5" z="head" image="front.head.png"/>
    </f>
    <f name="1" face="1" delay="150">
      <p name="body" origin_x="31" origin_y="31" neck_x="-4" neck_y="-32" navel_x="-4" navel_y="-19" z="body" image="shoot1.1.body.png"/>
      <p name="arm" origin_x="7" origin_y="7" navel_x="-8" navel_y="9" hand_x="-3" hand_y="-3" z="armOverHair" image="shoot1.1.arm.png"/>
      <p name="front" origin_x="19" origin_y="17" neck_x="0" neck_y="15" brow_x="-4" brow_y="-5" z="head" image="front.head.png"/>
    </f>
    <f name="2" face="1" delay="350">
      <p name="body" pointer="shoot1/1/body"/>
      <p name="arm" pointer="shoot1/1/arm"/>
      <p name="front" origin_x="19" origin_y="17" neck_x="0" neck_y="15" brow_x="-4" brow_y="-5" z="head" image="front.head.png"/>
    </f>
  </s>
  <s name="shoot2">
    <f name="0" face="1" delay="160">
      <p name="body" origin_x="24" origin_y="30" neck_x="-5" neck_y="-31" navel_x="-6" navel_y="-18" z="body" image="shoot2.0.body.png"/>
      <p name="arm" origin_x="7" origin_y="7" navel_x="-6" navel_y="5" hand_x="-2" hand_y="0" z="armOverHair" image="shoot2.0.arm.png"/>
      <p name="front" origin_x="19" origin_y="17" neck_x="0" neck_y="15" brow_x="-4" brow_y="-5" z="head" image="front.head.png"/>
    </f>
    <f name="1" face="1" delay="160">
      <p name="body" origin_x="24" origin_y="30" neck_x="-5" neck_y="-31" navel_x="-6" navel_y="-18" z="body" image="shoot2.1.body.png"/>
      <p name="arm" origin_x="7" origin_y="7" navel_x="8" navel_y="10" hand_x="11" hand_y="5" z="armOverHair" image="shoot2.1.arm.png"/>
      <p name="front" origin_x="19" origin_y="17" neck_x="0" neck_y="15" brow_x="-4" brow_y="-5" z="head" image="front.head.png"/>
    </f>
    <f name="2" face="1" delay="250">
      <p name="body" origin_x="24" origin_y="30" neck_x="-5" neck_y="-31" navel_x="-6" navel_y="-18" z="body" image="shoot2.2.body.png"/>
      <p name="arm" origin_x="7" origin_y="7" navel_x="-5" navel_y="9" hand_x="-17" hand_y="-2" z="armOverHair" image="shoot2.2.arm.png"/>
      <p name="front" origin_x="19" origin_y="17" neck_x="0" neck_y="15" brow_x="-4" brow_y="-5" z="head" image="front.head.png"/>
    </f>
    <f name="3" face="1" delay="100">
      <p name="body" origin_x="24" origin_y="30" neck_x="-5" neck_y="-31" navel_x="-6" navel_y="-18" z="body" image="shoot2.3.body.png"/>
      <p name="arm" origin_x="7" origin_y="7" navel_x="-6" navel_y="4" hand_x="-5" hand_y="-8" z="armOverHair" image="shoot2.3.arm.png"/>
      <p name="front" origin_x="19" origin_y="17" neck_x="0" neck_y="15" brow_x="-4" brow_y="-5" z="head" image="front.head.png"/>
    </f>
    <f name="4" face="1" delay="150">
      <p name="body" origin_x="22" origin_y="30" neck_x="-4" neck_y="-31" navel_x="-6" navel_y="-18" z="body" image="shoot2.4.body.png"/>
      <p name="arm" origin_x="7" origin_y="7" navel_x="-8" navel_y="5" hand_x="-8" hand_y="-8" z="armOverHair" image="shoot2.4.arm.png"/>
      <p name="front" origin_x="19" origin_y="17" neck_x="0" neck_y="15" brow_x="-4" brow_y="-5" z="head" image="front.head.png"/>
    </f>
  </s>
  <s name="shootF">
    <f name="0" face="1" delay="300">
      <p name="body" origin_x="32" origin_y="36" neck_x="-4" neck_y="-32" navel_x="-3" navel_y="-19" z="body" image="shootF.0.body.png"/>
      <p name="arm" origin_x="7" origin_y="7" navel_x="5" navel_y="11" hand_x="-3" hand_y="-2" z="armOverHair" image="shootF.0.arm.png"/>
      <p name="front" origin_x="19" origin_y="17" neck_x="0" neck_y="15" brow_x="-4" brow_y="-5" z="head" image="front.head.png"/>
    </f>
    <f name="1" face="1" delay="150">
      <p name="body" origin_x="34" origin_y="35" neck_x="-3" neck_y="-31" navel_x="-3" navel_y="-18" z="body" image="shootF.1.body.png"/>
      <p name="arm" origin_x="7" origin_y="7" navel_x="-9" navel_y="8" hand_x="-2" hand_y="-3" z="armOverHair" image="shootF.1.arm.png"/>
      <p name="front" origin_x="19" origin_y="17" neck_x="0" neck_y="15" brow_x="-4" brow_y="-5" z="head" image="front.head.png"/>
    </f>
    <f name="2" face="1" delay="250">
      <p name="body" pointer="shootF/1/body"/>
      <p name="arm" pointer="shootF/1/arm"/>
      <p name="front" origin_x="19" origin_y="17" neck_x="0" neck_y="15" brow_x="-4" brow_y="-5" z="head" image="front.head.png"/>
    </f>
  </s>
  <s name="proneStab">
    <f name="0" face="1" delay="300">
      <p name="body" origin_x="47" origin_y="15" neck_x="-23" neck_y="-4" navel_x="-7" navel_y="-3" z="body" image="proneStab.0.body.png"/>
      <p name="arm" origin_x="7" origin_y="7" navel_x="7" navel_y="0" hand_x="-2" hand_y="-2" z="armOverHair" image="proneStab.0.arm.png"/>
      <p name="front" origin_x="19" origin_y="17" neck_x="0" neck_y="15" brow_x="-4" brow_y="-5" z="head" image="front.head.png"/>
    </f>
    <f name="1" face="1" delay="400">
      <p name="body" origin_x="47" origin_y="15" neck_x="-23" neck_y="-4" navel_x="-7" navel_y="-3" z="body" image="proneStab.1.body.png"/>
      <p name="arm" origin_x="7" origin_y="7" navel_x="22" navel_y="-1" hand_x="-3" hand_y="-2" z="armOverHair" image="proneStab.1.arm.png"/>
      <p name="front" origin_x="19" origin_y="17" neck_x="0" neck_y="15" brow_x="-4" brow_y="-5" z="head" image="front.head.png"/>
    </f>
  </s>
  <s name="prone">
    <f name="0" face="1">
      <p name="body" pointer="proneStab/0/body"/>
      <p name="arm" pointer="proneStab/0/arm"/>
      <p name="front" origin_x="19" origin_y="17" neck_x="0" neck_y="15" brow_x="-4" brow_y="-5" z="head" image="front.head.png"/>
    </f>
  </s>
  <s name="heal">
    <f name="0" face="1" delay="300">
      <p name="body" pointer="alert/1/body"/>
      <p name="arm" pointer="alert/1/arm"/>
      <p name="lHand" pointer="alert/1/lHand"/>
      <p name="rHand" pointer="alert/1/rHand"/>
      <p name="front" origin_x="19" origin_y="17" neck_x="0" neck_y="15" brow_x="-4" brow_y="-5" z="head" image="front.head.png"/>
    </f>
    <f name="1" face="1" delay="150">
      <p name="body" origin_x="19" origin_y="31" neck_x="-11" neck_y="-30" navel_x="-6" navel_y="-18" z="body" image="heal.1.body.png"/>
      <p name="arm" origin_x="12" origin_y="6" navel_x="13" navel_y="9" hand_x="-8" hand_y="8" z="armBelowHead" image="heal.1.arm.png"/>
      <p name="front" origin_x="19" origin_y="17" neck_x="0" neck_y="15" brow_x="-4" brow_y="-5" z="head" image="front.head.png"/>
    </f>
    <f name="2" face="1" delay="350">
      <p name="body" pointer="swingO2/0/body"/>
      <p name="arm" pointer="swingO2/0/arm"/>
      <p name="front" origin_x="19" origin_y="17" neck_x="0" neck_y="15" brow_x="-4" brow_y="-5" z="head" image="front.head.png"/>
    </f>
  </s>
  <s name="fly">
    <f name="0" face="1" delay="300">
      <p name="body" origin_x="12" origin_y="37" neck_x="-4" neck_y="-37" navel_x="-4" navel_y="-24" z="body" image="fly.0.body.png"/>
      <p name="arm" origin_x="6" origin_y="8" navel_x="-5" navel_y="5" hand_x="-2" hand_y="-4" z="arm" image="fly.0.arm.png"/>
      <p name="lHand" origin_x="13" origin_y="24" navel_x="-1" navel_y="-16" z="handBelowWeapon" image="fly.0.lHand.png"/>
      <p name="rHand" origin_x="4" origin_y="4" navel_x="-3" navel_y="9" z="handOverHair" image="fly.0.rHand.png"/>
      <p name="front" origin_x="19" origin_y="17" neck_x="0" neck_y="15" brow_x="-4" brow_y="-5" z="head" image="front.head.png"/>
    </f>
    <f name="1" face="1" delay="300">
      <p name="body" origin_x="12" origin_y="37" neck_x="-4" neck_y="-37" navel_x="-4" navel_y="-24" z="body" image="fly.1.body.png"/>
      <p name="arm" origin_x="6" origin_y="8" navel_x="-5" navel_y="5" hand_x="-3" hand_y="-3" z="arm" image="fly.1.arm.png"/>
      <p name="lHand" origin_x="13" origin_y="24" navel_x="-1" navel_y="-16" z="handBelowWeapon" image="fly.1.lHand.png"/>
      <p name="rHand" origin_x="4" origin_y="4" navel_x="-3" navel_y="9" z="handOverHair" image="fly.1.rHand.png"/>
      <p name="front" origin_x="19" origin_y="17" neck_x="0" neck_y="15" brow_x="-4" brow_y="-5" z="head" image="front.head.png"/>
    </f>
  </s>
  <s name="jump">
    <f name="0" face="1" delay="200">
      <p name="body" origin_x="22" origin_y="30" neck_x="-4" neck_y="-30" navel_x="-5" navel_y="-18" z="body" image="jump.0.body.png"/>
      <p name="arm" origin_x="7" origin_y="7" navel_x="-7" navel_y="5" hand_x="-3" hand_y="-3" z="armOverHair" image="jump.0.arm.png"/>
      <p name="lHand" origin_x="13" origin_y="24" navel_x="-2" navel_y="-17" z="handBelowWeapon" image="jump.0.lHand.png"/>
      <p name="rHand" origin_x="4" origin_y="4" navel_x="-4" navel_y="8" z="handOverHair" image="jump.0.rHand.png"/>
      <p name="front" origin_x="19" origin_y="17" neck_x="0" neck_y="15" brow_x="-4" brow_y="-5" z="head" image="front.head.png"/>
    </f>
  </s>
  <s name="sit">
    <f name="0" face="1">
      <p name="body" origin_x="19" origin_y="28" neck_x="-1" neck_y="-28" navel_x="-2" navel_y="-17" z="body" image="sit.0.body.png"/>
      <p name="arm" origin_x="5" origin_y="7" navel_x="-4" navel_y="2" hand_x="-1" hand_y="-7" z="arm" image="sit.0.arm.png"/>
      <p name="front" origin_x="19" origin_y="17" neck_x="0" neck_y="15" brow_x="-4" brow_y="-5" z="head" image="front.head.png"/>
    </f>
  </s>
  <s name="ladder">
    <f name="0" face="0" delay="250">
      <p name="ladder" origin_x="11" origin_y="43" neck_x="-1" neck_y="-30" navel_x="0" navel_y="-21" hand_x="-4" hand_y="-39" z="backBody" image="ladder.0.body.png"/>
      <p name="back" origin_x="20" origin_y="17" neck_x="0" neck_y="15" brow_x="-4" brow_y="-5" z="backHead" image="back.head.png"/>
    </f>
    <f name="1" face="0" delay="250">
      <p name="ladder" origin_x="10" origin_y="41" neck_x="2" neck_y="-28" navel_x="2" navel_y="-19" hand_x="7" hand_y="-38" z="backBody" image="ladder.1.body.png"/>
      <p name="back" origin_x="20" origin_y="17" neck_x="0" neck_y="15" brow_x="-4" brow_y="-5" z="backHead" image="back.head.png"/>
    </f>
  </s>
  <s name="rope">
    <f name="0" face="0" delay="250">
      <p name="rope" origin_x="8" origin_y="43" neck_x="1" neck_y="-33" navel_x="2" navel_y="-24" hand_x="1" hand_y="-39" z="backBody" image="rope.0.body.png"/>
      <p name="back" origin_x="20" origin_y="17" neck_x="0" neck_y="15" brow_x="-4" brow_y="-5" z="backHead" image="back.head.png"/>
    </f>
    <f name="1" face="0" delay="250">
      <p name="rope" origin_x="8" origin_y="30" neck_x="1" neck_y="-28" navel_x="1" navel_y="-18" hand_x="1" hand_y="-29" z="backBody" image="rope.1.body.png"/>
      <p name="back" origin_x="20" origin_y="17" neck_x="0" neck_y="15" brow_x="-4" brow_y="-5" z="backHead" image="back.head.png"/>
    </f>
  </s>
  <s name="dead">
    <f name="0" face="1">
      <p name="dead" origin_x="13" origin_y="27" neck_x="1" neck_y="-28" z="body" image="dead.0.body.png"/>
    </f>
  </s>
  <s name="mesoranger">
    <f name="0" face="1" delay="180">
      <p name="body" origin_x="0" origin_y="0" neck_x="-4" neck_y="-26" navel_x="-6" navel_y="-13" z="body" image="mesoranger.0.body.png"/>
      <p name="arm" origin_x="0" origin_y="0" navel_x="-13" navel_y="9" hand_x="3" hand_y="10" z="arm" image="mesoranger.0.arm.png"/>
    </f>
  </s>
</i>
