<i>
  <s name="walk1">
    <f name="0">
      <p name="mail"  origin_x="7" origin_y="11" navel_x="0" navel_y="0" z="mailChest" image="walk1.0.mail.png"/>
      <p name="mailArm"  origin_x="-6" origin_y="11" navel_x="0" navel_y="0" z="mailArm" image="walk1.0.mailArm.png"/>
    </f>
    <f name="1">
      <p name="mail"  origin_x="6" origin_y="11" navel_x="0" navel_y="0" z="mailChest" image="walk1.1.mail.png"/>
      <p name="mailArm"  origin_x="-5" origin_y="9" navel_x="0" navel_y="0" z="mailArm" image="walk1.1.mailArm.png"/>
    </f>
    <f name="2">
      <p name="mail"  origin_x="7" origin_y="11" navel_x="0" navel_y="0" z="mailChest" image="walk1.2.mail.png"/>
      <p name="mailArm"  pointer="walk1/0/mailArm"/>
    </f>
    <f name="3">
      <p name="mail"  origin_x="10" origin_y="12" navel_x="0" navel_y="0" z="mailChest" image="walk1.3.mail.png"/>
      <p name="mailArm"  origin_x="3" origin_y="12" navel_x="0" navel_y="0" z="mailArm" image="walk1.3.mailArm.png"/>
    </f>
  </s>
  <s name="walk2">
    <f name="0">
      <p name="mail"  origin_x="7" origin_y="12" navel_x="0" navel_y="0" z="mailChest" image="walk2.0.mail.png"/>
      <p name="mailArm"  origin_x="-6" origin_y="8" navel_x="0" navel_y="0" z="mailArm" image="walk2.0.mailArm.png"/>
    </f>
    <f name="1">
      <p name="mail"  origin_x="6" origin_y="11" navel_x="0" navel_y="0" z="mailChest" image="walk2.1.mail.png"/>
      <p name="mailArm"  origin_x="-5" origin_y="8" navel_x="0" navel_y="0" z="mailArm" image="walk2.1.mailArm.png"/>
    </f>
    <f name="2">
      <p name="mail"  origin_x="7" origin_y="11" navel_x="0" navel_y="0" z="mailChest" image="walk2.2.mail.png"/>
      <p name="mailArm"  pointer="walk2/0/mailArm"/>
    </f>
    <f name="3">
      <p name="mail"  origin_x="7" origin_y="12" navel_x="0" navel_y="0" z="mailChest" image="walk2.3.mail.png"/>
      <p name="mailArm"  origin_x="-7" origin_y="10" navel_x="0" navel_y="0" z="mailArm" image="walk2.3.mailArm.png"/>
    </f>
  </s>
  <s name="stand1">
    <f name="0">
      <p name="mail"  origin_x="7" origin_y="10" navel_x="0" navel_y="0" z="mailChest" image="stand1.0.mail.png"/>
      <p name="mailArm"  origin_x="-8" origin_y="8" navel_x="0" navel_y="0" z="mailArm" image="stand1.0.mailArm.png"/>
    </f>
    <f name="1">
      <p name="mail"  origin_x="8" origin_y="11" navel_x="0" navel_y="0" z="mailChest" image="stand1.1.mail.png"/>
      <p name="mailArm"  origin_x="-7" origin_y="11" navel_x="0" navel_y="0" z="mailArm" image="stand1.1.mailArm.png"/>
    </f>
    <f name="2">
      <p name="mail"  origin_x="10" origin_y="10" navel_x="0" navel_y="0" z="mailChest" image="stand1.2.mail.png"/>
      <p name="mailArm"  origin_x="-7" origin_y="10" navel_x="0" navel_y="0" z="mailArm" image="stand1.2.mailArm.png"/>
    </f>
  </s>
  <s name="stand2">
    <f name="0">
      <p name="mail"  origin_x="5" origin_y="10" navel_x="0" navel_y="0" z="mailChest" image="stand2.0.mail.png"/>
      <p name="mailArm"  origin_x="-6" origin_y="8" navel_x="0" navel_y="0" z="mailArm" image="stand2.0.mailArm.png"/>
    </f>
    <f name="1">
      <p name="mail"  origin_x="8" origin_y="11" navel_x="0" navel_y="0" z="mailChest" image="stand2.1.mail.png"/>
      <p name="mailArm"  origin_x="-6" origin_y="9" navel_x="0" navel_y="0" z="mailArm" image="stand2.1.mailArm.png"/>
    </f>
    <f name="2">
      <p name="mail"  origin_x="10" origin_y="10" navel_x="0" navel_y="0" z="mailChest" image="stand2.2.mail.png"/>
      <p name="mailArm"  origin_x="-6" origin_y="8" navel_x="0" navel_y="0" z="mailArm" image="stand2.2.mailArm.png"/>
    </f>
  </s>
  <s name="alert">
    <f name="0">
      <p name="mail"  origin_x="8" origin_y="11" navel_x="0" navel_y="0" z="mailChest" image="alert.0.mail.png"/>
      <p name="mailArm"  origin_x="-4" origin_y="9" navel_x="0" navel_y="0" z="mailArmOverHair" image="alert.0.mailArm.png"/>
    </f>
    <f name="1">
      <p name="mail"  origin_x="8" origin_y="10" navel_x="0" navel_y="0" z="mailChest" image="alert.1.mail.png"/>
      <p name="mailArm"  origin_x="-5" origin_y="9" navel_x="0" navel_y="0" z="mailArmOverHair" image="alert.1.mailArm.png"/>
    </f>
    <f name="2">
      <p name="mail"  origin_x="8" origin_y="12" navel_x="0" navel_y="0" z="mailChest" image="alert.2.mail.png"/>
      <p name="mailArm"  origin_x="-4" origin_y="9" navel_x="0" navel_y="0" z="mailArmOverHair" image="alert.2.mailArm.png"/>
    </f>
  </s>
  <s name="swingO1">
    <f name="0">
      <p name="mail"  origin_x="7" origin_y="12" navel_x="0" navel_y="0" z="mailChest" image="swingO1.0.mail.png"/>
      <p name="mailArm"  origin_x="12" origin_y="9" navel_x="0" navel_y="0" z="mailArmOverHair" image="swingO1.0.mailArm.png"/>
    </f>
    <f name="1">
      <p name="mail"  origin_x="3" origin_y="13" navel_x="0" navel_y="0" z="mailChest" image="swingO1.1.mail.png"/>
      <p name="mailArm"  origin_x="10" origin_y="11" navel_x="0" navel_y="0" z="mailArmOverHair" image="swingO1.1.mailArm.png"/>
    </f>
    <f name="2">
      <p name="mail"  origin_x="6" origin_y="11" navel_x="0" navel_y="0" z="mailChest" image="swingO1.2.mail.png"/>
      <p name="mailArm"  origin_x="-1" origin_y="20" navel_x="0" navel_y="0" z="mailArmOverHair" image="swingO1.2.mailArm.png"/>
    </f>
  </s>
  <s name="swingO2">
    <f name="0">
      <p name="mail"  origin_x="6" origin_y="11" navel_x="0" navel_y="0" z="mailChest" image="swingO2.0.mail.png"/>
      <p name="mailArm"  origin_x="16" origin_y="13" navel_x="0" navel_y="0" z="mailArmBelowHead" image="swingO2.0.mailArm.png"/>
    </f>
    <f name="1">
      <p name="mail"  origin_x="7" origin_y="13" navel_x="0" navel_y="0" z="mailChest" image="swingO2.1.mail.png"/>
      <p name="mailArm"  origin_x="17" origin_y="10" navel_x="0" navel_y="0" z="mailArm" image="swingO2.1.mailArm.png"/>
    </f>
    <f name="2">
      <p name="mail"  origin_x="13" origin_y="13" navel_x="0" navel_y="0" z="mailChest" image="swingO2.2.mail.png"/>
      <p name="mailArm"  origin_x="-3" origin_y="12" navel_x="0" navel_y="0" z="mailArm" image="swingO2.2.mailArm.png"/>
    </f>
  </s>
  <s name="swingO3">
    <f name="0">
      <p name="mail"  origin_x="21" origin_y="12" navel_x="0" navel_y="0" z="mailChest" image="swingO3.0.mail.png"/>
      <p name="mailArm"  origin_x="-3" origin_y="12" navel_x="0" navel_y="0" z="mailArm" image="swingO3.0.mailArm.png"/>
    </f>
    <f name="1">
      <p name="mail"  origin_x="4" origin_y="14" navel_x="0" navel_y="0" z="mailChest" image="swingO3.1.mail.png"/>
      <p name="mailArm"  origin_x="15" origin_y="11" navel_x="0" navel_y="0" z="mailArmOverHair" image="swingO3.1.mailArm.png"/>
    </f>
    <f name="2">
      <p name="mail"  origin_x="3" origin_y="12" navel_x="0" navel_y="0" z="mailChest" image="swingO3.2.mail.png"/>
      <p name="mailArm"  origin_x="8" origin_y="9" navel_x="0" navel_y="0" z="mailArmOverHair" image="swingO3.2.mailArm.png"/>
    </f>
  </s>
  <s name="swingOF">
    <f name="0">
      <p name="swingOF"  origin_x="14" origin_y="14" navel_x="0" navel_y="0" z="mailChest" image="swingOF.0.mail.png"/>
    </f>
    <f name="1">
      <p name="swingOF"  origin_x="13" origin_y="16" navel_x="0" navel_y="0" z="backMailChestOverPants" image="swingOF.1.mail.png"/>
    </f>
    <f name="2">
      <p name="swingOF"  origin_x="17" origin_y="14" navel_x="0" navel_y="0" z="mailChest" image="swingOF.2.mail.png"/>
    </f>
    <f name="3">
      <p name="mail"  origin_x="11" origin_y="18" navel_x="0" navel_y="0" z="mailChest" image="swingOF.3.mail.png"/>
      <p name="mailArm"  origin_x="16" origin_y="9" navel_x="0" navel_y="0" z="mailArmBelowHeadOverMailChest" image="swingOF.3.mailArm.png"/>
    </f>
  </s>
  <s name="swingT1">
    <f name="0">
      <p name="mail"  origin_x="5" origin_y="10" navel_x="0" navel_y="0" z="mailChest" image="swingT1.0.mail.png"/>
      <p name="mailArm"  origin_x="2" origin_y="20" navel_x="0" navel_y="0" z="mailArmOverHairBelowWeapon" image="swingT1.0.mailArm.png"/>
      <p name="mailArmOverHair"  origin_x="-6" origin_y="23" navel_x="0" navel_y="0" z="mailArmOverHair" image="swingT1.0.mailArmOverHair.png"/>
    </f>
    <f name="1">
      <p name="mail"  origin_x="7" origin_y="14" navel_x="0" navel_y="0" z="mailChest" image="swingT1.1.mail.png"/>
      <p name="mailArm"  origin_x="18" origin_y="9" navel_x="0" navel_y="0" z="mailArmOverHairBelowWeapon" image="swingT1.1.mailArm.png"/>
      <p name="mailArmOverHair"  origin_x="13" origin_y="17" navel_x="0" navel_y="0" z="mailArmOverHair" image="swingT1.1.mailArmOverHair.png"/>
    </f>
    <f name="2">
      <p name="mail"  origin_x="10" origin_y="12" navel_x="0" navel_y="0" z="mailChest" image="swingT1.2.mail.png"/>
      <p name="mailArm"  origin_x="14" origin_y="7" navel_x="0" navel_y="0" z="mailArm" image="swingT1.2.mailArm.png"/>
    </f>
  </s>
  <s name="swingT2">
    <f name="0">
      <p name="swingT2"  origin_x="11" origin_y="14" navel_x="0" navel_y="0" z="mailChest" image="swingT2.0.mail.png"/>
    </f>
    <f name="1">
      <p name="mail"  origin_x="15" origin_y="13" navel_x="0" navel_y="0" z="mailChest" image="swingT2.1.mail.png"/>
      <p name="mailArm"  origin_x="10" origin_y="9" navel_x="0" navel_y="0" z="mailArm" image="swingT2.1.mailArm.png"/>
    </f>
    <f name="2">
      <p name="mail"  origin_x="9" origin_y="13" navel_x="0" navel_y="0" z="mailChest" image="swingT2.2.mail.png"/>
      <p name="mailArm"  origin_x="9" origin_y="12" navel_x="0" navel_y="0" z="mailArmBelowHeadOverMailChest" image="swingT2.2.mailArm.png"/>
    </f>
  </s>
  <s name="swingT3">
    <f name="0">
      <p name="mail"  origin_x="8" origin_y="14" navel_x="0" navel_y="0" z="mailChest" image="swingT3.0.mail.png"/>
      <p name="mailArm"  origin_x="6" origin_y="9" navel_x="0" navel_y="0" z="mailArm" image="swingT3.0.mailArm.png"/>
    </f>
    <f name="1">
      <p name="mail"  origin_x="8" origin_y="10" navel_x="0" navel_y="0" z="mailChest" image="swingT3.1.mail.png"/>
      <p name="mailArm"  origin_x="8" origin_y="8" navel_x="0" navel_y="0" z="mailArmBelowHeadOverMailChest" image="swingT3.1.mailArm.png"/>
    </f>
    <f name="2">
      <p name="mail"  origin_x="9" origin_y="15" navel_x="0" navel_y="0" z="mailChest" image="swingT3.2.mail.png"/>
      <p name="mailArm"  origin_x="19" origin_y="15" navel_x="0" navel_y="0" z="mailArmBelowHead" image="swingT3.2.mailArm.png"/>
    </f>
  </s>
  <s name="swingTF">
    <f name="0">
      <p name="swingTF"  origin_x="9" origin_y="18" navel_x="0" navel_y="0" z="backMailChest" image="swingTF.0.mail.png"/>
    </f>
    <f name="1">
      <p name="mail"  origin_x="11" origin_y="12" navel_x="0" navel_y="0" z="mailChest" image="swingTF.1.mail.png"/>
      <p name="mailArm"  origin_x="0" origin_y="13" navel_x="0" navel_y="0" z="mailArmBelowHeadOverMailChest" image="swingTF.1.mailArm.png"/>
    </f>
    <f name="2">
      <p name="mail"  origin_x="8" origin_y="14" navel_x="0" navel_y="0" z="mailChest" image="swingTF.2.mail.png"/>
      <p name="mailArm"  origin_x="12" origin_y="23" navel_x="0" navel_y="0" z="mailArmOverHair" image="swingTF.2.mailArm.png"/>
    </f>
    <f name="3">
      <p name="mail"  origin_x="12" origin_y="14" navel_x="0" navel_y="0" z="mailChest" image="swingTF.3.mail.png"/>
      <p name="mailArm"  origin_x="17" origin_y="9" navel_x="0" navel_y="0" z="mailArmOverHair" image="swingTF.3.mailArm.png"/>
    </f>
  </s>
  <s name="swingP1">
    <f name="0">
      <p name="mail"  origin_x="6" origin_y="12" navel_x="0" navel_y="0" z="mailChest" image="swingP1.0.mail.png"/>
      <p name="mailArm"  origin_x="8" origin_y="22" navel_x="0" navel_y="0" z="mailArmOverHairBelowWeapon" image="swingP1.0.mailArm.png"/>
      <p name="mailArmOverHair"  origin_x="-5" origin_y="23" navel_x="0" navel_y="0" z="mailArmOverHair" image="swingP1.0.mailArmOverHair.png"/>
    </f>
    <f name="1">
      <p name="mail"  origin_x="16" origin_y="15" navel_x="0" navel_y="0" z="mailChest" image="swingP1.1.mail.png"/>
      <p name="mailArm"  origin_x="13" origin_y="18" navel_x="0" navel_y="0" z="mailArmOverHair" image="swingP1.1.mailArm.png"/>
    </f>
    <f name="2">
      <p name="mail"  origin_x="10" origin_y="13" navel_x="0" navel_y="0" z="mailChest" image="swingP1.2.mail.png"/>
      <p name="mailArm"  origin_x="14" origin_y="8" navel_x="0" navel_y="0" z="mailArm" image="swingP1.2.mailArm.png"/>
    </f>
  </s>
  <s name="swingP2">
    <f name="0">
      <p name="mail"  origin_x="9" origin_y="20" navel_x="0" navel_y="0" z="mailChest" image="swingP2.0.mail.png"/>
      <p name="mailArm"  origin_x="16" origin_y="10" navel_x="0" navel_y="0" z="mailArm" image="swingP2.0.mailArm.png"/>
    </f>
    <f name="1">
      <p name="mail"  origin_x="17" origin_y="16" navel_x="0" navel_y="0" z="mailChest" image="swingP2.1.mail.png"/>
      <p name="mailArm"  origin_x="12" origin_y="7" navel_x="0" navel_y="0" z="mailArm" image="swingP2.1.mailArm.png"/>
    </f>
    <f name="2">
      <p name="mail"  origin_x="9" origin_y="13" navel_x="0" navel_y="0" z="mailChest" image="swingP2.2.mail.png"/>
      <p name="mailArm"  origin_x="9" origin_y="12" navel_x="0" navel_y="0" z="mailArmBelowHead" image="swingP2.2.mailArm.png"/>
    </f>
  </s>
  <s name="swingPF">
    <f name="0">
      <p name="mail"  origin_x="16" origin_y="14" navel_x="0" navel_y="0" z="mailChest" image="swingPF.0.mail.png"/>
      <p name="mailArm"  origin_x="-6" origin_y="17" navel_x="0" navel_y="0" z="mailArm" image="swingPF.0.mailArm.png"/>
    </f>
    <f name="1">
      <p name="mail"  origin_x="14" origin_y="14" navel_x="0" navel_y="0" z="mailChest" image="swingPF.1.mail.png"/>
      <p name="mailArm"  origin_x="-7" origin_y="16" navel_x="0" navel_y="0" z="mailArm" image="swingPF.1.mailArm.png"/>
    </f>
    <f name="2">
      <p name="mail"  origin_x="11" origin_y="13" navel_x="0" navel_y="0" z="mailChest" image="swingPF.2.mail.png"/>
      <p name="mailArm"  origin_x="14" origin_y="22" navel_x="0" navel_y="0" z="mailArmOverHair" image="swingPF.2.mailArm.png"/>
      <p name="mailArmOverHair"  origin_x="0" origin_y="24" navel_x="0" navel_y="0" z="mailArmOverHair" image="swingPF.2.mailArmOverHair.png"/>
    </f>
    <f name="3">
      <p name="mail"  origin_x="13" origin_y="12" navel_x="0" navel_y="0" z="mailChest" image="swingPF.3.mail.png"/>
      <p name="mailArm"  origin_x="17" origin_y="8" navel_x="0" navel_y="0" z="mailArmOverHair" image="swingPF.3.mailArm.png"/>
    </f>
  </s>
  <s name="stabO1">
    <f name="0">
      <p name="mail"  origin_x="16" origin_y="13" navel_x="0" navel_y="0" z="mailChest" image="stabO1.0.mail.png"/>
      <p name="mailArm"  origin_x="-5" origin_y="11" navel_x="0" navel_y="0" z="mailArm" image="stabO1.0.mailArm.png"/>
    </f>
    <f name="1">
      <p name="mail"  origin_x="8" origin_y="13" navel_x="0" navel_y="0" z="mailChest" image="stabO1.1.mail.png"/>
      <p name="mailArm"  origin_x="21" origin_y="11" navel_x="0" navel_y="0" z="mailArmOverHair" image="stabO1.1.mailArm.png"/>
    </f>
  </s>
  <s name="stabO2">
    <f name="0">
      <p name="mail"  origin_x="16" origin_y="13" navel_x="0" navel_y="0" z="mailChest" image="stabO2.0.mail.png"/>
      <p name="mailArm"  origin_x="-7" origin_y="13" navel_x="0" navel_y="0" z="mailArmOverHair" image="stabO2.0.mailArm.png"/>
    </f>
    <f name="1">
      <p name="mail"  origin_x="6" origin_y="11" navel_x="0" navel_y="0" z="mailChest" image="stabO2.1.mail.png"/>
      <p name="mailArm"  origin_x="19" origin_y="10" navel_x="0" navel_y="0" z="mailArmOverHair" image="stabO2.1.mailArm.png"/>
    </f>
  </s>
  <s name="stabOF">
    <f name="0">
      <p name="mail"  origin_x="13" origin_y="15" navel_x="0" navel_y="0" z="mailChest" image="stabOF.0.mail.png"/>
      <p name="mailArm"  origin_x="3" origin_y="13" navel_x="0" navel_y="0" z="mailArmOverHair" image="stabOF.0.mailArm.png"/>
    </f>
    <f name="1">
      <p name="mail"  origin_x="26" origin_y="12" navel_x="0" navel_y="0" z="mailChest" image="stabOF.1.mail.png"/>
      <p name="mailArm"  origin_x="3" origin_y="10" navel_x="0" navel_y="0" z="mailArmOverHair" image="stabOF.1.mailArm.png"/>
    </f>
    <f name="2">
      <p name="mail"  origin_x="16" origin_y="13" navel_x="0" navel_y="0" z="mailChest" image="stabOF.2.mail.png"/>
      <p name="mailArm"  origin_x="22" origin_y="11" navel_x="0" navel_y="0" z="mailArmOverHair" image="stabOF.2.mailArm.png"/>
    </f>
  </s>
  <s name="stabT1">
    <f name="0">
      <p name="mail"  origin_x="10" origin_y="14" navel_x="0" navel_y="0" z="mailChest" image="stabT1.0.mail.png"/>
      <p name="mailArm"  origin_x="0" origin_y="13" navel_x="0" navel_y="0" z="mailArmBelowHead" image="stabT1.0.mailArm.png"/>
    </f>
    <f name="1">
      <p name="mail"  origin_x="8" origin_y="11" navel_x="0" navel_y="0" z="mailChest" image="stabT1.1.mail.png"/>
      <p name="mailArm"  origin_x="-2" origin_y="13" navel_x="0" navel_y="0" z="mailArmBelowHead" image="stabT1.1.mailArm.png"/>
    </f>
    <f name="2">
      <p name="mail"  origin_x="21" origin_y="13" navel_x="0" navel_y="0" z="mailChest" image="stabT1.2.mail.png"/>
      <p name="mailArm"  origin_x="-2" origin_y="11" navel_x="0" navel_y="0" z="mailArmBelowHead" image="stabT1.2.mailArm.png"/>
    </f>
  </s>
  <s name="stabT2">
    <f name="0">
      <p name="mail"  origin_x="13" origin_y="15" navel_x="0" navel_y="0" z="mailChest" image="stabT2.0.mail.png"/>
      <p name="mailArm"  origin_x="-3" origin_y="15" navel_x="0" navel_y="0" z="mailArmBelowHead" image="stabT2.0.mailArm.png"/>
    </f>
    <f name="1">
      <p name="mail"  origin_x="13" origin_y="14" navel_x="0" navel_y="0" z="mailChest" image="stabT2.1.mail.png"/>
      <p name="mailArm"  origin_x="4" origin_y="16" navel_x="0" navel_y="0" z="mailArmBelowHead" image="stabT2.1.mailArm.png"/>
    </f>
    <f name="2">
      <p name="mail"  origin_x="20" origin_y="12" navel_x="0" navel_y="0" z="mailChest" image="stabT2.2.mail.png"/>
      <p name="mailArm"  origin_x="1" origin_y="12" navel_x="0" navel_y="0" z="mailArmBelowHead" image="stabT2.2.mailArm.png"/>
    </f>
  </s>
  <s name="stabTF">
    <f name="0">
      <p name="mail"  pointer="swingPF/0/mail"/>
      <p name="mailArm"  pointer="swingPF/0/mailArm"/>
    </f>
    <f name="1">
      <p name="mail"  pointer="swingPF/1/mail"/>
      <p name="mailArm"  pointer="swingPF/1/mailArm"/>
    </f>
    <f name="2">
      <p name="mail"  origin_x="9" origin_y="11" navel_x="1" navel_y="2" z="mailChest" image="stabTF.2.mail.png"/>
      <p name="mailArm"  origin_x="6" origin_y="10" navel_x="1" navel_y="0" z="mailArm" image="stabTF.2.mailArm.png"/>
      <p name="mailArmOverHair"  origin_x="-2" origin_y="16" navel_x="0" navel_y="0" z="mailArmOverHair" image="stabTF.2.mailArmOverHair.png"/>
    </f>
    <f name="3">
      <p name="mail"  pointer="stabT1/2/mail"/>
      <p name="mailArm"  pointer="stabT1/2/mailArm"/>
    </f>
  </s>
  <s name="shoot1">
    <f name="0">
      <p name="mail"  origin_x="18" origin_y="13" navel_x="0" navel_y="0" z="mailChest" image="shoot1.0.mail.png"/>
      <p name="mailArm"  origin_x="4" origin_y="14" navel_x="0" navel_y="0" z="mailArmOverHair" image="shoot1.0.mailArm.png"/>
    </f>
    <f name="1">
      <p name="mail"  origin_x="18" origin_y="13" navel_x="0" navel_y="0" z="mailChest" image="shoot1.1.mail.png"/>
      <p name="mailArm"  origin_x="-6" origin_y="14" navel_x="0" navel_y="0" z="mailArmOverHair" image="shoot1.1.mailArm.png"/>
    </f>
    <f name="2">
      <p name="mail"  pointer="shoot1/1/mail"/>
      <p name="mailArm"  pointer="shoot1/1/mailArm"/>
    </f>
  </s>
  <s name="shoot2">
    <f name="0">
      <p name="mail"  origin_x="10" origin_y="13" navel_x="0" navel_y="0" z="mailChest" image="shoot2.0.mail.png"/>
      <p name="mailArm"  origin_x="-4" origin_y="12" navel_x="0" navel_y="0" z="mailArmOverHair" image="shoot2.0.mailArm.png"/>
    </f>
    <f name="1">
      <p name="mail"  origin_x="10" origin_y="13" navel_x="0" navel_y="0" z="mailChest" image="shoot2.1.mail.png"/>
      <p name="mailArm"  origin_x="5" origin_y="14" navel_x="0" navel_y="0" z="mailArmOverHair" image="shoot2.1.mailArm.png"/>
    </f>
    <f name="2">
      <p name="mail"  origin_x="10" origin_y="13" navel_x="0" navel_y="0" z="mailChest" image="shoot2.2.mail.png"/>
      <p name="mailArm"  origin_x="-7" origin_y="13" navel_x="0" navel_y="0" z="mailArmOverHair" image="shoot2.2.mailArm.png"/>
    </f>
    <f name="3">
      <p name="mail"  origin_x="10" origin_y="13" navel_x="0" navel_y="0" z="mailChest" image="shoot2.3.mail.png"/>
      <p name="mailArm"  origin_x="-5" origin_y="12" navel_x="0" navel_y="0" z="mailArmOverHair" image="shoot2.3.mailArm.png"/>
    </f>
    <f name="4">
      <p name="mail"  origin_x="8" origin_y="13" navel_x="0" navel_y="0" z="mailChest" image="shoot2.4.mail.png"/>
      <p name="mailArm"  origin_x="-6" origin_y="12" navel_x="0" navel_y="0" z="mailArmOverHair" image="shoot2.4.mailArm.png"/>
    </f>
  </s>
  <s name="shootF">
    <f name="0">
      <p name="mail"  origin_x="19" origin_y="13" navel_x="0" navel_y="0" z="mailChest" image="shootF.0.mail.png"/>
      <p name="mailArm"  origin_x="3" origin_y="17" navel_x="0" navel_y="0" z="mailArmOverHair" image="shootF.0.mailArm.png"/>
    </f>
    <f name="1">
      <p name="mail"  origin_x="21" origin_y="14" navel_x="0" navel_y="0" z="mailChest" image="shootF.1.mail.png"/>
      <p name="mailArm"  origin_x="-7" origin_y="10" navel_x="0" navel_y="0" z="mailArmOverHair" image="shootF.1.mailArm.png"/>
    </f>
    <f name="2">
      <p name="mail"  pointer="shootF/1/mail"/>
      <p name="mailArm"  pointer="shootF/1/mailArm"/>
    </f>
  </s>
  <s name="proneStab">
    <f name="0">
      <p name="mail"  origin_x="33" origin_y="12" navel_x="0" navel_y="0" z="mailChest" image="proneStab.0.mail.png"/>
      <p name="mailArm"  origin_x="3" origin_y="4" navel_x="0" navel_y="0" z="mailArmOverHair" image="proneStab.0.mailArm.png"/>
    </f>
    <f name="1">
      <p name="mail"  pointer="proneStab/0/mail"/>
      <p name="mailArm"  origin_x="19" origin_y="5" navel_x="0" navel_y="0" z="mailArmOverHair" image="proneStab.1.mailArm.png"/>
    </f>
  </s>
  <s name="prone">
    <f name="0">
      <p name="mail"  pointer="proneStab/0/mail"/>
      <p name="mailArm"  pointer="proneStab/0/mailArm"/>
    </f>
  </s>
  <s name="heal">
    <f name="0">
      <p name="mail"  pointer="alert/1/mail"/>
      <p name="mailArm"  pointer="alert/1/mailArm"/>
    </f>
    <f name="1">
      <p name="mail"  pointer="swingO2/1/mail"/>
      <p name="mailArm"  pointer="swingO2/1/mailArm"/>
    </f>
    <f name="2">
      <p name="mail"  pointer="swingO2/0/mail"/>
      <p name="mailArm"  pointer="swingO2/0/mailArm"/>
    </f>
  </s>
  <s name="fly">
    <f name="0">
      <p name="mail"  origin_x="8" origin_y="14" navel_x="0" navel_y="0" z="mailChest" image="fly.0.mail.png"/>
      <p name="mailArm"  origin_x="-5" origin_y="10" navel_x="0" navel_y="0" z="mailArmOverHair" image="fly.0.mailArm.png"/>
    </f>
    <f name="1">
      <p name="mail"  origin_x="8" origin_y="14" navel_x="0" navel_y="0" z="mailChest" image="fly.1.mail.png"/>
      <p name="mailArm"  pointer="fly/0/mailArm"/>
    </f>
  </s>
  <s name="jump">
    <f name="0">
      <p name="mail"  origin_x="7" origin_y="13" navel_x="0" navel_y="0" z="mailChest" image="jump.0.mail.png"/>
      <p name="mailArm"  origin_x="-5" origin_y="10" navel_x="0" navel_y="0" z="mailArmOverHair" image="jump.0.mailArm.png"/>
    </f>
  </s>
  <s name="sit">
    <f name="0">
      <p name="mail"  origin_x="6" origin_y="13" navel_x="0" navel_y="0" z="mailChest" image="sit.0.mail.png"/>
      <p name="mailArm"  origin_x="-5" origin_y="9" navel_x="0" navel_y="0" z="mailArmOverHair" image="sit.0.mailArm.png"/>
    </f>
  </s>
  <s name="ladder">
    <f name="0">
      <p name="ladder"  origin_x="11" origin_y="15" navel_x="0" navel_y="0" z="backMailChest" image="ladder.0.mail.png"/>
    </f>
    <f name="1">
      <p name="ladder"  origin_x="10" origin_y="15" navel_x="0" navel_y="0" z="backMailChest" image="ladder.1.mail.png"/>
    </f>
  </s>
  <s name="rope">
    <f name="0">
      <p name="rope"  origin_x="10" origin_y="17" navel_x="0" navel_y="0" z="backMailChest" image="rope.0.mail.png"/>
    </f>
    <f name="1">
      <p name="rope"  origin_x="9" origin_y="11" navel_x="0" navel_y="0" z="backMailChest" image="rope.1.mail.png"/>
    </f>
  </s>
</i>
