  <i name="02060005">
  <i name="info">
    <i name="icon">
      <i name="origin">
        <i name="x" value="-3"/>
        <i name="y" value="25"/>
      </i>
      <i name="z" value="0"/>
      <i name="image" value="02060005.info.icon.png"/>
    </i>
    <i name="iconRaw">
      <i name="origin">
        <i name="x" value="-6"/>
        <i name="y" value="25"/>
      </i>
      <i name="z" value="0"/>
      <i name="image" value="02060005.info.iconRaw.png"/>
    </i>
    <i name="slotMax" value="800"/>
    <i name="incPAD" value="10"/>
    <i name="reqLevel" value="10"/>
    <i name="tradeBlock" value="1"/>
  </i>
  <i name="bullet">
    <i name="0">
      <i name="origin">
        <i name="x" value="22"/>
        <i name="y" value="9"/>
      </i>
      <i name="delay" value="150"/>
      <i name="image" value="02060005.bullet.0.png"/>
    </i>
    <i name="1">
      <i name="origin">
        <i name="x" value="20"/>
        <i name="y" value="11"/>
      </i>
      <i name="delay" value="150"/>
      <i name="image" value="02060005.bullet.1.png"/>
    </i>
    <i name="2">
      <i name="origin">
        <i name="x" value="21"/>
        <i name="y" value="10"/>
      </i>
      <i name="delay" value="150"/>
      <i name="image" value="02060005.bullet.2.png"/>
    </i>
    <i name="3">
      <i name="origin">
        <i name="x" value="20"/>
        <i name="y" value="11"/>
      </i>
      <i name="delay" value="150"/>
      <i name="image" value="02060005.bullet.3.png"/>
    </i>
  </i>
  <i name="hit">
    <i name="0">
      <i name="origin">
        <i name="x" value="13"/>
        <i name="y" value="20"/>
      </i>
      <i name="delay" value="90"/>
      <i name="image" value="02060005.hit.0.png"/>
    </i>
    <i name="1">
      <i name="origin">
        <i name="x" value="17"/>
        <i name="y" value="29"/>
      </i>
      <i name="delay" value="100"/>
      <i name="image" value="02060005.hit.1.png"/>
    </i>
    <i name="2">
      <i name="origin">
        <i name="x" value="26"/>
        <i name="y" value="34"/>
      </i>
      <i name="delay" value="100"/>
      <i name="image" value="02060005.hit.2.png"/>
    </i>
    <i name="3">
      <i name="origin">
        <i name="x" value="34"/>
        <i name="y" value="57"/>
      </i>
      <i name="delay" value="100"/>
      <i name="image" value="02060005.hit.3.png"/>
    </i>
  </i>
  </i>
