<i>
<s name="info"><f name="icon" ><p name="info"  image="info.icon.png"/></f><f name="iconRaw" ><p name="info"  origin_x="0" origin_y="32" image="info.iconRaw.png"/></f><p name="reqJob" v="0"/></s>
<s name="default"><f name="default" ><p name="default"  origin_x="16" origin_y="25" brow_x="11" brow_y="9" z="cap" image="default.default.png"/></f></s>
<s name="backDefault"><f name="default" ><p name="backDefault"  origin_x="16" origin_y="33" brow_x="11" brow_y="3" z="backCap" image="backDefault.default.png"/></f></s>
<s name="walk1"><f name="0" ><p name="pointer"  pointer="default/default"/></f><f name="1" ><p name="walk1"  origin_x="15" origin_y="25" brow_x="8" brow_y="9" z="cap" image="walk1.1.default.png"/></f><f name="2" ><p name="walk1"  origin_x="15" origin_y="25" brow_x="12" brow_y="9" z="cap" image="walk1.2.default.png"/></f><f name="3" ><p name="walk1"  origin_x="15" origin_y="25" brow_x="14" brow_y="9" z="cap" image="walk1.3.default.png"/></f></s>
<s name="walk2"><f name="0" ><p name="pointer"  pointer="default/default"/></f><f name="1" ><p name="pointer"  pointer="walk1/1/default"/></f><f name="2" ><p name="pointer"  pointer="walk1/2/default"/></f><f name="3" ><p name="pointer"  pointer="walk1/3/default"/></f></s>
<s name="stand1"><f name="0" ><p name="stand1"  origin_x="15" origin_y="25" brow_x="12" brow_y="9" z="cap" image="stand1.0.default.png"/></f><f name="1" ><p name="stand1"  origin_x="15" origin_y="25" brow_x="12" brow_y="9" z="cap" image="stand1.1.default.png"/></f><f name="2" ><p name="stand1"  origin_x="15" origin_y="25" brow_x="12" brow_y="9" z="cap" image="stand1.2.default.png"/></f></s>
<s name="stand2"><f name="0" ><p name="pointer"  pointer="stand1/0/default"/></f><f name="1" ><p name="pointer"  pointer="stand1/1/default"/></f><f name="2" ><p name="pointer"  pointer="stand1/2/default"/></f></s>
<s name="alert"><f name="0" ><p name="alert"  origin_x="15" origin_y="25" brow_x="12" brow_y="9" z="cap" image="alert.0.default.png"/></f><f name="1" ><p name="alert"  origin_x="15" origin_y="25" brow_x="10" brow_y="7" z="cap" image="alert.1.default.png"/></f><f name="2" ><p name="alert"  origin_x="15" origin_y="25" brow_x="9" brow_y="5" z="cap" image="alert.2.default.png"/></f></s>
<s name="swingO1"><f name="0" ><p name="swingO1"  origin_x="15" origin_y="25" brow_x="12" brow_y="9" z="cap" image="swingO1.0.default.png"/></f><f name="1" ><p name="pointer"  pointer="swingO1/0/default"/></f><f name="2" ><p name="pointer"  pointer="swingO1/0/default"/></f></s>
<s name="swingO2"><f name="0" ><p name="pointer"  pointer="swingO1/0/default"/></f><f name="1" ><p name="pointer"  pointer="swingO1/0/default"/></f><f name="2" ><p name="pointer"  pointer="swingO1/0/default"/></f></s>
<s name="swingO3"><f name="0" ><p name="pointer"  pointer="swingO1/0/default"/></f><f name="1" ><p name="pointer"  pointer="swingO1/0/default"/></f><f name="2" ><p name="pointer"  pointer="swingO1/0/default"/></f></s>
<s name="swingOF"><f name="0" ><p name="pointer"  pointer="swingO1/0/default"/></f><f name="1" ><p name="pointer"  pointer="backDefault/default"/></f><f name="2" ><p name="pointer"  pointer="swingO1/0/default"/></f><f name="3" ><p name="pointer"  pointer="swingO1/0/default"/></f></s>
<s name="swingT1"><f name="0" ><p name="pointer"  pointer="swingO1/0/default"/></f><f name="1" ><p name="pointer"  pointer="swingO1/0/default"/></f><f name="2" ><p name="pointer"  pointer="swingO1/0/default"/></f></s>
<s name="swingT2"><f name="0" ><p name="pointer"  pointer="swingO1/0/default"/></f><f name="1" ><p name="pointer"  pointer="swingO1/0/default"/></f><f name="2" ><p name="pointer"  pointer="swingO1/0/default"/></f></s>
<s name="swingT3"><f name="0" ><p name="pointer"  pointer="swingO1/0/default"/></f><f name="1" ><p name="pointer"  pointer="swingO1/0/default"/></f><f name="2" ><p name="pointer"  pointer="swingO1/0/default"/></f></s>
<s name="swingTF"><f name="0" ><p name="pointer"  pointer="backDefault/default"/></f><f name="1" ><p name="pointer"  pointer="swingO1/0/default"/></f><f name="2" ><p name="pointer"  pointer="swingO1/0/default"/></f><f name="3" ><p name="pointer"  pointer="swingO1/0/default"/></f></s>
<s name="swingP1"><f name="0" ><p name="pointer"  pointer="swingO1/0/default"/></f><f name="1" ><p name="pointer"  pointer="swingO1/0/default"/></f><f name="2" ><p name="pointer"  pointer="swingO1/0/default"/></f></s>
<s name="swingP2"><f name="0" ><p name="pointer"  pointer="swingO1/0/default"/></f><f name="1" ><p name="pointer"  pointer="swingO1/0/default"/></f><f name="2" ><p name="pointer"  pointer="swingO1/0/default"/></f></s>
<s name="swingPF"><f name="0" ><p name="pointer"  pointer="swingO1/0/default"/></f><f name="1" ><p name="pointer"  pointer="swingO1/0/default"/></f><f name="2" ><p name="pointer"  pointer="swingO1/0/default"/></f><f name="3" ><p name="pointer"  pointer="swingO1/0/default"/></f></s>
<s name="stabO1"><f name="0" ><p name="pointer"  pointer="swingO1/0/default"/></f><f name="1" ><p name="pointer"  pointer="swingO1/0/default"/></f></s>
<s name="stabO2"><f name="0" ><p name="pointer"  pointer="swingO1/0/default"/></f><f name="1" ><p name="pointer"  pointer="swingO1/0/default"/></f></s>
<s name="stabOF"><f name="0" ><p name="pointer"  pointer="swingO1/0/default"/></f><f name="1" ><p name="pointer"  pointer="swingO1/0/default"/></f><f name="2" ><p name="pointer"  pointer="swingO1/0/default"/></f></s>
<s name="stabT1"><f name="0" ><p name="pointer"  pointer="swingO1/0/default"/></f><f name="1" ><p name="pointer"  pointer="swingO1/0/default"/></f><f name="2" ><p name="pointer"  pointer="swingO1/0/default"/></f></s>
<s name="stabT2"><f name="0" ><p name="pointer"  pointer="swingO1/0/default"/></f><f name="1" ><p name="pointer"  pointer="swingO1/0/default"/></f><f name="2" ><p name="pointer"  pointer="swingO1/0/default"/></f></s>
<s name="stabTF"><f name="0" ><p name="pointer"  pointer="swingO1/0/default"/></f><f name="1" ><p name="pointer"  pointer="swingO1/0/default"/></f><f name="2" ><p name="pointer"  pointer="swingO1/0/default"/></f><f name="3" ><p name="pointer"  pointer="swingO1/0/default"/></f></s>
<s name="shoot1"><f name="0" ><p name="pointer"  pointer="swingO1/0/default"/></f><f name="1" ><p name="pointer"  pointer="swingO1/0/default"/></f><f name="2" ><p name="pointer"  pointer="swingO1/0/default"/></f></s>
<s name="shoot2"><f name="0" ><p name="pointer"  pointer="swingO1/0/default"/></f><f name="1" ><p name="pointer"  pointer="swingO1/0/default"/></f><f name="2" ><p name="pointer"  pointer="swingO1/0/default"/></f><f name="3" ><p name="pointer"  pointer="swingO1/0/default"/></f><f name="4" ><p name="pointer"  pointer="swingO1/0/default"/></f></s>
<s name="shootF"><f name="0" ><p name="pointer"  pointer="swingO1/0/default"/></f><f name="1" ><p name="pointer"  pointer="swingO1/0/default"/></f><f name="2" ><p name="pointer"  pointer="swingO1/0/default"/></f></s>
<s name="proneStab"><f name="0" ><p name="proneStab"  origin_x="15" origin_y="25" brow_x="12" brow_y="9" z="cap" image="proneStab.0.default.png"/></f><f name="1" ><p name="pointer"  pointer="proneStab/0/default"/></f></s>
<s name="prone"><f name="0" ><p name="pointer"  pointer="proneStab/0/default"/></f></s>
<s name="heal"><f name="0" ><p name="pointer"  pointer="swingO1/0/default"/></f><f name="1" ><p name="pointer"  pointer="swingO1/0/default"/></f><f name="2" ><p name="pointer"  pointer="swingO1/0/default"/></f></s>
<s name="fly"><f name="0" ><p name="pointer"  pointer="alert/0/default"/></f><f name="1" ><p name="pointer"  pointer="alert/0/default"/></f></s>
<s name="jump"><f name="0" ><p name="pointer"  pointer="alert/0/default"/></f></s>
<s name="sit"><f name="0" ><p name="sit"  origin_x="15" origin_y="25" brow_x="12" brow_y="9" z="cap" image="sit.0.default.png"/></f></s>
<s name="ladder"><f name="0" ><p name="pointer"  pointer="backDefault/default"/></f><f name="1" ><p name="pointer"  pointer="backDefault/default"/></f></s>
<s name="rope"><f name="0" ><p name="pointer"  pointer="backDefault/default"/></f><f name="1" ><p name="pointer"  pointer="backDefault/default"/></f></s>
</i>
