<i>
<s name="default"><f name="default" ><p name="default"  origin_x="5" origin_y="5" brow_x="2" brow_y="-23" z="accessoryFace" image="default.default.png"/></f></s>
<s name="blink"><f name="0" ><p name="pointer"  pointer="default/default"/></f><f name="1" ><p name="pointer"  pointer="default/default"/></f><f name="2" ><p name="pointer"  pointer="default/default"/></f></s>
<s name="hit"><f name="0" ><p name="hit"  origin_x="5" origin_y="5" brow_x="2" brow_y="-23" z="accessoryFace" image="hit.0.default.png"/></f></s>
<s name="smile"><f name="0" ><p name="smile"  origin_x="15" origin_y="25" brow_x="-13" brow_y="-44" z="accessoryFace" image="smile.0.default.png"/></f></s>
<s name="troubled"><f name="0" ><p name="troubled"  origin_x="3" origin_y="3" brow_x="2" brow_y="-22" z="accessoryFace" image="troubled.0.default.png"/></f></s>
<s name="cry"><f name="0" ><p name="cry"  origin_x="3" origin_y="3" brow_x="2" brow_y="-22" z="accessoryFace" image="cry.0.default.png"/></f></s>
<s name="angry"><f name="0" ><p name="angry"  origin_x="15" origin_y="25" brow_x="-13" brow_y="-44" z="accessoryFace" image="angry.0.default.png"/></f></s>
<s name="bewildered"><f name="0" ><p name="bewildered"  origin_x="5" origin_y="5" brow_x="2" brow_y="-23" z="accessoryFace" image="bewildered.0.default.png"/></f></s>
<s name="stunned"><f name="0" ><p name="stunned"  origin_x="5" origin_y="5" brow_x="2" brow_y="-23" z="accessoryFace" image="stunned.0.default.png"/></f></s>
<s name="vomit"><f name="0" ><p name="vomit"  origin_x="15" origin_y="25" brow_x="-13" brow_y="-45" z="accessoryFace" image="vomit.0.default.png"/></f><f name="1" ><p name="pointer"  pointer="vomit/0/default"/></f></s>
<s name="oops"><f name="0" ><p name="oops"  origin_x="15" origin_y="25" brow_x="-13" brow_y="-44" z="accessoryFace" image="oops.0.default.png"/></f></s>
<s name="cheers"><f name="0" ><p name="cheers"  origin_x="15" origin_y="25" brow_x="-13" brow_y="-44" z="accessoryFace" image="cheers.0.default.png"/></f></s>
<s name="chu"><f name="0" ><p name="chu"  origin_x="15" origin_y="25" brow_x="-12" brow_y="-44" z="accessoryFace" image="chu.0.default.png"/></f></s>
<s name="wink"><f name="0" ><p name="wink"  origin_x="15" origin_y="25" brow_x="-12" brow_y="-44" z="accessoryFace" image="wink.0.default.png"/></f></s>
<s name="pain"><f name="0" ><p name="pain"  origin_x="15" origin_y="25" brow_x="-11" brow_y="-43" z="accessoryFace" image="pain.0.default.png"/></f></s>
<s name="glitter"><f name="0" ><p name="glitter"  origin_x="15" origin_y="25" brow_x="-11" brow_y="-43" z="accessoryFace" image="glitter.0.default.png"/></f><f name="1" ><p name="pointer"  pointer="glitter/0/default"/></f></s>
<s name="shine"><f name="0" ><p name="shine"  origin_x="15" origin_y="25" brow_x="-12" brow_y="-42" z="accessoryFace" image="shine.0.default.png"/></f></s>
<s name="blaze"><f name="0" ><p name="blaze"  origin_x="15" origin_y="25" brow_x="-12" brow_y="-42" z="accessoryFaceOverCap" image="blaze.0.default.png"/></f><f name="1" ><p name="pointer"  pointer="blaze/0/default"/></f></s>
<s name="love"><f name="0" ><p name="love"  origin_x="15" origin_y="25" brow_x="-14" brow_y="-42" z="accessoryFace" image="love.0.default.png"/></f><f name="1" ><p name="pointer"  pointer="love/0/default"/></f></s>
<s name="despair"><f name="0" ><p name="despair"  origin_x="15" origin_y="25" brow_x="-14" brow_y="-45" z="accessoryFace" image="despair.0.default.png"/></f><f name="1" ><p name="pointer"  pointer="despair/0/default"/></f></s>
<s name="hum"><f name="0" ><p name="hum"  origin_x="15" origin_y="25" brow_x="-14" brow_y="-45" z="accessoryFace" image="hum.0.default.png"/></f><f name="1" ><p name="pointer"  pointer="hum/0/default"/></f></s>
<s name="bowing"><f name="0" ><p name="bowing"  origin_x="15" origin_y="25" brow_x="-14" brow_y="-45" z="accessoryFace" image="bowing.0.default.png"/></f><f name="1" ><p name="pointer"  pointer="bowing/0/default"/></f></s>
<s name="hot"><f name="0" ><p name="hot"  origin_x="15" origin_y="25" brow_x="-14" brow_y="-45" z="accessoryFace" image="hot.0.default.png"/></f><f name="1" ><p name="pointer"  pointer="hot/0/default"/></f></s>
<s name="dam"><f name="0" ><p name="dam"  origin_x="15" origin_y="25" brow_x="-14" brow_y="-45" z="accessoryFace" image="dam.0.default.png"/></f><f name="1" ><p name="pointer"  pointer="dam/0/default"/></f></s>
</i>
