<i>
<s name="info"><f name="icon" ><p name="info"  image="info.icon.png"/></f><f name="iconRaw" ><p name="info"  origin_x="1" origin_y="33" image="info.iconRaw.png"/></f><p name="reqJob" v="0"/></s>
<s name="default"><f name="default" ><p name="default"  origin_x="15" origin_y="25" brow_x="3" brow_y="-2" z="cap" image="default.default.png"/></f><f name="defaultTail" ><p name="default"  origin_x="5" origin_y="4" brow_x="-20" brow_y="-21" z="cap" image="default.defaultTail.png"/></f></s>
<s name="backDefault"><f name="default" ><p name="backDefault"  origin_x="15" origin_y="25" brow_x="2" brow_y="0" z="backCap" image="backDefault.default.png"/></f></s>
<s name="walk1"><f name="0" ><p name="default"  pointer="default/default"/><p name="defaultTail"  pointer="default/defaultTail"/></f><f name="1" ><p name="default"  pointer="default/default"/><p name="defaultTail"  pointer="default/defaultTail"/></f><f name="2" ><p name="default"  pointer="default/default"/><p name="defaultTail"  pointer="default/defaultTail"/></f><f name="3" ><p name="default"  pointer="default/default"/><p name="defaultTail"  pointer="default/defaultTail"/></f></s>
<s name="walk2"><f name="0" ><p name="default"  pointer="default/default"/><p name="defaultTail"  pointer="default/defaultTail"/></f><f name="1" ><p name="default"  pointer="default/default"/><p name="defaultTail"  pointer="default/defaultTail"/></f><f name="2" ><p name="default"  pointer="default/default"/><p name="defaultTail"  pointer="default/defaultTail"/></f><f name="3" ><p name="default"  pointer="default/default"/><p name="defaultTail"  pointer="default/defaultTail"/></f></s>
<s name="stand1"><f name="0" ><p name="default"  pointer="default/default"/><p name="defaultTail"  pointer="default/defaultTail"/></f><f name="1" ><p name="default"  pointer="default/default"/><p name="defaultTail"  pointer="default/defaultTail"/></f><f name="2" ><p name="default"  pointer="default/default"/><p name="defaultTail"  pointer="default/defaultTail"/></f></s>
<s name="stand2"><f name="0" ><p name="default"  pointer="default/default"/><p name="defaultTail"  pointer="default/defaultTail"/></f><f name="1" ><p name="default"  pointer="default/default"/><p name="defaultTail"  pointer="default/defaultTail"/></f><f name="2" ><p name="default"  pointer="default/default"/><p name="defaultTail"  pointer="default/defaultTail"/></f></s>
<s name="alert"><f name="0" ><p name="default"  origin_x="21" origin_y="23" brow_x="-3" brow_y="0" z="cap" image="alert.0.default.png"/><p name="defaultTail"  pointer="default/defaultTail"/></f><f name="1" ><p name="default"  pointer="alert/0/default"/><p name="defaultTail"  pointer="default/defaultTail"/></f><f name="2" ><p name="default"  pointer="alert/0/default"/><p name="defaultTail"  pointer="default/defaultTail"/></f></s>
<s name="swingO1"><f name="0" ><p name="default"  pointer="default/default"/><p name="defaultTail"  pointer="default/defaultTail"/></f><f name="1" ><p name="default"  pointer="default/default"/><p name="defaultTail"  pointer="default/defaultTail"/></f><f name="2" ><p name="default"  pointer="default/default"/><p name="defaultTail"  pointer="default/defaultTail"/></f></s>
<s name="swingO2"><f name="0" ><p name="default"  pointer="default/default"/><p name="defaultTail"  pointer="default/defaultTail"/></f><f name="1" ><p name="default"  pointer="default/default"/><p name="defaultTail"  pointer="default/defaultTail"/></f><f name="2" ><p name="default"  pointer="default/default"/><p name="defaultTail"  pointer="default/defaultTail"/></f></s>
<s name="swingO3"><f name="0" ><p name="default"  pointer="default/default"/><p name="defaultTail"  pointer="default/defaultTail"/></f><f name="1" ><p name="default"  pointer="default/default"/><p name="defaultTail"  pointer="default/defaultTail"/></f><f name="2" ><p name="default"  pointer="default/default"/><p name="defaultTail"  pointer="default/defaultTail"/></f></s>
<s name="swingOF"><f name="0" ><p name="default"  origin_x="21" origin_y="24" brow_x="-3" brow_y="0" z="cap" image="swingOF.0.default.png"/><p name="defaultTail"  pointer="default/defaultTail"/></f><f name="1" ><p name="pointer"  pointer="backDefault/default"/></f><f name="2" ><p name="default"  pointer="swingOF/0/default"/><p name="defaultTail"  pointer="default/defaultTail"/></f><f name="3" ><p name="default"  pointer="swingOF/0/default"/><p name="defaultTail"  pointer="default/defaultTail"/></f></s>
<s name="swingT1"><f name="0" ><p name="default"  pointer="default/default"/><p name="defaultTail"  pointer="default/defaultTail"/></f><f name="1" ><p name="default"  pointer="default/default"/><p name="defaultTail"  pointer="default/defaultTail"/></f><f name="2" ><p name="default"  pointer="default/default"/><p name="defaultTail"  pointer="default/defaultTail"/></f></s>
<s name="swingT2"><f name="0" ><p name="default"  pointer="default/default"/><p name="defaultTail"  pointer="default/defaultTail"/></f><f name="1" ><p name="default"  pointer="default/default"/><p name="defaultTail"  pointer="default/defaultTail"/></f><f name="2" ><p name="default"  pointer="default/default"/><p name="defaultTail"  pointer="default/defaultTail"/></f></s>
<s name="swingT3"><f name="0" ><p name="default"  pointer="default/default"/><p name="defaultTail"  pointer="default/defaultTail"/></f><f name="1" ><p name="default"  pointer="default/default"/><p name="defaultTail"  pointer="default/defaultTail"/></f><f name="2" ><p name="default"  pointer="default/default"/><p name="defaultTail"  pointer="default/defaultTail"/></f></s>
<s name="swingTF"><f name="0" ><p name="pointer"  pointer="backDefault/default"/></f><f name="1" ><p name="default"  origin_x="21" origin_y="24" brow_x="-3" brow_y="0" z="cap" image="swingTF.1.default.png"/><p name="defaultTail"  pointer="default/defaultTail"/></f><f name="2" ><p name="default"  pointer="swingTF/1/default"/><p name="defaultTail"  pointer="default/defaultTail"/></f><f name="3" ><p name="default"  pointer="swingTF/1/default"/><p name="defaultTail"  pointer="default/defaultTail"/></f></s>
<s name="swingP1"><f name="0" ><p name="default"  pointer="default/default"/><p name="defaultTail"  pointer="default/defaultTail"/></f><f name="1" ><p name="default"  pointer="default/default"/><p name="defaultTail"  pointer="default/defaultTail"/></f><f name="2" ><p name="default"  pointer="default/default"/><p name="defaultTail"  pointer="default/defaultTail"/></f></s>
<s name="swingP2"><f name="0" ><p name="default"  pointer="default/default"/><p name="defaultTail"  pointer="default/defaultTail"/></f><f name="1" ><p name="default"  pointer="default/default"/><p name="defaultTail"  pointer="default/defaultTail"/></f><f name="2" ><p name="default"  pointer="default/default"/><p name="defaultTail"  pointer="default/defaultTail"/></f></s>
<s name="swingPF"><f name="0" ><p name="default"  pointer="swingOF/0/default"/><p name="defaultTail"  pointer="default/defaultTail"/></f><f name="1" ><p name="default"  pointer="swingOF/0/default"/><p name="defaultTail"  pointer="default/defaultTail"/></f><f name="2" ><p name="default"  pointer="swingOF/0/default"/><p name="defaultTail"  pointer="default/defaultTail"/></f><f name="3" ><p name="default"  pointer="swingOF/0/default"/><p name="defaultTail"  pointer="default/defaultTail"/></f></s>
<s name="stabO1"><f name="0" ><p name="default"  pointer="default/default"/><p name="defaultTail"  pointer="default/defaultTail"/></f><f name="1" ><p name="default"  pointer="default/default"/><p name="defaultTail"  pointer="default/defaultTail"/></f></s>
<s name="stabO2"><f name="0" ><p name="default"  pointer="default/default"/><p name="defaultTail"  pointer="default/defaultTail"/></f><f name="1" ><p name="default"  pointer="default/default"/><p name="defaultTail"  pointer="default/defaultTail"/></f></s>
<s name="stabOF"><f name="0" ><p name="default"  pointer="swingOF/0/default"/><p name="defaultTail"  pointer="default/defaultTail"/></f><f name="1" ><p name="default"  pointer="swingOF/0/default"/><p name="defaultTail"  pointer="default/defaultTail"/></f><f name="2" ><p name="default"  pointer="swingOF/0/default"/><p name="defaultTail"  pointer="default/defaultTail"/></f></s>
<s name="stabT1"><f name="0" ><p name="default"  pointer="default/default"/><p name="defaultTail"  pointer="default/defaultTail"/></f><f name="1" ><p name="default"  pointer="default/default"/><p name="defaultTail"  pointer="default/defaultTail"/></f><f name="2" ><p name="default"  pointer="default/default"/><p name="defaultTail"  pointer="default/defaultTail"/></f></s>
<s name="stabT2"><f name="0" ><p name="default"  pointer="default/default"/><p name="defaultTail"  pointer="default/defaultTail"/></f><f name="1" ><p name="default"  pointer="default/default"/><p name="defaultTail"  pointer="default/defaultTail"/></f><f name="2" ><p name="default"  pointer="default/default"/><p name="defaultTail"  pointer="default/defaultTail"/></f></s>
<s name="stabTF"><f name="0" ><p name="default"  pointer="swingOF/0/default"/><p name="defaultTail"  pointer="default/defaultTail"/></f><f name="1" ><p name="default"  pointer="swingOF/0/default"/><p name="defaultTail"  pointer="default/defaultTail"/></f><f name="2" ><p name="default"  pointer="swingOF/0/default"/><p name="defaultTail"  pointer="default/defaultTail"/></f><f name="3" ><p name="default"  pointer="swingOF/0/default"/><p name="defaultTail"  pointer="default/defaultTail"/></f></s>
<s name="shoot1"><f name="0" ><p name="default"  pointer="default/default"/><p name="defaultTail"  pointer="default/defaultTail"/></f><f name="1" ><p name="default"  pointer="default/default"/><p name="defaultTail"  pointer="default/defaultTail"/></f><f name="2" ><p name="default"  pointer="default/default"/><p name="defaultTail"  pointer="default/defaultTail"/></f></s>
<s name="shoot2"><f name="0" ><p name="default"  pointer="default/default"/><p name="defaultTail"  pointer="default/defaultTail"/></f><f name="1" ><p name="default"  pointer="default/default"/><p name="defaultTail"  pointer="default/defaultTail"/></f><f name="2" ><p name="default"  pointer="default/default"/><p name="defaultTail"  pointer="default/defaultTail"/></f><f name="3" ><p name="default"  pointer="default/default"/><p name="defaultTail"  pointer="default/defaultTail"/></f><f name="4" ><p name="default"  pointer="default/default"/><p name="defaultTail"  pointer="default/defaultTail"/></f></s>
<s name="shootF"><f name="0" ><p name="default"  pointer="swingOF/0/default"/><p name="defaultTail"  pointer="default/defaultTail"/></f><f name="1" ><p name="default"  pointer="swingOF/0/default"/><p name="defaultTail"  pointer="default/defaultTail"/></f><f name="2" ><p name="default"  pointer="swingOF/0/default"/><p name="defaultTail"  pointer="default/defaultTail"/></f></s>
<s name="proneStab"><f name="0" ><p name="proneStab"  origin_x="21" origin_y="23" brow_x="-3" brow_y="0" z="cap" image="proneStab.0.default.png"/></f><f name="1" ><p name="pointer"  pointer="proneStab/0/default"/></f></s>
<s name="prone"><f name="0" ><p name="default"  pointer="default/default"/><p name="defaultTail"  pointer="default/defaultTail"/></f></s>
<s name="heal"><f name="0" ><p name="default"  pointer="default/default"/><p name="defaultTail"  pointer="default/defaultTail"/></f><f name="1" ><p name="default"  pointer="default/default"/><p name="defaultTail"  pointer="default/defaultTail"/></f><f name="2" ><p name="default"  pointer="default/default"/><p name="defaultTail"  pointer="default/defaultTail"/></f></s>
<s name="fly"><f name="0" ><p name="default"  origin_x="21" origin_y="23" brow_x="-3" brow_y="0" z="cap" image="fly.0.default.png"/><p name="defaultTail"  pointer="default/defaultTail"/></f><f name="1" ><p name="default"  pointer="fly/0/default"/><p name="defaultTail"  pointer="default/defaultTail"/></f></s>
<s name="jump"><f name="0" ><p name="default"  pointer="fly/0/default"/><p name="defaultTail"  pointer="default/defaultTail"/></f></s>
<s name="sit"><f name="0" ><p name="default"  pointer="proneStab/0/default"/><p name="defaultTail"  pointer="default/defaultTail"/></f></s>
<s name="ladder"><f name="0" ><p name="pointer"  pointer="backDefault/default"/></f><f name="1" ><p name="pointer"  pointer="backDefault/default"/></f></s>
<s name="rope"><f name="0" ><p name="pointer"  pointer="backDefault/default"/></f><f name="1" ><p name="pointer"  pointer="backDefault/default"/></f></s>
</i>
