  <i name="3221006">
  <i name="effect">
    <i name="0">
      <i name="origin">
        <i name="x" value="93"/>
        <i name="y" value="118"/>
      </i>
      <i name="delay" value="90"/>
      <i name="image" value="3221006.effect.0.png"/>
    </i>
    <i name="1">
      <i name="origin">
        <i name="x" value="95"/>
        <i name="y" value="118"/>
      </i>
      <i name="delay" value="90"/>
      <i name="image" value="3221006.effect.1.png"/>
    </i>
    <i name="2">
      <i name="origin">
        <i name="x" value="93"/>
        <i name="y" value="117"/>
      </i>
      <i name="delay" value="90"/>
      <i name="image" value="3221006.effect.2.png"/>
    </i>
    <i name="3">
      <i name="origin">
        <i name="x" value="92"/>
        <i name="y" value="118"/>
      </i>
      <i name="delay" value="90"/>
      <i name="image" value="3221006.effect.3.png"/>
    </i>
    <i name="4">
      <i name="origin">
        <i name="x" value="85"/>
        <i name="y" value="118"/>
      </i>
      <i name="delay" value="90"/>
      <i name="image" value="3221006.effect.4.png"/>
    </i>
    <i name="5">
      <i name="origin">
        <i name="x" value="88"/>
        <i name="y" value="117"/>
      </i>
      <i name="delay" value="90"/>
      <i name="image" value="3221006.effect.5.png"/>
    </i>
    <i name="6">
      <i name="origin">
        <i name="x" value="91"/>
        <i name="y" value="116"/>
      </i>
      <i name="delay" value="90"/>
      <i name="image" value="3221006.effect.6.png"/>
    </i>
    <i name="7">
      <i name="origin">
        <i name="x" value="93"/>
        <i name="y" value="110"/>
      </i>
      <i name="delay" value="90"/>
      <i name="image" value="3221006.effect.7.png"/>
    </i>
    <i name="8">
      <i name="origin">
        <i name="x" value="93"/>
        <i name="y" value="110"/>
      </i>
      <i name="delay" value="90"/>
      <i name="image" value="3221006.effect.8.png"/>
    </i>
    <i name="9">
      <i name="origin">
        <i name="x" value="93"/>
        <i name="y" value="107"/>
      </i>
      <i name="delay" value="90"/>
      <i name="image" value="3221006.effect.9.png"/>
    </i>
    <i name="10">
      <i name="origin">
        <i name="x" value="93"/>
        <i name="y" value="104"/>
      </i>
      <i name="delay" value="90"/>
      <i name="image" value="3221006.effect.10.png"/>
    </i>
    <i name="11">
      <i name="origin">
        <i name="x" value="91"/>
        <i name="y" value="100"/>
      </i>
      <i name="delay" value="90"/>
      <i name="image" value="3221006.effect.11.png"/>
    </i>
    <i name="12">
      <i name="origin">
        <i name="x" value="90"/>
        <i name="y" value="97"/>
      </i>
      <i name="delay" value="90"/>
      <i name="image" value="3221006.effect.12.png"/>
    </i>
    <i name="13">
      <i name="origin">
        <i name="x" value="88"/>
        <i name="y" value="97"/>
      </i>
      <i name="delay" value="90"/>
      <i name="image" value="3221006.effect.13.png"/>
    </i>
    <i name="14">
      <i name="origin">
        <i name="x" value="85"/>
        <i name="y" value="97"/>
      </i>
      <i name="delay" value="90"/>
      <i name="image" value="3221006.effect.14.png"/>
    </i>
    <i name="15">
      <i name="origin">
        <i name="x" value="77"/>
        <i name="y" value="97"/>
      </i>
      <i name="delay" value="90"/>
      <i name="image" value="3221006.effect.15.png"/>
    </i>
    <i name="16">
      <i name="origin">
        <i name="x" value="72"/>
        <i name="y" value="97"/>
      </i>
      <i name="delay" value="90"/>
      <i name="image" value="3221006.effect.16.png"/>
    </i>
    <i name="17">
      <i name="origin">
        <i name="x" value="71"/>
        <i name="y" value="96"/>
      </i>
      <i name="delay" value="90"/>
      <i name="image" value="3221006.effect.17.png"/>
    </i>
    <i name="18">
      <i name="origin">
        <i name="x" value="69"/>
        <i name="y" value="95"/>
      </i>
      <i name="delay" value="90"/>
      <i name="image" value="3221006.effect.18.png"/>
    </i>
    <i name="19">
      <i name="origin">
        <i name="x" value="67"/>
        <i name="y" value="92"/>
      </i>
      <i name="delay" value="90"/>
      <i name="image" value="3221006.effect.19.png"/>
    </i>
  </i>
  <i name="mob">
    <i name="0">
      <i name="origin">
        <i name="x" value="23"/>
        <i name="y" value="52"/>
      </i>
      <i name="delay" value="100"/>
      <i name="image" value="3221006.mob.0.png"/>
    </i>
    <i name="1">
      <i name="origin">
        <i name="x" value="24"/>
        <i name="y" value="54"/>
      </i>
      <i name="delay" value="100"/>
      <i name="image" value="3221006.mob.1.png"/>
    </i>
    <i name="2">
      <i name="origin">
        <i name="x" value="24"/>
        <i name="y" value="55"/>
      </i>
      <i name="delay" value="100"/>
      <i name="image" value="3221006.mob.2.png"/>
    </i>
    <i name="3">
      <i name="origin">
        <i name="x" value="25"/>
        <i name="y" value="54"/>
      </i>
      <i name="delay" value="100"/>
      <i name="image" value="3221006.mob.3.png"/>
    </i>
    <i name="4">
      <i name="origin">
        <i name="x" value="25"/>
        <i name="y" value="52"/>
      </i>
      <i name="delay" value="100"/>
      <i name="image" value="3221006.mob.4.png"/>
    </i>
    <i name="5">
      <i name="origin">
        <i name="x" value="24"/>
        <i name="y" value="54"/>
      </i>
      <i name="delay" value="100"/>
      <i name="image" value="3221006.mob.5.png"/>
    </i>
    <i name="6">
      <i name="origin">
        <i name="x" value="25"/>
        <i name="y" value="55"/>
      </i>
      <i name="delay" value="100"/>
      <i name="image" value="3221006.mob.6.png"/>
    </i>
  </i>
  </i>
