<i>
  <s name="walk1">
    <f name="0">
      <p name="weapon"  origin_x="48" origin_y="30" hand_x="0" hand_y="-1" z="weapon" image="37.walk1.0.weapon.png" />
    </f>
    <f name="1">
      <p name="weapon"  origin_x="42" origin_y="35" hand_x="0" hand_y="0" z="weapon" image="37.walk1.1.weapon.png" />
    </f>
    <f name="2">
      <p name="weapon"  pointer="37/walk1/0/weapon" />
    </f>
    <f name="3">
      <p name="weapon"  origin_x="50" origin_y="23" hand_x="0" hand_y="0" z="weapon" image="37.walk1.3.weapon.png" />
    </f>
  </s>
  <s name="stand1">
    <f name="0">
      <p name="weapon"  origin_x="47" origin_y="24" hand_x="0" hand_y="0" z="weapon" image="37.stand1.0.weapon.png" />
    </f>
    <f name="1">
      <p name="weapon"  pointer="37/stand1/0/weapon" />
    </f>
    <f name="2">
      <p name="weapon"  pointer="37/stand1/0/weapon" />
    </f>
  </s>
  <s name="alert">
    <f name="0">
      <p name="weapon"  origin_x="42" origin_y="49" hand_x="0" hand_y="0" z="weaponOverHand" image="37.alert.0.weapon.png" />
    </f>
    <f name="1">
      <p name="weapon"  origin_x="43" origin_y="49" hand_x="0" hand_y="0" z="weaponOverHand" image="37.alert.1.weapon.png" />
    </f>
    <f name="2">
      <p name="weapon"  origin_x="45" origin_y="48" hand_x="0" hand_y="0" z="weaponOverHand" image="37.alert.2.weapon.png" />
    </f>
  </s>
  <s name="swingO1">
    <f name="0">
      <p name="weapon"  origin_x="22" origin_y="37" navel_x="5" navel_y="0" z="weaponBelowBody" image="37.swingO1.0.weapon.png" />
    </f>
    <f name="1">
      <p name="weapon"  origin_x="21" origin_y="16" navel_x="8" navel_y="-1" z="weaponBelowBody" image="37.swingO1.1.weapon.png" />
    </f>
    <f name="2">
      <p name="weapon"  origin_x="9" origin_y="59" navel_x="-19" navel_y="19" z="weapon" image="37.swingO1.2.weapon.png" />
    </f>
  </s>
  <s name="swingO2">
    <f name="0">
      <p name="weapon"  origin_x="7" origin_y="45" navel_x="17" navel_y="16" z="weaponBelowBody" image="37.swingO2.0.weapon.png" />
    </f>
    <f name="1">
      <p name="weapon"  origin_x="7" origin_y="69" navel_x="21" navel_y="1" z="weaponBelowBody" image="37.swingO2.1.weapon.png" />
    </f>
    <f name="2">
      <p name="weapon"  origin_x="11" origin_y="26" navel_x="-19" navel_y="-1" z="weapon" image="37.swingO2.2.weapon.png" />
    </f>
  </s>
  <s name="swingO3">
    <f name="0">
      <p name="weapon"  origin_x="7" origin_y="53" navel_x="-20" navel_y="13" z="weapon" image="37.swingO3.0.weapon.png" />
    </f>
    <f name="1">
      <p name="weapon"  origin_x="54" origin_y="9" navel_x="20" navel_y="3" z="weaponOverBody" image="37.swingO3.1.weapon.png" />
    </f>
    <f name="2">
      <p name="weapon"  origin_x="15" origin_y="29" navel_x="7" navel_y="1" z="weaponBelowBody" image="37.swingO3.2.weapon.png" />
    </f>
  </s>
  <s name="stabO1">
    <f name="0">
      <p name="weapon"  origin_x="46" origin_y="30" navel_x="-14" navel_y="-3" z="weapon" image="37.stabO1.0.weapon.png" />
    </f>
    <f name="1">
      <p name="weapon"  origin_x="50" origin_y="39" navel_x="26" navel_y="7" z="weapon" image="37.stabO1.1.weapon.png" />
    </f>
  </s>
  <s name="stabO2">
    <f name="0">
      <p name="weapon"  origin_x="29" origin_y="20" navel_x="1" navel_y="24" z="weaponBelowArm" image="37.stabO2.0.weapon.png" />
    </f>
    <f name="1">
      <p name="weapon"  origin_x="48" origin_y="38" navel_x="23" navel_y="7" z="weapon" image="37.stabO2.1.weapon.png" />
    </f>
  </s>
  <s name="shoot1">
    <f name="0">
      <p name="weapon"  origin_x="18" origin_y="35" hand_x="0" hand_y="0" z="weaponOverHand" image="37.shoot1.0.weapon.png" />
    </f>
    <f name="1">
      <p name="weapon"  origin_x="32" origin_y="33" hand_x="0" hand_y="0" z="weaponOverHand" image="37.shoot1.1.weapon.png" />
    </f>
    <f name="2">
      <p name="weapon"  pointer="37/shoot1/1/weapon" />
    </f>
  </s>
  <s name="shootF">
    <f name="0">
      <p name="weapon"  origin_x="15" origin_y="34" hand_x="7" hand_y="-2" z="weaponOverHand" image="37.shootF.0.weapon.png" />
    </f>
    <f name="1">
      <p name="weapon"  origin_x="17" origin_y="35" hand_x="24" hand_y="3" z="weaponOverHand" image="37.shootF.1.weapon.png" />
    </f>
    <f name="2">
      <p name="weapon"  pointer="37/shootF/1/weapon" />
    </f>
  </s>
  <s name="proneStab">
    <f name="0">
      <p name="weapon"  origin_x="39" origin_y="27" navel_x="9" navel_y="2" z="weaponBelowArm" image="37.proneStab.0.weapon.png" />
    </f>
    <f name="1">
      <p name="weapon"  origin_x="51" origin_y="26" navel_x="25" navel_y="1" z="weaponBelowArm" image="37.proneStab.1.weapon.png" />
    </f>
  </s>
  <s name="prone">
    <f name="0">
      <p name="weapon"  pointer="37/proneStab/0/weapon" />
    </f>
  </s>
  <s name="heal">
    <f name="0">
      <p name="weapon"  pointer="37/alert/1/weapon" />
    </f>
    <f name="1">
      <p name="weapon"  pointer="37/swingO2/1/weapon" />
    </f>
    <f name="2">
      <p name="weapon"  pointer="37/swingO2/0/weapon" />
    </f>
  </s>
  <s name="fly">
    <f name="0">
      <p name="weapon"  origin_x="23" origin_y="44" navel_x="-3" navel_y="9" z="weaponOverArm" image="37.fly.0.weapon.png" />
    </f>
    <f name="1">
      <p name="weapon"  pointer="37/fly/0/weapon" />
    </f>
  </s>
  <s name="jump">
    <f name="0">
      <p name="weapon"  origin_x="23" origin_y="44" navel_x="-4" navel_y="8" z="weaponOverArm" image="37.jump.0.weapon.png" />
    </f>
  </s>
</i>
