  <i name="3110001">
  <i name="effect">
    <i name="0">
      <i name="origin">
        <i name="x" value="0"/>
        <i name="y" value="0"/>
      </i>
      <i name="delay" value="300"/>
      <i name="image" value="3110001.effect.0.png"/>
    </i>
    <i name="1">
      <i name="origin">
        <i name="x" value="49"/>
        <i name="y" value="63"/>
      </i>
      <i name="delay" value="80"/>
      <i name="image" value="3110001.effect.1.png"/>
    </i>
    <i name="2">
      <i name="origin">
        <i name="x" value="71"/>
        <i name="y" value="56"/>
      </i>
      <i name="delay" value="80"/>
      <i name="image" value="3110001.effect.2.png"/>
    </i>
    <i name="3">
      <i name="origin">
        <i name="x" value="70"/>
        <i name="y" value="51"/>
      </i>
      <i name="delay" value="80"/>
      <i name="image" value="3110001.effect.3.png"/>
    </i>
    <i name="4">
      <i name="origin">
        <i name="x" value="55"/>
        <i name="y" value="51"/>
      </i>
      <i name="delay" value="80"/>
      <i name="image" value="3110001.effect.4.png"/>
    </i>
    <i name="5">
      <i name="origin">
        <i name="x" value="56"/>
        <i name="y" value="50"/>
      </i>
      <i name="delay" value="80"/>
      <i name="image" value="3110001.effect.5.png"/>
    </i>
    <i name="6">
      <i name="origin">
        <i name="x" value="57"/>
        <i name="y" value="41"/>
      </i>
      <i name="delay" value="80"/>
      <i name="image" value="3110001.effect.6.png"/>
    </i>
  </i>
  <i name="special">
    <i name="0">
      <i name="origin">
        <i name="x" value="34"/>
        <i name="y" value="28"/>
      </i>
      <i name="delay" value="120"/>
      <i name="image" value="3110001.special.0.png"/>
    </i>
    <i name="1">
      <i name="origin">
        <i name="x" value="52"/>
        <i name="y" value="30"/>
      </i>
      <i name="delay" value="150"/>
      <i name="image" value="3110001.special.1.png"/>
    </i>
    <i name="2">
      <i name="origin">
        <i name="x" value="53"/>
        <i name="y" value="18"/>
      </i>
      <i name="delay" value="120"/>
      <i name="image" value="3110001.special.2.png"/>
    </i>
    <i name="3">
      <i name="origin">
        <i name="x" value="39"/>
        <i name="y" value="13"/>
      </i>
      <i name="delay" value="120"/>
      <i name="image" value="3110001.special.3.png"/>
    </i>
  </i>
  </i>
