  <i name="5101005">
  <i name="icon">
    <i name="origin">
      <i name="x" value="0"/>
      <i name="y" value="32"/>
    </i>
    <i name="z" value="0"/>
    <i name="image" value="5101005.icon.png"/>
  </i>
  <i name="iconMouseOver">
    <i name="origin">
      <i name="x" value="0"/>
      <i name="y" value="32"/>
    </i>
    <i name="z" value="0"/>
    <i name="image" value="5101005.iconMouseOver.png"/>
  </i>
  <i name="iconDisabled">
    <i name="origin">
      <i name="x" value="0"/>
      <i name="y" value="32"/>
    </i>
    <i name="z" value="0"/>
    <i name="image" value="5101005.iconDisabled.png"/>
  </i>
  <i name="level">
    <i name="1">
      <i name="hs" value="h1"/>
      <i name="lt">
        <i name="x" value="-400"/>
        <i name="y" value="-350"/>
      </i>
      <i name="rb">
        <i name="x" value="400"/>
        <i name="y" value="250"/>
      </i>
    </i>
  </i>
  <i name="effect">
    <i name="0">
      <i name="origin">
        <i name="x" value="87"/>
        <i name="y" value="120"/>
      </i>
      <i name="delay" value="95"/>
      <i name="image" value="5101005.effect.0.png"/>
    </i>
    <i name="1">
      <i name="origin">
        <i name="x" value="90"/>
        <i name="y" value="131"/>
      </i>
      <i name="delay" value="95"/>
      <i name="image" value="5101005.effect.1.png"/>
    </i>
    <i name="2">
      <i name="origin">
        <i name="x" value="83"/>
        <i name="y" value="140"/>
      </i>
      <i name="delay" value="95"/>
      <i name="image" value="5101005.effect.2.png"/>
    </i>
    <i name="3">
      <i name="origin">
        <i name="x" value="83"/>
        <i name="y" value="162"/>
      </i>
      <i name="delay" value="95"/>
      <i name="image" value="5101005.effect.3.png"/>
    </i>
    <i name="4">
      <i name="origin">
        <i name="x" value="74"/>
        <i name="y" value="186"/>
      </i>
      <i name="delay" value="95"/>
      <i name="image" value="5101005.effect.4.png"/>
    </i>
    <i name="5">
      <i name="origin">
        <i name="x" value="75"/>
        <i name="y" value="197"/>
      </i>
      <i name="delay" value="95"/>
      <i name="image" value="5101005.effect.5.png"/>
    </i>
    <i name="6">
      <i name="origin">
        <i name="x" value="70"/>
        <i name="y" value="188"/>
      </i>
      <i name="delay" value="95"/>
      <i name="image" value="5101005.effect.6.png"/>
    </i>
    <i name="7">
      <i name="origin">
        <i name="x" value="78"/>
        <i name="y" value="194"/>
      </i>
      <i name="delay" value="95"/>
      <i name="image" value="5101005.effect.7.png"/>
    </i>
    <i name="8">
      <i name="origin">
        <i name="x" value="78"/>
        <i name="y" value="193"/>
      </i>
      <i name="delay" value="95"/>
      <i name="image" value="5101005.effect.8.png"/>
    </i>
    <i name="9">
      <i name="origin">
        <i name="x" value="78"/>
        <i name="y" value="198"/>
      </i>
      <i name="delay" value="95"/>
      <i name="image" value="5101005.effect.9.png"/>
    </i>
    <i name="10">
      <i name="origin">
        <i name="x" value="77"/>
        <i name="y" value="202"/>
      </i>
      <i name="delay" value="95"/>
      <i name="image" value="5101005.effect.10.png"/>
    </i>
    <i name="z" value="-1"/>
  </i>
  <i name="affected">
    <i name="0">
      <i name="origin">
        <i name="x" value="87"/>
        <i name="y" value="120"/>
      </i>
      <i name="delay" value="95"/>
      <i name="image" value="5101005.affected.0.png"/>
    </i>
    <i name="1">
      <i name="origin">
        <i name="x" value="90"/>
        <i name="y" value="131"/>
      </i>
      <i name="delay" value="95"/>
      <i name="image" value="5101005.affected.1.png"/>
    </i>
    <i name="2">
      <i name="origin">
        <i name="x" value="83"/>
        <i name="y" value="140"/>
      </i>
      <i name="delay" value="95"/>
      <i name="image" value="5101005.affected.2.png"/>
    </i>
    <i name="3">
      <i name="origin">
        <i name="x" value="83"/>
        <i name="y" value="162"/>
      </i>
      <i name="delay" value="95"/>
      <i name="image" value="5101005.affected.3.png"/>
    </i>
    <i name="4">
      <i name="origin">
        <i name="x" value="74"/>
        <i name="y" value="186"/>
      </i>
      <i name="delay" value="95"/>
      <i name="image" value="5101005.affected.4.png"/>
    </i>
    <i name="5">
      <i name="origin">
        <i name="x" value="75"/>
        <i name="y" value="197"/>
      </i>
      <i name="delay" value="95"/>
      <i name="image" value="5101005.affected.5.png"/>
    </i>
    <i name="6">
      <i name="origin">
        <i name="x" value="70"/>
        <i name="y" value="188"/>
      </i>
      <i name="delay" value="95"/>
      <i name="image" value="5101005.affected.6.png"/>
    </i>
    <i name="7">
      <i name="origin">
        <i name="x" value="78"/>
        <i name="y" value="194"/>
      </i>
      <i name="delay" value="95"/>
      <i name="image" value="5101005.affected.7.png"/>
    </i>
    <i name="8">
      <i name="origin">
        <i name="x" value="78"/>
        <i name="y" value="193"/>
      </i>
      <i name="delay" value="95"/>
      <i name="image" value="5101005.affected.8.png"/>
    </i>
    <i name="9">
      <i name="origin">
        <i name="x" value="78"/>
        <i name="y" value="198"/>
      </i>
      <i name="delay" value="95"/>
      <i name="image" value="5101005.affected.9.png"/>
    </i>
    <i name="10">
      <i name="origin">
        <i name="x" value="77"/>
        <i name="y" value="202"/>
      </i>
      <i name="delay" value="95"/>
      <i name="image" value="5101005.affected.10.png"/>
    </i>
    <i name="z" value="-1"/>
  </i>
  </i>
