<i>
<s name="stand0"><f name="0" delay="150" ><p name="stand0"  origin_x="31" origin_y="80" lt_x="-31" lt_y="-77" rb_x="29" rb_y="0" image="stand0.0.png"/></f><f name="1" delay="150" ><p name="stand0"  origin_x="31" origin_y="81" lt_x="-31" lt_y="-78" rb_x="28" rb_y="0" image="stand0.1.png"/></f><f name="2" delay="150" ><p name="stand0"  origin_x="32" origin_y="77" lt_x="-32" lt_y="-75" rb_x="27" rb_y="0" image="stand0.2.png"/></f><f name="3" delay="150" ><p name="stand0"  origin_x="33" origin_y="77" lt_x="-33" lt_y="-75" rb_x="25" rb_y="0" image="stand0.3.png"/></f><f name="4" ><p name="stand0"  origin_x="32" origin_y="75" lt_x="-33" lt_y="-75" rb_x="25" rb_y="0" image="stand0.4.png"/></f></s>
<s name="stand1"><f name="0" delay="150" ><p name="stand1"  origin_x="31" origin_y="80" lt_x="-31" lt_y="-76" rb_x="27" rb_y="0" image="stand1.0.png"/></f><f name="1" delay="150" ><p name="stand1"  origin_x="31" origin_y="81" lt_x="-31" lt_y="-77" rb_x="28" rb_y="0" image="stand1.1.png"/></f><f name="2" delay="150" ><p name="stand1"  origin_x="32" origin_y="77" lt_x="-32" lt_y="-74" rb_x="27" rb_y="0" image="stand1.2.png"/></f><f name="3" delay="150" ><p name="stand1"  origin_x="33" origin_y="77" lt_x="-33" lt_y="-74" rb_x="24" rb_y="0" image="stand1.3.png"/></f><f name="4" delay="150" ><p name="stand1"  origin_x="32" origin_y="75" lt_x="-32" lt_y="-73" rb_x="26" rb_y="0" image="stand1.4.png"/></f><f name="5" delay="150" ><p name="stand1"  origin_x="31" origin_y="80" lt_x="-31" lt_y="-75" rb_x="28" rb_y="0" image="stand1.5.png"/></f><f name="6" delay="150" ><p name="stand1"  origin_x="31" origin_y="80" lt_x="-31" lt_y="-77" rb_x="28" rb_y="0" image="stand1.6.png"/></f><f name="7" delay="150" ><p name="stand1"  origin_x="31" origin_y="75" lt_x="-32" lt_y="-73" rb_x="25" rb_y="0" image="stand1.7.png"/></f><f name="8" ><p name="stand1"  origin_x="32" origin_y="77" z="0" lt_x="-32" lt_y="-73" rb_x="25" rb_y="0" image="stand1.8.png"/></f><f name="9" ><p name="stand1"  origin_x="31" origin_y="75" z="0" lt_x="-32" lt_y="-73" rb_x="25" rb_y="0" image="stand1.9.png"/></f></s>
<s name="hungry"><f name="0" delay="200" ><p name="hungry"  origin_x="37" origin_y="104" lt_x="-31" lt_y="-73" rb_x="28" rb_y="0" image="hungry.0.png"/></f><f name="1" delay="200" ><p name="hungry"  origin_x="39" origin_y="109" lt_x="-31" lt_y="-75" rb_x="28" rb_y="0" image="hungry.1.png"/></f><f name="2" delay="200" ><p name="hungry"  origin_x="40" origin_y="107" lt_x="-32" lt_y="-74" rb_x="27" rb_y="0" image="hungry.2.png"/></f><f name="3" delay="200" ><p name="hungry"  origin_x="41" origin_y="111" lt_x="-33" lt_y="-75" rb_x="24" rb_y="0" image="hungry.3.png"/></f><f name="4" delay="200" ><p name="hungry"  origin_x="31" origin_y="106" lt_x="-31" lt_y="-61" rb_x="28" rb_y="0" image="hungry.4.png"/></f></s>
<s name="move"><f name="0" delay="180" ><p name="move"  origin_x="31" origin_y="80" lt_x="-31" lt_y="-74" rb_x="28" rb_y="0" image="move.0.png"/></f><f name="1" delay="180" ><p name="move"  origin_x="32" origin_y="81" lt_x="-31" lt_y="-73" rb_x="28" rb_y="0" image="move.1.png"/></f><f name="2" delay="180" ><p name="move"  origin_x="33" origin_y="76" lt_x="-32" lt_y="-74" rb_x="27" rb_y="0" image="move.2.png"/></f><f name="3" delay="180" ><p name="move"  origin_x="34" origin_y="76" lt_x="-33" lt_y="-74" rb_x="25" rb_y="0" image="move.3.png"/></f><f name="4" delay="180" ><p name="move"  origin_x="33" origin_y="74" lt_x="-32" lt_y="-73" rb_x="31" rb_y="0" image="move.4.png"/></f></s>
<s name="jump"><f name="0" ><p name="jump"  origin_x="34" origin_y="77" lt_x="-34" lt_y="-76" rb_x="30" rb_y="0" image="jump.0.png"/></f></s>
<s name="sit"><f name="0" delay="180" ><p name="sit"  origin_x="31" origin_y="82" lt_x="-33" lt_y="-84" rb_x="31" rb_y="0" image="sit.0.png"/></f><f name="1" delay="180" ><p name="sit"  origin_x="33" origin_y="82" lt_x="-30" lt_y="-81" rb_x="30" rb_y="0" image="sit.1.png"/></f><f name="2" delay="180" ><p name="sit"  origin_x="43" origin_y="82" lt_x="-28" lt_y="-76" rb_x="30" rb_y="0" image="sit.2.png"/></f><f name="3" delay="180" ><p name="sit"  origin_x="47" origin_y="80" lt_x="-31" lt_y="-77" rb_x="31" rb_y="0" image="sit.3.png"/></f><f name="4" delay="180" ><p name="sit"  origin_x="40" origin_y="80" lt_x="-31" lt_y="-77" rb_x="31" rb_y="0" image="sit.4.png"/></f><f name="5" delay="180" ><p name="sit"  origin_x="30" origin_y="82" lt_x="-30" lt_y="-78" rb_x="31" rb_y="0" image="sit.5.png"/></f><f name="6" delay="180" ><p name="sit"  origin_x="30" origin_y="84" lt_x="-30" lt_y="-78" rb_x="31" rb_y="0" image="sit.6.png"/></f><f name="7" delay="1500" ><p name="sit"  origin_x="29" origin_y="84" lt_x="-30" lt_y="-78" rb_x="31" rb_y="0" image="sit.7.png"/></f></s>
<s name="chat"><f name="0" delay="180" ><p name="chat"  origin_x="31" origin_y="80" lt_x="-31" lt_y="-74" rb_x="28" rb_y="0" image="chat.0.png"/></f><f name="1" delay="180" ><p name="chat"  origin_x="31" origin_y="81" lt_x="-31" lt_y="-75" rb_x="29" rb_y="0" image="chat.1.png"/></f><f name="2" delay="180" ><p name="chat"  origin_x="32" origin_y="77" lt_x="-32" lt_y="-75" rb_x="27" rb_y="0" image="chat.2.png"/></f><f name="3" delay="180" ><p name="chat"  origin_x="33" origin_y="77" lt_x="-33" lt_y="-75" rb_x="26" rb_y="0" image="chat.3.png"/></f><f name="4" delay="180" ><p name="chat"  origin_x="32" origin_y="75" lt_x="-33" lt_y="-75" rb_x="26" rb_y="0" image="chat.4.png"/></f><f name="5" ><p name="pointer"  pointer="chat/0"/></f><f name="6" ><p name="pointer"  pointer="chat/1"/></f><f name="7" ><p name="pointer"  pointer="chat/2"/></f><f name="8" ><p name="pointer"  pointer="chat/3"/></f><f name="9" ><p name="pointer"  pointer="chat/4"/></f><f name="10" ><p name="pointer"  pointer="chat/0"/></f><f name="11" ><p name="pointer"  pointer="chat/1"/></f><f name="12" ><p name="pointer"  pointer="chat/2"/></f><f name="13" ><p name="pointer"  pointer="chat/3"/></f><f name="14" ><p name="pointer"  pointer="chat/4"/></f></s>
<s name="angry"><f name="0" delay="180" ><p name="angry"  origin_x="29" origin_y="75" lt_x="-30" lt_y="-70" rb_x="25" rb_y="0" image="angry.0.png"/></f><f name="1" delay="180" ><p name="angry"  origin_x="39" origin_y="79" lt_x="-30" lt_y="-72" rb_x="30" rb_y="0" image="angry.1.png"/></f><f name="2" delay="180" ><p name="angry"  origin_x="68" origin_y="76" lt_x="-27" lt_y="-72" rb_x="35" rb_y="0" image="angry.2.png"/></f><f name="3" delay="180" ><p name="angry"  origin_x="71" origin_y="78" lt_x="-29" lt_y="-72" rb_x="32" rb_y="0" image="angry.3.png"/></f><f name="4" ><p name="pointer"  pointer="angry/2"/></f><f name="5" ><p name="pointer"  pointer="angry/3"/></f><f name="6" delay="180" ><p name="angry"  origin_x="71" origin_y="78" lt_x="-29" lt_y="-72" rb_x="32" rb_y="0" image="angry.6.png"/></f><f name="7" delay="180" ><p name="angry"  origin_x="71" origin_y="78" lt_x="-30" lt_y="-70" rb_x="27" rb_y="0" image="angry.7.png"/></f><f name="8" delay="180" ><p name="angry"  origin_x="67" origin_y="74" z="0" image="angry.8.png"/></f></s>
<s name="hang"><f name="0" ><p name="hang"  origin_x="51" origin_y="63" image="hang.0.png"/></f></s>
<s name="sigh"><f name="0" delay="180" ><p name="sigh"  origin_x="31" origin_y="80" lt_x="-31" lt_y="-74" rb_x="28" rb_y="0" image="sigh.0.png"/></f><f name="1" delay="180" ><p name="sigh"  origin_x="31" origin_y="81" lt_x="-31" lt_y="-73" rb_x="28" rb_y="0" image="sigh.1.png"/></f><f name="2" delay="180" ><p name="sigh"  origin_x="43" origin_y="77" lt_x="-32" lt_y="-75" rb_x="27" rb_y="0" image="sigh.2.png"/></f><f name="3" delay="180" ><p name="sigh"  origin_x="47" origin_y="77" lt_x="-33" lt_y="-74" rb_x="25" rb_y="0" image="sigh.3.png"/></f><f name="4" delay="180" ><p name="sigh"  origin_x="49" origin_y="76" lt_x="-33" lt_y="-74" rb_x="25" rb_y="0" image="sigh.4.png"/></f><f name="5" ><p name="pointer"  pointer="sigh/0"/></f><f name="6" ><p name="pointer"  pointer="sigh/1"/></f><f name="7" ><p name="pointer"  pointer="sigh/2"/></f><f name="8" ><p name="pointer"  pointer="sigh/3"/></f><f name="9" ><p name="pointer"  pointer="sigh/4"/></f></s>
<s name="bewildered"><f name="0" delay="180" ><p name="bewildered"  origin_x="31" origin_y="94" lt_x="-31" lt_y="-74" rb_x="28" rb_y="0" image="bewildered.0.png"/></f><f name="1" delay="180" ><p name="bewildered"  origin_x="32" origin_y="91" lt_x="-31" lt_y="-74" rb_x="29" rb_y="0" image="bewildered.1.png"/></f><f name="2" delay="180" ><p name="bewildered"  origin_x="33" origin_y="94" lt_x="-32" lt_y="-74" rb_x="27" rb_y="0" image="bewildered.2.png"/></f><f name="3" delay="180" ><p name="bewildered"  origin_x="34" origin_y="91" lt_x="-33" lt_y="-75" rb_x="25" rb_y="0" image="bewildered.3.png"/></f><f name="4" delay="180" ><p name="bewildered"  origin_x="43" origin_y="94" lt_x="-32" lt_y="-73" rb_x="25" rb_y="0" image="bewildered.4.png"/></f></s>
<s name="cry"><f name="0" delay="180" ><p name="cry"  origin_x="45" origin_y="76" lt_x="-30" lt_y="-74" rb_x="28" rb_y="0" image="cry.0.png"/></f><f name="1" delay="180" ><p name="cry"  origin_x="46" origin_y="77" lt_x="-32" lt_y="-76" rb_x="30" rb_y="0" image="cry.1.png"/></f><f name="2" delay="180" ><p name="cry"  origin_x="46" origin_y="73" lt_x="-32" lt_y="-73" rb_x="31" rb_y="0" image="cry.2.png"/></f><f name="3" delay="180" ><p name="cry"  origin_x="48" origin_y="73" lt_x="-33" lt_y="-73" rb_x="24" rb_y="0" image="cry.3.png"/></f><f name="4" delay="180" ><p name="cry"  origin_x="47" origin_y="71" lt_x="-33" lt_y="-73" rb_x="24" rb_y="0" image="cry.4.png"/></f><f name="5" ><p name="pointer"  pointer="cry/0"/></f><f name="6" ><p name="pointer"  pointer="cry/1"/></f><f name="7" ><p name="pointer"  pointer="cry/2"/></f><f name="8" ><p name="pointer"  pointer="cry/3"/></f><f name="9" ><p name="pointer"  pointer="cry/4"/></f><f name="10" ><p name="pointer"  pointer="cry/0"/></f><f name="11" ><p name="pointer"  pointer="cry/1"/></f><f name="12" ><p name="pointer"  pointer="cry/2"/></f><f name="13" ><p name="pointer"  pointer="cry/3"/></f><f name="14" ><p name="pointer"  pointer="cry/4"/></f></s>
<s name="fly"><f name="0" delay="150" ><p name="fly"  origin_x="31" origin_y="81" lt_x="-31" lt_y="-78" rb_x="28" rb_y="0" image="fly.0.png"/></f><f name="1" delay="150" ><p name="fly"  origin_x="32" origin_y="77" lt_x="-32" lt_y="-75" rb_x="27" rb_y="0" image="fly.1.png"/></f></s>
<s name="eat"><f name="0" delay="180" ><p name="eat"  origin_x="31" origin_y="80" lt_x="-31" lt_y="-74" rb_x="28" rb_y="0" image="eat.0.png"/></f><f name="1" delay="180" ><p name="eat"  origin_x="31" origin_y="81" lt_x="-31" lt_y="-75" rb_x="28" rb_y="0" image="eat.1.png"/></f><f name="2" delay="180" ><p name="eat"  origin_x="32" origin_y="77" lt_x="-32" lt_y="-74" rb_x="28" rb_y="0" image="eat.2.png"/></f><f name="3" delay="180" ><p name="eat"  origin_x="33" origin_y="77" lt_x="-33" lt_y="-74" rb_x="25" rb_y="0" image="eat.3.png"/></f><f name="4" delay="180" ><p name="eat"  origin_x="32" origin_y="75" lt_x="-33" lt_y="-74" rb_x="25" rb_y="0" image="eat.4.png"/></f><f name="5" ><p name="pointer"  pointer="eat/0"/></f><f name="6" ><p name="pointer"  pointer="eat/1"/></f><f name="7" ><p name="pointer"  pointer="eat/2"/></f><f name="8" ><p name="pointer"  pointer="eat/3"/></f><f name="9" ><p name="pointer"  pointer="eat/4"/></f><f name="10" ><p name="pointer"  pointer="eat/0"/></f><f name="11" ><p name="pointer"  pointer="eat/1"/></f><f name="12" ><p name="pointer"  pointer="eat/2"/></f><f name="13" ><p name="pointer"  pointer="eat/3"/></f><f name="14" ><p name="pointer"  pointer="eat/4"/></f></s>
<s name="love"><f name="0" delay="150" ><p name="love"  origin_x="32" origin_y="88" lt_x="-32" lt_y="-75" rb_x="27" rb_y="0" image="love.0.png"/></f><f name="1" delay="150" ><p name="love"  origin_x="37" origin_y="90" lt_x="-32" lt_y="-75" rb_x="27" rb_y="0" image="love.1.png"/></f><f name="2" delay="150" ><p name="love"  origin_x="39" origin_y="94" lt_x="-32" lt_y="-73" rb_x="26" rb_y="0" image="love.2.png"/></f><f name="3" delay="150" ><p name="love"  origin_x="44" origin_y="94" lt_x="-42" lt_y="-75" rb_x="25" rb_y="0" image="love.3.png"/></f><f name="4" ><p name="pointer"  pointer="love/1"/></f><f name="5" ><p name="pointer"  pointer="love/2"/></f><f name="6" ><p name="pointer"  pointer="love/3"/></f><f name="7" ><p name="pointer"  pointer="love/1"/></f><f name="8" ><p name="pointer"  pointer="love/2"/></f><f name="9" ><p name="pointer"  pointer="love/3"/></f><f name="10" delay="150" ><p name="love"  origin_x="44" origin_y="75" lt_x="-35" lt_y="-74" rb_x="25" rb_y="0" image="love.10.png"/></f></s>
<s name="sleep"><f name="0" delay="180" ><p name="sleep"  origin_x="41" origin_y="84" lt_x="-24" lt_y="-64" rb_x="28" rb_y="0" image="sleep.0.png"/></f><f name="1" delay="180" ><p name="sleep"  origin_x="34" origin_y="84" lt_x="-24" lt_y="-64" rb_x="28" rb_y="0" image="sleep.1.png"/></f><f name="2" delay="180" ><p name="sleep"  origin_x="41" origin_y="86" lt_x="-24" lt_y="-72" rb_x="28" rb_y="0" image="sleep.2.png"/></f><f name="3" delay="180" ><p name="sleep"  origin_x="41" origin_y="88" lt_x="-23" lt_y="-71" rb_x="28" rb_y="0" image="sleep.3.png"/></f><f name="4" delay="180" ><p name="sleep"  origin_x="41" origin_y="88" lt_x="-24" lt_y="-68" rb_x="28" rb_y="0" image="sleep.4.png"/></f><f name="5" delay="180" ><p name="sleep"  origin_x="41" origin_y="88" lt_x="-24" lt_y="-71" rb_x="28" rb_y="0" image="sleep.5.png"/></f><f name="6" delay="180" ><p name="sleep"  origin_x="21" origin_y="86" lt_x="-21" lt_y="-72" rb_x="28" rb_y="0" image="sleep.6.png"/></f><f name="7" ><p name="pointer"  pointer="sleep/0"/></f><f name="8" ><p name="pointer"  pointer="sleep/1"/></f><f name="9" ><p name="pointer"  pointer="sleep/2"/></f><f name="10" ><p name="pointer"  pointer="sleep/3"/></f><f name="11" ><p name="pointer"  pointer="sleep/4"/></f><f name="12" ><p name="pointer"  pointer="sleep/5"/></f><f name="13" ><p name="pointer"  pointer="sleep/6"/></f></s>
<s name="change"><f name="0" delay="180" ><p name="change"  origin_x="29" origin_y="75" lt_x="-29" lt_y="-75" rb_x="29" rb_y="0" image="change.0.png"/></f><f name="1" delay="180" ><p name="change"  origin_x="35" origin_y="79" lt_x="-29" lt_y="-76" rb_x="31" rb_y="0" image="change.1.png"/></f><f name="2" delay="180" ><p name="change"  origin_x="38" origin_y="76" lt_x="-31" lt_y="-76" rb_x="30" rb_y="0" image="change.2.png"/></f><f name="3" delay="180" ><p name="change"  origin_x="41" origin_y="78" lt_x="-32" lt_y="-77" rb_x="29" rb_y="0" image="change.3.png"/></f><f name="4" delay="180" ><p name="change"  origin_x="40" origin_y="88" lt_x="-33" lt_y="-80" rb_x="27" rb_y="0" image="change.4.png"/></f><f name="5" delay="180" ><p name="change"  origin_x="20" origin_y="93" lt_x="-26" lt_y="-89" rb_x="38" rb_y="0" image="change.5.png"/></f><f name="6" delay="180" ><p name="change"  origin_x="24" origin_y="96" lt_x="-23" lt_y="-94" rb_x="47" rb_y="-2" image="change.6.png"/></f><f name="7" delay="180" ><p name="change"  origin_x="22" origin_y="94" lt_x="-25" lt_y="-94" rb_x="44" rb_y="0" image="change.7.png"/></f><f name="8" delay="180" ><p name="change"  origin_x="24" origin_y="94" lt_x="-25" lt_y="-94" rb_x="44" rb_y="0" image="change.8.png"/></f><f name="9" delay="180" ><p name="change"  origin_x="27" origin_y="94" lt_x="-28" lt_y="-94" rb_x="44" rb_y="0" image="change.9.png"/></f><f name="10" delay="180" ><p name="change"  origin_x="29" origin_y="94" lt_x="-30" lt_y="-93" rb_x="42" rb_y="0" image="change.10.png"/></f><f name="11" delay="180" ><p name="change"  origin_x="27" origin_y="94" lt_x="-30" lt_y="-93" rb_x="42" rb_y="0" image="change.11.png"/></f><f name="12" delay="180" ><p name="change"  origin_x="24" origin_y="94" lt_x="-30" lt_y="-93" rb_x="42" rb_y="0" image="change.12.png"/></f><f name="13" delay="180" ><p name="change"  origin_x="22" origin_y="94" lt_x="-32" lt_y="-91" rb_x="39" rb_y="0" image="change.13.png"/></f><f name="14" delay="180" ><p name="change"  origin_x="29" origin_y="94" lt_x="-32" lt_y="-91" rb_x="39" rb_y="0" image="change.14.png"/></f><f name="15" delay="180" ><p name="change"  origin_x="30" origin_y="94" lt_x="-28" lt_y="-94" rb_x="39" rb_y="0" image="change.15.png"/></f><f name="16" delay="180" ><p name="change"  origin_x="30" origin_y="94" lt_x="-28" lt_y="-94" rb_x="43" rb_y="0" image="change.16.png"/></f><f name="17" delay="180" ><p name="change"  origin_x="30" origin_y="94" lt_x="-25" lt_y="-94" rb_x="45" rb_y="0" image="change.17.png"/></f><f name="18" delay="180" ><p name="change"  origin_x="30" origin_y="94" lt_x="-27" lt_y="-94" rb_x="45" rb_y="0" image="change.18.png"/></f><f name="19" delay="180" ><p name="change"  origin_x="30" origin_y="94" lt_x="-27" lt_y="-94" rb_x="43" rb_y="0" image="change.19.png"/></f><f name="20" delay="180" ><p name="change"  origin_x="29" origin_y="94" lt_x="-29" lt_y="-94" rb_x="43" rb_y="0" image="change.20.png"/></f><f name="21" delay="180" ><p name="change"  origin_x="27" origin_y="94" lt_x="-27" lt_y="-94" rb_x="43" rb_y="0" image="change.21.png"/></f><f name="22" delay="180" ><p name="change"  origin_x="24" origin_y="94" lt_x="-24" lt_y="-88" rb_x="38" rb_y="0" image="change.22.png"/></f><f name="23" delay="180" ><p name="change"  origin_x="20" origin_y="93" lt_x="-20" lt_y="-93" rb_x="59" rb_y="0" image="change.23.png"/></f><f name="24" delay="180" ><p name="change"  origin_x="34" origin_y="88" lt_x="-33" lt_y="-84" rb_x="31" rb_y="0" image="change.24.png"/></f><f name="25" delay="180" ><p name="change"  origin_x="37" origin_y="87" lt_x="-30" lt_y="-75" rb_x="31" rb_y="0" image="change.25.png"/></f></s>
<s name="dung"><f name="0" ><p name="dung"  origin_x="34" origin_y="86" lt_x="-34" lt_y="-74" rb_x="25" rb_y="0" image="dung.0.png"/></f></s>
</i>
