  <i name="02060006">
  <i name="info">
    <i name="icon">
      <i name="origin">
        <i name="x" value="-3"/>
        <i name="y" value="29"/>
      </i>
      <i name="z" value="0"/>
      <i name="image" value="02060006.info.icon.png"/>
    </i>
    <i name="iconRaw">
      <i name="origin">
        <i name="x" value="-3"/>
        <i name="y" value="29"/>
      </i>
      <i name="z" value="0"/>
      <i name="image" value="02060006.info.iconRaw.png"/>
    </i>
    <i name="slotMax" value="800"/>
    <i name="incPAD" value="10"/>
    <i name="reqLevel" value="10"/>
    <i name="tradeBlock" value="1"/>
  </i>
  <i name="bullet">
    <i name="0">
      <i name="origin">
        <i name="x" value="32"/>
        <i name="y" value="17"/>
      </i>
      <i name="delay" value="150"/>
      <i name="image" value="02060006.bullet.0.png"/>
    </i>
    <i name="1">
      <i name="origin">
        <i name="x" value="25"/>
        <i name="y" value="16"/>
      </i>
      <i name="delay" value="150"/>
      <i name="image" value="02060006.bullet.1.png"/>
    </i>
    <i name="2">
      <i name="origin">
        <i name="x" value="29"/>
        <i name="y" value="15"/>
      </i>
      <i name="delay" value="150"/>
      <i name="image" value="02060006.bullet.2.png"/>
    </i>
    <i name="3">
      <i name="origin">
        <i name="x" value="30"/>
        <i name="y" value="17"/>
      </i>
      <i name="delay" value="150"/>
      <i name="image" value="02060006.bullet.3.png"/>
    </i>
  </i>
  <i name="hit">
    <i name="0">
      <i name="origin">
        <i name="x" value="24"/>
        <i name="y" value="29"/>
      </i>
      <i name="delay" value="90"/>
      <i name="image" value="02060006.hit.0.png"/>
    </i>
    <i name="1">
      <i name="origin">
        <i name="x" value="27"/>
        <i name="y" value="42"/>
      </i>
      <i name="delay" value="100"/>
      <i name="image" value="02060006.hit.1.png"/>
    </i>
    <i name="2">
      <i name="origin">
        <i name="x" value="39"/>
        <i name="y" value="51"/>
      </i>
      <i name="delay" value="100"/>
      <i name="image" value="02060006.hit.2.png"/>
    </i>
    <i name="3">
      <i name="origin">
        <i name="x" value="50"/>
        <i name="y" value="76"/>
      </i>
      <i name="delay" value="100"/>
      <i name="image" value="02060006.hit.3.png"/>
    </i>
  </i>
  </i>
