  <i name="5000039">
  <i name="stand0">
    <i name="0">
      <i name="origin">
        <i name="x" value="26"/>
        <i name="y" value="20"/>
      </i>
      <i name="image" value="5000039.stand0.0.png"/>
    </i>
    <i name="1">
      <i name="origin">
        <i name="x" value="26"/>
        <i name="y" value="20"/>
      </i>
      <i name="image" value="5000039.stand0.1.png"/>
    </i>
    <i name="2">
      <i name="pointer" value="5000039/stand0/0"/>
    </i>
    <i name="3">
      <i name="pointer" value="5000039/stand0/1"/>
    </i>
  </i>
  <i name="stand1">
    <i name="0">
      <i name="origin">
        <i name="x" value="26"/>
        <i name="y" value="20"/>
      </i>
      <i name="image" value="5000039.stand1.0.png"/>
    </i>
    <i name="1">
      <i name="origin">
        <i name="x" value="26"/>
        <i name="y" value="20"/>
      </i>
      <i name="image" value="5000039.stand1.1.png"/>
    </i>
    <i name="2">
      <i name="pointer" value="5000039/stand1/0"/>
    </i>
    <i name="3">
      <i name="pointer" value="5000039/stand1/1"/>
    </i>
    <i name="4">
      <i name="pointer" value="5000039/stand1/0"/>
    </i>
  </i>
  <i name="rest0">
    <i name="0">
      <i name="origin">
        <i name="x" value="21"/>
        <i name="y" value="21"/>
      </i>
      <i name="image" value="5000039.rest0.0.png"/>
    </i>
    <i name="1">
      <i name="origin">
        <i name="x" value="21"/>
        <i name="y" value="21"/>
      </i>
      <i name="image" value="5000039.rest0.1.png"/>
    </i>
    <i name="2">
      <i name="origin">
        <i name="x" value="21"/>
        <i name="y" value="21"/>
      </i>
      <i name="image" value="5000039.rest0.2.png"/>
    </i>
    <i name="3">
      <i name="pointer" value="5000039/rest0/1"/>
    </i>
  </i>
  <i name="move">
    <i name="0">
      <i name="origin">
        <i name="x" value="29"/>
        <i name="y" value="21"/>
      </i>
      <i name="image" value="5000039.move.0.png"/>
    </i>
    <i name="1">
      <i name="origin">
        <i name="x" value="27"/>
        <i name="y" value="20"/>
      </i>
      <i name="image" value="5000039.move.1.png"/>
    </i>
    <i name="2">
      <i name="origin">
        <i name="x" value="26"/>
        <i name="y" value="19"/>
      </i>
      <i name="image" value="5000039.move.2.png"/>
    </i>
  </i>
  <i name="jump">
    <i name="0">
      <i name="origin">
        <i name="x" value="29"/>
        <i name="y" value="21"/>
      </i>
      <i name="image" value="5000039.jump.0.png"/>
    </i>
  </i>
  <i name="hungry">
    <i name="0">
      <i name="origin">
        <i name="x" value="27"/>
        <i name="y" value="12"/>
      </i>
      <i name="image" value="5000039.hungry.0.png"/>
    </i>
    <i name="1">
      <i name="origin">
        <i name="x" value="27"/>
        <i name="y" value="12"/>
      </i>
      <i name="image" value="5000039.hungry.1.png"/>
    </i>
    <i name="2">
      <i name="origin">
        <i name="x" value="27"/>
        <i name="y" value="12"/>
      </i>
      <i name="image" value="5000039.hungry.2.png"/>
    </i>
    <i name="3">
      <i name="pointer" value="5000039/hungry/1"/>
    </i>
  </i>
  <i name="angry">
    <i name="0">
      <i name="origin">
        <i name="x" value="26"/>
        <i name="y" value="19"/>
      </i>
      <i name="image" value="5000039.angry.0.png"/>
    </i>
    <i name="1">
      <i name="origin">
        <i name="x" value="26"/>
        <i name="y" value="20"/>
      </i>
      <i name="image" value="5000039.angry.1.png"/>
    </i>
    <i name="2">
      <i name="origin">
        <i name="x" value="26"/>
        <i name="y" value="19"/>
      </i>
      <i name="image" value="5000039.angry.2.png"/>
    </i>
    <i name="3">
      <i name="origin">
        <i name="x" value="26"/>
        <i name="y" value="18"/>
      </i>
      <i name="image" value="5000039.angry.3.png"/>
    </i>
  </i>
  <i name="chat">
    <i name="0">
      <i name="origin">
        <i name="x" value="26"/>
        <i name="y" value="20"/>
      </i>
      <i name="image" value="5000039.chat.0.png"/>
    </i>
    <i name="1">
      <i name="origin">
        <i name="x" value="26"/>
        <i name="y" value="20"/>
      </i>
      <i name="image" value="5000039.chat.1.png"/>
    </i>
    <i name="2">
      <i name="pointer" value="5000039/chat/0"/>
    </i>
    <i name="3">
      <i name="pointer" value="5000039/chat/1"/>
    </i>
    <i name="4">
      <i name="pointer" value="5000039/chat/0"/>
    </i>
    <i name="5">
      <i name="pointer" value="5000039/chat/1"/>
    </i>
    <i name="6">
      <i name="pointer" value="5000039/chat/0"/>
    </i>
    <i name="7">
      <i name="pointer" value="5000039/chat/1"/>
    </i>
    <i name="8">
      <i name="pointer" value="5000039/chat/0"/>
    </i>
    <i name="9">
      <i name="pointer" value="5000039/chat/1"/>
    </i>
    <i name="10">
      <i name="pointer" value="5000039/chat/0"/>
    </i>
    <i name="11">
      <i name="pointer" value="5000039/chat/1"/>
    </i>
    <i name="12">
      <i name="pointer" value="5000039/chat/0"/>
    </i>
    <i name="13">
      <i name="pointer" value="5000039/chat/1"/>
    </i>
    <i name="14">
      <i name="pointer" value="5000039/chat/0"/>
    </i>
    <i name="15">
      <i name="pointer" value="5000039/chat/1"/>
    </i>
  </i>
  <i name="hang">
    <i name="0">
      <i name="origin">
        <i name="x" value="1"/>
        <i name="y" value="21"/>
      </i>
      <i name="image" value="5000039.hang.0.png"/>
    </i>
  </i>
  <i name="sleep">
    <i name="0">
      <i name="origin">
        <i name="x" value="10"/>
        <i name="y" value="30"/>
      </i>
      <i name="image" value="5000039.sleep.0.png"/>
    </i>
    <i name="1">
      <i name="origin">
        <i name="x" value="10"/>
        <i name="y" value="30"/>
      </i>
      <i name="image" value="5000039.sleep.1.png"/>
    </i>
    <i name="2">
      <i name="origin">
        <i name="x" value="10"/>
        <i name="y" value="30"/>
      </i>
      <i name="image" value="5000039.sleep.2.png"/>
    </i>
    <i name="3">
      <i name="origin">
        <i name="x" value="10"/>
        <i name="y" value="30"/>
      </i>
      <i name="image" value="5000039.sleep.3.png"/>
    </i>
    <i name="4">
      <i name="origin">
        <i name="x" value="10"/>
        <i name="y" value="30"/>
      </i>
      <i name="image" value="5000039.sleep.4.png"/>
    </i>
    <i name="5">
      <i name="origin">
        <i name="x" value="10"/>
        <i name="y" value="30"/>
      </i>
      <i name="image" value="5000039.sleep.5.png"/>
    </i>
    <i name="6">
      <i name="origin">
        <i name="x" value="10"/>
        <i name="y" value="30"/>
      </i>
      <i name="image" value="5000039.sleep.6.png"/>
    </i>
    <i name="7">
      <i name="origin">
        <i name="x" value="10"/>
        <i name="y" value="30"/>
      </i>
      <i name="image" value="5000039.sleep.7.png"/>
    </i>
    <i name="8">
      <i name="origin">
        <i name="x" value="10"/>
        <i name="y" value="30"/>
      </i>
      <i name="image" value="5000039.sleep.8.png"/>
    </i>
  </i>
  <i name="love">
    <i name="0">
      <i name="origin">
        <i name="x" value="22"/>
        <i name="y" value="29"/>
      </i>
      <i name="image" value="5000039.love.0.png"/>
    </i>
    <i name="1">
      <i name="origin">
        <i name="x" value="22"/>
        <i name="y" value="30"/>
      </i>
      <i name="image" value="5000039.love.1.png"/>
    </i>
  </i>
  <i name="love2">
    <i name="0">
      <i name="origin">
        <i name="x" value="26"/>
        <i name="y" value="25"/>
      </i>
      <i name="image" value="5000039.love2.0.png"/>
    </i>
    <i name="1">
      <i name="origin">
        <i name="x" value="28"/>
        <i name="y" value="26"/>
      </i>
      <i name="image" value="5000039.love2.1.png"/>
    </i>
    <i name="2">
      <i name="origin">
        <i name="x" value="28"/>
        <i name="y" value="26"/>
      </i>
      <i name="image" value="5000039.love2.2.png"/>
    </i>
    <i name="3">
      <i name="origin">
        <i name="x" value="26"/>
        <i name="y" value="25"/>
      </i>
      <i name="image" value="5000039.love2.3.png"/>
    </i>
    <i name="4">
      <i name="origin">
        <i name="x" value="25"/>
        <i name="y" value="26"/>
      </i>
      <i name="image" value="5000039.love2.4.png"/>
    </i>
    <i name="5">
      <i name="origin">
        <i name="x" value="25"/>
        <i name="y" value="26"/>
      </i>
      <i name="image" value="5000039.love2.5.png"/>
    </i>
  </i>
  <i name="cry">
    <i name="0">
      <i name="origin">
        <i name="x" value="21"/>
        <i name="y" value="20"/>
      </i>
      <i name="image" value="5000039.cry.0.png"/>
    </i>
  </i>
  <i name="stunned">
    <i name="0">
      <i name="origin">
        <i name="x" value="24"/>
        <i name="y" value="20"/>
      </i>
      <i name="image" value="5000039.stunned.0.png"/>
    </i>
    <i name="1">
      <i name="origin">
        <i name="x" value="24"/>
        <i name="y" value="20"/>
      </i>
      <i name="image" value="5000039.stunned.1.png"/>
    </i>
  </i>
  <i name="melong">
    <i name="0">
      <i name="origin">
        <i name="x" value="26"/>
        <i name="y" value="20"/>
      </i>
      <i name="image" value="5000039.melong.0.png"/>
    </i>
  </i>
  <i name="dung">
    <i name="0">
      <i name="origin">
        <i name="x" value="27"/>
        <i name="y" value="20"/>
      </i>
      <i name="image" value="5000039.dung.0.png"/>
    </i>
  </i>
  <i name="ignore">
    <i name="0">
      <i name="origin">
        <i name="x" value="14"/>
        <i name="y" value="27"/>
      </i>
      <i name="image" value="5000039.ignore.0.png"/>
    </i>
  </i>
  <i name="eat">
    <i name="0">
      <i name="origin">
        <i name="x" value="21"/>
        <i name="y" value="21"/>
      </i>
      <i name="image" value="5000039.eat.0.png"/>
    </i>
    <i name="1">
      <i name="origin">
        <i name="x" value="21"/>
        <i name="y" value="22"/>
      </i>
      <i name="image" value="5000039.eat.1.png"/>
    </i>
    <i name="2">
      <i name="pointer" value="5000039/eat/0"/>
    </i>
    <i name="3">
      <i name="pointer" value="5000039/eat/1"/>
    </i>
  </i>
  <i name="fly">
    <i name="0">
      <i name="origin">
        <i name="x" value="28"/>
        <i name="y" value="21"/>
      </i>
      <i name="image" value="5000039.fly.0.png"/>
    </i>
    <i name="1">
      <i name="origin">
        <i name="x" value="26"/>
        <i name="y" value="20"/>
      </i>
      <i name="image" value="5000039.fly.1.png"/>
    </i>
    <i name="2">
      <i name="origin">
        <i name="x" value="28"/>
        <i name="y" value="21"/>
      </i>
      <i name="image" value="5000039.fly.2.png"/>
    </i>
    <i name="3">
      <i name="origin">
        <i name="x" value="26"/>
        <i name="y" value="19"/>
      </i>
      <i name="image" value="5000039.fly.3.png"/>
    </i>
  </i>
  </i>
