  <i name="05021000">
  <i name="info">
    <i name="icon">
      <i name="image" value="05021000.info.icon.png"/>
    </i>
    <i name="iconRaw">
      <i name="origin">
        <i name="x" value="-4"/>
        <i name="y" value="29"/>
      </i>
      <i name="image" value="05021000.info.iconRaw.png"/>
    </i>
    <i name="cash" value="1"/>
  </i>
  <i name="bullet">
    <i name="0">
      <i name="origin">
        <i name="x" value="12"/>
        <i name="y" value="11"/>
      </i>
      <i name="image" value="05021000.bullet.0.png"/>
    </i>
    <i name="1">
      <i name="origin">
        <i name="x" value="12"/>
        <i name="y" value="11"/>
      </i>
      <i name="image" value="05021000.bullet.1.png"/>
    </i>
    <i name="2">
      <i name="origin">
        <i name="x" value="12"/>
        <i name="y" value="11"/>
      </i>
      <i name="image" value="05021000.bullet.2.png"/>
    </i>
  </i>
  <i name="hit">
    <i name="0">
      <i name="origin">
        <i name="x" value="16"/>
        <i name="y" value="18"/>
      </i>
      <i name="delay" value="90"/>
      <i name="image" value="05021000.hit.0.png"/>
    </i>
    <i name="1">
      <i name="origin">
        <i name="x" value="25"/>
        <i name="y" value="24"/>
      </i>
      <i name="delay" value="90"/>
      <i name="image" value="05021000.hit.1.png"/>
    </i>
    <i name="2">
      <i name="origin">
        <i name="x" value="40"/>
        <i name="y" value="57"/>
      </i>
      <i name="delay" value="90"/>
      <i name="image" value="05021000.hit.2.png"/>
    </i>
    <i name="3">
      <i name="origin">
        <i name="x" value="34"/>
        <i name="y" value="21"/>
      </i>
      <i name="delay" value="90"/>
      <i name="image" value="05021000.hit.3.png"/>
    </i>
    <i name="4">
      <i name="origin">
        <i name="x" value="51"/>
        <i name="y" value="22"/>
      </i>
      <i name="delay" value="90"/>
      <i name="image" value="05021000.hit.4.png"/>
    </i>
  </i>
  </i>
