  <i name="05010039">
  <i name="info">
    <i name="icon">
      <i name="origin">
        <i name="x" value="0"/>
        <i name="y" value="32"/>
      </i>
      <i name="image" value="05010039.info.icon.png"/>
    </i>
    <i name="iconRaw">
      <i name="origin">
        <i name="x" value="0"/>
        <i name="y" value="32"/>
      </i>
      <i name="image" value="05010039.info.iconRaw.png"/>
    </i>
    <i name="cash" value="1"/>
  </i>
  <i name="effect">
    <i name="default" value="-NONE-"/>
    <i name="walk1">
      <i name="0">
        <i name="origin">
          <i name="x" value="51"/>
          <i name="y" value="77"/>
        </i>
        <i name="image" value="05010039.effect.walk1.0.png"/>
      </i>
      <i name="1">
        <i name="origin">
          <i name="x" value="51"/>
          <i name="y" value="76"/>
        </i>
        <i name="image" value="05010039.effect.walk1.1.png"/>
      </i>
      <i name="2">
        <i name="origin">
          <i name="x" value="51"/>
          <i name="y" value="75"/>
        </i>
        <i name="image" value="05010039.effect.walk1.2.png"/>
      </i>
      <i name="3">
        <i name="origin">
          <i name="x" value="51"/>
          <i name="y" value="74"/>
        </i>
        <i name="image" value="05010039.effect.walk1.3.png"/>
      </i>
      <i name="4">
        <i name="origin">
          <i name="x" value="51"/>
          <i name="y" value="73"/>
        </i>
        <i name="image" value="05010039.effect.walk1.4.png"/>
      </i>
      <i name="5">
        <i name="origin">
          <i name="x" value="51"/>
          <i name="y" value="74"/>
        </i>
        <i name="image" value="05010039.effect.walk1.5.png"/>
      </i>
      <i name="6">
        <i name="origin">
          <i name="x" value="51"/>
          <i name="y" value="75"/>
        </i>
        <i name="image" value="05010039.effect.walk1.6.png"/>
      </i>
      <i name="7">
        <i name="origin">
          <i name="x" value="51"/>
          <i name="y" value="76"/>
        </i>
        <i name="image" value="05010039.effect.walk1.7.png"/>
      </i>
      <i name="8">
        <i name="origin">
          <i name="x" value="51"/>
          <i name="y" value="77"/>
        </i>
        <i name="image" value="05010039.effect.walk1.8.png"/>
      </i>
      <i name="9">
        <i name="origin">
          <i name="x" value="51"/>
          <i name="y" value="78"/>
        </i>
        <i name="image" value="05010039.effect.walk1.9.png"/>
      </i>
      <i name="10">
        <i name="origin">
          <i name="x" value="51"/>
          <i name="y" value="79"/>
        </i>
        <i name="image" value="05010039.effect.walk1.10.png"/>
      </i>
      <i name="11">
        <i name="origin">
          <i name="x" value="51"/>
          <i name="y" value="78"/>
        </i>
        <i name="image" value="05010039.effect.walk1.11.png"/>
      </i>
      <i name="12">
        <i name="origin">
          <i name="x" value="51"/>
          <i name="y" value="77"/>
        </i>
        <i name="image" value="05010039.effect.walk1.12.png"/>
      </i>
      <i name="13">
        <i name="origin">
          <i name="x" value="51"/>
          <i name="y" value="76"/>
        </i>
        <i name="image" value="05010039.effect.walk1.13.png"/>
      </i>
      <i name="14">
        <i name="origin">
          <i name="x" value="51"/>
          <i name="y" value="75"/>
        </i>
        <i name="image" value="05010039.effect.walk1.14.png"/>
      </i>
      <i name="15">
        <i name="origin">
          <i name="x" value="51"/>
          <i name="y" value="74"/>
        </i>
        <i name="image" value="05010039.effect.walk1.15.png"/>
      </i>
      <i name="16">
        <i name="origin">
          <i name="x" value="51"/>
          <i name="y" value="73"/>
        </i>
        <i name="image" value="05010039.effect.walk1.16.png"/>
      </i>
      <i name="17">
        <i name="origin">
          <i name="x" value="51"/>
          <i name="y" value="74"/>
        </i>
        <i name="image" value="05010039.effect.walk1.17.png"/>
      </i>
      <i name="18">
        <i name="origin">
          <i name="x" value="51"/>
          <i name="y" value="75"/>
        </i>
        <i name="image" value="05010039.effect.walk1.18.png"/>
      </i>
      <i name="19">
        <i name="origin">
          <i name="x" value="51"/>
          <i name="y" value="76"/>
        </i>
        <i name="image" value="05010039.effect.walk1.19.png"/>
      </i>
      <i name="20">
        <i name="origin">
          <i name="x" value="51"/>
          <i name="y" value="77"/>
        </i>
        <i name="image" value="05010039.effect.walk1.20.png"/>
      </i>
      <i name="21">
        <i name="origin">
          <i name="x" value="51"/>
          <i name="y" value="78"/>
        </i>
        <i name="image" value="05010039.effect.walk1.21.png"/>
      </i>
      <i name="22">
        <i name="origin">
          <i name="x" value="51"/>
          <i name="y" value="79"/>
        </i>
        <i name="image" value="05010039.effect.walk1.22.png"/>
      </i>
      <i name="23">
        <i name="origin">
          <i name="x" value="51"/>
          <i name="y" value="78"/>
        </i>
        <i name="image" value="05010039.effect.walk1.23.png"/>
      </i>
      <i name="z" value="3"/>
      <i name="pos" value="1"/>
    </i>
    <i name="walk2">
      <i name="0">
        <i name="origin">
          <i name="x" value="51"/>
          <i name="y" value="77"/>
        </i>
        <i name="image" value="05010039.effect.walk2.0.png"/>
      </i>
      <i name="1">
        <i name="origin">
          <i name="x" value="51"/>
          <i name="y" value="76"/>
        </i>
        <i name="image" value="05010039.effect.walk2.1.png"/>
      </i>
      <i name="2">
        <i name="origin">
          <i name="x" value="51"/>
          <i name="y" value="75"/>
        </i>
        <i name="image" value="05010039.effect.walk2.2.png"/>
      </i>
      <i name="3">
        <i name="origin">
          <i name="x" value="51"/>
          <i name="y" value="74"/>
        </i>
        <i name="image" value="05010039.effect.walk2.3.png"/>
      </i>
      <i name="4">
        <i name="origin">
          <i name="x" value="51"/>
          <i name="y" value="73"/>
        </i>
        <i name="image" value="05010039.effect.walk2.4.png"/>
      </i>
      <i name="5">
        <i name="origin">
          <i name="x" value="51"/>
          <i name="y" value="74"/>
        </i>
        <i name="image" value="05010039.effect.walk2.5.png"/>
      </i>
      <i name="6">
        <i name="origin">
          <i name="x" value="51"/>
          <i name="y" value="75"/>
        </i>
        <i name="image" value="05010039.effect.walk2.6.png"/>
      </i>
      <i name="7">
        <i name="origin">
          <i name="x" value="51"/>
          <i name="y" value="76"/>
        </i>
        <i name="image" value="05010039.effect.walk2.7.png"/>
      </i>
      <i name="8">
        <i name="origin">
          <i name="x" value="51"/>
          <i name="y" value="77"/>
        </i>
        <i name="image" value="05010039.effect.walk2.8.png"/>
      </i>
      <i name="9">
        <i name="origin">
          <i name="x" value="51"/>
          <i name="y" value="78"/>
        </i>
        <i name="image" value="05010039.effect.walk2.9.png"/>
      </i>
      <i name="10">
        <i name="origin">
          <i name="x" value="51"/>
          <i name="y" value="79"/>
        </i>
        <i name="image" value="05010039.effect.walk2.10.png"/>
      </i>
      <i name="11">
        <i name="origin">
          <i name="x" value="51"/>
          <i name="y" value="78"/>
        </i>
        <i name="image" value="05010039.effect.walk2.11.png"/>
      </i>
      <i name="12">
        <i name="origin">
          <i name="x" value="51"/>
          <i name="y" value="77"/>
        </i>
        <i name="image" value="05010039.effect.walk2.12.png"/>
      </i>
      <i name="13">
        <i name="origin">
          <i name="x" value="51"/>
          <i name="y" value="76"/>
        </i>
        <i name="image" value="05010039.effect.walk2.13.png"/>
      </i>
      <i name="14">
        <i name="origin">
          <i name="x" value="51"/>
          <i name="y" value="75"/>
        </i>
        <i name="image" value="05010039.effect.walk2.14.png"/>
      </i>
      <i name="15">
        <i name="origin">
          <i name="x" value="51"/>
          <i name="y" value="74"/>
        </i>
        <i name="image" value="05010039.effect.walk2.15.png"/>
      </i>
      <i name="16">
        <i name="origin">
          <i name="x" value="51"/>
          <i name="y" value="73"/>
        </i>
        <i name="image" value="05010039.effect.walk2.16.png"/>
      </i>
      <i name="17">
        <i name="origin">
          <i name="x" value="51"/>
          <i name="y" value="74"/>
        </i>
        <i name="image" value="05010039.effect.walk2.17.png"/>
      </i>
      <i name="18">
        <i name="origin">
          <i name="x" value="51"/>
          <i name="y" value="75"/>
        </i>
        <i name="image" value="05010039.effect.walk2.18.png"/>
      </i>
      <i name="19">
        <i name="origin">
          <i name="x" value="51"/>
          <i name="y" value="76"/>
        </i>
        <i name="image" value="05010039.effect.walk2.19.png"/>
      </i>
      <i name="20">
        <i name="origin">
          <i name="x" value="51"/>
          <i name="y" value="77"/>
        </i>
        <i name="image" value="05010039.effect.walk2.20.png"/>
      </i>
      <i name="21">
        <i name="origin">
          <i name="x" value="51"/>
          <i name="y" value="78"/>
        </i>
        <i name="image" value="05010039.effect.walk2.21.png"/>
      </i>
      <i name="22">
        <i name="origin">
          <i name="x" value="51"/>
          <i name="y" value="79"/>
        </i>
        <i name="image" value="05010039.effect.walk2.22.png"/>
      </i>
      <i name="23">
        <i name="origin">
          <i name="x" value="51"/>
          <i name="y" value="78"/>
        </i>
        <i name="image" value="05010039.effect.walk2.23.png"/>
      </i>
      <i name="z" value="3"/>
      <i name="pos" value="1"/>
    </i>
    <i name="stand1">
      <i name="0">
        <i name="origin">
          <i name="x" value="51"/>
          <i name="y" value="77"/>
        </i>
        <i name="image" value="05010039.effect.stand1.0.png"/>
      </i>
      <i name="1">
        <i name="origin">
          <i name="x" value="51"/>
          <i name="y" value="76"/>
        </i>
        <i name="image" value="05010039.effect.stand1.1.png"/>
      </i>
      <i name="2">
        <i name="origin">
          <i name="x" value="51"/>
          <i name="y" value="75"/>
        </i>
        <i name="image" value="05010039.effect.stand1.2.png"/>
      </i>
      <i name="3">
        <i name="origin">
          <i name="x" value="51"/>
          <i name="y" value="74"/>
        </i>
        <i name="image" value="05010039.effect.stand1.3.png"/>
      </i>
      <i name="4">
        <i name="origin">
          <i name="x" value="51"/>
          <i name="y" value="73"/>
        </i>
        <i name="image" value="05010039.effect.stand1.4.png"/>
      </i>
      <i name="5">
        <i name="origin">
          <i name="x" value="51"/>
          <i name="y" value="74"/>
        </i>
        <i name="image" value="05010039.effect.stand1.5.png"/>
      </i>
      <i name="6">
        <i name="origin">
          <i name="x" value="51"/>
          <i name="y" value="75"/>
        </i>
        <i name="image" value="05010039.effect.stand1.6.png"/>
      </i>
      <i name="7">
        <i name="origin">
          <i name="x" value="51"/>
          <i name="y" value="76"/>
        </i>
        <i name="image" value="05010039.effect.stand1.7.png"/>
      </i>
      <i name="8">
        <i name="origin">
          <i name="x" value="51"/>
          <i name="y" value="77"/>
        </i>
        <i name="image" value="05010039.effect.stand1.8.png"/>
      </i>
      <i name="9">
        <i name="origin">
          <i name="x" value="51"/>
          <i name="y" value="78"/>
        </i>
        <i name="image" value="05010039.effect.stand1.9.png"/>
      </i>
      <i name="10">
        <i name="origin">
          <i name="x" value="51"/>
          <i name="y" value="79"/>
        </i>
        <i name="image" value="05010039.effect.stand1.10.png"/>
      </i>
      <i name="11">
        <i name="origin">
          <i name="x" value="51"/>
          <i name="y" value="78"/>
        </i>
        <i name="image" value="05010039.effect.stand1.11.png"/>
      </i>
      <i name="12">
        <i name="origin">
          <i name="x" value="51"/>
          <i name="y" value="77"/>
        </i>
        <i name="image" value="05010039.effect.stand1.12.png"/>
      </i>
      <i name="13">
        <i name="origin">
          <i name="x" value="51"/>
          <i name="y" value="76"/>
        </i>
        <i name="image" value="05010039.effect.stand1.13.png"/>
      </i>
      <i name="14">
        <i name="origin">
          <i name="x" value="51"/>
          <i name="y" value="75"/>
        </i>
        <i name="image" value="05010039.effect.stand1.14.png"/>
      </i>
      <i name="15">
        <i name="origin">
          <i name="x" value="51"/>
          <i name="y" value="74"/>
        </i>
        <i name="image" value="05010039.effect.stand1.15.png"/>
      </i>
      <i name="16">
        <i name="origin">
          <i name="x" value="51"/>
          <i name="y" value="73"/>
        </i>
        <i name="image" value="05010039.effect.stand1.16.png"/>
      </i>
      <i name="17">
        <i name="origin">
          <i name="x" value="51"/>
          <i name="y" value="74"/>
        </i>
        <i name="image" value="05010039.effect.stand1.17.png"/>
      </i>
      <i name="18">
        <i name="origin">
          <i name="x" value="51"/>
          <i name="y" value="75"/>
        </i>
        <i name="image" value="05010039.effect.stand1.18.png"/>
      </i>
      <i name="19">
        <i name="origin">
          <i name="x" value="51"/>
          <i name="y" value="76"/>
        </i>
        <i name="image" value="05010039.effect.stand1.19.png"/>
      </i>
      <i name="20">
        <i name="origin">
          <i name="x" value="51"/>
          <i name="y" value="77"/>
        </i>
        <i name="image" value="05010039.effect.stand1.20.png"/>
      </i>
      <i name="21">
        <i name="origin">
          <i name="x" value="51"/>
          <i name="y" value="78"/>
        </i>
        <i name="image" value="05010039.effect.stand1.21.png"/>
      </i>
      <i name="22">
        <i name="origin">
          <i name="x" value="51"/>
          <i name="y" value="79"/>
        </i>
        <i name="image" value="05010039.effect.stand1.22.png"/>
      </i>
      <i name="23">
        <i name="origin">
          <i name="x" value="51"/>
          <i name="y" value="78"/>
        </i>
        <i name="image" value="05010039.effect.stand1.23.png"/>
      </i>
      <i name="z" value="3"/>
      <i name="pos" value="1"/>
    </i>
    <i name="stand2">
      <i name="0">
        <i name="origin">
          <i name="x" value="51"/>
          <i name="y" value="77"/>
        </i>
        <i name="image" value="05010039.effect.stand2.0.png"/>
      </i>
      <i name="1">
        <i name="origin">
          <i name="x" value="51"/>
          <i name="y" value="76"/>
        </i>
        <i name="image" value="05010039.effect.stand2.1.png"/>
      </i>
      <i name="2">
        <i name="origin">
          <i name="x" value="51"/>
          <i name="y" value="75"/>
        </i>
        <i name="image" value="05010039.effect.stand2.2.png"/>
      </i>
      <i name="3">
        <i name="origin">
          <i name="x" value="51"/>
          <i name="y" value="74"/>
        </i>
        <i name="image" value="05010039.effect.stand2.3.png"/>
      </i>
      <i name="4">
        <i name="origin">
          <i name="x" value="51"/>
          <i name="y" value="73"/>
        </i>
        <i name="image" value="05010039.effect.stand2.4.png"/>
      </i>
      <i name="5">
        <i name="origin">
          <i name="x" value="51"/>
          <i name="y" value="74"/>
        </i>
        <i name="image" value="05010039.effect.stand2.5.png"/>
      </i>
      <i name="6">
        <i name="origin">
          <i name="x" value="51"/>
          <i name="y" value="75"/>
        </i>
        <i name="image" value="05010039.effect.stand2.6.png"/>
      </i>
      <i name="7">
        <i name="origin">
          <i name="x" value="51"/>
          <i name="y" value="76"/>
        </i>
        <i name="image" value="05010039.effect.stand2.7.png"/>
      </i>
      <i name="8">
        <i name="origin">
          <i name="x" value="51"/>
          <i name="y" value="77"/>
        </i>
        <i name="image" value="05010039.effect.stand2.8.png"/>
      </i>
      <i name="9">
        <i name="origin">
          <i name="x" value="51"/>
          <i name="y" value="78"/>
        </i>
        <i name="image" value="05010039.effect.stand2.9.png"/>
      </i>
      <i name="10">
        <i name="origin">
          <i name="x" value="51"/>
          <i name="y" value="79"/>
        </i>
        <i name="image" value="05010039.effect.stand2.10.png"/>
      </i>
      <i name="11">
        <i name="origin">
          <i name="x" value="51"/>
          <i name="y" value="78"/>
        </i>
        <i name="image" value="05010039.effect.stand2.11.png"/>
      </i>
      <i name="12">
        <i name="origin">
          <i name="x" value="51"/>
          <i name="y" value="77"/>
        </i>
        <i name="image" value="05010039.effect.stand2.12.png"/>
      </i>
      <i name="13">
        <i name="origin">
          <i name="x" value="51"/>
          <i name="y" value="76"/>
        </i>
        <i name="image" value="05010039.effect.stand2.13.png"/>
      </i>
      <i name="14">
        <i name="origin">
          <i name="x" value="51"/>
          <i name="y" value="75"/>
        </i>
        <i name="image" value="05010039.effect.stand2.14.png"/>
      </i>
      <i name="15">
        <i name="origin">
          <i name="x" value="51"/>
          <i name="y" value="74"/>
        </i>
        <i name="image" value="05010039.effect.stand2.15.png"/>
      </i>
      <i name="16">
        <i name="origin">
          <i name="x" value="51"/>
          <i name="y" value="73"/>
        </i>
        <i name="image" value="05010039.effect.stand2.16.png"/>
      </i>
      <i name="17">
        <i name="origin">
          <i name="x" value="51"/>
          <i name="y" value="74"/>
        </i>
        <i name="image" value="05010039.effect.stand2.17.png"/>
      </i>
      <i name="18">
        <i name="origin">
          <i name="x" value="51"/>
          <i name="y" value="75"/>
        </i>
        <i name="image" value="05010039.effect.stand2.18.png"/>
      </i>
      <i name="19">
        <i name="origin">
          <i name="x" value="51"/>
          <i name="y" value="76"/>
        </i>
        <i name="image" value="05010039.effect.stand2.19.png"/>
      </i>
      <i name="20">
        <i name="origin">
          <i name="x" value="51"/>
          <i name="y" value="77"/>
        </i>
        <i name="image" value="05010039.effect.stand2.20.png"/>
      </i>
      <i name="21">
        <i name="origin">
          <i name="x" value="51"/>
          <i name="y" value="78"/>
        </i>
        <i name="image" value="05010039.effect.stand2.21.png"/>
      </i>
      <i name="22">
        <i name="origin">
          <i name="x" value="51"/>
          <i name="y" value="79"/>
        </i>
        <i name="image" value="05010039.effect.stand2.22.png"/>
      </i>
      <i name="23">
        <i name="origin">
          <i name="x" value="51"/>
          <i name="y" value="78"/>
        </i>
        <i name="image" value="05010039.effect.stand2.23.png"/>
      </i>
      <i name="z" value="3"/>
      <i name="pos" value="1"/>
    </i>
    <i name="alert">
      <i name="pointer" value="05010039/effect/walk1"/>
    </i>
    <i name="swingO1">
      <i name="pointer" value="05010039/effect/walk1"/>
    </i>
    <i name="swingO2">
      <i name="pointer" value="05010039/effect/walk1"/>
    </i>
    <i name="swingO3">
      <i name="pointer" value="05010039/effect/walk1"/>
    </i>
    <i name="swingOF">
      <i name="pointer" value="05010039/effect/walk1"/>
    </i>
    <i name="swingT1">
      <i name="pointer" value="05010039/effect/walk1"/>
    </i>
    <i name="swingT2">
      <i name="pointer" value="05010039/effect/walk1"/>
    </i>
    <i name="swingT3">
      <i name="pointer" value="05010039/effect/walk1"/>
    </i>
    <i name="swingTF">
      <i name="pointer" value="05010039/effect/walk1"/>
    </i>
    <i name="swingP1">
      <i name="pointer" value="05010039/effect/walk1"/>
    </i>
    <i name="swingP2">
      <i name="pointer" value="05010039/effect/walk1"/>
    </i>
    <i name="swingPF">
      <i name="pointer" value="05010039/effect/walk1"/>
    </i>
    <i name="stabO1">
      <i name="pointer" value="05010039/effect/walk1"/>
    </i>
    <i name="stabO2">
      <i name="pointer" value="05010039/effect/walk1"/>
    </i>
    <i name="stabOF">
      <i name="pointer" value="05010039/effect/walk1"/>
    </i>
    <i name="stabT1">
      <i name="pointer" value="05010039/effect/walk1"/>
    </i>
    <i name="stabT2">
      <i name="pointer" value="05010039/effect/walk1"/>
    </i>
    <i name="stabTF">
      <i name="pointer" value="05010039/effect/walk1"/>
    </i>
    <i name="proneStab">
      <i name="0">
        <i name="origin">
          <i name="x" value="48"/>
          <i name="y" value="97"/>
        </i>
        <i name="image" value="05010039.effect.proneStab.0.png"/>
      </i>
      <i name="1">
        <i name="origin">
          <i name="x" value="48"/>
          <i name="y" value="96"/>
        </i>
        <i name="image" value="05010039.effect.proneStab.1.png"/>
      </i>
      <i name="2">
        <i name="origin">
          <i name="x" value="48"/>
          <i name="y" value="95"/>
        </i>
        <i name="image" value="05010039.effect.proneStab.2.png"/>
      </i>
      <i name="3">
        <i name="origin">
          <i name="x" value="48"/>
          <i name="y" value="94"/>
        </i>
        <i name="image" value="05010039.effect.proneStab.3.png"/>
      </i>
      <i name="4">
        <i name="origin">
          <i name="x" value="48"/>
          <i name="y" value="93"/>
        </i>
        <i name="image" value="05010039.effect.proneStab.4.png"/>
      </i>
      <i name="5">
        <i name="origin">
          <i name="x" value="48"/>
          <i name="y" value="94"/>
        </i>
        <i name="image" value="05010039.effect.proneStab.5.png"/>
      </i>
      <i name="6">
        <i name="origin">
          <i name="x" value="48"/>
          <i name="y" value="95"/>
        </i>
        <i name="image" value="05010039.effect.proneStab.6.png"/>
      </i>
      <i name="7">
        <i name="origin">
          <i name="x" value="48"/>
          <i name="y" value="96"/>
        </i>
        <i name="image" value="05010039.effect.proneStab.7.png"/>
      </i>
      <i name="8">
        <i name="origin">
          <i name="x" value="48"/>
          <i name="y" value="97"/>
        </i>
        <i name="image" value="05010039.effect.proneStab.8.png"/>
      </i>
      <i name="9">
        <i name="origin">
          <i name="x" value="48"/>
          <i name="y" value="98"/>
        </i>
        <i name="image" value="05010039.effect.proneStab.9.png"/>
      </i>
      <i name="10">
        <i name="origin">
          <i name="x" value="48"/>
          <i name="y" value="99"/>
        </i>
        <i name="image" value="05010039.effect.proneStab.10.png"/>
      </i>
      <i name="11">
        <i name="origin">
          <i name="x" value="48"/>
          <i name="y" value="98"/>
        </i>
        <i name="image" value="05010039.effect.proneStab.11.png"/>
      </i>
      <i name="12">
        <i name="origin">
          <i name="x" value="48"/>
          <i name="y" value="97"/>
        </i>
        <i name="image" value="05010039.effect.proneStab.12.png"/>
      </i>
      <i name="13">
        <i name="origin">
          <i name="x" value="48"/>
          <i name="y" value="96"/>
        </i>
        <i name="image" value="05010039.effect.proneStab.13.png"/>
      </i>
      <i name="14">
        <i name="origin">
          <i name="x" value="48"/>
          <i name="y" value="95"/>
        </i>
        <i name="image" value="05010039.effect.proneStab.14.png"/>
      </i>
      <i name="15">
        <i name="origin">
          <i name="x" value="48"/>
          <i name="y" value="94"/>
        </i>
        <i name="image" value="05010039.effect.proneStab.15.png"/>
      </i>
      <i name="16">
        <i name="origin">
          <i name="x" value="48"/>
          <i name="y" value="93"/>
        </i>
        <i name="image" value="05010039.effect.proneStab.16.png"/>
      </i>
      <i name="17">
        <i name="origin">
          <i name="x" value="48"/>
          <i name="y" value="94"/>
        </i>
        <i name="image" value="05010039.effect.proneStab.17.png"/>
      </i>
      <i name="18">
        <i name="origin">
          <i name="x" value="48"/>
          <i name="y" value="95"/>
        </i>
        <i name="image" value="05010039.effect.proneStab.18.png"/>
      </i>
      <i name="19">
        <i name="origin">
          <i name="x" value="48"/>
          <i name="y" value="96"/>
        </i>
        <i name="image" value="05010039.effect.proneStab.19.png"/>
      </i>
      <i name="20">
        <i name="origin">
          <i name="x" value="48"/>
          <i name="y" value="97"/>
        </i>
        <i name="image" value="05010039.effect.proneStab.20.png"/>
      </i>
      <i name="21">
        <i name="origin">
          <i name="x" value="48"/>
          <i name="y" value="98"/>
        </i>
        <i name="image" value="05010039.effect.proneStab.21.png"/>
      </i>
      <i name="22">
        <i name="origin">
          <i name="x" value="48"/>
          <i name="y" value="99"/>
        </i>
        <i name="image" value="05010039.effect.proneStab.22.png"/>
      </i>
      <i name="23">
        <i name="origin">
          <i name="x" value="48"/>
          <i name="y" value="98"/>
        </i>
        <i name="image" value="05010039.effect.proneStab.23.png"/>
      </i>
      <i name="z" value="3"/>
      <i name="pos" value="1"/>
    </i>
    <i name="prone">
      <i name="pointer" value="05010039/effect/proneStab"/>
    </i>
    <i name="shoot1">
      <i name="pointer" value="05010039/effect/walk1"/>
    </i>
    <i name="shoot2">
      <i name="pointer" value="05010039/effect/walk1"/>
    </i>
    <i name="shootF">
      <i name="pointer" value="05010039/effect/walk1"/>
    </i>
    <i name="heal">
      <i name="pointer" value="05010039/effect/walk1"/>
    </i>
    <i name="fly">
      <i name="pointer" value="05010039/effect/walk1"/>
    </i>
    <i name="jump">
      <i name="pointer" value="05010039/effect/walk1"/>
    </i>
    <i name="sit">
      <i name="pointer" value="05010039/effect/walk1"/>
    </i>
    <i name="ladder">
      <i name="pointer" value="05010039/effect/walk1"/>
    </i>
    <i name="rope">
      <i name="pointer" value="05010039/effect/walk1"/>
    </i>
    <i name="pos" value="1"/>
    <i name="pos" value="1"/>
    <i name="pos" value="1"/>
    <i name="pos" value="1"/>
    <i name="pos" value="1"/>
    <i name="pos" value="1"/>
    <i name="action" value="1"/>
  </i>
  </i>
