<i>
<s name="default"><f name="default" ><p name="default"  origin_x="33" origin_y="33" brow_x="7" brow_y="3" z="capBelowAccessory" image="default.default.png"/></f></s>
<s name="backDefault"><f name="default" ><p name="backDefault"  origin_x="27" origin_y="33" brow_x="6" brow_y="3" z="backCap" image="backDefault.default.png"/></f></s>
<s name="walk1"><f name="0" ><p name="walk1"  origin_x="33" origin_y="33" z="cap" hand_x="14" hand_y="43" image="walk1.0.0.png"/></f><f name="1" ><p name="walk1"  origin_x="33" origin_y="33" z="cap" hand_x="5" hand_y="45" image="walk1.1.0.png"/></f><f name="2" ><p name="walk1"  origin_x="32" origin_y="33" z="cap" hand_x="13" hand_y="43" image="walk1.2.0.png"/></f><f name="3" ><p name="walk1"  origin_x="33" origin_y="33" z="cap" hand_x="17" hand_y="42" image="walk1.3.0.png"/></f></s>
<s name="walk2"><f name="0" ><p name="walk2"  origin_x="33" origin_y="33" z="cap" hand_x="5" hand_y="39" image="walk2.0.0.png"/></f><f name="1" ><p name="walk2"  origin_x="33" origin_y="33" z="cap" hand_x="4" hand_y="40" image="walk2.1.0.png"/></f><f name="2" ><p name="walk2"  origin_x="32" origin_y="33" z="cap" hand_x="4" hand_y="39" image="walk2.2.0.png"/></f><f name="3" ><p name="walk2"  origin_x="33" origin_y="33" z="cap" hand_x="6" hand_y="42" image="walk2.3.0.png"/></f></s>
<s name="stand1"><f name="0" ><p name="stand1"  origin_x="33" origin_y="33" z="cap" hand_x="11" hand_y="45" image="stand1.0.0.png"/></f><f name="1" ><p name="stand1"  origin_x="33" origin_y="33" z="cap" hand_x="12" hand_y="45" image="stand1.1.0.png"/></f><f name="2" ><p name="stand1"  origin_x="32" origin_y="33" z="cap" hand_x="12" hand_y="45" image="stand1.2.0.png"/></f></s>
<s name="stand2"><f name="0" ><p name="stand2"  origin_x="33" origin_y="33" z="cap" hand_x="4" hand_y="39" image="stand2.0.0.png"/></f><f name="1" ><p name="stand2"  origin_x="33" origin_y="33" z="cap" hand_x="5" hand_y="39" image="stand2.1.0.png"/></f><f name="2" ><p name="stand2"  origin_x="32" origin_y="33" z="cap" hand_x="5" hand_y="39" image="stand2.2.0.png"/></f></s>
<s name="alert"><f name="0" ><p name="alert"  origin_x="33" origin_y="33" z="cap" hand_x="10" hand_y="43" image="alert.0.0.png"/></f><f name="1" ><p name="alert"  origin_x="33" origin_y="33" z="cap" hand_x="9" hand_y="44" image="alert.1.0.png"/></f><f name="2" ><p name="alert"  origin_x="31" origin_y="33" z="cap" hand_x="8" hand_y="47" image="alert.2.0.png"/></f></s>
<s name="swingO1"><f name="0" ><p name="swingO1"  origin_x="33" origin_y="33" z="cap" hand_x="6" hand_y="38" image="swingO1.0.0.png"/></f><f name="1" ><p name="swingO1"  origin_x="31" origin_y="33" z="cap" hand_x="-3" hand_y="40" image="swingO1.1.0.png"/></f><f name="2" ><p name="swingO1"  origin_x="34" origin_y="31" z="cap" hand_x="32" hand_y="19" image="swingO1.2.0.png"/></f></s>
<s name="swingO2"><f name="0" ><p name="swingO2"  origin_x="33" origin_y="33" z="cap" hand_x="-16" hand_y="24" image="swingO2.0.0.png"/></f><f name="1" ><p name="swingO2"  origin_x="39" origin_y="33" z="cap" hand_x="-7" hand_y="39" image="swingO2.1.0.png"/></f><f name="2" ><p name="swingO2"  origin_x="43" origin_y="32" z="cap" hand_x="36" hand_y="41" image="swingO2.2.0.png"/></f></s>
<s name="swingO3"><f name="0" ><p name="swingO3"  origin_x="33" origin_y="33" z="cap" hand_x="26" hand_y="26" image="swingO3.0.0.png"/></f><f name="1" ><p name="swingO3"  origin_x="31" origin_y="33" z="cap" hand_x="-10" hand_y="36" image="swingO3.1.0.png"/></f><f name="2" ><p name="swingO3"  origin_x="33" origin_y="33" z="cap" hand_x="0" hand_y="37" image="swingO3.2.0.png"/></f></s>
<s name="swingOF"><f name="0" ><p name="swingOF"  origin_x="33" origin_y="33" z="cap" hand_x="29" hand_y="30" image="swingOF.0.0.png"/></f><f name="1" ><p name="swingOF"  origin_x="24" origin_y="33" z="cap" hand_x="10" hand_y="35" image="swingOF.1.0.png"/></f><f name="2" ><p name="swingOF"  origin_x="30" origin_y="34" z="cap" hand_x="-10" hand_y="31" image="swingOF.2.0.png"/></f><f name="3" ><p name="swingOF"  origin_x="41" origin_y="34" z="cap" hand_x="50" hand_y="22" image="swingOF.3.0.png"/></f></s>
<s name="swingT1"><f name="0" ><p name="swingT1"  origin_x="33" origin_y="33" z="cap" hand_x="8" hand_y="16" image="swingT1.0.0.png"/></f><f name="1" ><p name="swingT1"  origin_x="31" origin_y="33" z="cap" hand_x="-10" hand_y="28" image="swingT1.1.0.png"/></f><f name="2" ><p name="swingT1"  origin_x="33" origin_y="33" z="cap" hand_x="-3" hand_y="48" image="swingT1.2.0.png"/></f></s>
<s name="swingT2"><f name="0" ><p name="swingT2"  origin_x="33" origin_y="33" z="cap" hand_x="-2" hand_y="26" image="swingT2.0.0.png"/></f><f name="1" ><p name="swingT2"  origin_x="33" origin_y="33" z="cap" hand_x="-11" hand_y="35" image="swingT2.1.0.png"/></f><f name="2" ><p name="swingT2"  origin_x="39" origin_y="33" z="cap" hand_x="26" hand_y="42" image="swingT2.2.0.png"/></f></s>
<s name="swingT3"><f name="0" ><p name="swingT3"  origin_x="33" origin_y="33" z="cap" hand_x="14" hand_y="43" image="swingT3.0.0.png"/></f><f name="1" ><p name="swingT3"  origin_x="31" origin_y="33" z="cap" hand_x="21" hand_y="40" image="swingT3.1.0.png"/></f><f name="2" ><p name="swingT3"  origin_x="34" origin_y="31" z="cap" hand_x="1" hand_y="24" image="swingT3.2.0.png"/></f></s>
<s name="swingTF"><f name="0" ><p name="swingTF"  origin_x="24" origin_y="33" z="cap" hand_x="-3" hand_y="15" image="swingTF.0.0.png"/></f><f name="1" ><p name="swingTF"  origin_x="28" origin_y="34" z="cap" hand_x="15" hand_y="24" image="swingTF.1.0.png"/></f><f name="2" ><p name="swingTF"  origin_x="30" origin_y="34" z="cap" hand_x="4" hand_y="10" image="swingTF.2.0.png"/></f><f name="3" ><p name="swingTF"  origin_x="41" origin_y="34" z="cap" hand_x="12" hand_y="46" image="swingTF.3.0.png"/></f></s>
<s name="swingP1"><f name="0" ><p name="swingP1"  origin_x="33" origin_y="33" z="cap" hand_x="2" hand_y="14" image="swingP1.0.0.png"/></f><f name="1" ><p name="swingP1"  origin_x="31" origin_y="33" z="cap" hand_x="-6" hand_y="19" image="swingP1.1.0.png"/></f><f name="2" ><p name="swingP1"  origin_x="33" origin_y="33" z="cap" hand_x="-3" hand_y="48" image="swingP1.2.0.png"/></f></s>
<s name="swingP2"><f name="0" ><p name="swingP2"  origin_x="33" origin_y="33" z="cap" hand_x="-17" hand_y="26" image="swingP2.0.0.png"/></f><f name="1" ><p name="swingP2"  origin_x="33" origin_y="33" z="cap" hand_x="-12" hand_y="38" image="swingP2.1.0.png"/></f><f name="2" ><p name="swingP2"  origin_x="39" origin_y="33" z="cap" hand_x="27" hand_y="44" image="swingP2.2.0.png"/></f></s>
<s name="swingPF"><f name="0" ><p name="swingPF"  origin_x="33" origin_y="33" z="cap" hand_x="22" hand_y="37" image="swingPF.0.0.png"/></f><f name="1" ><p name="swingPF"  origin_x="31" origin_y="33" z="cap" hand_x="22" hand_y="34" image="swingPF.1.0.png"/></f><f name="2" ><p name="swingPF"  origin_x="32" origin_y="34" z="cap" hand_x="20" hand_y="10" image="swingPF.2.0.png"/></f><f name="3" ><p name="swingPF"  origin_x="33" origin_y="33" z="cap" hand_x="-8" hand_y="43" image="swingPF.3.0.png"/></f></s>
<s name="stabO1"><f name="0" ><p name="stabO1"  origin_x="33" origin_y="33" z="cap" hand_x="16" hand_y="43" image="stabO1.0.0.png"/></f><f name="1" ><p name="stabO1"  origin_x="36" origin_y="31" z="cap" hand_x="-11" hand_y="34" image="stabO1.1.0.png"/></f></s>
<s name="stabO2"><f name="0" ><p name="stabO2"  origin_x="33" origin_y="33" z="cap" hand_x="13" hand_y="28" image="stabO2.0.0.png"/></f><f name="1" ><p name="stabO2"  origin_x="39" origin_y="33" z="cap" hand_x="-4" hand_y="30" image="stabO2.1.0.png"/></f></s>
<s name="stabOF"><f name="0" ><p name="stabOF"  origin_x="33" origin_y="33" z="cap" hand_x="19" hand_y="39" image="stabOF.0.0.png"/></f><f name="1" ><p name="stabOF"  origin_x="31" origin_y="33" z="cap" hand_x="-8" hand_y="43" image="stabOF.1.0.png"/></f><f name="2" ><p name="stabOF"  origin_x="39" origin_y="33" z="cap" hand_x="-1" hand_y="43" image="stabOF.2.0.png"/></f></s>
<s name="stabT1"><f name="0" ><p name="stabT1"  origin_x="33" origin_y="33" z="cap" hand_x="32" hand_y="35" image="stabT1.0.0.png"/></f><f name="1" ><p name="stabT1"  origin_x="36" origin_y="33" z="cap" hand_x="30" hand_y="32" image="stabT1.1.0.png"/></f><f name="2" ><p name="stabT1"  origin_x="33" origin_y="33" z="cap" hand_x="6" hand_y="33" image="stabT1.2.0.png"/></f></s>
<s name="stabT2"><f name="0" ><p name="stabT2"  origin_x="33" origin_y="33" z="cap" hand_x="23" hand_y="39" image="stabT2.0.0.png"/></f><f name="1" ><p name="stabT2"  origin_x="36" origin_y="33" z="cap" hand_x="33" hand_y="31" image="stabT2.1.0.png"/></f><f name="2" ><p name="stabT2"  origin_x="33" origin_y="33" z="cap" hand_x="18" hand_y="41" image="stabT2.2.0.png"/></f></s>
<s name="stabTF"><f name="0" ><p name="stabTF"  origin_x="33" origin_y="33" brow_x="-1" brow_y="8" z="capBelowAccessory" image="stabTF.0.0.png"/></f><f name="1" ><p name="stabTF"  origin_x="31" origin_y="33" brow_x="-1" brow_y="8" z="capBelowAccessory" image="stabTF.1.0.png"/></f><f name="2" ><p name="stabTF"  origin_x="28" origin_y="34" z="cap" hand_x="21" hand_y="10" image="stabTF.2.0.png"/></f><f name="3" ><p name="stabTF"  origin_x="41" origin_y="34" z="cap" hand_x="20" hand_y="32" image="stabTF.3.0.png"/></f></s>
<s name="shoot1"><f name="0" ><p name="shoot1"  origin_x="33" origin_y="33" z="cap" hand_x="-6" hand_y="29" image="shoot1.0.0.png"/></f><f name="1" ><p name="shoot1"  origin_x="39" origin_y="33" z="cap" hand_x="14" hand_y="29" image="shoot1.1.0.png"/></f><f name="2" ><p name="shoot1"  origin_x="43" origin_y="32" z="cap" hand_x="16" hand_y="30" image="shoot1.2.0.png"/></f></s>
<s name="shoot2"><f name="0" ><p name="shoot2"  origin_x="33" origin_y="33" z="cap" hand_x="6" hand_y="36" image="shoot2.0.0.png"/></f><f name="1" ><p name="shoot2"  origin_x="33" origin_y="33" z="cap" hand_x="4" hand_y="36" image="shoot2.1.0.png"/></f><f name="2" ><p name="shoot2"  origin_x="32" origin_y="32" z="cap" hand_x="-12" hand_y="31" image="shoot2.2.0.png"/></f><f name="3" ><p name="shoot2"  origin_x="33" origin_y="33" z="cap" hand_x="1" hand_y="29" image="shoot2.3.0.png"/></f><f name="4" ><p name="shoot2"  origin_x="36" origin_y="33" z="cap" hand_x="4" hand_y="28" image="shoot2.4.0.png"/></f></s>
<s name="shootF"><f name="0" ><p name="shootF"  origin_x="33" origin_y="33" z="cap" hand_x="-4" hand_y="28" image="shootF.0.0.png"/></f><f name="1" ><p name="shootF"  origin_x="39" origin_y="33" z="cap" hand_x="16" hand_y="30" image="shootF.1.0.png"/></f><f name="2" ><p name="shootF"  origin_x="39" origin_y="33" z="cap" hand_x="16" hand_y="30" image="shootF.2.0.png"/></f></s>
<s name="proneStab"><f name="0" ><p name="proneStab"  origin_x="33" origin_y="33" z="cap" hand_x="10" hand_y="27" image="proneStab.0.0.png"/></f><f name="1" ><p name="proneStab"  origin_x="36" origin_y="33" z="cap" hand_x="-3" hand_y="28" image="proneStab.1.0.png"/></f></s>
<s name="prone"><f name="0" ><p name="pointer"  pointer="default/default"/></f></s>
<s name="heal"><f name="0" ><p name="pointer"  pointer="default/default"/></f><f name="1" ><p name="pointer"  pointer="default/default"/></f><f name="2" ><p name="pointer"  pointer="default/default"/></f></s>
<s name="fly"><f name="0" ><p name="fly"  origin_x="28" origin_y="34" z="cap" hand_x="7" hand_y="31" image="fly.0.0.png"/></f><f name="1" ><p name="fly"  origin_x="28" origin_y="34" z="cap" hand_x="6" hand_y="32" image="fly.1.0.png"/></f></s>
<s name="jump"><f name="0" ><p name="jump"  origin_x="32" origin_y="34" z="cap" hand_x="7" hand_y="30" image="jump.0.0.png"/></f></s>
<s name="sit"><f name="0" ><p name="sit"  origin_x="32" origin_y="33" z="cap" hand_x="4" hand_y="32" image="sit.0.0.png"/></f></s>
<s name="ladder"><f name="0" ><p name="ladder"  origin_x="27" origin_y="33" z="cap" hand_x="-1" hand_y="19" image="ladder.0.0.png"/></f><f name="1" ><p name="ladder"  origin_x="27" origin_y="33" z="cap" hand_x="7" hand_y="18" image="ladder.1.0.png"/></f></s>
<s name="rope"><f name="0" ><p name="rope"  origin_x="27" origin_y="33" z="cap" hand_x="2" hand_y="22" image="rope.0.0.png"/></f><f name="1" ><p name="rope"  origin_x="27" origin_y="33" z="cap" hand_x="2" hand_y="27" image="rope.1.0.png"/></f></s>
</i>
