  <i name="1311008">
  <i name="effect">
    <i name="0">
      <i name="origin">
        <i name="x" value="7"/>
        <i name="y" value="104"/>
      </i>
      <i name="delay" value="50"/>
      <i name="image" value="1311008.effect.0.png"/>
    </i>
    <i name="1">
      <i name="origin">
        <i name="x" value="76"/>
        <i name="y" value="103"/>
      </i>
      <i name="delay" value="50"/>
      <i name="image" value="1311008.effect.1.png"/>
    </i>
    <i name="2">
      <i name="origin">
        <i name="x" value="76"/>
        <i name="y" value="103"/>
      </i>
      <i name="delay" value="50"/>
      <i name="image" value="1311008.effect.2.png"/>
    </i>
    <i name="3">
      <i name="origin">
        <i name="x" value="76"/>
        <i name="y" value="103"/>
      </i>
      <i name="delay" value="50"/>
      <i name="image" value="1311008.effect.3.png"/>
    </i>
    <i name="4">
      <i name="origin">
        <i name="x" value="77"/>
        <i name="y" value="103"/>
      </i>
      <i name="delay" value="50"/>
      <i name="image" value="1311008.effect.4.png"/>
    </i>
    <i name="5">
      <i name="origin">
        <i name="x" value="77"/>
        <i name="y" value="103"/>
      </i>
      <i name="delay" value="50"/>
      <i name="image" value="1311008.effect.5.png"/>
    </i>
    <i name="6">
      <i name="origin">
        <i name="x" value="78"/>
        <i name="y" value="103"/>
      </i>
      <i name="delay" value="50"/>
      <i name="image" value="1311008.effect.6.png"/>
    </i>
    <i name="7">
      <i name="origin">
        <i name="x" value="78"/>
        <i name="y" value="104"/>
      </i>
      <i name="delay" value="50"/>
      <i name="image" value="1311008.effect.7.png"/>
    </i>
    <i name="8">
      <i name="origin">
        <i name="x" value="78"/>
        <i name="y" value="104"/>
      </i>
      <i name="delay" value="50"/>
      <i name="image" value="1311008.effect.8.png"/>
    </i>
    <i name="9">
      <i name="origin">
        <i name="x" value="78"/>
        <i name="y" value="104"/>
      </i>
      <i name="delay" value="50"/>
      <i name="image" value="1311008.effect.9.png"/>
    </i>
    <i name="10">
      <i name="origin">
        <i name="x" value="78"/>
        <i name="y" value="104"/>
      </i>
      <i name="delay" value="50"/>
      <i name="image" value="1311008.effect.10.png"/>
    </i>
    <i name="11">
      <i name="origin">
        <i name="x" value="79"/>
        <i name="y" value="104"/>
      </i>
      <i name="delay" value="50"/>
      <i name="image" value="1311008.effect.11.png"/>
    </i>
    <i name="12">
      <i name="origin">
        <i name="x" value="79"/>
        <i name="y" value="104"/>
      </i>
      <i name="delay" value="50"/>
      <i name="image" value="1311008.effect.12.png"/>
    </i>
    <i name="13">
      <i name="origin">
        <i name="x" value="79"/>
        <i name="y" value="104"/>
      </i>
      <i name="delay" value="50"/>
      <i name="image" value="1311008.effect.13.png"/>
    </i>
    <i name="14">
      <i name="origin">
        <i name="x" value="79"/>
        <i name="y" value="104"/>
      </i>
      <i name="delay" value="50"/>
      <i name="image" value="1311008.effect.14.png"/>
    </i>
    <i name="15">
      <i name="origin">
        <i name="x" value="79"/>
        <i name="y" value="105"/>
      </i>
      <i name="z" value="0"/>
      <i name="delay" value="50"/>
      <i name="image" value="1311008.effect.15.png"/>
    </i>
    <i name="16">
      <i name="origin">
        <i name="x" value="79"/>
        <i name="y" value="105"/>
      </i>
      <i name="delay" value="200"/>
      <i name="a1" value="64"/>
      <i name="z1" value="200"/>
      <i name="image" value="1311008.effect.16.png"/>
    </i>
  </i>
  <i name="special">
    <i name="0">
      <i name="origin">
        <i name="x" value="57"/>
        <i name="y" value="84"/>
      </i>
      <i name="delay" value="120"/>
      <i name="image" value="1311008.special.0.png"/>
    </i>
    <i name="1">
      <i name="origin">
        <i name="x" value="47"/>
        <i name="y" value="75"/>
      </i>
      <i name="delay" value="120"/>
      <i name="image" value="1311008.special.1.png"/>
    </i>
    <i name="2">
      <i name="origin">
        <i name="x" value="38"/>
        <i name="y" value="73"/>
      </i>
      <i name="delay" value="200"/>
      <i name="a0" value="212"/>
      <i name="a1" value="64"/>
      <i name="z0" value="100"/>
      <i name="z1" value="200"/>
      <i name="image" value="1311008.special.2.png"/>
    </i>
  </i>
  </i>
