  <i name="1111004">
  <i name="icon">
    <i name="origin">
      <i name="x" value="0"/>
      <i name="y" value="32"/>
    </i>
    <i name="z" value="0"/>
    <i name="image" value="1111004.icon.png"/>
  </i>
  <i name="iconMouseOver">
    <i name="origin">
      <i name="x" value="0"/>
      <i name="y" value="32"/>
    </i>
    <i name="z" value="0"/>
    <i name="image" value="1111004.iconMouseOver.png"/>
  </i>
  <i name="iconDisabled">
    <i name="origin">
      <i name="x" value="0"/>
      <i name="y" value="32"/>
    </i>
    <i name="z" value="0"/>
    <i name="image" value="1111004.iconDisabled.png"/>
  </i>
  <i name="level">
    <i name="1">
      <i name="hs" value="h1"/>
      <i name="mpCon" value="10"/>
      <i name="damage" value="150"/>
      <i name="prop" value="32"/>
      <i name="time" value="5"/>
    </i>
    <i name="2">
      <i name="hs" value="h2"/>
      <i name="mpCon" value="10"/>
      <i name="damage" value="171"/>
      <i name="prop" value="34"/>
      <i name="time" value="5"/>
    </i>
    <i name="3">
      <i name="hs" value="h3"/>
      <i name="mpCon" value="10"/>
      <i name="damage" value="184"/>
      <i name="prop" value="36"/>
      <i name="time" value="5"/>
    </i>
    <i name="4">
      <i name="hs" value="h4"/>
      <i name="mpCon" value="10"/>
      <i name="damage" value="194"/>
      <i name="prop" value="38"/>
      <i name="time" value="5"/>
    </i>
    <i name="5">
      <i name="hs" value="h5"/>
      <i name="mpCon" value="10"/>
      <i name="damage" value="203"/>
      <i name="prop" value="40"/>
      <i name="time" value="5"/>
    </i>
    <i name="6">
      <i name="hs" value="h6"/>
      <i name="mpCon" value="10"/>
      <i name="damage" value="212"/>
      <i name="prop" value="42"/>
      <i name="time" value="5"/>
    </i>
    <i name="7">
      <i name="hs" value="h7"/>
      <i name="mpCon" value="10"/>
      <i name="damage" value="220"/>
      <i name="prop" value="44"/>
      <i name="time" value="5"/>
    </i>
    <i name="8">
      <i name="hs" value="h8"/>
      <i name="mpCon" value="10"/>
      <i name="damage" value="228"/>
      <i name="prop" value="46"/>
      <i name="time" value="5"/>
    </i>
    <i name="9">
      <i name="hs" value="h9"/>
      <i name="mpCon" value="10"/>
      <i name="damage" value="235"/>
      <i name="prop" value="48"/>
      <i name="time" value="5"/>
    </i>
    <i name="10">
      <i name="hs" value="h10"/>
      <i name="mpCon" value="10"/>
      <i name="damage" value="242"/>
      <i name="prop" value="50"/>
      <i name="time" value="5"/>
    </i>
    <i name="11">
      <i name="hs" value="h11"/>
      <i name="mpCon" value="17"/>
      <i name="damage" value="248"/>
      <i name="prop" value="52"/>
      <i name="time" value="7"/>
    </i>
    <i name="12">
      <i name="hs" value="h12"/>
      <i name="mpCon" value="17"/>
      <i name="damage" value="255"/>
      <i name="prop" value="54"/>
      <i name="time" value="7"/>
    </i>
    <i name="13">
      <i name="hs" value="h13"/>
      <i name="mpCon" value="17"/>
      <i name="damage" value="261"/>
      <i name="prop" value="56"/>
      <i name="time" value="7"/>
    </i>
    <i name="14">
      <i name="hs" value="h14"/>
      <i name="mpCon" value="17"/>
      <i name="damage" value="267"/>
      <i name="prop" value="58"/>
      <i name="time" value="7"/>
    </i>
    <i name="15">
      <i name="hs" value="h15"/>
      <i name="mpCon" value="17"/>
      <i name="damage" value="273"/>
      <i name="prop" value="60"/>
      <i name="time" value="7"/>
    </i>
    <i name="16">
      <i name="hs" value="h16"/>
      <i name="mpCon" value="17"/>
      <i name="damage" value="279"/>
      <i name="prop" value="62"/>
      <i name="time" value="7"/>
    </i>
    <i name="17">
      <i name="hs" value="h17"/>
      <i name="mpCon" value="17"/>
      <i name="damage" value="285"/>
      <i name="prop" value="64"/>
      <i name="time" value="7"/>
    </i>
    <i name="18">
      <i name="hs" value="h18"/>
      <i name="mpCon" value="17"/>
      <i name="damage" value="290"/>
      <i name="prop" value="66"/>
      <i name="time" value="7"/>
    </i>
    <i name="19">
      <i name="hs" value="h19"/>
      <i name="mpCon" value="17"/>
      <i name="damage" value="296"/>
      <i name="prop" value="68"/>
      <i name="time" value="7"/>
    </i>
    <i name="20">
      <i name="hs" value="h20"/>
      <i name="mpCon" value="17"/>
      <i name="damage" value="301"/>
      <i name="prop" value="70"/>
      <i name="time" value="7"/>
    </i>
    <i name="21">
      <i name="hs" value="h21"/>
      <i name="mpCon" value="24"/>
      <i name="damage" value="306"/>
      <i name="prop" value="72"/>
      <i name="time" value="9"/>
    </i>
    <i name="22">
      <i name="hs" value="h22"/>
      <i name="mpCon" value="24"/>
      <i name="damage" value="311"/>
      <i name="prop" value="74"/>
      <i name="time" value="9"/>
    </i>
    <i name="23">
      <i name="hs" value="h23"/>
      <i name="mpCon" value="24"/>
      <i name="damage" value="316"/>
      <i name="prop" value="76"/>
      <i name="time" value="9"/>
    </i>
    <i name="24">
      <i name="hs" value="h24"/>
      <i name="mpCon" value="24"/>
      <i name="damage" value="321"/>
      <i name="prop" value="78"/>
      <i name="time" value="9"/>
    </i>
    <i name="25">
      <i name="hs" value="h25"/>
      <i name="mpCon" value="24"/>
      <i name="damage" value="326"/>
      <i name="prop" value="80"/>
      <i name="time" value="9"/>
    </i>
    <i name="26">
      <i name="hs" value="h26"/>
      <i name="mpCon" value="24"/>
      <i name="damage" value="331"/>
      <i name="prop" value="82"/>
      <i name="time" value="9"/>
    </i>
    <i name="27">
      <i name="hs" value="h27"/>
      <i name="mpCon" value="24"/>
      <i name="damage" value="336"/>
      <i name="prop" value="84"/>
      <i name="time" value="9"/>
    </i>
    <i name="28">
      <i name="hs" value="h28"/>
      <i name="mpCon" value="24"/>
      <i name="damage" value="341"/>
      <i name="prop" value="86"/>
      <i name="time" value="9"/>
    </i>
    <i name="29">
      <i name="hs" value="h29"/>
      <i name="mpCon" value="24"/>
      <i name="damage" value="345"/>
      <i name="prop" value="88"/>
      <i name="time" value="9"/>
    </i>
    <i name="30">
      <i name="hs" value="h30"/>
      <i name="mpCon" value="24"/>
      <i name="damage" value="350"/>
      <i name="prop" value="90"/>
      <i name="time" value="9"/>
    </i>
  </i>
  <i name="finish">
    <i name="1">
      <i name="0">
        <i name="origin">
          <i name="x" value="22"/>
          <i name="y" value="61"/>
        </i>
        <i name="delay" value="30"/>
        <i name="image" value="1111004.finish.1.0.png"/>
      </i>
      <i name="1">
        <i name="origin">
          <i name="x" value="32"/>
          <i name="y" value="60"/>
        </i>
        <i name="delay" value="30"/>
        <i name="image" value="1111004.finish.1.1.png"/>
      </i>
      <i name="2">
        <i name="origin">
          <i name="x" value="39"/>
          <i name="y" value="53"/>
        </i>
        <i name="delay" value="30"/>
        <i name="image" value="1111004.finish.1.2.png"/>
      </i>
      <i name="3">
        <i name="origin">
          <i name="x" value="36"/>
          <i name="y" value="60"/>
        </i>
        <i name="delay" value="30"/>
        <i name="image" value="1111004.finish.1.3.png"/>
      </i>
      <i name="4">
        <i name="origin">
          <i name="x" value="35"/>
          <i name="y" value="60"/>
        </i>
        <i name="delay" value="30"/>
        <i name="image" value="1111004.finish.1.4.png"/>
      </i>
      <i name="5">
        <i name="origin">
          <i name="x" value="35"/>
          <i name="y" value="60"/>
        </i>
        <i name="delay" value="75"/>
        <i name="image" value="1111004.finish.1.5.png"/>
      </i>
      <i name="6">
        <i name="origin">
          <i name="x" value="35"/>
          <i name="y" value="60"/>
        </i>
        <i name="delay" value="75"/>
        <i name="image" value="1111004.finish.1.6.png"/>
      </i>
      <i name="7">
        <i name="origin">
          <i name="x" value="36"/>
          <i name="y" value="62"/>
        </i>
        <i name="delay" value="75"/>
        <i name="image" value="1111004.finish.1.7.png"/>
      </i>
      <i name="8">
        <i name="origin">
          <i name="x" value="36"/>
          <i name="y" value="64"/>
        </i>
        <i name="delay" value="75"/>
        <i name="image" value="1111004.finish.1.8.png"/>
      </i>
      <i name="9">
        <i name="origin">
          <i name="x" value="36"/>
          <i name="y" value="61"/>
        </i>
        <i name="delay" value="120"/>
        <i name="image" value="1111004.finish.1.9.png"/>
      </i>
      <i name="10">
        <i name="origin">
          <i name="x" value="39"/>
          <i name="y" value="62"/>
        </i>
        <i name="delay" value="120"/>
        <i name="image" value="1111004.finish.1.10.png"/>
      </i>
      <i name="11">
        <i name="origin">
          <i name="x" value="40"/>
          <i name="y" value="66"/>
        </i>
        <i name="delay" value="120"/>
        <i name="image" value="1111004.finish.1.11.png"/>
      </i>
      <i name="12">
        <i name="origin">
          <i name="x" value="37"/>
          <i name="y" value="62"/>
        </i>
        <i name="delay" value="120"/>
        <i name="image" value="1111004.finish.1.12.png"/>
      </i>
      <i name="13">
        <i name="origin">
          <i name="x" value="35"/>
          <i name="y" value="60"/>
        </i>
        <i name="z" value="0"/>
        <i name="delay" value="120"/>
        <i name="image" value="1111004.finish.1.13.png"/>
      </i>
      <i name="z" value="0"/>
      <i name="z" value="5"/>
    </i>
    <i name="2">
      <i name="0">
        <i name="origin">
          <i name="x" value="26"/>
          <i name="y" value="65"/>
        </i>
        <i name="delay" value="30"/>
        <i name="image" value="1111004.finish.2.0.png"/>
      </i>
      <i name="1">
        <i name="origin">
          <i name="x" value="40"/>
          <i name="y" value="63"/>
        </i>
        <i name="delay" value="30"/>
        <i name="image" value="1111004.finish.2.1.png"/>
      </i>
      <i name="2">
        <i name="origin">
          <i name="x" value="47"/>
          <i name="y" value="47"/>
        </i>
        <i name="delay" value="30"/>
        <i name="image" value="1111004.finish.2.2.png"/>
      </i>
      <i name="3">
        <i name="origin">
          <i name="x" value="44"/>
          <i name="y" value="63"/>
        </i>
        <i name="delay" value="30"/>
        <i name="image" value="1111004.finish.2.3.png"/>
      </i>
      <i name="4">
        <i name="origin">
          <i name="x" value="43"/>
          <i name="y" value="63"/>
        </i>
        <i name="delay" value="30"/>
        <i name="image" value="1111004.finish.2.4.png"/>
      </i>
      <i name="5">
        <i name="origin">
          <i name="x" value="43"/>
          <i name="y" value="63"/>
        </i>
        <i name="delay" value="75"/>
        <i name="image" value="1111004.finish.2.5.png"/>
      </i>
      <i name="6">
        <i name="origin">
          <i name="x" value="43"/>
          <i name="y" value="63"/>
        </i>
        <i name="delay" value="75"/>
        <i name="image" value="1111004.finish.2.6.png"/>
      </i>
      <i name="7">
        <i name="origin">
          <i name="x" value="48"/>
          <i name="y" value="68"/>
        </i>
        <i name="delay" value="75"/>
        <i name="image" value="1111004.finish.2.7.png"/>
      </i>
      <i name="8">
        <i name="origin">
          <i name="x" value="48"/>
          <i name="y" value="69"/>
        </i>
        <i name="delay" value="75"/>
        <i name="image" value="1111004.finish.2.8.png"/>
      </i>
      <i name="9">
        <i name="origin">
          <i name="x" value="44"/>
          <i name="y" value="64"/>
        </i>
        <i name="delay" value="120"/>
        <i name="image" value="1111004.finish.2.9.png"/>
      </i>
      <i name="10">
        <i name="origin">
          <i name="x" value="47"/>
          <i name="y" value="65"/>
        </i>
        <i name="delay" value="120"/>
        <i name="image" value="1111004.finish.2.10.png"/>
      </i>
      <i name="11">
        <i name="origin">
          <i name="x" value="50"/>
          <i name="y" value="70"/>
        </i>
        <i name="delay" value="120"/>
        <i name="image" value="1111004.finish.2.11.png"/>
      </i>
      <i name="12">
        <i name="origin">
          <i name="x" value="45"/>
          <i name="y" value="65"/>
        </i>
        <i name="delay" value="120"/>
        <i name="image" value="1111004.finish.2.12.png"/>
      </i>
      <i name="13">
        <i name="origin">
          <i name="x" value="43"/>
          <i name="y" value="63"/>
        </i>
        <i name="delay" value="120"/>
        <i name="image" value="1111004.finish.2.13.png"/>
      </i>
      <i name="z" value="5"/>
    </i>
    <i name="3">
      <i name="0">
        <i name="origin">
          <i name="x" value="34"/>
          <i name="y" value="80"/>
        </i>
        <i name="delay" value="30"/>
        <i name="image" value="1111004.finish.3.0.png"/>
      </i>
      <i name="1">
        <i name="origin">
          <i name="x" value="52"/>
          <i name="y" value="78"/>
        </i>
        <i name="delay" value="30"/>
        <i name="image" value="1111004.finish.3.1.png"/>
      </i>
      <i name="2">
        <i name="origin">
          <i name="x" value="61"/>
          <i name="y" value="67"/>
        </i>
        <i name="delay" value="30"/>
        <i name="image" value="1111004.finish.3.2.png"/>
      </i>
      <i name="3">
        <i name="origin">
          <i name="x" value="57"/>
          <i name="y" value="77"/>
        </i>
        <i name="delay" value="30"/>
        <i name="image" value="1111004.finish.3.3.png"/>
      </i>
      <i name="4">
        <i name="origin">
          <i name="x" value="56"/>
          <i name="y" value="78"/>
        </i>
        <i name="delay" value="30"/>
        <i name="image" value="1111004.finish.3.4.png"/>
      </i>
      <i name="5">
        <i name="origin">
          <i name="x" value="56"/>
          <i name="y" value="78"/>
        </i>
        <i name="delay" value="75"/>
        <i name="image" value="1111004.finish.3.5.png"/>
      </i>
      <i name="6">
        <i name="origin">
          <i name="x" value="56"/>
          <i name="y" value="78"/>
        </i>
        <i name="delay" value="75"/>
        <i name="image" value="1111004.finish.3.6.png"/>
      </i>
      <i name="7">
        <i name="origin">
          <i name="x" value="68"/>
          <i name="y" value="93"/>
        </i>
        <i name="delay" value="75"/>
        <i name="image" value="1111004.finish.3.7.png"/>
      </i>
      <i name="8">
        <i name="origin">
          <i name="x" value="68"/>
          <i name="y" value="93"/>
        </i>
        <i name="delay" value="75"/>
        <i name="image" value="1111004.finish.3.8.png"/>
      </i>
      <i name="9">
        <i name="origin">
          <i name="x" value="61"/>
          <i name="y" value="83"/>
        </i>
        <i name="delay" value="120"/>
        <i name="image" value="1111004.finish.3.9.png"/>
      </i>
      <i name="10">
        <i name="origin">
          <i name="x" value="61"/>
          <i name="y" value="80"/>
        </i>
        <i name="delay" value="120"/>
        <i name="image" value="1111004.finish.3.10.png"/>
      </i>
      <i name="11">
        <i name="origin">
          <i name="x" value="64"/>
          <i name="y" value="87"/>
        </i>
        <i name="delay" value="120"/>
        <i name="image" value="1111004.finish.3.11.png"/>
      </i>
      <i name="12">
        <i name="origin">
          <i name="x" value="58"/>
          <i name="y" value="80"/>
        </i>
        <i name="delay" value="120"/>
        <i name="image" value="1111004.finish.3.12.png"/>
      </i>
      <i name="13">
        <i name="origin">
          <i name="x" value="55"/>
          <i name="y" value="78"/>
        </i>
        <i name="delay" value="120"/>
        <i name="image" value="1111004.finish.3.13.png"/>
      </i>
      <i name="z" value="5"/>
    </i>
    <i name="4">
      <i name="0">
        <i name="origin">
          <i name="x" value="41"/>
          <i name="y" value="96"/>
        </i>
        <i name="delay" value="30"/>
        <i name="image" value="1111004.finish.4.0.png"/>
      </i>
      <i name="1">
        <i name="origin">
          <i name="x" value="62"/>
          <i name="y" value="93"/>
        </i>
        <i name="delay" value="30"/>
        <i name="image" value="1111004.finish.4.1.png"/>
      </i>
      <i name="2">
        <i name="origin">
          <i name="x" value="74"/>
          <i name="y" value="92"/>
        </i>
        <i name="delay" value="30"/>
        <i name="image" value="1111004.finish.4.2.png"/>
      </i>
      <i name="3">
        <i name="origin">
          <i name="x" value="69"/>
          <i name="y" value="93"/>
        </i>
        <i name="delay" value="30"/>
        <i name="image" value="1111004.finish.4.3.png"/>
      </i>
      <i name="4">
        <i name="origin">
          <i name="x" value="68"/>
          <i name="y" value="94"/>
        </i>
        <i name="delay" value="30"/>
        <i name="image" value="1111004.finish.4.4.png"/>
      </i>
      <i name="5">
        <i name="origin">
          <i name="x" value="68"/>
          <i name="y" value="94"/>
        </i>
        <i name="delay" value="75"/>
        <i name="image" value="1111004.finish.4.5.png"/>
      </i>
      <i name="6">
        <i name="origin">
          <i name="x" value="68"/>
          <i name="y" value="94"/>
        </i>
        <i name="delay" value="75"/>
        <i name="image" value="1111004.finish.4.6.png"/>
      </i>
      <i name="7">
        <i name="origin">
          <i name="x" value="79"/>
          <i name="y" value="108"/>
        </i>
        <i name="delay" value="75"/>
        <i name="image" value="1111004.finish.4.7.png"/>
      </i>
      <i name="8">
        <i name="origin">
          <i name="x" value="79"/>
          <i name="y" value="108"/>
        </i>
        <i name="delay" value="75"/>
        <i name="image" value="1111004.finish.4.8.png"/>
      </i>
      <i name="9">
        <i name="origin">
          <i name="x" value="70"/>
          <i name="y" value="98"/>
        </i>
        <i name="delay" value="120"/>
        <i name="image" value="1111004.finish.4.9.png"/>
      </i>
      <i name="10">
        <i name="origin">
          <i name="x" value="74"/>
          <i name="y" value="97"/>
        </i>
        <i name="delay" value="120"/>
        <i name="image" value="1111004.finish.4.10.png"/>
      </i>
      <i name="11">
        <i name="origin">
          <i name="x" value="78"/>
          <i name="y" value="105"/>
        </i>
        <i name="delay" value="120"/>
        <i name="image" value="1111004.finish.4.11.png"/>
      </i>
      <i name="12">
        <i name="origin">
          <i name="x" value="70"/>
          <i name="y" value="97"/>
        </i>
        <i name="delay" value="120"/>
        <i name="image" value="1111004.finish.4.12.png"/>
      </i>
      <i name="13">
        <i name="origin">
          <i name="x" value="67"/>
          <i name="y" value="94"/>
        </i>
        <i name="delay" value="120"/>
        <i name="image" value="1111004.finish.4.13.png"/>
      </i>
      <i name="z" value="5"/>
    </i>
    <i name="5">
      <i name="0">
        <i name="origin">
          <i name="x" value="49"/>
          <i name="y" value="115"/>
        </i>
        <i name="delay" value="30"/>
        <i name="image" value="1111004.finish.5.0.png"/>
      </i>
      <i name="1">
        <i name="origin">
          <i name="x" value="76"/>
          <i name="y" value="111"/>
        </i>
        <i name="delay" value="30"/>
        <i name="image" value="1111004.finish.5.1.png"/>
      </i>
      <i name="2">
        <i name="origin">
          <i name="x" value="90"/>
          <i name="y" value="109"/>
        </i>
        <i name="delay" value="30"/>
        <i name="image" value="1111004.finish.5.2.png"/>
      </i>
      <i name="3">
        <i name="origin">
          <i name="x" value="84"/>
          <i name="y" value="110"/>
        </i>
        <i name="delay" value="30"/>
        <i name="image" value="1111004.finish.5.3.png"/>
      </i>
      <i name="4">
        <i name="origin">
          <i name="x" value="82"/>
          <i name="y" value="111"/>
        </i>
        <i name="delay" value="30"/>
        <i name="image" value="1111004.finish.5.4.png"/>
      </i>
      <i name="5">
        <i name="origin">
          <i name="x" value="83"/>
          <i name="y" value="112"/>
        </i>
        <i name="delay" value="75"/>
        <i name="image" value="1111004.finish.5.5.png"/>
      </i>
      <i name="6">
        <i name="origin">
          <i name="x" value="83"/>
          <i name="y" value="112"/>
        </i>
        <i name="delay" value="75"/>
        <i name="image" value="1111004.finish.5.6.png"/>
      </i>
      <i name="7">
        <i name="origin">
          <i name="x" value="89"/>
          <i name="y" value="121"/>
        </i>
        <i name="delay" value="75"/>
        <i name="image" value="1111004.finish.5.7.png"/>
      </i>
      <i name="8">
        <i name="origin">
          <i name="x" value="89"/>
          <i name="y" value="123"/>
        </i>
        <i name="delay" value="75"/>
        <i name="image" value="1111004.finish.5.8.png"/>
      </i>
      <i name="9">
        <i name="origin">
          <i name="x" value="84"/>
          <i name="y" value="115"/>
        </i>
        <i name="delay" value="120"/>
        <i name="image" value="1111004.finish.5.9.png"/>
      </i>
      <i name="10">
        <i name="origin">
          <i name="x" value="90"/>
          <i name="y" value="115"/>
        </i>
        <i name="delay" value="120"/>
        <i name="image" value="1111004.finish.5.10.png"/>
      </i>
      <i name="11">
        <i name="origin">
          <i name="x" value="95"/>
          <i name="y" value="126"/>
        </i>
        <i name="delay" value="120"/>
        <i name="image" value="1111004.finish.5.11.png"/>
      </i>
      <i name="12">
        <i name="origin">
          <i name="x" value="86"/>
          <i name="y" value="115"/>
        </i>
        <i name="delay" value="120"/>
        <i name="image" value="1111004.finish.5.12.png"/>
      </i>
      <i name="13">
        <i name="origin">
          <i name="x" value="82"/>
          <i name="y" value="112"/>
        </i>
        <i name="delay" value="120"/>
        <i name="image" value="1111004.finish.5.13.png"/>
      </i>
      <i name="z" value="5"/>
    </i>
    <i name="6">
      <i name="0">
        <i name="origin">
          <i name="x" value="21"/>
          <i name="y" value="66"/>
        </i>
        <i name="delay" value="30"/>
        <i name="image" value="1111004.finish.6.0.png"/>
      </i>
      <i name="1">
        <i name="origin">
          <i name="x" value="32"/>
          <i name="y" value="64"/>
        </i>
        <i name="delay" value="30"/>
        <i name="image" value="1111004.finish.6.1.png"/>
      </i>
      <i name="2">
        <i name="origin">
          <i name="x" value="38"/>
          <i name="y" value="80"/>
        </i>
        <i name="delay" value="30"/>
        <i name="image" value="1111004.finish.6.2.png"/>
      </i>
      <i name="3">
        <i name="origin">
          <i name="x" value="39"/>
          <i name="y" value="82"/>
        </i>
        <i name="delay" value="30"/>
        <i name="image" value="1111004.finish.6.3.png"/>
      </i>
      <i name="4">
        <i name="origin">
          <i name="x" value="39"/>
          <i name="y" value="82"/>
        </i>
        <i name="delay" value="30"/>
        <i name="image" value="1111004.finish.6.4.png"/>
      </i>
      <i name="5">
        <i name="origin">
          <i name="x" value="37"/>
          <i name="y" value="78"/>
        </i>
        <i name="delay" value="75"/>
        <i name="image" value="1111004.finish.6.5.png"/>
      </i>
      <i name="6">
        <i name="origin">
          <i name="x" value="36"/>
          <i name="y" value="70"/>
        </i>
        <i name="delay" value="75"/>
        <i name="image" value="1111004.finish.6.6.png"/>
      </i>
      <i name="7">
        <i name="origin">
          <i name="x" value="35"/>
          <i name="y" value="65"/>
        </i>
        <i name="delay" value="75"/>
        <i name="image" value="1111004.finish.6.7.png"/>
      </i>
      <i name="8">
        <i name="origin">
          <i name="x" value="35"/>
          <i name="y" value="69"/>
        </i>
        <i name="delay" value="75"/>
        <i name="image" value="1111004.finish.6.8.png"/>
      </i>
      <i name="9">
        <i name="origin">
          <i name="x" value="35"/>
          <i name="y" value="65"/>
        </i>
        <i name="delay" value="120"/>
        <i name="image" value="1111004.finish.6.9.png"/>
      </i>
      <i name="10">
        <i name="origin">
          <i name="x" value="38"/>
          <i name="y" value="66"/>
        </i>
        <i name="delay" value="120"/>
        <i name="image" value="1111004.finish.6.10.png"/>
      </i>
      <i name="11">
        <i name="origin">
          <i name="x" value="40"/>
          <i name="y" value="70"/>
        </i>
        <i name="delay" value="120"/>
        <i name="image" value="1111004.finish.6.11.png"/>
      </i>
      <i name="12">
        <i name="origin">
          <i name="x" value="36"/>
          <i name="y" value="66"/>
        </i>
        <i name="delay" value="120"/>
        <i name="image" value="1111004.finish.6.12.png"/>
      </i>
      <i name="13">
        <i name="origin">
          <i name="x" value="35"/>
          <i name="y" value="65"/>
        </i>
        <i name="z" value="0"/>
        <i name="delay" value="120"/>
        <i name="image" value="1111004.finish.6.13.png"/>
      </i>
      <i name="14">
        <i name="origin">
          <i name="x" value="34"/>
          <i name="y" value="65"/>
        </i>
        <i name="delay" value="30"/>
        <i name="image" value="1111004.finish.6.14.png"/>
      </i>
      <i name="15">
        <i name="origin">
          <i name="x" value="34"/>
          <i name="y" value="64"/>
        </i>
        <i name="delay" value="30"/>
        <i name="image" value="1111004.finish.6.15.png"/>
      </i>
      <i name="z" value="0"/>
      <i name="z" value="5"/>
    </i>
    <i name="7">
      <i name="0">
        <i name="origin">
          <i name="x" value="25"/>
          <i name="y" value="74"/>
        </i>
        <i name="delay" value="30"/>
        <i name="image" value="1111004.finish.7.0.png"/>
      </i>
      <i name="1">
        <i name="origin">
          <i name="x" value="39"/>
          <i name="y" value="72"/>
        </i>
        <i name="delay" value="30"/>
        <i name="image" value="1111004.finish.7.1.png"/>
      </i>
      <i name="2">
        <i name="origin">
          <i name="x" value="47"/>
          <i name="y" value="56"/>
        </i>
        <i name="delay" value="30"/>
        <i name="image" value="1111004.finish.7.2.png"/>
      </i>
      <i name="3">
        <i name="origin">
          <i name="x" value="43"/>
          <i name="y" value="72"/>
        </i>
        <i name="delay" value="30"/>
        <i name="image" value="1111004.finish.7.3.png"/>
      </i>
      <i name="4">
        <i name="origin">
          <i name="x" value="42"/>
          <i name="y" value="73"/>
        </i>
        <i name="delay" value="30"/>
        <i name="image" value="1111004.finish.7.4.png"/>
      </i>
      <i name="5">
        <i name="origin">
          <i name="x" value="43"/>
          <i name="y" value="73"/>
        </i>
        <i name="delay" value="75"/>
        <i name="image" value="1111004.finish.7.5.png"/>
      </i>
      <i name="6">
        <i name="origin">
          <i name="x" value="43"/>
          <i name="y" value="73"/>
        </i>
        <i name="delay" value="75"/>
        <i name="image" value="1111004.finish.7.6.png"/>
      </i>
      <i name="7">
        <i name="origin">
          <i name="x" value="47"/>
          <i name="y" value="78"/>
        </i>
        <i name="delay" value="75"/>
        <i name="image" value="1111004.finish.7.7.png"/>
      </i>
      <i name="8">
        <i name="origin">
          <i name="x" value="47"/>
          <i name="y" value="78"/>
        </i>
        <i name="delay" value="75"/>
        <i name="image" value="1111004.finish.7.8.png"/>
      </i>
      <i name="9">
        <i name="origin">
          <i name="x" value="43"/>
          <i name="y" value="74"/>
        </i>
        <i name="delay" value="120"/>
        <i name="image" value="1111004.finish.7.9.png"/>
      </i>
      <i name="10">
        <i name="origin">
          <i name="x" value="46"/>
          <i name="y" value="74"/>
        </i>
        <i name="delay" value="120"/>
        <i name="image" value="1111004.finish.7.10.png"/>
      </i>
      <i name="11">
        <i name="origin">
          <i name="x" value="48"/>
          <i name="y" value="78"/>
        </i>
        <i name="delay" value="120"/>
        <i name="image" value="1111004.finish.7.11.png"/>
      </i>
      <i name="12">
        <i name="origin">
          <i name="x" value="43"/>
          <i name="y" value="74"/>
        </i>
        <i name="delay" value="120"/>
        <i name="image" value="1111004.finish.7.12.png"/>
      </i>
      <i name="13">
        <i name="origin">
          <i name="x" value="38"/>
          <i name="y" value="67"/>
        </i>
        <i name="delay" value="120"/>
        <i name="image" value="1111004.finish.7.13.png"/>
      </i>
      <i name="z" value="5"/>
    </i>
    <i name="8">
      <i name="0">
        <i name="origin">
          <i name="x" value="33"/>
          <i name="y" value="87"/>
        </i>
        <i name="delay" value="30"/>
        <i name="image" value="1111004.finish.8.0.png"/>
      </i>
      <i name="1">
        <i name="origin">
          <i name="x" value="50"/>
          <i name="y" value="84"/>
        </i>
        <i name="delay" value="30"/>
        <i name="image" value="1111004.finish.8.1.png"/>
      </i>
      <i name="2">
        <i name="origin">
          <i name="x" value="60"/>
          <i name="y" value="79"/>
        </i>
        <i name="delay" value="30"/>
        <i name="image" value="1111004.finish.8.2.png"/>
      </i>
      <i name="3">
        <i name="origin">
          <i name="x" value="55"/>
          <i name="y" value="84"/>
        </i>
        <i name="delay" value="30"/>
        <i name="image" value="1111004.finish.8.3.png"/>
      </i>
      <i name="4">
        <i name="origin">
          <i name="x" value="54"/>
          <i name="y" value="84"/>
        </i>
        <i name="delay" value="30"/>
        <i name="image" value="1111004.finish.8.4.png"/>
      </i>
      <i name="5">
        <i name="origin">
          <i name="x" value="55"/>
          <i name="y" value="85"/>
        </i>
        <i name="delay" value="75"/>
        <i name="image" value="1111004.finish.8.5.png"/>
      </i>
      <i name="6">
        <i name="origin">
          <i name="x" value="55"/>
          <i name="y" value="85"/>
        </i>
        <i name="delay" value="75"/>
        <i name="image" value="1111004.finish.8.6.png"/>
      </i>
      <i name="7">
        <i name="origin">
          <i name="x" value="67"/>
          <i name="y" value="99"/>
        </i>
        <i name="delay" value="75"/>
        <i name="image" value="1111004.finish.8.7.png"/>
      </i>
      <i name="8">
        <i name="origin">
          <i name="x" value="67"/>
          <i name="y" value="99"/>
        </i>
        <i name="delay" value="75"/>
        <i name="image" value="1111004.finish.8.8.png"/>
      </i>
      <i name="9">
        <i name="origin">
          <i name="x" value="59"/>
          <i name="y" value="90"/>
        </i>
        <i name="delay" value="120"/>
        <i name="image" value="1111004.finish.8.9.png"/>
      </i>
      <i name="10">
        <i name="origin">
          <i name="x" value="59"/>
          <i name="y" value="87"/>
        </i>
        <i name="delay" value="120"/>
        <i name="image" value="1111004.finish.8.10.png"/>
      </i>
      <i name="11">
        <i name="origin">
          <i name="x" value="61"/>
          <i name="y" value="92"/>
        </i>
        <i name="delay" value="120"/>
        <i name="image" value="1111004.finish.8.11.png"/>
      </i>
      <i name="12">
        <i name="origin">
          <i name="x" value="55"/>
          <i name="y" value="86"/>
        </i>
        <i name="delay" value="120"/>
        <i name="image" value="1111004.finish.8.12.png"/>
      </i>
      <i name="13">
        <i name="origin">
          <i name="x" value="50"/>
          <i name="y" value="80"/>
        </i>
        <i name="delay" value="120"/>
        <i name="image" value="1111004.finish.8.13.png"/>
      </i>
      <i name="z" value="5"/>
    </i>
    <i name="9">
      <i name="0">
        <i name="origin">
          <i name="x" value="39"/>
          <i name="y" value="99"/>
        </i>
        <i name="delay" value="30"/>
        <i name="image" value="1111004.finish.9.0.png"/>
      </i>
      <i name="1">
        <i name="origin">
          <i name="x" value="60"/>
          <i name="y" value="96"/>
        </i>
        <i name="delay" value="30"/>
        <i name="image" value="1111004.finish.9.1.png"/>
      </i>
      <i name="2">
        <i name="origin">
          <i name="x" value="72"/>
          <i name="y" value="84"/>
        </i>
        <i name="delay" value="30"/>
        <i name="image" value="1111004.finish.9.2.png"/>
      </i>
      <i name="3">
        <i name="origin">
          <i name="x" value="67"/>
          <i name="y" value="95"/>
        </i>
        <i name="delay" value="30"/>
        <i name="image" value="1111004.finish.9.3.png"/>
      </i>
      <i name="4">
        <i name="origin">
          <i name="x" value="66"/>
          <i name="y" value="96"/>
        </i>
        <i name="delay" value="30"/>
        <i name="image" value="1111004.finish.9.4.png"/>
      </i>
      <i name="5">
        <i name="origin">
          <i name="x" value="66"/>
          <i name="y" value="97"/>
        </i>
        <i name="delay" value="75"/>
        <i name="image" value="1111004.finish.9.5.png"/>
      </i>
      <i name="6">
        <i name="origin">
          <i name="x" value="66"/>
          <i name="y" value="97"/>
        </i>
        <i name="delay" value="75"/>
        <i name="image" value="1111004.finish.9.6.png"/>
      </i>
      <i name="7">
        <i name="origin">
          <i name="x" value="77"/>
          <i name="y" value="110"/>
        </i>
        <i name="delay" value="75"/>
        <i name="image" value="1111004.finish.9.7.png"/>
      </i>
      <i name="8">
        <i name="origin">
          <i name="x" value="77"/>
          <i name="y" value="110"/>
        </i>
        <i name="delay" value="75"/>
        <i name="image" value="1111004.finish.9.8.png"/>
      </i>
      <i name="9">
        <i name="origin">
          <i name="x" value="68"/>
          <i name="y" value="101"/>
        </i>
        <i name="delay" value="120"/>
        <i name="image" value="1111004.finish.9.9.png"/>
      </i>
      <i name="10">
        <i name="origin">
          <i name="x" value="72"/>
          <i name="y" value="99"/>
        </i>
        <i name="delay" value="120"/>
        <i name="image" value="1111004.finish.9.10.png"/>
      </i>
      <i name="11">
        <i name="origin">
          <i name="x" value="74"/>
          <i name="y" value="106"/>
        </i>
        <i name="delay" value="120"/>
        <i name="image" value="1111004.finish.9.11.png"/>
      </i>
      <i name="12">
        <i name="origin">
          <i name="x" value="68"/>
          <i name="y" value="98"/>
        </i>
        <i name="delay" value="120"/>
        <i name="image" value="1111004.finish.9.12.png"/>
      </i>
      <i name="13">
        <i name="origin">
          <i name="x" value="60"/>
          <i name="y" value="91"/>
        </i>
        <i name="delay" value="120"/>
        <i name="image" value="1111004.finish.9.13.png"/>
      </i>
      <i name="z" value="5"/>
    </i>
    <i name="10">
      <i name="0">
        <i name="origin">
          <i name="x" value="48"/>
          <i name="y" value="116"/>
        </i>
        <i name="delay" value="30"/>
        <i name="image" value="1111004.finish.10.0.png"/>
      </i>
      <i name="1">
        <i name="origin">
          <i name="x" value="74"/>
          <i name="y" value="112"/>
        </i>
        <i name="delay" value="30"/>
        <i name="image" value="1111004.finish.10.1.png"/>
      </i>
      <i name="2">
        <i name="origin">
          <i name="x" value="90"/>
          <i name="y" value="110"/>
        </i>
        <i name="delay" value="30"/>
        <i name="image" value="1111004.finish.10.2.png"/>
      </i>
      <i name="3">
        <i name="origin">
          <i name="x" value="83"/>
          <i name="y" value="111"/>
        </i>
        <i name="delay" value="30"/>
        <i name="image" value="1111004.finish.10.3.png"/>
      </i>
      <i name="4">
        <i name="origin">
          <i name="x" value="81"/>
          <i name="y" value="112"/>
        </i>
        <i name="delay" value="30"/>
        <i name="image" value="1111004.finish.10.4.png"/>
      </i>
      <i name="5">
        <i name="origin">
          <i name="x" value="82"/>
          <i name="y" value="113"/>
        </i>
        <i name="delay" value="75"/>
        <i name="image" value="1111004.finish.10.5.png"/>
      </i>
      <i name="6">
        <i name="origin">
          <i name="x" value="82"/>
          <i name="y" value="113"/>
        </i>
        <i name="delay" value="75"/>
        <i name="image" value="1111004.finish.10.6.png"/>
      </i>
      <i name="7">
        <i name="origin">
          <i name="x" value="89"/>
          <i name="y" value="122"/>
        </i>
        <i name="delay" value="75"/>
        <i name="image" value="1111004.finish.10.7.png"/>
      </i>
      <i name="8">
        <i name="origin">
          <i name="x" value="89"/>
          <i name="y" value="123"/>
        </i>
        <i name="delay" value="75"/>
        <i name="image" value="1111004.finish.10.8.png"/>
      </i>
      <i name="9">
        <i name="origin">
          <i name="x" value="83"/>
          <i name="y" value="116"/>
        </i>
        <i name="delay" value="120"/>
        <i name="image" value="1111004.finish.10.9.png"/>
      </i>
      <i name="10">
        <i name="origin">
          <i name="x" value="89"/>
          <i name="y" value="116"/>
        </i>
        <i name="delay" value="120"/>
        <i name="image" value="1111004.finish.10.10.png"/>
      </i>
      <i name="11">
        <i name="origin">
          <i name="x" value="92"/>
          <i name="y" value="124"/>
        </i>
        <i name="delay" value="120"/>
        <i name="image" value="1111004.finish.10.11.png"/>
      </i>
      <i name="12">
        <i name="origin">
          <i name="x" value="84"/>
          <i name="y" value="115"/>
        </i>
        <i name="delay" value="120"/>
        <i name="image" value="1111004.finish.10.12.png"/>
      </i>
      <i name="13">
        <i name="origin">
          <i name="x" value="81"/>
          <i name="y" value="112"/>
        </i>
        <i name="delay" value="120"/>
        <i name="image" value="1111004.finish.10.13.png"/>
      </i>
      <i name="z" value="5"/>
    </i>
  </i>
  <i name="hit">
    <i name="0">
      <i name="0">
        <i name="origin">
          <i name="x" value="53"/>
          <i name="y" value="68"/>
        </i>
        <i name="delay" value="60"/>
        <i name="image" value="1111004.hit.0.0.png"/>
      </i>
      <i name="1">
        <i name="origin">
          <i name="x" value="66"/>
          <i name="y" value="118"/>
        </i>
        <i name="delay" value="60"/>
        <i name="image" value="1111004.hit.0.1.png"/>
      </i>
      <i name="2">
        <i name="origin">
          <i name="x" value="92"/>
          <i name="y" value="115"/>
        </i>
        <i name="delay" value="60"/>
        <i name="image" value="1111004.hit.0.2.png"/>
      </i>
      <i name="3">
        <i name="origin">
          <i name="x" value="92"/>
          <i name="y" value="92"/>
        </i>
        <i name="delay" value="60"/>
        <i name="image" value="1111004.hit.0.3.png"/>
      </i>
      <i name="4">
        <i name="origin">
          <i name="x" value="85"/>
          <i name="y" value="63"/>
        </i>
        <i name="delay" value="60"/>
        <i name="image" value="1111004.hit.0.4.png"/>
      </i>
    </i>
    <i name="1">
      <i name="0">
        <i name="origin">
          <i name="x" value="56"/>
          <i name="y" value="74"/>
        </i>
        <i name="delay" value="60"/>
        <i name="image" value="1111004.hit.1.0.png"/>
      </i>
      <i name="1">
        <i name="origin">
          <i name="x" value="68"/>
          <i name="y" value="124"/>
        </i>
        <i name="delay" value="60"/>
        <i name="image" value="1111004.hit.1.1.png"/>
      </i>
      <i name="2">
        <i name="origin">
          <i name="x" value="95"/>
          <i name="y" value="121"/>
        </i>
        <i name="delay" value="60"/>
        <i name="image" value="1111004.hit.1.2.png"/>
      </i>
      <i name="3">
        <i name="origin">
          <i name="x" value="95"/>
          <i name="y" value="97"/>
        </i>
        <i name="delay" value="60"/>
        <i name="image" value="1111004.hit.1.3.png"/>
      </i>
      <i name="4">
        <i name="origin">
          <i name="x" value="87"/>
          <i name="y" value="70"/>
        </i>
        <i name="delay" value="60"/>
        <i name="image" value="1111004.hit.1.4.png"/>
      </i>
    </i>
  </i>
  </i>
