<i>
<s name="info"><f name="icon" ><p name="info"  image="info.icon.png"/></f><f name="iconRaw" ><p name="info"  origin_x="0" origin_y="36" image="info.iconRaw.png"/></f><p name="reqJob" v="1"/></s>
<s name="walk2"><f name="0" ><p name="walk2"  origin_x="25" origin_y="7" hand_x="-1" hand_y="54" z="weaponOverArm" image="walk2.0.weapon.png"/></f><f name="1" ><p name="walk2"  origin_x="25" origin_y="7" hand_x="-2" hand_y="55" z="weaponOverArm" image="walk2.1.weapon.png"/></f><f name="2" ><p name="pointer"  pointer="walk2/0/weapon"/></f><f name="3" ><p name="walk2"  origin_x="25" origin_y="7" hand_x="-1" hand_y="55" z="weaponOverArm" image="walk2.3.weapon.png"/></f></s>
<s name="stand2"><f name="0" ><p name="stand2"  origin_x="25" origin_y="7" hand_x="-2" hand_y="57" z="weaponOverArm" image="stand2.0.weapon.png"/></f><f name="1" ><p name="stand2"  origin_x="25" origin_y="7" hand_x="-1" hand_y="56" z="weaponOverArm" image="stand2.1.weapon.png"/></f><f name="2" ><p name="stand2"  origin_x="25" origin_y="7" hand_x="-1" hand_y="55" z="weaponOverArm" image="stand2.2.weapon.png"/></f></s>
<s name="alert"><f name="0" ><p name="alert"  origin_x="23" origin_y="10" hand_x="47" hand_y="55" z="weaponOverArm" image="alert.0.weapon.png"/></f><f name="1" ><p name="alert"  origin_x="23" origin_y="10" hand_x="46" hand_y="54" z="weaponOverArm" image="alert.1.weapon.png"/></f><f name="2" ><p name="alert"  origin_x="23" origin_y="10" hand_x="47" hand_y="53" z="weaponOverArm" image="alert.2.weapon.png"/></f></s>
<s name="swingT2"><f name="0" ><p name="swingT2"  origin_x="11" origin_y="5" navel_x="-3" navel_y="76" z="weaponBelowBody" image="swingT2.0.weapon.png"/></f><f name="1" ><p name="swingT2"  origin_x="11" origin_y="5" navel_x="44" navel_y="91" z="weaponBelowBody" image="swingT2.1.weapon.png"/></f><f name="2" ><p name="swingT2"  origin_x="11" origin_y="5" navel_x="69" navel_y="-1" z="weaponOverBody" image="swingT2.2.weapon.png"/></f></s>
<s name="swingP1"><f name="0" ><p name="swingP1"  origin_x="12" origin_y="5" navel_x="3" navel_y="60" z="weaponBelowArm" image="swingP1.0.weapon.png"/></f><f name="1" ><p name="swingP1"  origin_x="12" origin_y="5" navel_x="13" navel_y="94" z="weaponBelowArm" image="swingP1.1.weapon.png"/></f><f name="2" ><p name="swingP1"  origin_x="12" origin_y="5" navel_x="88" navel_y="-5" z="weaponBelowBody" image="swingP1.2.weapon.png"/></f></s>
<s name="swingP2"><f name="0" ><p name="swingP2"  origin_x="12" origin_y="5" navel_x="16" navel_y="79" z="weaponBelowBody" image="swingP2.0.weapon.png"/></f><f name="1" ><p name="swingP2"  origin_x="12" origin_y="5" navel_x="12" navel_y="89" z="weaponBelowBody" image="swingP2.1.weapon.png"/></f><f name="2" ><p name="swingP2"  origin_x="12" origin_y="5" navel_x="68" navel_y="-2" z="weaponOverBody" image="swingP2.2.weapon.png"/></f></s>
<s name="swingPF"><f name="0" ><p name="swingPF"  origin_x="12" origin_y="5" navel_x="66" navel_y="19" z="weapon" image="swingPF.0.weapon.png"/></f><f name="1" ><p name="swingPF"  origin_x="12" origin_y="5" navel_x="63" navel_y="9" z="weapon" image="swingPF.1.weapon.png"/></f><f name="2" ><p name="swingPF"  origin_x="12" origin_y="5" navel_x="9" navel_y="60" z="weaponBelowArm" image="swingPF.2.weapon.png"/></f><f name="3" ><p name="swingPF"  origin_x="12" origin_y="5" navel_x="89" navel_y="-6" z="weaponBelowBody" image="swingPF.3.weapon.png"/></f></s>
<s name="stabT1"><f name="0" ><p name="stabT1"  origin_x="12" origin_y="5" navel_x="58" navel_y="6" z="weaponOverBody" image="stabT1.0.weapon.png"/></f><f name="1" ><p name="stabT1"  origin_x="12" origin_y="5" navel_x="60" navel_y="5" z="weaponOverBody" image="stabT1.1.weapon.png"/></f><f name="2" ><p name="stabT1"  origin_x="12" origin_y="5" navel_x="86" navel_y="19" z="weaponOverBody" image="stabT1.2.weapon.png"/></f></s>
<s name="stabT2"><f name="0" ><p name="stabT2"  origin_x="12" origin_y="5" navel_x="63" navel_y="6" z="weaponOverBody" image="stabT2.0.weapon.png"/></f><f name="1" ><p name="stabT2"  origin_x="12" origin_y="5" navel_x="65" navel_y="7" z="weaponOverBody" image="stabT2.1.weapon.png"/></f><f name="2" ><p name="stabT2"  origin_x="12" origin_y="5" navel_x="77" navel_y="33" z="weaponOverBody" image="stabT2.2.weapon.png"/></f></s>
<s name="stabTF"><f name="0" ><p name="pointer"  pointer="swingPF/0/weapon"/></f><f name="1" ><p name="pointer"  pointer="swingPF/1/weapon"/></f><f name="2" ><p name="stabTF"  origin_x="12" origin_y="5" navel_x="43" navel_y="22" z="weaponOverBody" image="stabTF.2.weapon.png"/></f><f name="3" ><p name="pointer"  pointer="stabT1/2/weapon"/></f></s>
<s name="proneStab"><f name="0" ><p name="proneStab"  origin_x="5" origin_y="3" navel_x="97" navel_y="19" z="weaponBelowArm" image="proneStab.0.weapon.png"/></f><f name="1" ><p name="proneStab"  origin_x="5" origin_y="3" navel_x="112" navel_y="19" z="weaponBelowArm" image="proneStab.1.weapon.png"/></f></s>
<s name="prone"><f name="0" ><p name="pointer"  pointer="proneStab/0/weapon"/></f></s>
<s name="fly"><f name="0" ><p name="fly"  origin_x="13" origin_y="5" navel_x="12" navel_y="60" z="weaponOverArm" image="fly.0.weapon.png"/></f><f name="1" ><p name="pointer"  pointer="fly/0/weapon"/></f></s>
<s name="jump"><f name="0" ><p name="jump"  origin_x="13" origin_y="5" navel_x="7" navel_y="63" z="weaponOverArm" image="jump.0.weapon.png"/></f></s>
</i>
