  <i name="1221001">
  <i name="effect">
    <i name="0">
      <i name="origin">
        <i name="x" value="36"/>
        <i name="y" value="156"/>
      </i>
      <i name="delay" value="60"/>
      <i name="image" value="1221001.effect.0.png"/>
    </i>
    <i name="1">
      <i name="origin">
        <i name="x" value="59"/>
        <i name="y" value="157"/>
      </i>
      <i name="delay" value="60"/>
      <i name="image" value="1221001.effect.1.png"/>
    </i>
    <i name="2">
      <i name="origin">
        <i name="x" value="64"/>
        <i name="y" value="156"/>
      </i>
      <i name="delay" value="60"/>
      <i name="image" value="1221001.effect.2.png"/>
    </i>
    <i name="3">
      <i name="origin">
        <i name="x" value="68"/>
        <i name="y" value="168"/>
      </i>
      <i name="delay" value="60"/>
      <i name="image" value="1221001.effect.3.png"/>
    </i>
    <i name="4">
      <i name="origin">
        <i name="x" value="72"/>
        <i name="y" value="171"/>
      </i>
      <i name="delay" value="60"/>
      <i name="image" value="1221001.effect.4.png"/>
    </i>
    <i name="5">
      <i name="origin">
        <i name="x" value="75"/>
        <i name="y" value="181"/>
      </i>
      <i name="delay" value="60"/>
      <i name="image" value="1221001.effect.5.png"/>
    </i>
    <i name="6">
      <i name="origin">
        <i name="x" value="78"/>
        <i name="y" value="183"/>
      </i>
      <i name="delay" value="60"/>
      <i name="image" value="1221001.effect.6.png"/>
    </i>
    <i name="7">
      <i name="origin">
        <i name="x" value="80"/>
        <i name="y" value="180"/>
      </i>
      <i name="delay" value="60"/>
      <i name="image" value="1221001.effect.7.png"/>
    </i>
    <i name="8">
      <i name="origin">
        <i name="x" value="80"/>
        <i name="y" value="177"/>
      </i>
      <i name="delay" value="60"/>
      <i name="image" value="1221001.effect.8.png"/>
    </i>
    <i name="9">
      <i name="origin">
        <i name="x" value="80"/>
        <i name="y" value="168"/>
      </i>
      <i name="delay" value="60"/>
      <i name="image" value="1221001.effect.9.png"/>
    </i>
    <i name="10">
      <i name="origin">
        <i name="x" value="80"/>
        <i name="y" value="169"/>
      </i>
      <i name="delay" value="60"/>
      <i name="image" value="1221001.effect.10.png"/>
    </i>
    <i name="11">
      <i name="origin">
        <i name="x" value="78"/>
        <i name="y" value="154"/>
      </i>
      <i name="delay" value="60"/>
      <i name="image" value="1221001.effect.11.png"/>
    </i>
    <i name="12">
      <i name="origin">
        <i name="x" value="77"/>
        <i name="y" value="149"/>
      </i>
      <i name="delay" value="60"/>
      <i name="image" value="1221001.effect.12.png"/>
    </i>
    <i name="13">
      <i name="origin">
        <i name="x" value="75"/>
        <i name="y" value="151"/>
      </i>
      <i name="delay" value="60"/>
      <i name="image" value="1221001.effect.13.png"/>
    </i>
    <i name="14">
      <i name="origin">
        <i name="x" value="72"/>
        <i name="y" value="149"/>
      </i>
      <i name="delay" value="60"/>
      <i name="image" value="1221001.effect.14.png"/>
    </i>
    <i name="15">
      <i name="origin">
        <i name="x" value="64"/>
        <i name="y" value="151"/>
      </i>
      <i name="delay" value="60"/>
      <i name="image" value="1221001.effect.15.png"/>
    </i>
    <i name="16">
      <i name="origin">
        <i name="x" value="59"/>
        <i name="y" value="150"/>
      </i>
      <i name="delay" value="60"/>
      <i name="image" value="1221001.effect.16.png"/>
    </i>
    <i name="17">
      <i name="origin">
        <i name="x" value="55"/>
        <i name="y" value="134"/>
      </i>
      <i name="delay" value="60"/>
      <i name="image" value="1221001.effect.17.png"/>
    </i>
  </i>
  </i>
