  <i name="2111005">
  <i name="effect">
    <i name="0">
      <i name="origin">
        <i name="x" value="109"/>
        <i name="y" value="119"/>
      </i>
      <i name="delay" value="75"/>
      <i name="image" value="2111005.effect.0.png"/>
    </i>
    <i name="1">
      <i name="origin">
        <i name="x" value="106"/>
        <i name="y" value="113"/>
      </i>
      <i name="delay" value="75"/>
      <i name="image" value="2111005.effect.1.png"/>
    </i>
    <i name="2">
      <i name="origin">
        <i name="x" value="103"/>
        <i name="y" value="107"/>
      </i>
      <i name="delay" value="75"/>
      <i name="image" value="2111005.effect.2.png"/>
    </i>
    <i name="3">
      <i name="origin">
        <i name="x" value="96"/>
        <i name="y" value="96"/>
      </i>
      <i name="delay" value="75"/>
      <i name="image" value="2111005.effect.3.png"/>
    </i>
    <i name="4">
      <i name="origin">
        <i name="x" value="96"/>
        <i name="y" value="93"/>
      </i>
      <i name="delay" value="75"/>
      <i name="image" value="2111005.effect.4.png"/>
    </i>
    <i name="5">
      <i name="origin">
        <i name="x" value="86"/>
        <i name="y" value="87"/>
      </i>
      <i name="delay" value="75"/>
      <i name="image" value="2111005.effect.5.png"/>
    </i>
    <i name="6">
      <i name="origin">
        <i name="x" value="86"/>
        <i name="y" value="81"/>
      </i>
      <i name="delay" value="75"/>
      <i name="image" value="2111005.effect.6.png"/>
    </i>
    <i name="7">
      <i name="origin">
        <i name="x" value="87"/>
        <i name="y" value="83"/>
      </i>
      <i name="delay" value="75"/>
      <i name="image" value="2111005.effect.7.png"/>
    </i>
    <i name="8">
      <i name="origin">
        <i name="x" value="88"/>
        <i name="y" value="88"/>
      </i>
      <i name="delay" value="75"/>
      <i name="image" value="2111005.effect.8.png"/>
    </i>
    <i name="9">
      <i name="origin">
        <i name="x" value="88"/>
        <i name="y" value="87"/>
      </i>
      <i name="delay" value="75"/>
      <i name="image" value="2111005.effect.9.png"/>
    </i>
    <i name="10">
      <i name="origin">
        <i name="x" value="88"/>
        <i name="y" value="94"/>
      </i>
      <i name="delay" value="75"/>
      <i name="image" value="2111005.effect.10.png"/>
    </i>
    <i name="11">
      <i name="origin">
        <i name="x" value="88"/>
        <i name="y" value="100"/>
      </i>
      <i name="delay" value="75"/>
      <i name="image" value="2111005.effect.11.png"/>
    </i>
    <i name="12">
      <i name="origin">
        <i name="x" value="85"/>
        <i name="y" value="99"/>
      </i>
      <i name="delay" value="75"/>
      <i name="image" value="2111005.effect.12.png"/>
    </i>
    <i name="13">
      <i name="origin">
        <i name="x" value="64"/>
        <i name="y" value="111"/>
      </i>
      <i name="delay" value="75"/>
      <i name="image" value="2111005.effect.13.png"/>
    </i>
    <i name="14">
      <i name="origin">
        <i name="x" value="53"/>
        <i name="y" value="99"/>
      </i>
      <i name="delay" value="75"/>
      <i name="image" value="2111005.effect.14.png"/>
    </i>
    <i name="15">
      <i name="origin">
        <i name="x" value="54"/>
        <i name="y" value="100"/>
      </i>
      <i name="delay" value="75"/>
      <i name="image" value="2111005.effect.15.png"/>
    </i>
    <i name="16">
      <i name="origin">
        <i name="x" value="51"/>
        <i name="y" value="99"/>
      </i>
      <i name="delay" value="75"/>
      <i name="image" value="2111005.effect.16.png"/>
    </i>
    <i name="17">
      <i name="origin">
        <i name="x" value="51"/>
        <i name="y" value="99"/>
      </i>
      <i name="delay" value="75"/>
      <i name="image" value="2111005.effect.17.png"/>
    </i>
    <i name="18">
      <i name="origin">
        <i name="x" value="50"/>
        <i name="y" value="98"/>
      </i>
      <i name="delay" value="75"/>
      <i name="image" value="2111005.effect.18.png"/>
    </i>
  </i>
  </i>
