<i>
<s name="default"><f name="default" ><p name="default"  origin_x="15" origin_y="6" brow_x="-7" brow_y="-22" z="accessoryFace" image="default.default.png"/></f></s>
<s name="blink"><f name="0" ><p name="pointer"  pointer="default/default"/></f><f name="1" ><p name="pointer"  pointer="default/default"/></f><f name="2" ><p name="pointer"  pointer="default/default"/></f></s>
<s name="hit"><f name="0" ><p name="pointer"  pointer="default/default"/></f></s>
<s name="smile"><f name="0" ><p name="smile"  origin_x="8" origin_y="4" brow_x="0" brow_y="-18" z="accessoryFace" image="smile.0.default.png"/></f></s>
<s name="troubled"><f name="0" ><p name="pointer"  pointer="default/default"/></f></s>
<s name="cry"><f name="0" ><p name="cry"  origin_x="6" origin_y="3" brow_x="2" brow_y="-17" z="accessoryFace" image="cry.0.default.png"/></f></s>
<s name="angry"><f name="0" ><p name="angry"  origin_x="7" origin_y="6" brow_x="1" brow_y="-20" z="accessoryFace" image="angry.0.default.png"/></f></s>
<s name="bewildered"><f name="0" ><p name="pointer"  pointer="default/default"/></f></s>
<s name="stunned"><f name="0" ><p name="pointer"  pointer="default/default"/></f></s>
<s name="vomit"><f name="0" ><p name="pointer"  pointer="smile/0/default"/></f><f name="1" ><p name="pointer"  pointer="smile/0/default"/></f></s>
<s name="oops"><f name="0" ><p name="pointer"  pointer="default/default"/></f></s>
<s name="cheers"><f name="0" ><p name="pointer"  pointer="smile/0/default"/></f></s>
<s name="chu"><f name="0" ><p name="pointer"  pointer="smile/0/default"/></f></s>
<s name="wink"><f name="0" ><p name="pointer"  pointer="default/default"/></f></s>
<s name="pain"><f name="0" ><p name="pointer"  pointer="default/default"/></f></s>
<s name="glitter"><f name="0" ><p name="pointer"  pointer="smile/0/default"/></f><f name="1" ><p name="pointer"  pointer="smile/0/default"/></f></s>
<s name="shine"><f name="0" ><p name="pointer"  pointer="default/default"/></f></s>
<s name="blaze"><f name="0" ><p name="pointer"  pointer="smile/0/default"/></f><f name="1" ><p name="pointer"  pointer="smile/0/default"/></f></s>
<s name="love"><f name="0" ><p name="pointer"  pointer="smile/0/default"/></f><f name="1" ><p name="pointer"  pointer="smile/0/default"/></f></s>
<s name="despair"><f name="0" ><p name="pointer"  pointer="smile/0/default"/></f><f name="1" ><p name="pointer"  pointer="smile/0/default"/></f></s>
<s name="hum"><f name="0" ><p name="pointer"  pointer="smile/0/default"/></f><f name="1" ><p name="pointer"  pointer="smile/0/default"/></f></s>
<s name="bowing"><f name="0" ><p name="pointer"  pointer="smile/0/default"/></f><f name="1" ><p name="pointer"  pointer="smile/0/default"/></f></s>
<s name="hot"><f name="0" ><p name="pointer"  pointer="smile/0/default"/></f><f name="1" ><p name="pointer"  pointer="smile/0/default"/></f></s>
<s name="dam"><f name="0" ><p name="pointer"  pointer="smile/0/default"/></f><f name="1" ><p name="pointer"  pointer="smile/0/default"/></f></s>
</i>
