  <i name="05021013">
  <i name="info">
    <i name="icon">
      <i name="origin">
        <i name="x" value="-3"/>
        <i name="y" value="27"/>
      </i>
      <i name="image" value="05021013.info.icon.png"/>
    </i>
    <i name="iconRaw">
      <i name="origin">
        <i name="x" value="-3"/>
        <i name="y" value="27"/>
      </i>
      <i name="image" value="05021013.info.iconRaw.png"/>
    </i>
    <i name="cash" value="1"/>
  </i>
  <i name="bullet">
    <i name="0">
      <i name="origin">
        <i name="x" value="8"/>
        <i name="y" value="8"/>
      </i>
      <i name="image" value="05021013.bullet.0.png"/>
    </i>
    <i name="1">
      <i name="origin">
        <i name="x" value="8"/>
        <i name="y" value="8"/>
      </i>
      <i name="image" value="05021013.bullet.1.png"/>
    </i>
    <i name="2">
      <i name="origin">
        <i name="x" value="8"/>
        <i name="y" value="8"/>
      </i>
      <i name="image" value="05021013.bullet.2.png"/>
    </i>
    <i name="3">
      <i name="origin">
        <i name="x" value="8"/>
        <i name="y" value="8"/>
      </i>
      <i name="image" value="05021013.bullet.3.png"/>
    </i>
    <i name="4">
      <i name="origin">
        <i name="x" value="8"/>
        <i name="y" value="8"/>
      </i>
      <i name="image" value="05021013.bullet.4.png"/>
    </i>
    <i name="5">
      <i name="origin">
        <i name="x" value="8"/>
        <i name="y" value="8"/>
      </i>
      <i name="image" value="05021013.bullet.5.png"/>
    </i>
    <i name="6">
      <i name="origin">
        <i name="x" value="8"/>
        <i name="y" value="8"/>
      </i>
      <i name="image" value="05021013.bullet.6.png"/>
    </i>
  </i>
  <i name="hit">
    <i name="0">
      <i name="origin">
        <i name="x" value="35"/>
        <i name="y" value="37"/>
      </i>
      <i name="delay" value="72"/>
      <i name="image" value="05021013.hit.0.png"/>
    </i>
    <i name="1">
      <i name="origin">
        <i name="x" value="40"/>
        <i name="y" value="39"/>
      </i>
      <i name="delay" value="72"/>
      <i name="image" value="05021013.hit.1.png"/>
    </i>
    <i name="2">
      <i name="origin">
        <i name="x" value="47"/>
        <i name="y" value="41"/>
      </i>
      <i name="delay" value="72"/>
      <i name="image" value="05021013.hit.2.png"/>
    </i>
    <i name="3">
      <i name="origin">
        <i name="x" value="47"/>
        <i name="y" value="40"/>
      </i>
      <i name="delay" value="72"/>
      <i name="image" value="05021013.hit.3.png"/>
    </i>
    <i name="4">
      <i name="origin">
        <i name="x" value="50"/>
        <i name="y" value="41"/>
      </i>
      <i name="delay" value="72"/>
      <i name="image" value="05021013.hit.4.png"/>
    </i>
  </i>
  </i>
