  <i name="2101001">
  <i name="effect">
    <i name="0">
      <i name="origin">
        <i name="x" value="31"/>
        <i name="y" value="11"/>
      </i>
      <i name="delay" value="85"/>
      <i name="image" value="2101001.effect.0.png"/>
    </i>
    <i name="1">
      <i name="origin">
        <i name="x" value="33"/>
        <i name="y" value="13"/>
      </i>
      <i name="delay" value="85"/>
      <i name="image" value="2101001.effect.1.png"/>
    </i>
    <i name="2">
      <i name="origin">
        <i name="x" value="47"/>
        <i name="y" value="70"/>
      </i>
      <i name="delay" value="85"/>
      <i name="image" value="2101001.effect.2.png"/>
    </i>
    <i name="3">
      <i name="origin">
        <i name="x" value="63"/>
        <i name="y" value="109"/>
      </i>
      <i name="delay" value="85"/>
      <i name="image" value="2101001.effect.3.png"/>
    </i>
    <i name="4">
      <i name="origin">
        <i name="x" value="76"/>
        <i name="y" value="132"/>
      </i>
      <i name="delay" value="85"/>
      <i name="image" value="2101001.effect.4.png"/>
    </i>
    <i name="5">
      <i name="origin">
        <i name="x" value="85"/>
        <i name="y" value="144"/>
      </i>
      <i name="delay" value="85"/>
      <i name="image" value="2101001.effect.5.png"/>
    </i>
    <i name="6">
      <i name="origin">
        <i name="x" value="86"/>
        <i name="y" value="146"/>
      </i>
      <i name="delay" value="85"/>
      <i name="image" value="2101001.effect.6.png"/>
    </i>
    <i name="7">
      <i name="origin">
        <i name="x" value="86"/>
        <i name="y" value="147"/>
      </i>
      <i name="delay" value="85"/>
      <i name="image" value="2101001.effect.7.png"/>
    </i>
    <i name="8">
      <i name="origin">
        <i name="x" value="85"/>
        <i name="y" value="146"/>
      </i>
      <i name="delay" value="85"/>
      <i name="image" value="2101001.effect.8.png"/>
    </i>
  </i>
  <i name="affected">
    <i name="0">
      <i name="origin">
        <i name="x" value="18"/>
        <i name="y" value="108"/>
      </i>
      <i name="delay" value="100"/>
      <i name="image" value="2101001.affected.0.png"/>
    </i>
    <i name="1">
      <i name="origin">
        <i name="x" value="19"/>
        <i name="y" value="109"/>
      </i>
      <i name="delay" value="100"/>
      <i name="image" value="2101001.affected.1.png"/>
    </i>
    <i name="2">
      <i name="origin">
        <i name="x" value="19"/>
        <i name="y" value="108"/>
      </i>
      <i name="delay" value="100"/>
      <i name="image" value="2101001.affected.2.png"/>
    </i>
    <i name="3">
      <i name="origin">
        <i name="x" value="19"/>
        <i name="y" value="110"/>
      </i>
      <i name="delay" value="100"/>
      <i name="image" value="2101001.affected.3.png"/>
    </i>
    <i name="4">
      <i name="origin">
        <i name="x" value="20"/>
        <i name="y" value="108"/>
      </i>
      <i name="delay" value="100"/>
      <i name="image" value="2101001.affected.4.png"/>
    </i>
    <i name="5">
      <i name="origin">
        <i name="x" value="19"/>
        <i name="y" value="110"/>
      </i>
      <i name="delay" value="100"/>
      <i name="image" value="2101001.affected.5.png"/>
    </i>
    <i name="6">
      <i name="origin">
        <i name="x" value="19"/>
        <i name="y" value="108"/>
      </i>
      <i name="delay" value="100"/>
      <i name="image" value="2101001.affected.6.png"/>
    </i>
    <i name="7">
      <i name="origin">
        <i name="x" value="18"/>
        <i name="y" value="109"/>
      </i>
      <i name="delay" value="100"/>
      <i name="image" value="2101001.affected.7.png"/>
    </i>
  </i>
  </i>
