  <i name="05021005">
  <i name="info">
    <i name="icon">
      <i name="origin">
        <i name="x" value="-3"/>
        <i name="y" value="31"/>
      </i>
      <i name="image" value="05021005.info.icon.png"/>
    </i>
    <i name="iconRaw">
      <i name="origin">
        <i name="x" value="-3"/>
        <i name="y" value="31"/>
      </i>
      <i name="image" value="05021005.info.iconRaw.png"/>
    </i>
    <i name="cash" value="1"/>
  </i>
  <i name="bullet">
    <i name="0">
      <i name="origin">
        <i name="x" value="10"/>
        <i name="y" value="10"/>
      </i>
      <i name="image" value="05021005.bullet.0.png"/>
    </i>
    <i name="1">
      <i name="origin">
        <i name="x" value="10"/>
        <i name="y" value="10"/>
      </i>
      <i name="image" value="05021005.bullet.1.png"/>
    </i>
    <i name="2">
      <i name="origin">
        <i name="x" value="10"/>
        <i name="y" value="10"/>
      </i>
      <i name="image" value="05021005.bullet.2.png"/>
    </i>
  </i>
  <i name="hit">
    <i name="0">
      <i name="origin">
        <i name="x" value="40"/>
        <i name="y" value="47"/>
      </i>
      <i name="delay" value="90"/>
      <i name="image" value="05021005.hit.0.png"/>
    </i>
    <i name="1">
      <i name="origin">
        <i name="x" value="40"/>
        <i name="y" value="48"/>
      </i>
      <i name="delay" value="90"/>
      <i name="image" value="05021005.hit.1.png"/>
    </i>
  </i>
  </i>
