<i>
  <s name="default">
    <f name="hairOverHead">
      <p name="default" origin_x="25" origin_y="17" brow_x="0" brow_y="0" z="hairOverHead" image="default.hairOverHead.png"/>
    </f>
    <f name="hair">
      <p name="default"  origin_x="21" origin_y="21" brow_x="-6" brow_y="-9" z="hair" image="default.hair.png"/>
    </f>
    <f name="hairBelowBody">
      <p name="default"  origin_x="20" origin_y="31" brow_x="-3" brow_y="-19" z="hairBelowBody" image="default.hairBelowBody.png"/>
    </f>
    <f name="hairShade">
      <p name="0"  origin_x="16" origin_y="12" brow_x="-3" brow_y="2" z="hairShade" image="default.hairShade.0.png"/>
    </f>
  </s>
  <s name="backDefault">
    <f name="backHair">
      <p name="backDefault"  origin_x="29" origin_y="33" brow_x="-4" brow_y="-16" z="backHair" image="backDefault.backHair.png"/>
    </f>
    <f name="backHairBelowCap">
      <p name="backDefault"  origin_x="23" origin_y="30" brow_x="-4" brow_y="-18" z="backHairBelowCap" image="backDefault.backHairBelowCap.png"/>
    </f>
  </s>
  <s name="walk1">
    <f name="0">
      <p name="hairOverHead"  pointer="default/hairOverHead"/>
      <p name="hair" pointer="default/hair" />
      <p name="hairShade" pointer="default/hairShade" />
      <p name="hairBelowBody" pointer="default/hairBelowBody" />
    </f>
    <f name="1">
      <p name="hairOverHead"  pointer="default/hairOverHead"/>
      <p name="hair" pointer="default/hair" />
      <p name="hairBelowBody" pointer="default/hairBelowBody" />
      <p name="hairShade" pointer="default/hairShade" />
    </f>
    <f name="2">
      <p name="hairOverHead"  pointer="default/hairOverHead"/>
      <p name="hair" pointer="default/hair" />
      <p name="hairBelowBody" pointer="default/hairBelowBody" />
      <p name="hairShade" pointer="default/hairShade" />
    </f>
    <f name="3">
      <p name="hairOverHead"  pointer="default/hairOverHead"/>
      <p name="hair" pointer="default/hair" />
      <p name="hairBelowBody" pointer="default/hairBelowBody" />
      <p name="hairShade" pointer="default/hairShade" />
    </f>
  </s>
  <s name="walk2">
    <f name="0">
      <p name="hairOverHead"  pointer="default/hairOverHead"/>
      <p name="hair" pointer="default/hair" />
      <p name="hairBelowBody" pointer="default/hairBelowBody" />
      <p name="hairShade" pointer="default/hairShade" />
    </f>
    <f name="1">
      <p name="hairOverHead"  pointer="default/hairOverHead"/>
      <p name="hair" pointer="default/hair" />
      <p name="hairBelowBody" pointer="default/hairBelowBody" />
      <p name="hairShade" pointer="default/hairShade" />
    </f>
    <f name="2">
      <p name="hairOverHead"  pointer="default/hairOverHead"/>
      <p name="hair" pointer="default/hair" />
      <p name="hairBelowBody" pointer="default/hairBelowBody" />
      <p name="hairShade" pointer="default/hairShade" />
    </f>
    <f name="3">
      <p name="hairOverHead"  pointer="default/hairOverHead"/>
      <p name="hair" pointer="default/hair" />
      <p name="hairBelowBody" pointer="default/hairBelowBody" />
      <p name="hairShade" pointer="default/hairShade" />
    </f>
  </s>
  <s name="stand1">
    <f name="0">
      <p name="hairOverHead"  pointer="default/hairOverHead"/>
      <p name="hair" pointer="default/hair" />
      <p name="hairBelowBody" pointer="default/hairBelowBody" />
      <p name="hairShade" pointer="default/hairShade" />
    </f>
    <f name="1">
      <p name="hairOverHead"  pointer="default/hairOverHead"/>
      <p name="hair" pointer="default/hair" />
      <p name="hairBelowBody" pointer="default/hairBelowBody" />
      <p name="hairShade" pointer="default/hairShade" />
    </f>
    <f name="2">
      <p name="hairOverHead"  pointer="default/hairOverHead"/>
      <p name="hair" pointer="default/hair" />
      <p name="hairBelowBody" pointer="default/hairBelowBody" />
      <p name="hairShade" pointer="default/hairShade" />
    </f>
  </s>
  <s name="stand2">
    <f name="0">
      <p name="hairOverHead"  pointer="default/hairOverHead"/>
      <p name="hair" pointer="default/hair" />
      <p name="hairBelowBody" pointer="default/hairBelowBody" />
      <p name="hairShade" pointer="default/hairShade" />
    </f>
    <f name="1">
      <p name="hairOverHead"  pointer="default/hairOverHead"/>
      <p name="hair" pointer="default/hair" />
      <p name="hairBelowBody" pointer="default/hairBelowBody" />
      <p name="hairShade" pointer="default/hairShade" />
    </f>
    <f name="2">
      <p name="hairOverHead"  pointer="default/hairOverHead"/>
      <p name="hair" pointer="default/hair" />
      <p name="hairBelowBody" pointer="default/hairBelowBody" />
      <p name="hairShade" pointer="default/hairShade" />
    </f>
  </s>
  <s name="alert">
    <f name="0">
      <p name="hairOverHead"  pointer="default/hairOverHead"/>
      <p name="hair" pointer="default/hair" />
      <p name="hairBelowBody" pointer="default/hairBelowBody" />
      <p name="hairShade" pointer="default/hairShade" />
    </f>
    <f name="1">
      <p name="hairOverHead"  pointer="default/hairOverHead"/>
      <p name="hair" pointer="default/hair" />
      <p name="hairBelowBody" pointer="default/hairBelowBody" />
      <p name="hairShade" pointer="default/hairShade" />
    </f>
    <f name="2">
      <p name="hairOverHead"  pointer="default/hairOverHead"/>
      <p name="hair" pointer="default/hair" />
      <p name="hairBelowBody" pointer="default/hairBelowBody" />
      <p name="hairShade" pointer="default/hairShade" />
    </f>
  </s>
  <s name="swingO1">
    <f name="0">
      <p name="hairOverHead"  pointer="default/hairOverHead"/>
      <p name="hair" pointer="default/hair" />
      <p name="hairBelowBody" pointer="default/hairBelowBody" />
      <p name="hairShade" pointer="default/hairShade" />
    </f>
    <f name="1">
      <p name="hairOverHead"  pointer="default/hairOverHead"/>
      <p name="hair" pointer="default/hair" />
      <p name="hairBelowBody" pointer="default/hairBelowBody" />
      <p name="hairShade" pointer="default/hairShade" />
    </f>
    <f name="2">
      <p name="hairOverHead"  pointer="default/hairOverHead"/>
      <p name="hair" pointer="default/hair" />
      <p name="hairBelowBody" pointer="default/hairBelowBody" />
      <p name="hairShade" pointer="default/hairShade" />
    </f>
  </s>
  <s name="swingO2">
    <f name="0">
      <p name="hairOverHead"  pointer="default/hairOverHead"/>
      <p name="hair" pointer="default/hair" />
      <p name="hairBelowBody" pointer="default/hairBelowBody" />
      <p name="hairShade" pointer="default/hairShade" />
    </f>
    <f name="1">
      <p name="hairOverHead"  pointer="default/hairOverHead"/>
      <p name="hair" pointer="default/hair" />
      <p name="hairBelowBody" pointer="default/hairBelowBody" />
      <p name="hairShade" pointer="default/hairShade" />
    </f>
    <f name="2">
      <p name="hairOverHead"  pointer="default/hairOverHead"/>
      <p name="hair" pointer="default/hair" />
      <p name="hairBelowBody" pointer="default/hairBelowBody" />
      <p name="hairShade" pointer="default/hairShade" />
    </f>
  </s>
  <s name="swingO3">
    <f name="0">
      <p name="hairOverHead"  pointer="default/hairOverHead"/>
      <p name="hair" pointer="default/hair" />
      <p name="hairBelowBody" pointer="default/hairBelowBody" />
      <p name="hairShade" pointer="default/hairShade" />
    </f>
    <f name="1">
      <p name="hairOverHead"  pointer="default/hairOverHead"/>
      <p name="hair" pointer="default/hair" />
      <p name="hairBelowBody" pointer="default/hairBelowBody" />
      <p name="hairShade" pointer="default/hairShade" />
    </f>
    <f name="2">
      <p name="hairOverHead"  pointer="default/hairOverHead"/>
      <p name="hair" pointer="default/hair" />
      <p name="hairBelowBody" pointer="default/hairBelowBody" />
      <p name="hairShade" pointer="default/hairShade" />
    </f>
  </s>
  <s name="swingOF">
    <f name="0">
      <p name="hairOverHead"  pointer="default/hairOverHead"/>
      <p name="hair" pointer="default/hair" />
      <p name="hairBelowBody" pointer="default/hairBelowBody" />
      <p name="hairShade" pointer="default/hairShade" />
    </f>
    <f name="1">
      <p name="backHair"  pointer="backDefault/backHair"/>
      <p name="backHairBelowCapWide"  pointer="backDefault/backHairBelowCapWide"/>
      <p name="backHairBelowCapNarrow"  pointer="backDefault/backHairBelowCapNarrow"/>
    </f>
    <f name="2">
      <p name="hairOverHead"  pointer="default/hairOverHead"/>
      <p name="hair" pointer="default/hair" />
      <p name="hairBelowBody" pointer="default/hairBelowBody" />
      <p name="hairShade" pointer="default/hairShade" />
    </f>
    <f name="3">
      <p name="hairOverHead"  pointer="default/hairOverHead"/>
      <p name="hair" pointer="default/hair" />
      <p name="hairBelowBody" pointer="default/hairBelowBody" />
      <p name="hairShade" pointer="default/hairShade" />
    </f>
  </s>
  <s name="swingT1">
    <f name="0">
      <p name="hairOverHead"  pointer="default/hairOverHead"/>
      <p name="hair" pointer="default/hair" />
      <p name="hairBelowBody" pointer="default/hairBelowBody" />
      <p name="hairShade" pointer="default/hairShade" />
    </f>
    <f name="1">
      <p name="hairOverHead"  pointer="default/hairOverHead"/>
      <p name="hair" pointer="default/hair" />
      <p name="hairBelowBody" pointer="default/hairBelowBody" />
      <p name="hairShade" pointer="default/hairShade" />
    </f>
    <f name="2">
      <p name="hairOverHead"  pointer="default/hairOverHead"/>
      <p name="hair" pointer="default/hair" />
      <p name="hairBelowBody" pointer="default/hairBelowBody" />
      <p name="hairShade" pointer="default/hairShade" />
    </f>
  </s>
  <s name="swingT2">
    <f name="0">
      <p name="hairOverHead"  pointer="default/hairOverHead"/>
      <p name="hair" pointer="default/hair" />
      <p name="hairBelowBody" pointer="default/hairBelowBody" />
      <p name="hairShade" pointer="default/hairShade" />
    </f>
    <f name="1">
      <p name="hairOverHead"  pointer="default/hairOverHead"/>
      <p name="hair" pointer="default/hair" />
      <p name="hairBelowBody" pointer="default/hairBelowBody" />
      <p name="hairShade" pointer="default/hairShade" />
    </f>
    <f name="2">
      <p name="hairOverHead"  pointer="default/hairOverHead"/>
      <p name="hair" pointer="default/hair" />
      <p name="hairBelowBody" pointer="default/hairBelowBody" />
      <p name="hairShade" pointer="default/hairShade" />
    </f>
  </s>
  <s name="swingT3">
    <f name="0">
      <p name="hairOverHead"  pointer="default/hairOverHead"/>
      <p name="hair" pointer="default/hair" />
      <p name="hairBelowBody" pointer="default/hairBelowBody" />
      <p name="hairShade" pointer="default/hairShade" />
    </f>
    <f name="1">
      <p name="hairOverHead"  pointer="default/hairOverHead"/>
      <p name="hair" pointer="default/hair" />
      <p name="hairBelowBody" pointer="default/hairBelowBody" />
      <p name="hairShade" pointer="default/hairShade" />
    </f>
    <f name="2">
      <p name="hairOverHead"  pointer="default/hairOverHead"/>
      <p name="hair" pointer="default/hair" />
      <p name="hairBelowBody" pointer="default/hairBelowBody" />
      <p name="hairShade" pointer="default/hairShade" />
    </f>
  </s>
  <s name="swingTF">
    <f name="0">
      <p name="backHair"  pointer="backDefault/backHair"/>
      <p name="backHairBelowCapWide"  pointer="backDefault/backHairBelowCapWide"/>
      <p name="backHairBelowCapNarrow"  pointer="backDefault/backHairBelowCapNarrow"/>
    </f>
    <f name="1">
      <p name="hairOverHead"  pointer="default/hairOverHead"/>
      <p name="hair" pointer="default/hair" />
      <p name="hairBelowBody" pointer="default/hairBelowBody" />
      <p name="hairShade" pointer="default/hairShade" />
    </f>
    <f name="2">
      <p name="hairOverHead"  pointer="default/hairOverHead"/>
      <p name="hair" pointer="default/hair" />
      <p name="hairBelowBody" pointer="default/hairBelowBody" />
      <p name="hairShade" pointer="default/hairShade" />
    </f>
    <f name="3">
      <p name="hairOverHead"  pointer="default/hairOverHead"/>
      <p name="hair" pointer="default/hair" />
      <p name="hairBelowBody" pointer="default/hairBelowBody" />
      <p name="hairShade" pointer="default/hairShade" />
    </f>
  </s>
  <s name="swingP1">
    <f name="0">
      <p name="hairOverHead"  pointer="default/hairOverHead"/>
      <p name="hair" pointer="default/hair" />
      <p name="hairBelowBody" pointer="default/hairBelowBody" />
      <p name="hairShade" pointer="default/hairShade" />
    </f>
    <f name="1">
      <p name="hairOverHead"  pointer="default/hairOverHead"/>
      <p name="hair" pointer="default/hair" />
      <p name="hairBelowBody" pointer="default/hairBelowBody" />
      <p name="hairShade" pointer="default/hairShade" />
    </f>
    <f name="2">
      <p name="hairOverHead"  pointer="default/hairOverHead"/>
      <p name="hair" pointer="default/hair" />
      <p name="hairBelowBody" pointer="default/hairBelowBody" />
      <p name="hairShade" pointer="default/hairShade" />
    </f>
  </s>
  <s name="swingP2">
    <f name="0">
      <p name="hairOverHead"  pointer="default/hairOverHead"/>
      <p name="hair" pointer="default/hair" />
      <p name="hairBelowBody" pointer="default/hairBelowBody" />
      <p name="hairShade" pointer="default/hairShade" />
    </f>
    <f name="1">
      <p name="hairOverHead"  pointer="default/hairOverHead"/>
      <p name="hair" pointer="default/hair" />
      <p name="hairBelowBody" pointer="default/hairBelowBody" />
      <p name="hairShade" pointer="default/hairShade" />
    </f>
    <f name="2">
      <p name="hairOverHead"  pointer="default/hairOverHead"/>
      <p name="hair" pointer="default/hair" />
      <p name="hairBelowBody" pointer="default/hairBelowBody" />
      <p name="hairShade" pointer="default/hairShade" />
    </f>
  </s>
  <s name="swingPF">
    <f name="0">
      <p name="hairOverHead"  pointer="default/hairOverHead"/>
      <p name="hair" pointer="default/hair" />
      <p name="hairBelowBody" pointer="default/hairBelowBody" />
      <p name="hairShade" pointer="default/hairShade" />
    </f>
    <f name="1">
      <p name="hairOverHead"  pointer="default/hairOverHead"/>
      <p name="hair" pointer="default/hair" />
      <p name="hairBelowBody" pointer="default/hairBelowBody" />
      <p name="hairShade" pointer="default/hairShade" />
    </f>
    <f name="2">
      <p name="hairOverHead"  pointer="default/hairOverHead"/>
      <p name="hair" pointer="default/hair" />
      <p name="hairBelowBody" pointer="default/hairBelowBody" />
      <p name="hairShade" pointer="default/hairShade" />
    </f>
    <f name="3">
      <p name="hairOverHead"  pointer="default/hairOverHead"/>
      <p name="hair" pointer="default/hair" />
      <p name="hairBelowBody" pointer="default/hairBelowBody" />
      <p name="hairShade" pointer="default/hairShade" />
    </f>
  </s>
  <s name="stabO1">
    <f name="0">
      <p name="hairOverHead"  pointer="default/hairOverHead"/>
      <p name="hair" pointer="default/hair" />
      <p name="hairBelowBody" pointer="default/hairBelowBody" />
      <p name="hairShade" pointer="default/hairShade" />
    </f>
    <f name="1">
      <p name="hairOverHead"  pointer="default/hairOverHead"/>
      <p name="hair" pointer="default/hair" />
      <p name="hairBelowBody" pointer="default/hairBelowBody" />
      <p name="hairShade" pointer="default/hairShade" />
    </f>
  </s>
  <s name="stabO2">
    <f name="0">
      <p name="hairOverHead"  pointer="default/hairOverHead"/>
      <p name="hair" pointer="default/hair" />
      <p name="hairBelowBody" pointer="default/hairBelowBody" />
      <p name="hairShade" pointer="default/hairShade" />
    </f>
    <f name="1">
      <p name="hairOverHead"  pointer="default/hairOverHead"/>
      <p name="hair" pointer="default/hair" />
      <p name="hairBelowBody" pointer="default/hairBelowBody" />
      <p name="hairShade" pointer="default/hairShade" />
    </f>
  </s>
  <s name="stabOF">
    <f name="0">
      <p name="hairOverHead"  pointer="default/hairOverHead"/>
      <p name="hair" pointer="default/hair" />
      <p name="hairBelowBody" pointer="default/hairBelowBody" />
      <p name="hairShade" pointer="default/hairShade" />
    </f>
    <f name="1">
      <p name="hairOverHead"  pointer="default/hairOverHead"/>
      <p name="hair" pointer="default/hair" />
      <p name="hairBelowBody" pointer="default/hairBelowBody" />
      <p name="hairShade" pointer="default/hairShade" />
    </f>
    <f name="2">
      <p name="hairOverHead"  pointer="default/hairOverHead"/>
      <p name="hair" pointer="default/hair" />
      <p name="hairBelowBody" pointer="default/hairBelowBody" />
      <p name="hairShade" pointer="default/hairShade" />
    </f>
  </s>
  <s name="stabT1">
    <f name="0">
      <p name="hairOverHead"  pointer="default/hairOverHead"/>
      <p name="hair" pointer="default/hair" />
      <p name="hairBelowBody" pointer="default/hairBelowBody" />
      <p name="hairShade" pointer="default/hairShade" />
    </f>
    <f name="1">
      <p name="hairOverHead"  pointer="default/hairOverHead"/>
      <p name="hair" pointer="default/hair" />
      <p name="hairBelowBody" pointer="default/hairBelowBody" />
      <p name="hairShade" pointer="default/hairShade" />
    </f>
    <f name="2">
      <p name="hairOverHead"  pointer="default/hairOverHead"/>
      <p name="hair" pointer="default/hair" />
      <p name="hairBelowBody" pointer="default/hairBelowBody" />
      <p name="hairShade" pointer="default/hairShade" />
    </f>
  </s>
  <s name="stabT2">
    <f name="0">
      <p name="hairOverHead"  pointer="default/hairOverHead"/>
      <p name="hair" pointer="default/hair" />
      <p name="hairBelowBody" pointer="default/hairBelowBody" />
      <p name="hairShade" pointer="default/hairShade" />
    </f>
    <f name="1">
      <p name="hairOverHead"  pointer="default/hairOverHead"/>
      <p name="hair" pointer="default/hair" />
      <p name="hairBelowBody" pointer="default/hairBelowBody" />
      <p name="hairShade" pointer="default/hairShade" />
    </f>
    <f name="2">
      <p name="hairOverHead"  pointer="default/hairOverHead"/>
      <p name="hair" pointer="default/hair" />
      <p name="hairBelowBody" pointer="default/hairBelowBody" />
      <p name="hairShade" pointer="default/hairShade" />
    </f>
  </s>
  <s name="stabTF">
    <f name="0">
      <p name="hairOverHead"  pointer="default/hairOverHead"/>
      <p name="hair" pointer="default/hair" />
      <p name="hairBelowBody" pointer="default/hairBelowBody" />
      <p name="hairShade" pointer="default/hairShade" />
    </f>
    <f name="1">
      <p name="hairOverHead"  pointer="default/hairOverHead"/>
      <p name="hair" pointer="default/hair" />
      <p name="hairBelowBody" pointer="default/hairBelowBody" />
      <p name="hairShade" pointer="default/hairShade" />
    </f>
    <f name="2">
      <p name="hairOverHead"  pointer="default/hairOverHead"/>
      <p name="hair" pointer="default/hair" />
      <p name="hairBelowBody" pointer="default/hairBelowBody" />
      <p name="hairShade" pointer="default/hairShade" />
    </f>
    <f name="3">
      <p name="hairOverHead"  pointer="default/hairOverHead"/>
      <p name="hair" pointer="default/hair" />
      <p name="hairBelowBody" pointer="default/hairBelowBody" />
      <p name="hairShade" pointer="default/hairShade" />
    </f>
  </s>
  <s name="shoot1">
    <f name="0">
      <p name="hairOverHead"  pointer="default/hairOverHead"/>
      <p name="hair" pointer="default/hair" />
      <p name="hairBelowBody" pointer="default/hairBelowBody" />
      <p name="hairShade" pointer="default/hairShade" />
    </f>
    <f name="1">
      <p name="hairOverHead"  pointer="default/hairOverHead"/>
      <p name="hair" pointer="default/hair" />
      <p name="hairBelowBody" pointer="default/hairBelowBody" />
      <p name="hairShade" pointer="default/hairShade" />
    </f>
    <f name="2">
      <p name="hairOverHead"  pointer="default/hairOverHead"/>
      <p name="hair" pointer="default/hair" />
      <p name="hairBelowBody" pointer="default/hairBelowBody" />
      <p name="hairShade" pointer="default/hairShade" />
    </f>
  </s>
  <s name="shoot2">
    <f name="0">
      <p name="hairOverHead"  pointer="default/hairOverHead"/>
      <p name="hair" pointer="default/hair" />
      <p name="hairBelowBody" pointer="default/hairBelowBody" />
      <p name="hairShade" pointer="default/hairShade" />
    </f>
    <f name="1">
      <p name="hairOverHead"  pointer="default/hairOverHead"/>
      <p name="hair" pointer="default/hair" />
      <p name="hairBelowBody" pointer="default/hairBelowBody" />
      <p name="hairShade" pointer="default/hairShade" />
    </f>
    <f name="2">
      <p name="hairOverHead"  pointer="default/hairOverHead"/>
      <p name="hair" pointer="default/hair" />
      <p name="hairBelowBody" pointer="default/hairBelowBody" />
      <p name="hairShade" pointer="default/hairShade" />
    </f>
    <f name="3">
      <p name="hairOverHead"  pointer="default/hairOverHead"/>
      <p name="hair" pointer="default/hair" />
      <p name="hairBelowBody" pointer="default/hairBelowBody" />
      <p name="hairShade" pointer="default/hairShade" />
    </f>
    <f name="4">
      <p name="hairOverHead"  pointer="default/hairOverHead"/>
      <p name="hair" pointer="default/hair" />
      <p name="hairBelowBody" pointer="default/hairBelowBody" />
      <p name="hairShade" pointer="default/hairShade" />
    </f>
  </s>
  <s name="shootF">
    <f name="0">
      <p name="hairOverHead"  pointer="default/hairOverHead"/>
      <p name="hair" pointer="default/hair" />
      <p name="hairBelowBody" pointer="default/hairBelowBody" />
      <p name="hairShade" pointer="default/hairShade" />
    </f>
    <f name="1">
      <p name="hairOverHead"  pointer="default/hairOverHead"/>
      <p name="hair" pointer="default/hair" />
      <p name="hairBelowBody" pointer="default/hairBelowBody" />
      <p name="hairShade" pointer="default/hairShade" />
    </f>
    <f name="2">
      <p name="hairOverHead"  pointer="default/hairOverHead"/>
      <p name="hair" pointer="default/hair" />
      <p name="hairBelowBody" pointer="default/hairBelowBody" />
      <p name="hairShade" pointer="default/hairShade" />
    </f>
  </s>
  <s name="proneStab">
    <f name="0">
      <p name="hairOverHead"  origin_x="30" origin_y="21" brow_x="-4" brow_y="-3" z="hairOverHead" image="proneStab.0.hairOverHead.png"/>
      <p name="hair" pointer="default/hair" />
      <p name="hairShade"  pointer="default/hairShade"/>
    </f>
    <f name="1">
      <p name="hairOverHead"  pointer="proneStab/0/hairOverHead"/>
      <p name="hair" pointer="default/hair" />
      <p name="hairShade" pointer="default/hairShade" />
    </f>
  </s>
  <s name="prone">
    <f name="0">
      <p name="hairOverHead"  pointer="proneStab/0/hairOverHead"/>
      <p name="hair" pointer="default/hair" />
      <p name="hairShade" pointer="default/hairShade" />
    </f>
  </s>
  <s name="heal">
    <f name="0">
      <p name="hairOverHead"  pointer="default/hairOverHead"/>
      <p name="hair" pointer="default/hair" />
      <p name="hairShade" pointer="default/hairShade" />
      <p name="hairBelowBody" pointer="default/hairBelowBody" />
    </f>
    <f name="1">
      <p name="hairOverHead"  pointer="default/hairOverHead"/>
      <p name="hair" pointer="default/hair" />
      <p name="hairShade" pointer="default/hairShade" />
      <p name="hairBelowBody" pointer="default/hairBelowBody" />
    </f>
    <f name="2">
      <p name="hairOverHead"  pointer="default/hairOverHead"/>
      <p name="hair" pointer="default/hair" />
      <p name="hairShade" pointer="default/hairShade" />
      <p name="hairBelowBody" pointer="default/hairBelowBody" />
    </f>
  </s>
  <s name="fly">
    <f name="0">
      <p name="hairOverHead"  pointer="default/hairOverHead"/>
      <p name="hair" pointer="default/hair" />
      <p name="hairBelowBody" pointer="default/hairBelowBody" />
      <p name="hairShade" pointer="default/hairShade" />
    </f>
    <f name="1">
      <p name="hairOverHead"  pointer="default/hairOverHead"/>
      <p name="hair" pointer="default/hair" />
      <p name="hairBelowBody" pointer="default/hairBelowBody" />
      <p name="hairShade" pointer="default/hairShade" />
    </f>
  </s>
  <s name="jump">
    <f name="0">
      <p name="hairOverHead"  pointer="default/hairOverHead"/>
      <p name="hair" pointer="default/hair" />
      <p name="hairBelowBody" pointer="default/hairBelowBody" />
      <p name="hairShade" pointer="default/hairShade" />
    </f>
  </s>
  <s name="sit">
    <f name="0">
      <p name="hairOverHead"  pointer="default/hairOverHead"/>
      <p name="hair" pointer="default/hair" />
      <p name="hairBelowBody" pointer="default/hairBelowBody" />
      <p name="hairShade" pointer="default/hairShade" />
    </f>
  </s>
  <s name="ladder">
    <f name="0">
      <p name="backHair"  pointer="backDefault/backHair"/>
      <p name="backHairBelowCap"  pointer="backDefault/backHairBelowCap"/>
    </f>
    <f name="1">
      <p name="backHair"  pointer="backDefault/backHair"/>
      <p name="backHairBelowCap"  pointer="backDefault/backHairBelowCap"/>
    </f>
  </s>
  <s name="rope">
    <f name="0">
      <p name="backHair"  pointer="backDefault/backHair"/>
      <p name="backHairBelowCap"  pointer="backDefault/backHairBelowCap"/>
    </f>
    <f name="1">
      <p name="backHair"  pointer="backDefault/backHair"/>
      <p name="backHairBelowCap"  pointer="backDefault/backHairBelowCap"/>
    </f>
  </s>
</i>
