  <i name="5000031">
  <i name="stand0">
    <i name="0">
      <i name="origin">
        <i name="x" value="29"/>
        <i name="y" value="72"/>
      </i>
      <i name="image" value="5000031.stand0.0.png"/>
    </i>
    <i name="1">
      <i name="origin">
        <i name="x" value="29"/>
        <i name="y" value="73"/>
      </i>
      <i name="image" value="5000031.stand0.1.png"/>
    </i>
    <i name="2">
      <i name="origin">
        <i name="x" value="30"/>
        <i name="y" value="74"/>
      </i>
      <i name="image" value="5000031.stand0.2.png"/>
    </i>
    <i name="3">
      <i name="origin">
        <i name="x" value="31"/>
        <i name="y" value="74"/>
      </i>
      <i name="image" value="5000031.stand0.3.png"/>
    </i>
    <i name="4">
      <i name="origin">
        <i name="x" value="30"/>
        <i name="y" value="73"/>
      </i>
      <i name="image" value="5000031.stand0.4.png"/>
    </i>
  </i>
  <i name="stand1">
    <i name="0">
      <i name="pointer" value="5000031/stand0/0"/>
    </i>
    <i name="1">
      <i name="pointer" value="5000031/stand0/1"/>
    </i>
    <i name="2">
      <i name="pointer" value="5000031/stand0/2"/>
    </i>
    <i name="3">
      <i name="pointer" value="5000031/stand0/3"/>
    </i>
    <i name="4">
      <i name="pointer" value="5000031/stand0/4"/>
    </i>
    <i name="5">
      <i name="pointer" value="5000031/stand0/0"/>
    </i>
    <i name="6">
      <i name="pointer" value="5000031/stand0/1"/>
    </i>
    <i name="7">
      <i name="pointer" value="5000031/stand0/2"/>
    </i>
    <i name="8">
      <i name="pointer" value="5000031/stand0/3"/>
    </i>
    <i name="9">
      <i name="pointer" value="5000031/stand0/4"/>
    </i>
  </i>
  <i name="hungry">
    <i name="0">
      <i name="origin">
        <i name="x" value="29"/>
        <i name="y" value="72"/>
      </i>
      <i name="image" value="5000031.hungry.0.png"/>
    </i>
    <i name="1">
      <i name="origin">
        <i name="x" value="29"/>
        <i name="y" value="73"/>
      </i>
      <i name="image" value="5000031.hungry.1.png"/>
    </i>
    <i name="2">
      <i name="origin">
        <i name="x" value="30"/>
        <i name="y" value="74"/>
      </i>
      <i name="image" value="5000031.hungry.2.png"/>
    </i>
    <i name="3">
      <i name="origin">
        <i name="x" value="31"/>
        <i name="y" value="74"/>
      </i>
      <i name="image" value="5000031.hungry.3.png"/>
    </i>
    <i name="4">
      <i name="origin">
        <i name="x" value="30"/>
        <i name="y" value="73"/>
      </i>
      <i name="image" value="5000031.hungry.4.png"/>
    </i>
  </i>
  <i name="move">
    <i name="0">
      <i name="origin">
        <i name="x" value="30"/>
        <i name="y" value="72"/>
      </i>
      <i name="image" value="5000031.move.0.png"/>
    </i>
    <i name="1">
      <i name="origin">
        <i name="x" value="29"/>
        <i name="y" value="74"/>
      </i>
      <i name="image" value="5000031.move.1.png"/>
    </i>
    <i name="2">
      <i name="origin">
        <i name="x" value="30"/>
        <i name="y" value="75"/>
      </i>
      <i name="image" value="5000031.move.2.png"/>
    </i>
    <i name="3">
      <i name="origin">
        <i name="x" value="31"/>
        <i name="y" value="75"/>
      </i>
      <i name="image" value="5000031.move.3.png"/>
    </i>
    <i name="4">
      <i name="origin">
        <i name="x" value="30"/>
        <i name="y" value="74"/>
      </i>
      <i name="image" value="5000031.move.4.png"/>
    </i>
  </i>
  <i name="jump">
    <i name="0">
      <i name="origin">
        <i name="x" value="32"/>
        <i name="y" value="74"/>
      </i>
      <i name="image" value="5000031.jump.0.png"/>
    </i>
  </i>
  <i name="sit">
    <i name="0">
      <i name="origin">
        <i name="x" value="29"/>
        <i name="y" value="49"/>
      </i>
      <i name="image" value="5000031.sit.0.png"/>
    </i>
    <i name="1">
      <i name="origin">
        <i name="x" value="29"/>
        <i name="y" value="49"/>
      </i>
      <i name="image" value="5000031.sit.1.png"/>
    </i>
    <i name="2">
      <i name="origin">
        <i name="x" value="29"/>
        <i name="y" value="49"/>
      </i>
      <i name="image" value="5000031.sit.2.png"/>
    </i>
    <i name="3">
      <i name="origin">
        <i name="x" value="29"/>
        <i name="y" value="49"/>
      </i>
      <i name="image" value="5000031.sit.3.png"/>
    </i>
    <i name="4">
      <i name="origin">
        <i name="x" value="29"/>
        <i name="y" value="49"/>
      </i>
      <i name="image" value="5000031.sit.4.png"/>
    </i>
    <i name="5">
      <i name="origin">
        <i name="x" value="29"/>
        <i name="y" value="49"/>
      </i>
      <i name="image" value="5000031.sit.5.png"/>
    </i>
  </i>
  <i name="chat">
    <i name="0">
      <i name="pointer" value="5000031/stand0/0"/>
    </i>
    <i name="1">
      <i name="pointer" value="5000031/stand0/1"/>
    </i>
    <i name="2">
      <i name="origin">
        <i name="x" value="30"/>
        <i name="y" value="74"/>
      </i>
      <i name="image" value="5000031.chat.2.png"/>
    </i>
    <i name="3">
      <i name="origin">
        <i name="x" value="31"/>
        <i name="y" value="75"/>
      </i>
      <i name="image" value="5000031.chat.3.png"/>
    </i>
    <i name="4">
      <i name="origin">
        <i name="x" value="30"/>
        <i name="y" value="73"/>
      </i>
      <i name="image" value="5000031.chat.4.png"/>
    </i>
    <i name="5">
      <i name="pointer" value="5000031/chat/0"/>
    </i>
    <i name="6">
      <i name="pointer" value="5000031/chat/1"/>
    </i>
    <i name="7">
      <i name="pointer" value="5000031/chat/2"/>
    </i>
    <i name="8">
      <i name="pointer" value="5000031/chat/3"/>
    </i>
    <i name="9">
      <i name="pointer" value="5000031/chat/4"/>
    </i>
    <i name="10">
      <i name="pointer" value="5000031/chat/0"/>
    </i>
    <i name="11">
      <i name="pointer" value="5000031/chat/1"/>
    </i>
    <i name="12">
      <i name="pointer" value="5000031/chat/2"/>
    </i>
    <i name="13">
      <i name="pointer" value="5000031/chat/3"/>
    </i>
    <i name="14">
      <i name="pointer" value="5000031/chat/4"/>
    </i>
  </i>
  <i name="angry">
    <i name="0">
      <i name="origin">
        <i name="x" value="27"/>
        <i name="y" value="68"/>
      </i>
      <i name="image" value="5000031.angry.0.png"/>
    </i>
    <i name="1">
      <i name="origin">
        <i name="x" value="27"/>
        <i name="y" value="69"/>
      </i>
      <i name="image" value="5000031.angry.1.png"/>
    </i>
    <i name="2">
      <i name="origin">
        <i name="x" value="29"/>
        <i name="y" value="71"/>
      </i>
      <i name="image" value="5000031.angry.2.png"/>
    </i>
    <i name="3">
      <i name="origin">
        <i name="x" value="31"/>
        <i name="y" value="72"/>
      </i>
      <i name="image" value="5000031.angry.3.png"/>
    </i>
    <i name="4">
      <i name="origin">
        <i name="x" value="31"/>
        <i name="y" value="73"/>
      </i>
      <i name="image" value="5000031.angry.4.png"/>
    </i>
    <i name="5">
      <i name="origin">
        <i name="x" value="28"/>
        <i name="y" value="69"/>
      </i>
      <i name="image" value="5000031.angry.5.png"/>
    </i>
    <i name="6">
      <i name="pointer" value="5000031/angry/0"/>
    </i>
    <i name="7">
      <i name="pointer" value="5000031/angry/1"/>
    </i>
    <i name="8">
      <i name="pointer" value="5000031/angry/2"/>
    </i>
    <i name="9">
      <i name="pointer" value="5000031/angry/3"/>
    </i>
    <i name="10">
      <i name="pointer" value="5000031/angry/4"/>
    </i>
    <i name="11">
      <i name="pointer" value="5000031/angry/5"/>
    </i>
    <i name="12">
      <i name="pointer" value="5000031/angry/0"/>
    </i>
    <i name="13">
      <i name="pointer" value="5000031/angry/1"/>
    </i>
    <i name="14">
      <i name="pointer" value="5000031/angry/2"/>
    </i>
    <i name="15">
      <i name="pointer" value="5000031/angry/3"/>
    </i>
    <i name="16">
      <i name="pointer" value="5000031/angry/4"/>
    </i>
    <i name="17">
      <i name="pointer" value="5000031/angry/5"/>
    </i>
  </i>
  <i name="hang">
    <i name="0">
      <i name="origin">
        <i name="x" value="51"/>
        <i name="y" value="63"/>
      </i>
      <i name="image" value="5000031.hang.0.png"/>
    </i>
  </i>
  <i name="nothing">
    <i name="0">
      <i name="pointer" value="5000031/stand0/0"/>
    </i>
    <i name="1">
      <i name="pointer" value="5000031/stand0/1"/>
    </i>
    <i name="2">
      <i name="pointer" value="5000031/stand0/2"/>
    </i>
    <i name="3">
      <i name="pointer" value="5000031/stand0/3"/>
    </i>
    <i name="4">
      <i name="origin">
        <i name="x" value="30"/>
        <i name="y" value="73"/>
      </i>
      <i name="image" value="5000031.nothing.4.png"/>
    </i>
    <i name="5">
      <i name="pointer" value="5000031/nothing/0"/>
    </i>
    <i name="6">
      <i name="pointer" value="5000031/nothing/1"/>
    </i>
    <i name="7">
      <i name="pointer" value="5000031/nothing/2"/>
    </i>
    <i name="8">
      <i name="pointer" value="5000031/nothing/3"/>
    </i>
    <i name="9">
      <i name="pointer" value="5000031/nothing/4"/>
    </i>
    <i name="10">
      <i name="pointer" value="5000031/nothing/0"/>
    </i>
    <i name="11">
      <i name="pointer" value="5000031/nothing/1"/>
    </i>
    <i name="12">
      <i name="pointer" value="5000031/nothing/2"/>
    </i>
    <i name="13">
      <i name="pointer" value="5000031/nothing/3"/>
    </i>
    <i name="14">
      <i name="pointer" value="5000031/nothing/4"/>
    </i>
  </i>
  <i name="bewildered">
    <i name="0">
      <i name="origin">
        <i name="x" value="29"/>
        <i name="y" value="72"/>
      </i>
      <i name="image" value="5000031.bewildered.0.png"/>
    </i>
    <i name="1">
      <i name="origin">
        <i name="x" value="29"/>
        <i name="y" value="73"/>
      </i>
      <i name="image" value="5000031.bewildered.1.png"/>
    </i>
    <i name="2">
      <i name="origin">
        <i name="x" value="30"/>
        <i name="y" value="74"/>
      </i>
      <i name="image" value="5000031.bewildered.2.png"/>
    </i>
    <i name="3">
      <i name="origin">
        <i name="x" value="31"/>
        <i name="y" value="74"/>
      </i>
      <i name="image" value="5000031.bewildered.3.png"/>
    </i>
    <i name="4">
      <i name="origin">
        <i name="x" value="30"/>
        <i name="y" value="73"/>
      </i>
      <i name="image" value="5000031.bewildered.4.png"/>
    </i>
    <i name="5">
      <i name="pointer" value="5000031/bewildered/0"/>
    </i>
    <i name="6">
      <i name="pointer" value="5000031/bewildered/1"/>
    </i>
    <i name="7">
      <i name="pointer" value="5000031/bewildered/2"/>
    </i>
    <i name="8">
      <i name="pointer" value="5000031/bewildered/3"/>
    </i>
    <i name="9">
      <i name="pointer" value="5000031/bewildered/4"/>
    </i>
    <i name="10">
      <i name="pointer" value="5000031/bewildered/0"/>
    </i>
    <i name="11">
      <i name="pointer" value="5000031/bewildered/1"/>
    </i>
    <i name="12">
      <i name="pointer" value="5000031/bewildered/2"/>
    </i>
    <i name="13">
      <i name="pointer" value="5000031/bewildered/3"/>
    </i>
    <i name="14">
      <i name="pointer" value="5000031/bewildered/4"/>
    </i>
  </i>
  <i name="cry">
    <i name="0">
      <i name="origin">
        <i name="x" value="29"/>
        <i name="y" value="71"/>
      </i>
      <i name="image" value="5000031.cry.0.png"/>
    </i>
    <i name="1">
      <i name="origin">
        <i name="x" value="29"/>
        <i name="y" value="72"/>
      </i>
      <i name="image" value="5000031.cry.1.png"/>
    </i>
    <i name="2">
      <i name="origin">
        <i name="x" value="30"/>
        <i name="y" value="73"/>
      </i>
      <i name="image" value="5000031.cry.2.png"/>
    </i>
    <i name="3">
      <i name="origin">
        <i name="x" value="31"/>
        <i name="y" value="73"/>
      </i>
      <i name="image" value="5000031.cry.3.png"/>
    </i>
    <i name="4">
      <i name="origin">
        <i name="x" value="30"/>
        <i name="y" value="72"/>
      </i>
      <i name="image" value="5000031.cry.4.png"/>
    </i>
    <i name="5">
      <i name="pointer" value="5000031/cry/0"/>
    </i>
    <i name="6">
      <i name="pointer" value="5000031/cry/1"/>
    </i>
    <i name="7">
      <i name="pointer" value="5000031/cry/2"/>
    </i>
    <i name="8">
      <i name="pointer" value="5000031/cry/3"/>
    </i>
    <i name="9">
      <i name="pointer" value="5000031/cry/4"/>
    </i>
    <i name="10">
      <i name="pointer" value="5000031/cry/0"/>
    </i>
    <i name="11">
      <i name="pointer" value="5000031/cry/1"/>
    </i>
    <i name="12">
      <i name="pointer" value="5000031/cry/2"/>
    </i>
    <i name="13">
      <i name="pointer" value="5000031/cry/3"/>
    </i>
    <i name="14">
      <i name="pointer" value="5000031/cry/4"/>
    </i>
  </i>
  <i name="eat">
    <i name="0">
      <i name="origin">
        <i name="x" value="29"/>
        <i name="y" value="72"/>
      </i>
      <i name="image" value="5000031.eat.0.png"/>
    </i>
    <i name="1">
      <i name="origin">
        <i name="x" value="29"/>
        <i name="y" value="73"/>
      </i>
      <i name="image" value="5000031.eat.1.png"/>
    </i>
    <i name="2">
      <i name="origin">
        <i name="x" value="30"/>
        <i name="y" value="74"/>
      </i>
      <i name="image" value="5000031.eat.2.png"/>
    </i>
    <i name="3">
      <i name="origin">
        <i name="x" value="31"/>
        <i name="y" value="74"/>
      </i>
      <i name="image" value="5000031.eat.3.png"/>
    </i>
    <i name="4">
      <i name="origin">
        <i name="x" value="30"/>
        <i name="y" value="73"/>
      </i>
      <i name="image" value="5000031.eat.4.png"/>
    </i>
    <i name="5">
      <i name="pointer" value="5000031/eat/0"/>
    </i>
    <i name="6">
      <i name="pointer" value="5000031/eat/1"/>
    </i>
    <i name="7">
      <i name="pointer" value="5000031/eat/2"/>
    </i>
    <i name="8">
      <i name="pointer" value="5000031/eat/3"/>
    </i>
    <i name="9">
      <i name="pointer" value="5000031/eat/4"/>
    </i>
    <i name="10">
      <i name="pointer" value="5000031/eat/0"/>
    </i>
    <i name="11">
      <i name="pointer" value="5000031/eat/1"/>
    </i>
    <i name="12">
      <i name="pointer" value="5000031/eat/2"/>
    </i>
    <i name="13">
      <i name="pointer" value="5000031/eat/3"/>
    </i>
    <i name="14">
      <i name="pointer" value="5000031/eat/4"/>
    </i>
  </i>
  <i name="love">
    <i name="0">
      <i name="origin">
        <i name="x" value="29"/>
        <i name="y" value="72"/>
      </i>
      <i name="image" value="5000031.love.0.png"/>
    </i>
    <i name="1">
      <i name="origin">
        <i name="x" value="35"/>
        <i name="y" value="73"/>
      </i>
      <i name="image" value="5000031.love.1.png"/>
    </i>
    <i name="2">
      <i name="origin">
        <i name="x" value="38"/>
        <i name="y" value="74"/>
      </i>
      <i name="image" value="5000031.love.2.png"/>
    </i>
    <i name="3">
      <i name="origin">
        <i name="x" value="42"/>
        <i name="y" value="75"/>
      </i>
      <i name="image" value="5000031.love.3.png"/>
    </i>
    <i name="4">
      <i name="origin">
        <i name="x" value="42"/>
        <i name="y" value="73"/>
      </i>
      <i name="image" value="5000031.love.4.png"/>
    </i>
    <i name="5">
      <i name="pointer" value="5000031/love/0"/>
    </i>
    <i name="6">
      <i name="pointer" value="5000031/love/1"/>
    </i>
    <i name="7">
      <i name="pointer" value="5000031/love/2"/>
    </i>
    <i name="8">
      <i name="pointer" value="5000031/love/3"/>
    </i>
    <i name="9">
      <i name="pointer" value="5000031/love/4"/>
    </i>
    <i name="10">
      <i name="pointer" value="5000031/love/0"/>
    </i>
    <i name="11">
      <i name="pointer" value="5000031/love/1"/>
    </i>
    <i name="12">
      <i name="pointer" value="5000031/love/2"/>
    </i>
    <i name="13">
      <i name="pointer" value="5000031/love/3"/>
    </i>
    <i name="14">
      <i name="pointer" value="5000031/love/4"/>
    </i>
  </i>
  <i name="sleep">
    <i name="0">
      <i name="origin">
        <i name="x" value="22"/>
        <i name="y" value="34"/>
      </i>
      <i name="image" value="5000031.sleep.0.png"/>
    </i>
    <i name="1">
      <i name="pointer" value="5000031/sleep/0"/>
    </i>
    <i name="2">
      <i name="origin">
        <i name="x" value="22"/>
        <i name="y" value="35"/>
      </i>
      <i name="image" value="5000031.sleep.2.png"/>
    </i>
    <i name="3">
      <i name="origin">
        <i name="x" value="22"/>
        <i name="y" value="36"/>
      </i>
      <i name="image" value="5000031.sleep.3.png"/>
    </i>
    <i name="4">
      <i name="pointer" value="5000031/sleep/3"/>
    </i>
    <i name="5">
      <i name="pointer" value="5000031/sleep/1"/>
    </i>
    <i name="6">
      <i name="pointer" value="5000031/sleep/2"/>
    </i>
    <i name="7">
      <i name="pointer" value="5000031/sleep/3"/>
    </i>
    <i name="8">
      <i name="pointer" value="5000031/sleep/4"/>
    </i>
    <i name="9">
      <i name="pointer" value="5000031/sleep/1"/>
    </i>
    <i name="10">
      <i name="pointer" value="5000031/sleep/2"/>
    </i>
    <i name="11">
      <i name="pointer" value="5000031/sleep/3"/>
    </i>
    <i name="12">
      <i name="pointer" value="5000031/sleep/4"/>
    </i>
    <i name="13">
      <i name="pointer" value="5000031/sleep/2"/>
    </i>
  </i>
  <i name="change">
    <i name="0">
      <i name="origin">
        <i name="x" value="28"/>
        <i name="y" value="69"/>
      </i>
      <i name="image" value="5000031.change.0.png"/>
    </i>
    <i name="1">
      <i name="origin">
        <i name="x" value="30"/>
        <i name="y" value="70"/>
      </i>
      <i name="image" value="5000031.change.1.png"/>
    </i>
    <i name="2">
      <i name="origin">
        <i name="x" value="32"/>
        <i name="y" value="73"/>
      </i>
      <i name="image" value="5000031.change.2.png"/>
    </i>
    <i name="3">
      <i name="origin">
        <i name="x" value="32"/>
        <i name="y" value="74"/>
      </i>
      <i name="image" value="5000031.change.3.png"/>
    </i>
    <i name="4">
      <i name="origin">
        <i name="x" value="51"/>
        <i name="y" value="63"/>
      </i>
      <i name="image" value="5000031.change.4.png"/>
    </i>
    <i name="5">
      <i name="origin">
        <i name="x" value="51"/>
        <i name="y" value="63"/>
      </i>
      <i name="image" value="5000031.change.5.png"/>
    </i>
    <i name="6">
      <i name="origin">
        <i name="x" value="51"/>
        <i name="y" value="63"/>
      </i>
      <i name="image" value="5000031.change.6.png"/>
    </i>
    <i name="7">
      <i name="origin">
        <i name="x" value="51"/>
        <i name="y" value="63"/>
      </i>
      <i name="image" value="5000031.change.7.png"/>
    </i>
    <i name="8">
      <i name="origin">
        <i name="x" value="51"/>
        <i name="y" value="63"/>
      </i>
      <i name="image" value="5000031.change.8.png"/>
    </i>
    <i name="9">
      <i name="origin">
        <i name="x" value="51"/>
        <i name="y" value="63"/>
      </i>
      <i name="image" value="5000031.change.9.png"/>
    </i>
    <i name="10">
      <i name="origin">
        <i name="x" value="51"/>
        <i name="y" value="63"/>
      </i>
      <i name="image" value="5000031.change.10.png"/>
    </i>
    <i name="11">
      <i name="origin">
        <i name="x" value="51"/>
        <i name="y" value="63"/>
      </i>
      <i name="image" value="5000031.change.11.png"/>
    </i>
    <i name="12">
      <i name="origin">
        <i name="x" value="51"/>
        <i name="y" value="63"/>
      </i>
      <i name="image" value="5000031.change.12.png"/>
    </i>
    <i name="13">
      <i name="origin">
        <i name="x" value="51"/>
        <i name="y" value="63"/>
      </i>
      <i name="image" value="5000031.change.13.png"/>
    </i>
    <i name="14">
      <i name="origin">
        <i name="x" value="51"/>
        <i name="y" value="63"/>
      </i>
      <i name="image" value="5000031.change.14.png"/>
    </i>
    <i name="15">
      <i name="origin">
        <i name="x" value="51"/>
        <i name="y" value="63"/>
      </i>
      <i name="image" value="5000031.change.15.png"/>
    </i>
    <i name="16">
      <i name="origin">
        <i name="x" value="51"/>
        <i name="y" value="63"/>
      </i>
      <i name="image" value="5000031.change.16.png"/>
    </i>
    <i name="17">
      <i name="origin">
        <i name="x" value="51"/>
        <i name="y" value="63"/>
      </i>
      <i name="image" value="5000031.change.17.png"/>
    </i>
    <i name="18">
      <i name="origin">
        <i name="x" value="51"/>
        <i name="y" value="63"/>
      </i>
      <i name="image" value="5000031.change.18.png"/>
    </i>
    <i name="19">
      <i name="origin">
        <i name="x" value="51"/>
        <i name="y" value="63"/>
      </i>
      <i name="image" value="5000031.change.19.png"/>
    </i>
    <i name="20">
      <i name="origin">
        <i name="x" value="51"/>
        <i name="y" value="63"/>
      </i>
      <i name="image" value="5000031.change.20.png"/>
    </i>
    <i name="21">
      <i name="origin">
        <i name="x" value="51"/>
        <i name="y" value="63"/>
      </i>
      <i name="image" value="5000031.change.21.png"/>
    </i>
    <i name="22">
      <i name="origin">
        <i name="x" value="51"/>
        <i name="y" value="63"/>
      </i>
      <i name="image" value="5000031.change.22.png"/>
    </i>
    <i name="23">
      <i name="origin">
        <i name="x" value="51"/>
        <i name="y" value="63"/>
      </i>
      <i name="image" value="5000031.change.23.png"/>
    </i>
    <i name="24">
      <i name="origin">
        <i name="x" value="29"/>
        <i name="y" value="71"/>
      </i>
      <i name="image" value="5000031.change.24.png"/>
    </i>
  </i>
  <i name="dung">
    <i name="0">
      <i name="origin">
        <i name="x" value="32"/>
        <i name="y" value="74"/>
      </i>
      <i name="image" value="5000031.dung.0.png"/>
    </i>
  </i>
  <i name="fly">
    <i name="0">
      <i name="pointer" value="5000031/stand0/1"/>
    </i>
    <i name="1">
      <i name="pointer" value="5000031/stand0/2"/>
    </i>
  </i>
  </i>