
  <i name="1101005">
  <i name="icon">
    <i name="origin">
      <i name="x" value="0"/>
      <i name="y" value="32"/>
    </i>
    <i name="z" value="0"/>
    <i name="image" value="1101005.icon.png"/>
  </i>
  <i name="iconMouseOver">
    <i name="origin">
      <i name="x" value="0"/>
      <i name="y" value="32"/>
    </i>
    <i name="z" value="0"/>
    <i name="image" value="1101005.iconMouseOver.png"/>
  </i>
  <i name="iconDisabled">
    <i name="origin">
      <i name="x" value="0"/>
      <i name="y" value="32"/>
    </i>
    <i name="z" value="0"/>
    <i name="image" value="1101005.iconDisabled.png"/>
  </i>
  <i name="skillType" value="2"/>
  <i name="action">
    <i name="0" value="alert2"/>
  </i>
  <i name="level">
    <i name="1">
      <i name="hs" value="h1"/>
      <i name="hpCon" value="29"/>
      <i name="mpCon" value="29"/>
      <i name="time" value="10"/>
      <i name="x" value="-2"/>
    </i>
    <i name="2">
      <i name="hs" value="h2"/>
      <i name="hpCon" value="28"/>
      <i name="mpCon" value="28"/>
      <i name="time" value="20"/>
      <i name="x" value="-2"/>
    </i>
    <i name="3">
      <i name="hs" value="h3"/>
      <i name="hpCon" value="27"/>
      <i name="mpCon" value="27"/>
      <i name="time" value="30"/>
      <i name="x" value="-2"/>
    </i>
    <i name="4">
      <i name="hs" value="h4"/>
      <i name="hpCon" value="26"/>
      <i name="mpCon" value="26"/>
      <i name="time" value="40"/>
      <i name="x" value="-2"/>
    </i>
    <i name="5">
      <i name="hs" value="h5"/>
      <i name="hpCon" value="25"/>
      <i name="mpCon" value="25"/>
      <i name="time" value="50"/>
      <i name="x" value="-2"/>
    </i>
    <i name="6">
      <i name="hs" value="h6"/>
      <i name="hpCon" value="24"/>
      <i name="mpCon" value="24"/>
      <i name="time" value="60"/>
      <i name="x" value="-2"/>
    </i>
    <i name="7">
      <i name="hs" value="h7"/>
      <i name="hpCon" value="23"/>
      <i name="mpCon" value="23"/>
      <i name="time" value="70"/>
      <i name="x" value="-2"/>
    </i>
    <i name="8">
      <i name="hs" value="h8"/>
      <i name="hpCon" value="22"/>
      <i name="mpCon" value="22"/>
      <i name="time" value="80"/>
      <i name="x" value="-2"/>
    </i>
    <i name="9">
      <i name="hs" value="h9"/>
      <i name="hpCon" value="21"/>
      <i name="mpCon" value="21"/>
      <i name="time" value="90"/>
      <i name="x" value="-2"/>
    </i>
    <i name="10">
      <i name="hs" value="h10"/>
      <i name="hpCon" value="20"/>
      <i name="mpCon" value="20"/>
      <i name="time" value="100"/>
      <i name="x" value="-2"/>
    </i>
    <i name="11">
      <i name="hs" value="h11"/>
      <i name="hpCon" value="19"/>
      <i name="mpCon" value="19"/>
      <i name="time" value="110"/>
      <i name="x" value="-2"/>
    </i>
    <i name="12">
      <i name="hs" value="h12"/>
      <i name="hpCon" value="18"/>
      <i name="mpCon" value="18"/>
      <i name="time" value="120"/>
      <i name="x" value="-2"/>
    </i>
    <i name="13">
      <i name="hs" value="h13"/>
      <i name="hpCon" value="17"/>
      <i name="mpCon" value="17"/>
      <i name="time" value="130"/>
      <i name="x" value="-2"/>
    </i>
    <i name="14">
      <i name="hs" value="h14"/>
      <i name="hpCon" value="16"/>
      <i name="mpCon" value="16"/>
      <i name="time" value="140"/>
      <i name="x" value="-2"/>
    </i>
    <i name="15">
      <i name="hs" value="h15"/>
      <i name="hpCon" value="15"/>
      <i name="mpCon" value="15"/>
      <i name="time" value="150"/>
      <i name="x" value="-2"/>
    </i>
    <i name="16">
      <i name="hs" value="h16"/>
      <i name="hpCon" value="14"/>
      <i name="mpCon" value="14"/>
      <i name="time" value="160"/>
      <i name="x" value="-2"/>
    </i>
    <i name="17">
      <i name="hs" value="h17"/>
      <i name="hpCon" value="13"/>
      <i name="mpCon" value="13"/>
      <i name="time" value="170"/>
      <i name="x" value="-2"/>
    </i>
    <i name="18">
      <i name="hs" value="h18"/>
      <i name="hpCon" value="12"/>
      <i name="mpCon" value="12"/>
      <i name="time" value="180"/>
      <i name="x" value="-2"/>
    </i>
    <i name="19">
      <i name="hs" value="h19"/>
      <i name="hpCon" value="11"/>
      <i name="mpCon" value="11"/>
      <i name="time" value="190"/>
      <i name="x" value="-2"/>
    </i>
    <i name="20">
      <i name="hs" value="h20"/>
      <i name="hpCon" value="10"/>
      <i name="mpCon" value="10"/>
      <i name="time" value="200"/>
      <i name="x" value="-2"/>
    </i>
  </i>
  <i name="req">
    <i name="1100001" value="5"/>
  </i>
  <i name="effect">
    <i name="0">
      <i name="origin">
        <i name="x" value="25"/>
        <i name="y" value="12"/>
      </i>
      <i name="delay" value="90"/>
      <i name="image" value="1101005.effect.0.png"/>
    </i>
    <i name="1">
      <i name="origin">
        <i name="x" value="20"/>
        <i name="y" value="15"/>
      </i>
      <i name="delay" value="90"/>
      <i name="image" value="1101005.effect.1.png"/>
    </i>
    <i name="2">
      <i name="origin">
        <i name="x" value="20"/>
        <i name="y" value="33"/>
      </i>
      <i name="delay" value="90"/>
      <i name="image" value="1101005.effect.2.png"/>
    </i>
    <i name="3">
      <i name="origin">
        <i name="x" value="20"/>
        <i name="y" value="34"/>
      </i>
      <i name="delay" value="90"/>
      <i name="image" value="1101005.effect.3.png"/>
    </i>
    <i name="4">
      <i name="origin">
        <i name="x" value="25"/>
        <i name="y" value="34"/>
      </i>
      <i name="delay" value="90"/>
      <i name="image" value="1101005.effect.4.png"/>
    </i>
    <i name="5">
      <i name="origin">
        <i name="x" value="25"/>
        <i name="y" value="33"/>
      </i>
      <i name="delay" value="90"/>
      <i name="image" value="1101005.effect.5.png"/>
    </i>
    <i name="6">
      <i name="origin">
        <i name="x" value="25"/>
        <i name="y" value="33"/>
      </i>
      <i name="delay" value="90"/>
      <i name="image" value="1101005.effect.6.png"/>
    </i>
    <i name="7">
      <i name="origin">
        <i name="x" value="15"/>
        <i name="y" value="32"/>
      </i>
      <i name="delay" value="90"/>
      <i name="image" value="1101005.effect.7.png"/>
    </i>
    <i name="8">
      <i name="origin">
        <i name="x" value="12"/>
        <i name="y" value="32"/>
      </i>
      <i name="delay" value="90"/>
      <i name="image" value="1101005.effect.8.png"/>
    </i>
  </i>
  </i>