<i name="5000006">
<i name="stand0">
<i name="0">
<i name="origin">
<i name="x" value="18"/>
<i name="y" value="30"/>
</i>
<i name="image" value="5000006.stand0.0.png"/>
</i>
<i name="1">
<i name="pointer" value="5000006/stand0/0"/>
</i>
<i name="2">
<i name="pointer" value="5000006/stand0/0"/>
</i>
</i>
<i name="stand1">
<i name="0">
<i name="origin">
<i name="x" value="18"/>
<i name="y" value="30"/>
</i>
<i name="image" value="5000006.stand1.0.png"/>
</i>
<i name="1">
<i name="origin">
<i name="x" value="18"/>
<i name="y" value="29"/>
</i>
<i name="image" value="5000006.stand1.1.png"/>
</i>
<i name="2">
<i name="origin">
<i name="x" value="18"/>
<i name="y" value="28"/>
</i>
<i name="image" value="5000006.stand1.2.png"/>
</i>
</i>
<i name="hungry">
<i name="0">
<i name="origin">
<i name="x" value="17"/>
<i name="y" value="29"/>
</i>
<i name="z" value="1"/>
<i name="image" value="5000006.hungry.0.png"/>
</i>
</i>
<i name="move">
<i name="0">
<i name="origin">
<i name="x" value="18"/>
<i name="y" value="33"/>
</i>
<i name="image" value="5000006.move.0.png"/>
</i>
<i name="1">
<i name="origin">
<i name="x" value="18"/>
<i name="y" value="32"/>
</i>
<i name="image" value="5000006.move.1.png"/>
</i>
<i name="2">
<i name="origin">
<i name="x" value="18"/>
<i name="y" value="31"/>
</i>
<i name="image" value="5000006.move.2.png"/>
</i>
</i>
<i name="jump">
<i name="0">
<i name="origin">
<i name="x" value="18"/>
<i name="y" value="32"/>
</i>
<i name="image" value="5000006.jump.0.png"/>
</i>
</i>
<i name="rest0">
<i name="0">
<i name="origin">
<i name="x" value="17"/>
<i name="y" value="30"/>
</i>
<i name="image" value="5000006.rest0.0.png"/>
</i>
<i name="1">
<i name="pointer" value="5000006/rest0/0"/>
</i>
<i name="2">
<i name="pointer" value="5000006/rest0/0"/>
</i>
</i>
<i name="chat">
<i name="0">
<i name="origin">
<i name="x" value="18"/>
<i name="y" value="30"/>
</i>
<i name="image" value="5000006.chat.0.png"/>
</i>
<i name="1">
<i name="origin">
<i name="x" value="18"/>
<i name="y" value="30"/>
</i>
<i name="image" value="5000006.chat.1.png"/>
</i>
<i name="2">
<i name="pointer" value="5000006/chat/0"/>
</i>
<i name="3">
<i name="pointer" value="5000006/chat/1"/>
</i>
<i name="4">
<i name="pointer" value="5000006/chat/0"/>
</i>
<i name="5">
<i name="pointer" value="5000006/chat/1"/>
</i>
<i name="6">
<i name="pointer" value="5000006/chat/0"/>
</i>
<i name="7">
<i name="pointer" value="5000006/chat/1"/>
</i>
<i name="8">
<i name="pointer" value="5000006/chat/0"/>
</i>
<i name="9">
<i name="pointer" value="5000006/chat/1"/>
</i>
<i name="10">
<i name="pointer" value="5000006/chat/0"/>
</i>
<i name="11">
<i name="pointer" value="5000006/chat/1"/>
</i>
<i name="12">
<i name="pointer" value="5000006/chat/0"/>
</i>
<i name="13">
<i name="pointer" value="5000006/chat/1"/>
</i>
<i name="14">
<i name="pointer" value="5000006/chat/0"/>
</i>
<i name="15">
<i name="pointer" value="5000006/chat/1"/>
</i>
</i>
<i name="angry">
<i name="0">
<i name="origin">
<i name="x" value="16"/>
<i name="y" value="24"/>
</i>
<i name="image" value="5000006.angry.0.png"/>
</i>
</i>
<i name="hang">
<i name="0">
<i name="origin">
<i name="x" value="12"/>
<i name="y" value="54"/>
</i>
<i name="image" value="5000006.hang.0.png"/>
</i>
</i>
<i name="rise">
<i name="0">
<i name="origin">
<i name="x" value="7"/>
<i name="y" value="38"/>
</i>
<i name="image" value="5000006.rise.0.png"/>
</i>
<i name="1">
<i name="origin">
<i name="x" value="6"/>
<i name="y" value="38"/>
</i>
<i name="image" value="5000006.rise.1.png"/>
</i>
<i name="2">
<i name="pointer" value="5000006/rise/0"/>
</i>
<i name="3">
<i name="pointer" value="5000006/rise/1"/>
</i>
<i name="4">
<i name="pointer" value="5000006/rise/0"/>
</i>
</i>
<i name="prone">
<i name="0">
<i name="origin">
<i name="x" value="18"/>
<i name="y" value="28"/>
</i>
<i name="image" value="5000006.prone.0.png"/>
</i>
<i name="1">
<i name="origin">
<i name="x" value="18"/>
<i name="y" value="28"/>
</i>
<i name="image" value="5000006.prone.1.png"/>
</i>
<i name="2">
<i name="origin">
<i name="x" value="18"/>
<i name="y" value="28"/>
</i>
<i name="image" value="5000006.prone.2.png"/>
</i>
<i name="3">
<i name="pointer" value="5000006/prone/1"/>
</i>
<i name="4">
<i name="pointer" value="5000006/prone/0"/>
</i>
<i name="5">
<i name="pointer" value="5000006/prone/1"/>
</i>
<i name="6">
<i name="pointer" value="5000006/prone/2"/>
</i>
<i name="7">
<i name="pointer" value="5000006/prone/1"/>
</i>
</i>
<i name="cry">
<i name="0">
<i name="origin">
<i name="x" value="17"/>
<i name="y" value="30"/>
</i>
<i name="image" value="5000006.cry.0.png"/>
</i>
<i name="1">
<i name="origin">
<i name="x" value="17"/>
<i name="y" value="30"/>
</i>
<i name="image" value="5000006.cry.1.png"/>
</i>
<i name="2">
<i name="pointer" value="5000006/cry/0"/>
</i>
<i name="3">
<i name="pointer" value="5000006/cry/1"/>
</i>
<i name="4">
<i name="pointer" value="5000006/cry/0"/>
</i>
<i name="5">
<i name="pointer" value="5000006/cry/1"/>
</i>
<i name="6">
<i name="pointer" value="5000006/cry/0"/>
</i>
<i name="7">
<i name="pointer" value="5000006/cry/1"/>
</i>
<i name="8">
<i name="pointer" value="5000006/cry/0"/>
</i>
<i name="9">
<i name="pointer" value="5000006/cry/1"/>
</i>
<i name="10">
<i name="pointer" value="5000006/cry/0"/>
</i>
<i name="11">
<i name="pointer" value="5000006/cry/1"/>
</i>
<i name="12">
<i name="pointer" value="5000006/cry/0"/>
</i>
<i name="13">
<i name="pointer" value="5000006/cry/1"/>
</i>
</i>
<i name="nap">
<i name="0">
<i name="origin">
<i name="x" value="22"/>
<i name="y" value="19"/>
</i>
<i name="image" value="5000006.nap.0.png"/>
</i>
<i name="1">
<i name="pointer" value="5000006/nap/0"/>
</i>
<i name="2">
<i name="pointer" value="5000006/nap/0"/>
</i>
<i name="3">
<i name="pointer" value="5000006/nap/0"/>
</i>
</i>
<i name="dung">
<i name="0">
<i name="origin">
<i name="x" value="17"/>
<i name="y" value="32"/>
</i>
<i name="image" value="5000006.dung.0.png"/>
</i>
</i>
<i name="tedious">
<i name="0">
<i name="origin">
<i name="x" value="17"/>
<i name="y" value="29"/>
</i>
<i name="image" value="5000006.tedious.0.png"/>
</i>
<i name="1">
<i name="origin">
<i name="x" value="19"/>
<i name="y" value="30"/>
</i>
<i name="image" value="5000006.tedious.1.png"/>
</i>
<i name="2">
<i name="origin">
<i name="x" value="19"/>
<i name="y" value="30"/>
</i>
<i name="image" value="5000006.tedious.2.png"/>
</i>
<i name="3">
<i name="pointer" value="5000006/tedious/1"/>
</i>
<i name="4">
<i name="pointer" value="5000006/tedious/2"/>
</i>
<i name="5">
<i name="pointer" value="5000006/tedious/1"/>
</i>
<i name="6">
<i name="pointer" value="5000006/tedious/2"/>
</i>
<i name="7">
<i name="pointer" value="5000006/tedious/0"/>
</i>
</i>
<i name="hand">
<i name="0">
<i name="origin">
<i name="x" value="17"/>
<i name="y" value="32"/>
</i>
<i name="image" value="5000006.hand.0.png"/>
</i>
</i>
<i name="fly">
<i name="0">
<i name="origin">
<i name="x" value="18"/>
<i name="y" value="30"/>
</i>
<i name="image" value="5000006.fly.0.png"/>
</i>
<i name="1">
<i name="origin">
<i name="x" value="18"/>
<i name="y" value="31"/>
</i>
<i name="image" value="5000006.fly.1.png"/>
</i>
</i>
<i name="eat">
<i name="0">
<i name="origin">
<i name="x" value="18"/>
<i name="y" value="30"/>
</i>
<i name="image" value="5000006.eat.0.png"/>
</i>
</i>
</i>