  <i name="05010015">
  <i name="info">
    <i name="icon">
      <i name="origin">
        <i name="x" value="0"/>
        <i name="y" value="32"/>
      </i>
      <i name="image" value="05010015.info.icon.png"/>
    </i>
    <i name="iconRaw">
      <i name="origin">
        <i name="x" value="0"/>
        <i name="y" value="32"/>
      </i>
      <i name="image" value="05010015.info.iconRaw.png"/>
    </i>
  </i>
  <i name="effect">
    <i name="pos" value="1"/>
    <i name="z" value="-1"/>
    <i name="0">
      <i name="origin">
        <i name="x" value="57"/>
        <i name="y" value="107"/>
      </i>
      <i name="delay" value="130"/>
      <i name="image" value="05010015.effect.0.png"/>
    </i>
    <i name="1">
      <i name="origin">
        <i name="x" value="63"/>
        <i name="y" value="117"/>
      </i>
      <i name="delay" value="130"/>
      <i name="image" value="05010015.effect.1.png"/>
    </i>
    <i name="2">
      <i name="origin">
        <i name="x" value="57"/>
        <i name="y" value="109"/>
      </i>
      <i name="delay" value="130"/>
      <i name="image" value="05010015.effect.2.png"/>
    </i>
    <i name="3">
      <i name="origin">
        <i name="x" value="65"/>
        <i name="y" value="113"/>
      </i>
      <i name="delay" value="130"/>
      <i name="image" value="05010015.effect.3.png"/>
    </i>
    <i name="4">
      <i name="origin">
        <i name="x" value="55"/>
        <i name="y" value="105"/>
      </i>
      <i name="delay" value="130"/>
      <i name="image" value="05010015.effect.4.png"/>
    </i>
    <i name="5">
      <i name="origin">
        <i name="x" value="62"/>
        <i name="y" value="115"/>
      </i>
      <i name="delay" value="130"/>
      <i name="image" value="05010015.effect.5.png"/>
    </i>
    <i name="6">
      <i name="origin">
        <i name="x" value="57"/>
        <i name="y" value="108"/>
      </i>
      <i name="delay" value="130"/>
      <i name="image" value="05010015.effect.6.png"/>
    </i>
    <i name="7">
      <i name="origin">
        <i name="x" value="66"/>
        <i name="y" value="115"/>
      </i>
      <i name="delay" value="130"/>
      <i name="image" value="05010015.effect.7.png"/>
    </i>
  </i>
  </i>
