<i>
<s name="walk2"><f name="0" ><p name="41"  origin_x="25" origin_y="7" hand_x="-4" hand_y="35" z="weaponOverArm" image="41.walk2.0.weapon.png"/></f><f name="1" ><p name="41"  origin_x="25" origin_y="7" hand_x="-5" hand_y="39" z="weaponOverArm" image="41.walk2.1.weapon.png"/></f><f name="2" ><p name="pointer"  pointer="41/walk2/0/weapon"/></f><f name="3" ><p name="41"  origin_x="25" origin_y="7" hand_x="-4" hand_y="40" z="weaponOverArm" image="41.walk2.3.weapon.png"/></f></s>
<s name="stand2"><f name="0" ><p name="41"  origin_x="25" origin_y="7" hand_x="-3" hand_y="40" z="weaponOverArm" image="41.stand2.0.weapon.png"/></f><f name="1" ><p name="pointer"  pointer="41/stand2/0/weapon"/></f><f name="2" ><p name="pointer"  pointer="41/stand2/0/weapon"/></f></s>
<s name="alert"><f name="0" ><p name="41"  origin_x="23" origin_y="10" hand_x="41" hand_y="47" z="weaponOverArm" image="41.alert.0.weapon.png"/></f><f name="1" ><p name="41"  origin_x="23" origin_y="10" hand_x="38" hand_y="44" z="weaponOverArm" image="41.alert.1.weapon.png"/></f><f name="2" ><p name="41"  origin_x="23" origin_y="10" hand_x="40" hand_y="42" z="weaponOverArm" image="41.alert.2.weapon.png"/></f></s>
<s name="swingT1"><f name="0" ><p name="41"  origin_x="11" origin_y="5" navel_x="-7" navel_y="60" z="weaponBelowArm" image="41.swingT1.0.weapon.png"/></f><f name="1" ><p name="41"  origin_x="11" origin_y="5" navel_x="14" navel_y="73" z="weaponBelowArm" image="41.swingT1.1.weapon.png"/></f><f name="2" ><p name="41"  origin_x="11" origin_y="5" navel_x="70" navel_y="34" z="weaponBelowBody" image="41.swingT1.2.weapon.png"/></f></s>
<s name="swingT2"><f name="0" ><p name="41"  origin_x="11" origin_y="5" navel_x="-6" navel_y="73" z="weaponBelowBody" image="41.swingT2.0.weapon.png"/></f><f name="1" ><p name="41"  origin_x="11" origin_y="5" navel_x="50" navel_y="70" z="weaponOverBody" image="41.swingT2.1.weapon.png"/></f><f name="2" ><p name="41"  origin_x="11" origin_y="5" navel_x="50" navel_y="37" z="weaponOverBody" image="41.swingT2.2.weapon.png"/></f></s>
<s name="swingT3"><f name="0" ><p name="41"  origin_x="11" origin_y="5" navel_x="-5" navel_y="24" z="weaponOverBody" image="41.swingT3.0.weapon.png"/></f><f name="1" ><p name="41"  origin_x="11" origin_y="5" navel_x="-4" navel_y="2" z="weaponOverBody" image="41.swingT3.1.weapon.png"/></f><f name="2" ><p name="41"  origin_x="11" origin_y="5" navel_x="51" navel_y="72" z="weaponBelowBody" image="41.swingT3.2.weapon.png"/></f></s>
<s name="swingTF"><f name="0" ><p name="41"  origin_x="11" origin_y="5" navel_x="24" navel_y="79" z="backWeapon" image="41.swingTF.0.weapon.png"/></f><f name="1" ><p name="41"  origin_x="11" origin_y="5" navel_x="-8" navel_y="63" z="weaponBelowBody" image="41.swingTF.1.weapon.png"/></f><f name="2" ><p name="41"  origin_x="11" origin_y="5" navel_x="12" navel_y="58" z="weaponBelowArm" image="41.swingTF.2.weapon.png"/></f><f name="3" ><p name="41"  origin_x="11" origin_y="5" navel_x="68" navel_y="27" z="weaponBelowBody" image="41.swingTF.3.weapon.png"/></f></s>
<s name="stabO1"><f name="0" ><p name="41"  origin_x="12" origin_y="5" navel_x="36" navel_y="21" z="weapon" image="41.stabO1.0.weapon.png"/></f><f name="1" ><p name="41"  origin_x="12" origin_y="5" navel_x="77" navel_y="41" z="weapon" image="41.stabO1.1.weapon.png"/></f></s>
<s name="stabO2"><f name="0" ><p name="41"  origin_x="12" origin_y="5" navel_x="37" navel_y="33" z="weaponBelowArm" image="41.stabO2.0.weapon.png"/></f><f name="1" ><p name="41"  origin_x="12" origin_y="5" navel_x="74" navel_y="40" z="weapon" image="41.stabO2.1.weapon.png"/></f></s>
<s name="stabOF"><f name="0" ><p name="41"  origin_x="12" origin_y="5" navel_x="54" navel_y="23" z="weaponBelowArm" image="41.stabOF.0.weapon.png"/></f><f name="1" ><p name="41"  origin_x="12" origin_y="5" navel_x="39" navel_y="20" z="weaponBelowArm" image="41.stabOF.1.weapon.png"/></f><f name="2" ><p name="41"  origin_x="12" origin_y="5" navel_x="79" navel_y="39" z="weapon" image="41.stabOF.2.weapon.png"/></f></s>
<s name="proneStab"><f name="0" ><p name="41"  origin_x="5" origin_y="3" navel_x="66" navel_y="20" z="weaponBelowArm" image="41.proneStab.0.weapon.png"/></f><f name="1" ><p name="41"  origin_x="5" origin_y="3" navel_x="88" navel_y="27" z="weaponBelowArm" image="41.proneStab.1.weapon.png"/></f></s>
<s name="prone"><f name="0" ><p name="pointer"  pointer="41/proneStab/0/weapon"/></f></s>
<s name="fly"><f name="0" ><p name="41"  origin_x="13" origin_y="5" navel_x="6" navel_y="47" z="weaponOverArm" image="41.fly.0.weapon.png"/></f><f name="1" ><p name="pointer"  pointer="41/fly/0/weapon"/></f></s>
<s name="jump"><f name="0" ><p name="41"  origin_x="13" origin_y="5" navel_x="5" navel_y="46" z="weaponOverArm" image="41.jump.0.weapon.png"/></f></s>
<s name="ladder"><f name="0" ><p name="41"  origin_x="13" origin_y="5" navel_x="23" navel_y="13" z="backWeaponOverGlove" image="41.ladder.0.weapon.png"/></f><f name="1" ><p name="41"  origin_x="13" origin_y="5" navel_x="22" navel_y="13" z="backWeaponOverGlove" image="41.ladder.1.weapon.png"/></f></s>
<s name="rope"><f name="0" ><p name="41"  origin_x="13" origin_y="5" navel_x="24" navel_y="14" z="backWeaponOverGlove" image="41.rope.0.weapon.png"/></f><f name="1" ><p name="41"  origin_x="13" origin_y="5" navel_x="23" navel_y="15" z="backWeaponOverGlove" image="41.rope.1.weapon.png"/></f></s>
</i>
