  <i name="2121001">
  <i name="keydown">
    <i name="0">
      <i name="origin">
        <i name="x" value="88"/>
        <i name="y" value="153"/>
      </i>
      <i name="delay" value="60"/>
      <i name="image" value="2121001.keydown.0.png"/>
    </i>
    <i name="1">
      <i name="origin">
        <i name="x" value="85"/>
        <i name="y" value="155"/>
      </i>
      <i name="delay" value="60"/>
      <i name="image" value="2121001.keydown.1.png"/>
    </i>
    <i name="2">
      <i name="origin">
        <i name="x" value="81"/>
        <i name="y" value="156"/>
      </i>
      <i name="delay" value="60"/>
      <i name="image" value="2121001.keydown.2.png"/>
    </i>
    <i name="3">
      <i name="origin">
        <i name="x" value="79"/>
        <i name="y" value="157"/>
      </i>
      <i name="delay" value="60"/>
      <i name="image" value="2121001.keydown.3.png"/>
    </i>
    <i name="4">
      <i name="origin">
        <i name="x" value="75"/>
        <i name="y" value="157"/>
      </i>
      <i name="delay" value="60"/>
      <i name="image" value="2121001.keydown.4.png"/>
    </i>
    <i name="5">
      <i name="origin">
        <i name="x" value="71"/>
        <i name="y" value="157"/>
      </i>
      <i name="delay" value="60"/>
      <i name="image" value="2121001.keydown.5.png"/>
    </i>
    <i name="6">
      <i name="origin">
        <i name="x" value="91"/>
        <i name="y" value="156"/>
      </i>
      <i name="delay" value="60"/>
      <i name="image" value="2121001.keydown.6.png"/>
    </i>
    <i name="7">
      <i name="origin">
        <i name="x" value="92"/>
        <i name="y" value="155"/>
      </i>
      <i name="delay" value="60"/>
      <i name="image" value="2121001.keydown.7.png"/>
    </i>
    <i name="8">
      <i name="origin">
        <i name="x" value="90"/>
        <i name="y" value="155"/>
      </i>
      <i name="delay" value="60"/>
      <i name="image" value="2121001.keydown.8.png"/>
    </i>
    <i name="9">
      <i name="origin">
        <i name="x" value="88"/>
        <i name="y" value="153"/>
      </i>
      <i name="delay" value="60"/>
      <i name="image" value="2121001.keydown.9.png"/>
    </i>
    <i name="10">
      <i name="origin">
        <i name="x" value="85"/>
        <i name="y" value="155"/>
      </i>
      <i name="delay" value="60"/>
      <i name="image" value="2121001.keydown.10.png"/>
    </i>
    <i name="11">
      <i name="origin">
        <i name="x" value="81"/>
        <i name="y" value="156"/>
      </i>
      <i name="delay" value="60"/>
      <i name="image" value="2121001.keydown.11.png"/>
    </i>
    <i name="12">
      <i name="origin">
        <i name="x" value="79"/>
        <i name="y" value="157"/>
      </i>
      <i name="delay" value="60"/>
      <i name="image" value="2121001.keydown.12.png"/>
    </i>
    <i name="13">
      <i name="origin">
        <i name="x" value="75"/>
        <i name="y" value="157"/>
      </i>
      <i name="delay" value="60"/>
      <i name="image" value="2121001.keydown.13.png"/>
    </i>
    <i name="14">
      <i name="origin">
        <i name="x" value="71"/>
        <i name="y" value="157"/>
      </i>
      <i name="delay" value="60"/>
      <i name="image" value="2121001.keydown.14.png"/>
    </i>
    <i name="15">
      <i name="origin">
        <i name="x" value="91"/>
        <i name="y" value="156"/>
      </i>
      <i name="delay" value="60"/>
      <i name="image" value="2121001.keydown.15.png"/>
    </i>
    <i name="16">
      <i name="origin">
        <i name="x" value="92"/>
        <i name="y" value="155"/>
      </i>
      <i name="delay" value="60"/>
      <i name="image" value="2121001.keydown.16.png"/>
    </i>
    <i name="17">
      <i name="origin">
        <i name="x" value="90"/>
        <i name="y" value="155"/>
      </i>
      <i name="delay" value="60"/>
      <i name="image" value="2121001.keydown.17.png"/>
    </i>
  </i>
  <i name="effect">
    <i name="0">
      <i name="origin">
        <i name="x" value="105"/>
        <i name="y" value="127"/>
      </i>
      <i name="delay" value="60"/>
      <i name="image" value="2121001.effect.0.png"/>
    </i>
    <i name="1">
      <i name="origin">
        <i name="x" value="105"/>
        <i name="y" value="129"/>
      </i>
      <i name="delay" value="60"/>
      <i name="image" value="2121001.effect.1.png"/>
    </i>
    <i name="2">
      <i name="origin">
        <i name="x" value="103"/>
        <i name="y" value="125"/>
      </i>
      <i name="delay" value="60"/>
      <i name="image" value="2121001.effect.2.png"/>
    </i>
    <i name="3">
      <i name="origin">
        <i name="x" value="111"/>
        <i name="y" value="128"/>
      </i>
      <i name="delay" value="60"/>
      <i name="image" value="2121001.effect.3.png"/>
    </i>
    <i name="4">
      <i name="origin">
        <i name="x" value="115"/>
        <i name="y" value="133"/>
      </i>
      <i name="delay" value="60"/>
      <i name="image" value="2121001.effect.4.png"/>
    </i>
    <i name="5">
      <i name="origin">
        <i name="x" value="116"/>
        <i name="y" value="135"/>
      </i>
      <i name="delay" value="60"/>
      <i name="image" value="2121001.effect.5.png"/>
    </i>
    <i name="6">
      <i name="origin">
        <i name="x" value="122"/>
        <i name="y" value="138"/>
      </i>
      <i name="delay" value="60"/>
      <i name="image" value="2121001.effect.6.png"/>
    </i>
    <i name="7">
      <i name="origin">
        <i name="x" value="119"/>
        <i name="y" value="130"/>
      </i>
      <i name="delay" value="60"/>
      <i name="image" value="2121001.effect.7.png"/>
    </i>
    <i name="8">
      <i name="origin">
        <i name="x" value="109"/>
        <i name="y" value="131"/>
      </i>
      <i name="delay" value="60"/>
      <i name="image" value="2121001.effect.8.png"/>
    </i>
    <i name="9">
      <i name="origin">
        <i name="x" value="109"/>
        <i name="y" value="131"/>
      </i>
      <i name="delay" value="60"/>
      <i name="image" value="2121001.effect.9.png"/>
    </i>
  </i>
  <i name="special">
    <i name="0">
      <i name="0">
        <i name="origin">
          <i name="x" value="99"/>
          <i name="y" value="100"/>
        </i>
        <i name="delay" value="150"/>
        <i name="image" value="2121001.special.0.0.png"/>
      </i>
      <i name="1">
        <i name="origin">
          <i name="x" value="116"/>
          <i name="y" value="113"/>
        </i>
        <i name="delay" value="150"/>
        <i name="image" value="2121001.special.0.1.png"/>
      </i>
      <i name="2">
        <i name="origin">
          <i name="x" value="115"/>
          <i name="y" value="109"/>
        </i>
        <i name="delay" value="150"/>
        <i name="image" value="2121001.special.0.2.png"/>
      </i>
      <i name="3">
        <i name="origin">
          <i name="x" value="120"/>
          <i name="y" value="113"/>
        </i>
        <i name="delay" value="150"/>
        <i name="image" value="2121001.special.0.3.png"/>
      </i>
      <i name="4">
        <i name="origin">
          <i name="x" value="124"/>
          <i name="y" value="119"/>
        </i>
        <i name="delay" value="150"/>
        <i name="image" value="2121001.special.0.4.png"/>
      </i>
    </i>
    <i name="1">
      <i name="0">
        <i name="origin">
          <i name="x" value="74"/>
          <i name="y" value="75"/>
        </i>
        <i name="delay" value="150"/>
        <i name="image" value="2121001.special.1.0.png"/>
      </i>
      <i name="1">
        <i name="origin">
          <i name="x" value="84"/>
          <i name="y" value="84"/>
        </i>
        <i name="delay" value="150"/>
        <i name="image" value="2121001.special.1.1.png"/>
      </i>
      <i name="2">
        <i name="origin">
          <i name="x" value="85"/>
          <i name="y" value="81"/>
        </i>
        <i name="delay" value="150"/>
        <i name="image" value="2121001.special.1.2.png"/>
      </i>
      <i name="3">
        <i name="origin">
          <i name="x" value="88"/>
          <i name="y" value="86"/>
        </i>
        <i name="delay" value="150"/>
        <i name="image" value="2121001.special.1.3.png"/>
      </i>
      <i name="4">
        <i name="origin">
          <i name="x" value="92"/>
          <i name="y" value="89"/>
        </i>
        <i name="delay" value="150"/>
        <i name="image" value="2121001.special.1.4.png"/>
      </i>
    </i>
    <i name="2">
      <i name="0">
        <i name="origin">
          <i name="x" value="43"/>
          <i name="y" value="43"/>
        </i>
        <i name="delay" value="150"/>
        <i name="image" value="2121001.special.2.0.png"/>
      </i>
      <i name="1">
        <i name="origin">
          <i name="x" value="58"/>
          <i name="y" value="59"/>
        </i>
        <i name="delay" value="150"/>
        <i name="image" value="2121001.special.2.1.png"/>
      </i>
      <i name="2">
        <i name="origin">
          <i name="x" value="60"/>
          <i name="y" value="60"/>
        </i>
        <i name="delay" value="150"/>
        <i name="image" value="2121001.special.2.2.png"/>
      </i>
      <i name="3">
        <i name="origin">
          <i name="x" value="56"/>
          <i name="y" value="54"/>
        </i>
        <i name="delay" value="150"/>
        <i name="image" value="2121001.special.2.3.png"/>
      </i>
      <i name="4">
        <i name="origin">
          <i name="x" value="46"/>
          <i name="y" value="49"/>
        </i>
        <i name="delay" value="150"/>
        <i name="image" value="2121001.special.2.4.png"/>
      </i>
    </i>
  </i>
  </i>
