  <i name="05010032">
  <i name="info">
    <i name="icon">
      <i name="origin">
        <i name="x" value="0"/>
        <i name="y" value="32"/>
      </i>
      <i name="image" value="05010032.info.icon.png"/>
    </i>
    <i name="iconRaw">
      <i name="origin">
        <i name="x" value="0"/>
        <i name="y" value="32"/>
      </i>
      <i name="image" value="05010032.info.iconRaw.png"/>
    </i>
    <i name="cash" value="1"/>
  </i>
  <i name="effect">
    <i name="default">
      <i name="0">
        <i name="origin">
          <i name="x" value="44"/>
          <i name="y" value="62"/>
        </i>
        <i name="delay" value="120"/>
        <i name="image" value="05010032.effect.default.0.png"/>
      </i>
      <i name="1">
        <i name="origin">
          <i name="x" value="44"/>
          <i name="y" value="62"/>
        </i>
        <i name="delay" value="120"/>
        <i name="image" value="05010032.effect.default.1.png"/>
      </i>
      <i name="2">
        <i name="origin">
          <i name="x" value="44"/>
          <i name="y" value="62"/>
        </i>
        <i name="delay" value="120"/>
        <i name="image" value="05010032.effect.default.2.png"/>
      </i>
      <i name="3">
        <i name="origin">
          <i name="x" value="44"/>
          <i name="y" value="62"/>
        </i>
        <i name="delay" value="120"/>
        <i name="image" value="05010032.effect.default.3.png"/>
      </i>
      <i name="4">
        <i name="origin">
          <i name="x" value="44"/>
          <i name="y" value="62"/>
        </i>
        <i name="delay" value="120"/>
        <i name="image" value="05010032.effect.default.4.png"/>
      </i>
      <i name="5">
        <i name="origin">
          <i name="x" value="44"/>
          <i name="y" value="62"/>
        </i>
        <i name="z" value="0"/>
        <i name="image" value="05010032.effect.default.5.png"/>
      </i>
      <i name="z" value="0"/>
      <i name="z" value="2"/>
      <i name="pos" value="1"/>
      <i name="fixed" value="1"/>
    </i>
  </i>
  </i>
