  <i name="1221002">
  <i name="effect">
    <i name="0">
      <i name="origin">
        <i name="x" value="48"/>
        <i name="y" value="79"/>
      </i>
      <i name="delay" value="60"/>
      <i name="image" value="1221002.effect.0.png"/>
    </i>
    <i name="1">
      <i name="origin">
        <i name="x" value="52"/>
        <i name="y" value="92"/>
      </i>
      <i name="delay" value="60"/>
      <i name="image" value="1221002.effect.1.png"/>
    </i>
    <i name="2">
      <i name="origin">
        <i name="x" value="55"/>
        <i name="y" value="104"/>
      </i>
      <i name="delay" value="60"/>
      <i name="image" value="1221002.effect.2.png"/>
    </i>
    <i name="3">
      <i name="origin">
        <i name="x" value="58"/>
        <i name="y" value="101"/>
      </i>
      <i name="delay" value="60"/>
      <i name="image" value="1221002.effect.3.png"/>
    </i>
    <i name="4">
      <i name="origin">
        <i name="x" value="68"/>
        <i name="y" value="141"/>
      </i>
      <i name="delay" value="60"/>
      <i name="image" value="1221002.effect.4.png"/>
    </i>
    <i name="5">
      <i name="origin">
        <i name="x" value="77"/>
        <i name="y" value="146"/>
      </i>
      <i name="delay" value="60"/>
      <i name="image" value="1221002.effect.5.png"/>
    </i>
    <i name="6">
      <i name="origin">
        <i name="x" value="81"/>
        <i name="y" value="142"/>
      </i>
      <i name="delay" value="60"/>
      <i name="image" value="1221002.effect.6.png"/>
    </i>
    <i name="7">
      <i name="origin">
        <i name="x" value="93"/>
        <i name="y" value="141"/>
      </i>
      <i name="delay" value="60"/>
      <i name="image" value="1221002.effect.7.png"/>
    </i>
    <i name="8">
      <i name="origin">
        <i name="x" value="97"/>
        <i name="y" value="139"/>
      </i>
      <i name="delay" value="60"/>
      <i name="image" value="1221002.effect.8.png"/>
    </i>
    <i name="9">
      <i name="origin">
        <i name="x" value="56"/>
        <i name="y" value="113"/>
      </i>
      <i name="delay" value="60"/>
      <i name="image" value="1221002.effect.9.png"/>
    </i>
    <i name="10">
      <i name="origin">
        <i name="x" value="56"/>
        <i name="y" value="113"/>
      </i>
      <i name="delay" value="60"/>
      <i name="image" value="1221002.effect.10.png"/>
    </i>
    <i name="11">
      <i name="origin">
        <i name="x" value="55"/>
        <i name="y" value="111"/>
      </i>
      <i name="delay" value="60"/>
      <i name="image" value="1221002.effect.11.png"/>
    </i>
    <i name="12">
      <i name="origin">
        <i name="x" value="55"/>
        <i name="y" value="110"/>
      </i>
      <i name="delay" value="60"/>
      <i name="image" value="1221002.effect.12.png"/>
    </i>
    <i name="13">
      <i name="origin">
        <i name="x" value="54"/>
        <i name="y" value="108"/>
      </i>
      <i name="delay" value="60"/>
      <i name="image" value="1221002.effect.13.png"/>
    </i>
    <i name="14">
      <i name="origin">
        <i name="x" value="54"/>
        <i name="y" value="105"/>
      </i>
      <i name="delay" value="60"/>
      <i name="image" value="1221002.effect.14.png"/>
    </i>
    <i name="15">
      <i name="origin">
        <i name="x" value="55"/>
        <i name="y" value="97"/>
      </i>
      <i name="delay" value="60"/>
      <i name="image" value="1221002.effect.15.png"/>
    </i>
    <i name="16">
      <i name="origin">
        <i name="x" value="54"/>
        <i name="y" value="92"/>
      </i>
      <i name="delay" value="60"/>
      <i name="image" value="1221002.effect.16.png"/>
    </i>
    <i name="17">
      <i name="origin">
        <i name="x" value="53"/>
        <i name="y" value="89"/>
      </i>
      <i name="delay" value="60"/>
      <i name="image" value="1221002.effect.17.png"/>
    </i>
    <i name="18">
      <i name="origin">
        <i name="x" value="54"/>
        <i name="y" value="84"/>
      </i>
      <i name="delay" value="60"/>
      <i name="image" value="1221002.effect.18.png"/>
    </i>
    <i name="19">
      <i name="origin">
        <i name="x" value="54"/>
        <i name="y" value="22"/>
      </i>
      <i name="delay" value="60"/>
      <i name="image" value="1221002.effect.19.png"/>
    </i>
  </i>
  <i name="special">
    <i name="0">
      <i name="origin">
        <i name="x" value="41"/>
        <i name="y" value="20"/>
      </i>
      <i name="delay" value="60"/>
      <i name="image" value="1221002.special.0.png"/>
    </i>
    <i name="1">
      <i name="origin">
        <i name="x" value="45"/>
        <i name="y" value="21"/>
      </i>
      <i name="delay" value="60"/>
      <i name="image" value="1221002.special.1.png"/>
    </i>
    <i name="2">
      <i name="origin">
        <i name="x" value="55"/>
        <i name="y" value="23"/>
      </i>
      <i name="delay" value="60"/>
      <i name="image" value="1221002.special.2.png"/>
    </i>
    <i name="3">
      <i name="origin">
        <i name="x" value="65"/>
        <i name="y" value="20"/>
      </i>
      <i name="delay" value="60"/>
      <i name="image" value="1221002.special.3.png"/>
    </i>
    <i name="4">
      <i name="origin">
        <i name="x" value="91"/>
        <i name="y" value="19"/>
      </i>
      <i name="delay" value="60"/>
      <i name="image" value="1221002.special.4.png"/>
    </i>
  </i>
  </i>
