  <i name="2221004">
  <i name="effect">
    <i name="0">
      <i name="origin">
        <i name="x" value="35"/>
        <i name="y" value="73"/>
      </i>
      <i name="delay" value="60"/>
      <i name="image" value="2221004.effect.0.png"/>
    </i>
    <i name="1">
      <i name="origin">
        <i name="x" value="36"/>
        <i name="y" value="75"/>
      </i>
      <i name="delay" value="60"/>
      <i name="image" value="2221004.effect.1.png"/>
    </i>
    <i name="2">
      <i name="origin">
        <i name="x" value="35"/>
        <i name="y" value="76"/>
      </i>
      <i name="delay" value="60"/>
      <i name="image" value="2221004.effect.2.png"/>
    </i>
    <i name="3">
      <i name="origin">
        <i name="x" value="36"/>
        <i name="y" value="77"/>
      </i>
      <i name="delay" value="60"/>
      <i name="image" value="2221004.effect.3.png"/>
    </i>
    <i name="4">
      <i name="origin">
        <i name="x" value="38"/>
        <i name="y" value="77"/>
      </i>
      <i name="delay" value="60"/>
      <i name="image" value="2221004.effect.4.png"/>
    </i>
    <i name="5">
      <i name="origin">
        <i name="x" value="39"/>
        <i name="y" value="78"/>
      </i>
      <i name="delay" value="60"/>
      <i name="image" value="2221004.effect.5.png"/>
    </i>
    <i name="6">
      <i name="origin">
        <i name="x" value="108"/>
        <i name="y" value="129"/>
      </i>
      <i name="delay" value="60"/>
      <i name="image" value="2221004.effect.6.png"/>
    </i>
    <i name="7">
      <i name="origin">
        <i name="x" value="110"/>
        <i name="y" value="129"/>
      </i>
      <i name="delay" value="60"/>
      <i name="image" value="2221004.effect.7.png"/>
    </i>
    <i name="8">
      <i name="origin">
        <i name="x" value="106"/>
        <i name="y" value="125"/>
      </i>
      <i name="delay" value="60"/>
      <i name="image" value="2221004.effect.8.png"/>
    </i>
    <i name="9">
      <i name="origin">
        <i name="x" value="102"/>
        <i name="y" value="121"/>
      </i>
      <i name="delay" value="60"/>
      <i name="image" value="2221004.effect.9.png"/>
    </i>
    <i name="10">
      <i name="origin">
        <i name="x" value="92"/>
        <i name="y" value="122"/>
      </i>
      <i name="delay" value="60"/>
      <i name="image" value="2221004.effect.10.png"/>
    </i>
    <i name="11">
      <i name="origin">
        <i name="x" value="79"/>
        <i name="y" value="119"/>
      </i>
      <i name="delay" value="60"/>
      <i name="image" value="2221004.effect.11.png"/>
    </i>
    <i name="12">
      <i name="origin">
        <i name="x" value="65"/>
        <i name="y" value="116"/>
      </i>
      <i name="delay" value="60"/>
      <i name="image" value="2221004.effect.12.png"/>
    </i>
    <i name="13">
      <i name="origin">
        <i name="x" value="59"/>
        <i name="y" value="109"/>
      </i>
      <i name="delay" value="60"/>
      <i name="image" value="2221004.effect.13.png"/>
    </i>
    <i name="14">
      <i name="origin">
        <i name="x" value="51"/>
        <i name="y" value="98"/>
      </i>
      <i name="delay" value="60"/>
      <i name="image" value="2221004.effect.14.png"/>
    </i>
    <i name="15">
      <i name="origin">
        <i name="x" value="41"/>
        <i name="y" value="86"/>
      </i>
      <i name="delay" value="60"/>
      <i name="image" value="2221004.effect.15.png"/>
    </i>
    <i name="16">
      <i name="origin">
        <i name="x" value="38"/>
        <i name="y" value="77"/>
      </i>
      <i name="delay" value="60"/>
      <i name="image" value="2221004.effect.16.png"/>
    </i>
    <i name="17">
      <i name="origin">
        <i name="x" value="39"/>
        <i name="y" value="78"/>
      </i>
      <i name="delay" value="60"/>
      <i name="image" value="2221004.effect.17.png"/>
    </i>
    <i name="18">
      <i name="origin">
        <i name="x" value="40"/>
        <i name="y" value="78"/>
      </i>
      <i name="delay" value="60"/>
      <i name="image" value="2221004.effect.18.png"/>
    </i>
    <i name="19">
      <i name="origin">
        <i name="x" value="80"/>
        <i name="y" value="115"/>
      </i>
      <i name="delay" value="60"/>
      <i name="image" value="2221004.effect.19.png"/>
    </i>
    <i name="20">
      <i name="origin">
        <i name="x" value="79"/>
        <i name="y" value="114"/>
      </i>
      <i name="delay" value="60"/>
      <i name="image" value="2221004.effect.20.png"/>
    </i>
    <i name="21">
      <i name="origin">
        <i name="x" value="78"/>
        <i name="y" value="113"/>
      </i>
      <i name="delay" value="60"/>
      <i name="image" value="2221004.effect.21.png"/>
    </i>
    <i name="22">
      <i name="origin">
        <i name="x" value="77"/>
        <i name="y" value="111"/>
      </i>
      <i name="delay" value="60"/>
      <i name="image" value="2221004.effect.22.png"/>
    </i>
  </i>
  <i name="effect0">
    <i name="0">
      <i name="origin">
        <i name="x" value="129"/>
        <i name="y" value="70"/>
      </i>
      <i name="delay" value="60"/>
      <i name="image" value="2221004.effect0.0.png"/>
    </i>
    <i name="1">
      <i name="origin">
        <i name="x" value="128"/>
        <i name="y" value="73"/>
      </i>
      <i name="delay" value="60"/>
      <i name="image" value="2221004.effect0.1.png"/>
    </i>
    <i name="2">
      <i name="origin">
        <i name="x" value="126"/>
        <i name="y" value="81"/>
      </i>
      <i name="delay" value="60"/>
      <i name="image" value="2221004.effect0.2.png"/>
    </i>
    <i name="3">
      <i name="origin">
        <i name="x" value="123"/>
        <i name="y" value="82"/>
      </i>
      <i name="delay" value="60"/>
      <i name="image" value="2221004.effect0.3.png"/>
    </i>
    <i name="4">
      <i name="origin">
        <i name="x" value="121"/>
        <i name="y" value="91"/>
      </i>
      <i name="delay" value="60"/>
      <i name="image" value="2221004.effect0.4.png"/>
    </i>
    <i name="5">
      <i name="origin">
        <i name="x" value="118"/>
        <i name="y" value="92"/>
      </i>
      <i name="delay" value="60"/>
      <i name="image" value="2221004.effect0.5.png"/>
    </i>
    <i name="6">
      <i name="origin">
        <i name="x" value="115"/>
        <i name="y" value="120"/>
      </i>
      <i name="delay" value="60"/>
      <i name="image" value="2221004.effect0.6.png"/>
    </i>
    <i name="7">
      <i name="origin">
        <i name="x" value="113"/>
        <i name="y" value="125"/>
      </i>
      <i name="delay" value="60"/>
      <i name="image" value="2221004.effect0.7.png"/>
    </i>
    <i name="8">
      <i name="origin">
        <i name="x" value="113"/>
        <i name="y" value="127"/>
      </i>
      <i name="delay" value="60"/>
      <i name="image" value="2221004.effect0.8.png"/>
    </i>
    <i name="9">
      <i name="origin">
        <i name="x" value="113"/>
        <i name="y" value="129"/>
      </i>
      <i name="delay" value="60"/>
      <i name="image" value="2221004.effect0.9.png"/>
    </i>
    <i name="10">
      <i name="origin">
        <i name="x" value="112"/>
        <i name="y" value="129"/>
      </i>
      <i name="delay" value="60"/>
      <i name="image" value="2221004.effect0.10.png"/>
    </i>
    <i name="11">
      <i name="origin">
        <i name="x" value="111"/>
        <i name="y" value="129"/>
      </i>
      <i name="delay" value="60"/>
      <i name="image" value="2221004.effect0.11.png"/>
    </i>
    <i name="12">
      <i name="origin">
        <i name="x" value="110"/>
        <i name="y" value="129"/>
      </i>
      <i name="delay" value="60"/>
      <i name="image" value="2221004.effect0.12.png"/>
    </i>
    <i name="13">
      <i name="origin">
        <i name="x" value="106"/>
        <i name="y" value="129"/>
      </i>
      <i name="delay" value="60"/>
      <i name="image" value="2221004.effect0.13.png"/>
    </i>
    <i name="14">
      <i name="origin">
        <i name="x" value="103"/>
        <i name="y" value="129"/>
      </i>
      <i name="delay" value="60"/>
      <i name="image" value="2221004.effect0.14.png"/>
    </i>
    <i name="15">
      <i name="origin">
        <i name="x" value="96"/>
        <i name="y" value="129"/>
      </i>
      <i name="delay" value="60"/>
      <i name="image" value="2221004.effect0.15.png"/>
    </i>
    <i name="16">
      <i name="origin">
        <i name="x" value="85"/>
        <i name="y" value="129"/>
      </i>
      <i name="delay" value="60"/>
      <i name="image" value="2221004.effect0.16.png"/>
    </i>
    <i name="17">
      <i name="origin">
        <i name="x" value="78"/>
        <i name="y" value="129"/>
      </i>
      <i name="delay" value="60"/>
      <i name="image" value="2221004.effect0.17.png"/>
    </i>
    <i name="18">
      <i name="origin">
        <i name="x" value="68"/>
        <i name="y" value="129"/>
      </i>
      <i name="delay" value="60"/>
      <i name="image" value="2221004.effect0.18.png"/>
    </i>
    <i name="19">
      <i name="origin">
        <i name="x" value="8"/>
        <i name="y" value="120"/>
      </i>
      <i name="delay" value="60"/>
      <i name="image" value="2221004.effect0.19.png"/>
    </i>
    <i name="20">
      <i name="origin">
        <i name="x" value="6"/>
        <i name="y" value="128"/>
      </i>
      <i name="delay" value="60"/>
      <i name="image" value="2221004.effect0.20.png"/>
    </i>
    <i name="21">
      <i name="origin">
        <i name="x" value="4"/>
        <i name="y" value="139"/>
      </i>
      <i name="delay" value="60"/>
      <i name="image" value="2221004.effect0.21.png"/>
    </i>
    <i name="22">
      <i name="origin">
        <i name="x" value="2"/>
        <i name="y" value="127"/>
      </i>
      <i name="delay" value="60"/>
      <i name="image" value="2221004.effect0.22.png"/>
    </i>
  </i>
  </i>
