  <i name="4111005">
  <i name="effect">
    <i name="0">
      <i name="origin">
        <i name="x" value="-5"/>
        <i name="y" value="64"/>
      </i>
      <i name="delay" value="60"/>
      <i name="image" value="4111005.effect.0.png"/>
    </i>
    <i name="1">
      <i name="origin">
        <i name="x" value="-5"/>
        <i name="y" value="64"/>
      </i>
      <i name="delay" value="60"/>
      <i name="image" value="4111005.effect.1.png"/>
    </i>
    <i name="2">
      <i name="origin">
        <i name="x" value="-5"/>
        <i name="y" value="64"/>
      </i>
      <i name="delay" value="60"/>
      <i name="image" value="4111005.effect.2.png"/>
    </i>
    <i name="3">
      <i name="origin">
        <i name="x" value="16"/>
        <i name="y" value="64"/>
      </i>
      <i name="delay" value="60"/>
      <i name="image" value="4111005.effect.3.png"/>
    </i>
    <i name="4">
      <i name="origin">
        <i name="x" value="18"/>
        <i name="y" value="64"/>
      </i>
      <i name="delay" value="60"/>
      <i name="image" value="4111005.effect.4.png"/>
    </i>
    <i name="5">
      <i name="origin">
        <i name="x" value="18"/>
        <i name="y" value="64"/>
      </i>
      <i name="delay" value="60"/>
      <i name="image" value="4111005.effect.5.png"/>
    </i>
    <i name="6">
      <i name="origin">
        <i name="x" value="18"/>
        <i name="y" value="64"/>
      </i>
      <i name="delay" value="60"/>
      <i name="image" value="4111005.effect.6.png"/>
    </i>
    <i name="7">
      <i name="origin">
        <i name="x" value="18"/>
        <i name="y" value="64"/>
      </i>
      <i name="delay" value="60"/>
      <i name="image" value="4111005.effect.7.png"/>
    </i>
    <i name="8">
      <i name="origin">
        <i name="x" value="18"/>
        <i name="y" value="64"/>
      </i>
      <i name="delay" value="60"/>
      <i name="image" value="4111005.effect.8.png"/>
    </i>
    <i name="9">
      <i name="origin">
        <i name="x" value="18"/>
        <i name="y" value="64"/>
      </i>
      <i name="delay" value="60"/>
      <i name="image" value="4111005.effect.9.png"/>
    </i>
    <i name="10">
      <i name="origin">
        <i name="x" value="21"/>
        <i name="y" value="67"/>
      </i>
      <i name="delay" value="60"/>
      <i name="image" value="4111005.effect.10.png"/>
    </i>
    <i name="11">
      <i name="origin">
        <i name="x" value="22"/>
        <i name="y" value="68"/>
      </i>
      <i name="delay" value="60"/>
      <i name="image" value="4111005.effect.11.png"/>
    </i>
    <i name="12">
      <i name="origin">
        <i name="x" value="68"/>
        <i name="y" value="65"/>
      </i>
      <i name="delay" value="60"/>
      <i name="image" value="4111005.effect.12.png"/>
    </i>
    <i name="13">
      <i name="origin">
        <i name="x" value="69"/>
        <i name="y" value="31"/>
      </i>
      <i name="delay" value="60"/>
      <i name="image" value="4111005.effect.13.png"/>
    </i>
  </i>
  <i name="ball">
    <i name="0">
      <i name="origin">
        <i name="x" value="36"/>
        <i name="y" value="36"/>
      </i>
      <i name="image" value="4111005.ball.0.png"/>
    </i>
  </i>
  </i>
