<i name="5000017">
<i name="stand0">
<i name="0">
<i name="origin">
<i name="x" value="15"/>
<i name="y" value="56"/>
</i>
<i name="image" value="5000017.stand0.0.png"/>
</i>
<i name="1">
<i name="pointer" value="5000017/stand0/0"/>
</i>
<i name="2">
<i name="pointer" value="5000017/stand0/0"/>
</i>
<i name="3">
<i name="pointer" value="5000017/stand0/0"/>
</i>
<i name="4">
<i name="pointer" value="5000017/stand0/0"/>
</i>
</i>
<i name="stand1">
<i name="0">
<i name="origin">
<i name="x" value="15"/>
<i name="y" value="56"/>
</i>
<i name="image" value="5000017.stand1.0.png"/>
</i>
<i name="1">
<i name="pointer" value="5000017/stand1/0"/>
</i>
<i name="2">
<i name="pointer" value="5000017/stand1/0"/>
</i>
<i name="3">
<i name="pointer" value="5000017/stand1/0"/>
</i>
<i name="4">
<i name="pointer" value="5000017/stand1/0"/>
</i>
<i name="5">
<i name="pointer" value="5000017/stand1/0"/>
</i>
<i name="6">
<i name="pointer" value="5000017/stand1/0"/>
</i>
<i name="7">
<i name="pointer" value="5000017/stand1/0"/>
</i>
</i>
<i name="rest0">
<i name="0">
<i name="origin">
<i name="x" value="15"/>
<i name="y" value="56"/>
</i>
<i name="image" value="5000017.rest0.0.png"/>
</i>
<i name="1">
<i name="pointer" value="5000017/rest0/0"/>
</i>
<i name="2">
<i name="origin">
<i name="x" value="15"/>
<i name="y" value="49"/>
</i>
<i name="image" value="5000017.rest0.2.png"/>
</i>
<i name="3">
<i name="origin">
<i name="x" value="15"/>
<i name="y" value="50"/>
</i>
<i name="image" value="5000017.rest0.3.png"/>
</i>
<i name="4">
<i name="pointer" value="5000017/rest0/3"/>
</i>
<i name="5">
<i name="pointer" value="5000017/rest0/3"/>
</i>
<i name="6">
<i name="pointer" value="5000017/rest0/3"/>
</i>
</i>
<i name="move">
<i name="0">
<i name="origin">
<i name="x" value="15"/>
<i name="y" value="56"/>
</i>
<i name="image" value="5000017.move.0.png"/>
</i>
<i name="1">
<i name="origin">
<i name="x" value="15"/>
<i name="y" value="57"/>
</i>
<i name="image" value="5000017.move.1.png"/>
</i>
<i name="2">
<i name="pointer" value="5000017/move/0"/>
</i>
<i name="3">
<i name="origin">
<i name="x" value="15"/>
<i name="y" value="54"/>
</i>
<i name="image" value="5000017.move.3.png"/>
</i>
</i>
<i name="jump">
<i name="0">
<i name="origin">
<i name="x" value="15"/>
<i name="y" value="57"/>
</i>
<i name="image" value="5000017.jump.0.png"/>
</i>
</i>
<i name="hungry">
<i name="0">
<i name="origin">
<i name="x" value="15"/>
<i name="y" value="54"/>
</i>
<i name="image" value="5000017.hungry.0.png"/>
</i>
</i>
<i name="angry">
<i name="0">
<i name="origin">
<i name="x" value="19"/>
<i name="y" value="62"/>
</i>
<i name="image" value="5000017.angry.0.png"/>
</i>
</i>
<i name="chat">
<i name="0">
<i name="origin">
<i name="x" value="15"/>
<i name="y" value="56"/>
</i>
<i name="image" value="5000017.chat.0.png"/>
</i>
<i name="1">
<i name="pointer" value="5000017/chat/0"/>
</i>
<i name="2">
<i name="pointer" value="5000017/chat/0"/>
</i>
<i name="3">
<i name="pointer" value="5000017/chat/0"/>
</i>
<i name="4">
<i name="pointer" value="5000017/chat/0"/>
</i>
<i name="5">
<i name="pointer" value="5000017/chat/0"/>
</i>
<i name="6">
<i name="pointer" value="5000017/chat/0"/>
</i>
<i name="7">
<i name="pointer" value="5000017/chat/0"/>
</i>
<i name="8">
<i name="pointer" value="5000017/chat/0"/>
</i>
<i name="9">
<i name="pointer" value="5000017/chat/0"/>
</i>
<i name="10">
<i name="pointer" value="5000017/chat/0"/>
</i>
<i name="11">
<i name="pointer" value="5000017/chat/0"/>
</i>
<i name="12">
<i name="pointer" value="5000017/chat/0"/>
</i>
<i name="13">
<i name="pointer" value="5000017/chat/0"/>
</i>
</i>
<i name="hang">
<i name="0">
<i name="origin">
<i name="x" value="16"/>
<i name="y" value="65"/>
</i>
<i name="image" value="5000017.hang.0.png"/>
</i>
</i>
<i name="rise">
<i name="0">
<i name="origin">
<i name="x" value="15"/>
<i name="y" value="59"/>
</i>
<i name="image" value="5000017.rise.0.png"/>
</i>
</i>
<i name="fight">
<i name="0">
<i name="origin">
<i name="x" value="18"/>
<i name="y" value="56"/>
</i>
<i name="image" value="5000017.fight.0.png"/>
</i>
<i name="1">
<i name="origin">
<i name="x" value="20"/>
<i name="y" value="56"/>
</i>
<i name="image" value="5000017.fight.1.png"/>
</i>
<i name="2">
<i name="pointer" value="5000017/fight/0"/>
</i>
<i name="3">
<i name="pointer" value="5000017/fight/1"/>
</i>
<i name="4">
<i name="pointer" value="5000017/fight/0"/>
</i>
<i name="5">
<i name="pointer" value="5000017/fight/1"/>
</i>
<i name="6">
<i name="pointer" value="5000017/fight/0"/>
</i>
<i name="7">
<i name="pointer" value="5000017/fight/1"/>
</i>
<i name="8">
<i name="pointer" value="5000017/fight/0"/>
</i>
<i name="9">
<i name="pointer" value="5000017/fight/1"/>
</i>
<i name="10">
<i name="pointer" value="5000017/fight/0"/>
</i>
<i name="11">
<i name="pointer" value="5000017/fight/1"/>
</i>
</i>
<i name="cry">
<i name="0">
<i name="origin">
<i name="x" value="15"/>
<i name="y" value="54"/>
</i>
<i name="image" value="5000017.cry.0.png"/>
</i>
<i name="1">
<i name="pointer" value="5000017/cry/0"/>
</i>
<i name="2">
<i name="pointer" value="5000017/cry/0"/>
</i>
<i name="3">
<i name="pointer" value="5000017/cry/0"/>
</i>
<i name="4">
<i name="pointer" value="5000017/cry/0"/>
</i>
<i name="5">
<i name="pointer" value="5000017/cry/0"/>
</i>
<i name="6">
<i name="pointer" value="5000017/cry/0"/>
</i>
<i name="7">
<i name="pointer" value="5000017/cry/0"/>
</i>
<i name="8">
<i name="pointer" value="5000017/cry/0"/>
</i>
<i name="9">
<i name="pointer" value="5000017/cry/0"/>
</i>
<i name="10">
<i name="pointer" value="5000017/cry/0"/>
</i>
<i name="11">
<i name="pointer" value="5000017/cry/0"/>
</i>
<i name="12">
<i name="pointer" value="5000017/cry/0"/>
</i>
</i>
<i name="change">
<i name="0">
<i name="origin">
<i name="x" value="15"/>
<i name="y" value="56"/>
</i>
<i name="image" value="5000017.change.0.png"/>
</i>
<i name="1">
<i name="origin">
<i name="x" value="15"/>
<i name="y" value="50"/>
</i>
<i name="image" value="5000017.change.1.png"/>
</i>
<i name="2">
<i name="pointer" value="5000017/change/1"/>
</i>
<i name="3">
<i name="pointer" value="5000017/change/1"/>
</i>
<i name="4">
<i name="pointer" value="5000017/change/1"/>
</i>
<i name="5">
<i name="pointer" value="5000017/change/3"/>
</i>
<i name="6">
<i name="origin">
<i name="x" value="16"/>
<i name="y" value="59"/>
</i>
<i name="image" value="5000017.change.6.png"/>
</i>
<i name="7">
<i name="origin">
<i name="x" value="15"/>
<i name="y" value="59"/>
</i>
<i name="image" value="5000017.change.7.png"/>
</i>
<i name="8">
<i name="pointer" value="5000017/change/6"/>
</i>
<i name="9">
<i name="pointer" value="5000017/change/6"/>
</i>
<i name="10">
<i name="pointer" value="5000017/change/6"/>
</i>
<i name="11">
<i name="pointer" value="5000017/change/7"/>
</i>
<i name="12">
<i name="pointer" value="5000017/change/6"/>
</i>
<i name="13">
<i name="pointer" value="5000017/change/6"/>
</i>
</i>
<i name="charge">
<i name="0">
<i name="origin">
<i name="x" value="15"/>
<i name="y" value="56"/>
</i>
<i name="image" value="5000017.charge.0.png"/>
</i>
<i name="1">
<i name="pointer" value="5000017/charge/0"/>
</i>
<i name="2">
<i name="pointer" value="5000017/charge/0"/>
</i>
<i name="3">
<i name="pointer" value="5000017/charge/0"/>
</i>
<i name="4">
<i name="pointer" value="5000017/charge/0"/>
</i>
<i name="5">
<i name="pointer" value="5000017/charge/0"/>
</i>
</i>
<i name="love">
<i name="0">
<i name="origin">
<i name="x" value="15"/>
<i name="y" value="56"/>
</i>
<i name="image" value="5000017.love.0.png"/>
</i>
<i name="1">
<i name="origin">
<i name="x" value="18"/>
<i name="y" value="56"/>
</i>
<i name="image" value="5000017.love.1.png"/>
</i>
<i name="2">
<i name="origin">
<i name="x" value="18"/>
<i name="y" value="56"/>
</i>
<i name="image" value="5000017.love.2.png"/>
</i>
<i name="3">
<i name="origin">
<i name="x" value="18"/>
<i name="y" value="53"/>
</i>
<i name="image" value="5000017.love.3.png"/>
</i>
<i name="4">
<i name="origin">
<i name="x" value="18"/>
<i name="y" value="57"/>
</i>
<i name="image" value="5000017.love.4.png"/>
</i>
<i name="5">
<i name="origin">
<i name="x" value="16"/>
<i name="y" value="57"/>
</i>
<i name="image" value="5000017.love.5.png"/>
</i>
<i name="6">
<i name="origin">
<i name="x" value="16"/>
<i name="y" value="57"/>
</i>
<i name="image" value="5000017.love.6.png"/>
</i>
<i name="7">
<i name="origin">
<i name="x" value="15"/>
<i name="y" value="53"/>
</i>
<i name="image" value="5000017.love.7.png"/>
</i>
<i name="8">
<i name="pointer" value="5000017/love/0"/>
</i>
<i name="9">
<i name="pointer" value="5000017/love/1"/>
</i>
<i name="10">
<i name="pointer" value="5000017/love/2"/>
</i>
<i name="11">
<i name="pointer" value="5000017/love/3"/>
</i>
<i name="12">
<i name="pointer" value="5000017/love/4"/>
</i>
<i name="13">
<i name="pointer" value="5000017/love/5"/>
</i>
<i name="14">
<i name="pointer" value="5000017/love/6"/>
</i>
<i name="15">
<i name="pointer" value="5000017/love/7"/>
</i>
</i>
<i name="fly">
<i name="0">
<i name="origin">
<i name="x" value="15"/>
<i name="y" value="57"/>
</i>
<i name="image" value="5000017.fly.0.png"/>
</i>
<i name="1">
<i name="origin">
<i name="x" value="15"/>
<i name="y" value="56"/>
</i>
<i name="image" value="5000017.fly.1.png"/>
</i>
</i>
<i name="good">
<i name="0">
<i name="origin">
<i name="x" value="15"/>
<i name="y" value="56"/>
</i>
<i name="image" value="5000017.good.0.png"/>
</i>
<i name="1">
<i name="origin">
<i name="x" value="15"/>
<i name="y" value="55"/>
</i>
<i name="image" value="5000017.good.1.png"/>
</i>
<i name="2">
<i name="pointer" value="5000017/good/0"/>
</i>
<i name="3">
<i name="pointer" value="5000017/good/1"/>
</i>
<i name="4">
<i name="origin">
<i name="x" value="13"/>
<i name="y" value="56"/>
</i>
<i name="image" value="5000017.good.4.png"/>
</i>
<i name="5">
<i name="origin">
<i name="x" value="10"/>
<i name="y" value="56"/>
</i>
<i name="image" value="5000017.good.5.png"/>
</i>
<i name="6">
<i name="origin">
<i name="x" value="12"/>
<i name="y" value="56"/>
</i>
<i name="image" value="5000017.good.6.png"/>
</i>
<i name="7">
<i name="origin">
<i name="x" value="21"/>
<i name="y" value="55"/>
</i>
<i name="image" value="5000017.good.7.png"/>
</i>
<i name="8">
<i name="origin">
<i name="x" value="19"/>
<i name="y" value="56"/>
</i>
<i name="image" value="5000017.good.8.png"/>
</i>
<i name="9">
<i name="pointer" value="5000017/good/0"/>
</i>
<i name="10">
<i name="pointer" value="5000017/good/1"/>
</i>
<i name="11">
<i name="pointer" value="5000017/good/0"/>
</i>
<i name="12">
<i name="pointer" value="5000017/good/1"/>
</i>
<i name="13">
<i name="pointer" value="5000017/good/4"/>
</i>
<i name="14">
<i name="pointer" value="5000017/good/5"/>
</i>
<i name="15">
<i name="pointer" value="5000017/good/6"/>
</i>
<i name="16">
<i name="pointer" value="5000017/good/7"/>
</i>
<i name="17">
<i name="pointer" value="5000017/good/8"/>
</i>
</i>
<i name="stunned">
<i name="0">
<i name="origin">
<i name="x" value="15"/>
<i name="y" value="50"/>
</i>
<i name="image" value="5000017.stunned.0.png"/>
</i>
</i>
<i name="change1">
<i name="0">
<i name="origin">
<i name="x" value="15"/>
<i name="y" value="56"/>
</i>
<i name="image" value="5000017.change1.0.png"/>
</i>
<i name="1">
<i name="origin">
<i name="x" value="15"/>
<i name="y" value="50"/>
</i>
<i name="image" value="5000017.change1.1.png"/>
</i>
<i name="2">
<i name="origin">
<i name="x" value="15"/>
<i name="y" value="50"/>
</i>
<i name="image" value="5000017.change1.2.png"/>
</i>
<i name="3">
<i name="origin">
<i name="x" value="15"/>
<i name="y" value="46"/>
</i>
<i name="image" value="5000017.change1.3.png"/>
</i>
<i name="4">
<i name="origin">
<i name="x" value="16"/>
<i name="y" value="42"/>
</i>
<i name="image" value="5000017.change1.4.png"/>
</i>
<i name="5">
<i name="origin">
<i name="x" value="15"/>
<i name="y" value="41"/>
</i>
<i name="image" value="5000017.change1.5.png"/>
</i>
<i name="6">
<i name="origin">
<i name="x" value="15"/>
<i name="y" value="41"/>
</i>
<i name="image" value="5000017.change1.6.png"/>
</i>
<i name="7">
<i name="origin">
<i name="x" value="15"/>
<i name="y" value="41"/>
</i>
<i name="image" value="5000017.change1.7.png"/>
</i>
<i name="8">
<i name="pointer" value="5000017/change1/6"/>
</i>
<i name="9">
<i name="pointer" value="5000017/change1/7"/>
</i>
<i name="10">
<i name="pointer" value="5000017/change1/6"/>
</i>
<i name="11">
<i name="origin">
<i name="x" value="15"/>
<i name="y" value="41"/>
</i>
<i name="image" value="5000017.change1.11.png"/>
</i>
<i name="12">
<i name="origin">
<i name="x" value="18"/>
<i name="y" value="40"/>
</i>
<i name="image" value="5000017.change1.12.png"/>
</i>
<i name="13">
<i name="origin">
<i name="x" value="21"/>
<i name="y" value="41"/>
</i>
<i name="image" value="5000017.change1.13.png"/>
</i>
<i name="14">
<i name="origin">
<i name="x" value="24"/>
<i name="y" value="40"/>
</i>
<i name="image" value="5000017.change1.14.png"/>
</i>
<i name="15">
<i name="origin">
<i name="x" value="28"/>
<i name="y" value="41"/>
</i>
<i name="image" value="5000017.change1.15.png"/>
</i>
<i name="16">
<i name="pointer" value="5000017/change1/15"/>
</i>
<i name="17">
<i name="pointer" value="5000017/change1/15"/>
</i>
<i name="18">
<i name="pointer" value="5000017/change1/15"/>
</i>
<i name="19">
<i name="pointer" value="5000017/change1/15"/>
</i>
<i name="20">
<i name="pointer" value="5000017/change1/15"/>
</i>
<i name="21">
<i name="pointer" value="5000017/change1/15"/>
</i>
<i name="22">
<i name="pointer" value="5000017/change1/15"/>
</i>
<i name="23">
<i name="pointer" value="5000017/change1/15"/>
</i>
<i name="24">
<i name="pointer" value="5000017/change1/15"/>
</i>
<i name="25">
<i name="pointer" value="5000017/change1/15"/>
</i>
<i name="26">
<i name="pointer" value="5000017/change1/15"/>
</i>
<i name="27">
<i name="pointer" value="5000017/change1/15"/>
</i>
<i name="28">
<i name="pointer" value="5000017/change1/15"/>
</i>
<i name="29">
<i name="pointer" value="5000017/change1/15"/>
</i>
<i name="30">
<i name="origin">
<i name="x" value="26"/>
<i name="y" value="41"/>
</i>
<i name="image" value="5000017.change1.30.png"/>
</i>
<i name="31">
<i name="origin">
<i name="x" value="19"/>
<i name="y" value="41"/>
</i>
<i name="image" value="5000017.change1.31.png"/>
</i>
<i name="32">
<i name="origin">
<i name="x" value="17"/>
<i name="y" value="41"/>
</i>
<i name="image" value="5000017.change1.32.png"/>
</i>
<i name="33">
<i name="origin">
<i name="x" value="15"/>
<i name="y" value="46"/>
</i>
<i name="image" value="5000017.change1.33.png"/>
</i>
<i name="34">
<i name="origin">
<i name="x" value="15"/>
<i name="y" value="50"/>
</i>
<i name="image" value="5000017.change1.34.png"/>
</i>
<i name="35">
<i name="pointer" value="5000017/change1/1"/>
</i>
</i>
</i>