<i>
<s name="info"><f name="icon" ><p name="info"  image="info.icon.png"/></f><f name="iconRaw" ><p name="info"  origin_x="3" origin_y="34" image="info.iconRaw.png"/></f><p name="reqJob" v="0"/></s>
<s name="walk1"><f name="0" ><p name="30"  origin_x="16" origin_y="7" hand_x="24" hand_y="4" z="weapon" image="30.walk1.0.weapon.png"/></f><f name="1" ><p name="30"  origin_x="25" origin_y="7" hand_x="16" hand_y="10" z="weapon" image="30.walk1.1.weapon.png"/></f><f name="2" ><p name="pointer"  pointer="30/walk1/0/weapon"/></f><f name="3" ><p name="30"  origin_x="25" origin_y="7" hand_x="12" hand_y="1" z="weapon" image="30.walk1.3.weapon.png"/></f></s>
<s name="stand1"><f name="0" ><p name="30"  origin_x="25" origin_y="7" hand_x="11" hand_y="-1" z="weapon" image="30.stand1.0.weapon.png"/></f><f name="1" ><p name="pointer"  pointer="30/stand1/0/weapon"/></f><f name="2" ><p name="pointer"  pointer="30/stand1/0/weapon"/></f></s>
<s name="alert"><f name="0" ><p name="30"  origin_x="23" origin_y="10" hand_x="20" hand_y="14" handMove_x="6" handMove_y="8" z="weaponOverArm" image="30.alert.0.weapon.png"/></f><f name="1" ><p name="30"  origin_x="23" origin_y="10" hand_x="19" hand_y="14" handMove_x="4" handMove_y="9" z="weaponOverArm" image="30.alert.1.weapon.png"/></f><f name="2" ><p name="30"  origin_x="23" origin_y="10" hand_x="20" hand_y="12" handMove_x="2" handMove_y="9" z="weaponOverArm" image="30.alert.2.weapon.png"/></f></s>
<s name="swingO1"><f name="0" ><p name="30"  origin_x="11" origin_y="5" navel_x="6" navel_y="13" z="weaponBelowBody" image="30.swingO1.0.weapon.png"/></f><f name="1" ><p name="30"  origin_x="11" origin_y="5" navel_x="7" navel_y="5" z="weaponBelowBody" image="30.swingO1.1.weapon.png"/></f><f name="2" ><p name="30"  origin_x="11" origin_y="5" navel_x="-24" navel_y="53" z="weapon" image="30.swingO1.2.weapon.png"/></f></s>
<s name="swingO2"><f name="0" ><p name="30"  origin_x="12" origin_y="5" navel_x="17" navel_y="31" z="weaponBelowBody" image="30.swingO2.0.weapon.png"/></f><f name="1" ><p name="30"  origin_x="12" origin_y="5" navel_x="17" navel_y="40" z="weaponBelowBody" image="30.swingO2.1.weapon.png"/></f><f name="2" ><p name="30"  origin_x="12" origin_y="5" navel_x="-23" navel_y="3" z="weapon" image="30.swingO2.2.weapon.png"/></f></s>
<s name="swingO3"><f name="0" ><p name="30"  origin_x="12" origin_y="5" navel_x="-22" navel_y="48" z="weapon" image="30.swingO3.0.weapon.png"/></f><f name="1" ><p name="30"  origin_x="12" origin_y="5" navel_x="49" navel_y="13" z="weaponOverBody" image="30.swingO3.1.weapon.png"/></f><f name="2" ><p name="30"  origin_x="12" origin_y="5" navel_x="-3" navel_y="13" z="weaponBelowBody" image="30.swingO3.2.weapon.png"/></f></s>
<s name="swingOF"><f name="0" ><p name="30"  origin_x="12" origin_y="5" navel_x="-22" navel_y="11" z="weapon" image="30.swingOF.0.weapon.png"/></f><f name="1" ><p name="30"  origin_x="12" origin_y="5" navel_x="2" navel_y="34" z="backWeapon" image="30.swingOF.1.weapon.png"/></f><f name="2" ><p name="30"  origin_x="12" origin_y="5" navel_x="4" navel_y="46" z="weaponBelowBody" image="30.swingOF.2.weapon.png"/></f><f name="3" ><p name="30"  origin_x="12" origin_y="5" navel_x="-21" navel_y="33" z="weaponBelowBody" image="30.swingOF.3.weapon.png"/></f></s>
<s name="stabO1"><f name="0" ><p name="30"  origin_x="12" origin_y="5" navel_x="15" navel_y="8" z="weapon" image="30.stabO1.0.weapon.png"/></f><f name="1" ><p name="30"  origin_x="12" origin_y="5" navel_x="56" navel_y="18" z="weapon" image="30.stabO1.1.weapon.png"/></f></s>
<s name="stabO2"><f name="0" ><p name="30"  origin_x="12" origin_y="5" navel_x="18" navel_y="22" z="weaponBelowArm" image="30.stabO2.0.weapon.png"/></f><f name="1" ><p name="30"  origin_x="12" origin_y="5" navel_x="54" navel_y="17" z="weaponBelowArm" image="30.stabO2.1.weapon.png"/></f></s>
<s name="stabOF"><f name="0" ><p name="30"  origin_x="12" origin_y="5" navel_x="22" navel_y="12" z="weaponBelowArm" image="30.stabOF.0.weapon.png"/></f><f name="1" ><p name="30"  origin_x="12" origin_y="5" navel_x="19" navel_y="9" z="weaponBelowArm" image="30.stabOF.1.weapon.png"/></f><f name="2" ><p name="30"  origin_x="12" origin_y="5" navel_x="60" navel_y="17" z="weapon" image="30.stabOF.2.weapon.png"/></f></s>
<s name="proneStab"><f name="0" ><p name="30"  origin_x="5" origin_y="3" navel_x="48" navel_y="13" z="weaponBelowArm" image="30.proneStab.0.weapon.png"/></f><f name="1" ><p name="30"  origin_x="5" origin_y="3" navel_x="73" navel_y="13" z="weaponBelowArm" image="30.proneStab.1.weapon.png"/></f></s>
<s name="prone"><f name="0" ><p name="pointer"  pointer="30/proneStab/0/weapon"/></f></s>
<s name="heal"><f name="0" ><p name="pointer"  pointer="30/alert/1/weapon"/></f><f name="1" ><p name="pointer"  pointer="30/swingO2/1/weapon"/></f><f name="2" ><p name="pointer"  pointer="30/swingO2/0/weapon"/></f></s>
<s name="fly"><f name="0" ><p name="30"  origin_x="13" origin_y="5" navel_x="-11" navel_y="40" z="weaponOverArm" image="30.fly.0.weapon.png"/></f><f name="1" ><p name="pointer"  pointer="30/fly/0/weapon"/></f></s>
<s name="jump"><f name="0" ><p name="30"  origin_x="13" origin_y="5" navel_x="-12" navel_y="39" z="weaponOverArm" image="30.jump.0.weapon.png"/></f></s>
<s name="shoot1"><f name="image*" ><p name="pointer" /></f></s>
<s name="shootF"><f name="image*" ><p name="pointer" /></f></s>
</i>
