<i>
  <s name="info">
    <f name="icon">
      <p name="info"  image="info.icon.png"/>
    </f>
    <f name="iconRaw">
      <p name="info"  origin_x="1" origin_y="33" image="info.iconRaw.png"/>
    </f>
    <p name="reqJob" v="0"/>
  </s>
  <s name="walk1">
    <f name="0">
      <p name="30"  origin_x="25" origin_y="7" hand_x="42" hand_y="7" z="weapon" image="30.walk1.0.weapon.png"/>
    </f>
    <f name="1">
      <p name="30"  origin_x="25" origin_y="7" hand_x="40" hand_y="18" z="weapon" image="30.walk1.1.weapon.png"/>
    </f>
    <f name="2">
      <p name="30"  origin_x="25" origin_y="7" hand_x="40" hand_y="8" z="weapon" image="30.walk1.2.weapon.png"/>
    </f>
    <f name="3">
      <p name="30"  origin_x="25" origin_y="7" hand_x="42" hand_y="4" z="weapon" image="30.walk1.3.weapon.png"/>
    </f>
  </s>
  <s name="stand1">
    <f name="0">
      <p name="30"  origin_x="25" origin_y="7" hand_x="42" hand_y="6" z="weapon" image="30.stand1.0.weapon.png"/>
    </f>
    <f name="1">
      <p name="pointer"  pointer="30/stand1/0/weapon"/>
    </f>
    <f name="2">
      <p name="pointer"  pointer="30/stand1/0/weapon"/>
    </f>
  </s>
  <s name="alert">
    <f name="0">
      <p name="weapon"  origin_x="23" origin_y="10" hand_x="41" hand_y="37" z="weapon" image="30.alert.0.weapon.png" />
    </f>
    <f name="1">
      <p name="weapon"  origin_x="23" origin_y="10" hand_x="40" hand_y="36" z="weapon" image="30.alert.1.weapon.png" />
    </f>
    <f name="2">
      <p name="weapon"  origin_x="23" origin_y="10" hand_x="41" hand_y="35" z="weapon" image="30.alert.2.weapon.png" />
    </f>
  </s>
  <s name="swingO1">
    <f name="0">
      <p name="30"  origin_x="11" origin_y="5" navel_x="5" navel_y="7" z="weaponBelowBody" image="30.swingO1.0.weapon.png"/>
    </f>
    <f name="1">
      <p name="30"  origin_x="11" origin_y="5" navel_x="8" navel_y="2" z="weapon" image="30.swingO1.1.weapon.png"/>
    </f>
    <f name="2">
      <p name="30"  origin_x="11" origin_y="5" navel_x="-19" navel_y="66" z="weapon" image="30.swingO1.2.weapon.png"/>
    </f>
  </s>
  <s name="swingO2">
    <f name="0">
      <p name="30"  origin_x="12" origin_y="5" navel_x="11" navel_y="56" z="weaponBelowBody" image="30.swingO2.0.weapon.png"/>
    </f>
    <f name="1">
      <p name="30"  origin_x="12" origin_y="5" navel_x="12" navel_y="71" z="weaponBelowBody" image="30.swingO2.1.weapon.png"/>
    </f>
    <f name="2">
      <p name="30"  origin_x="12" origin_y="5" navel_x="-17" navel_y="11" z="weapon" image="30.swingO2.2.weapon.png"/>
    </f>
  </s>
  <s name="swingO3">
    <f name="0">
      <p name="30"  origin_x="12" origin_y="5" navel_x="-25" navel_y="71" z="weapon" image="30.swingO3.0.weapon.png"/>
    </f>
    <f name="1">
      <p name="30"  origin_x="12" origin_y="5" navel_x="74" navel_y="11" z="weaponOverBody" image="30.swingO3.1.weapon.png"/>
    </f>
    <f name="2">
      <p name="30"  origin_x="12" origin_y="5" navel_x="-6" navel_y="41" z="weaponBelowBody" image="30.swingO3.2.weapon.png"/>
    </f>
  </s>
  <s name="swingOF">
    <f name="0">
      <p name="30"  origin_x="12" origin_y="5" navel_x="-21" navel_y="17" z="weapon" image="30.swingOF.0.weapon.png"/>
    </f>
    <f name="1">
      <p name="30"  origin_x="12" origin_y="5" navel_x="-2" navel_y="57" z="backWeapon" image="30.swingOF.1.weapon.png"/>
    </f>
    <f name="2">
      <p name="30"  origin_x="12" origin_y="5" navel_x="5" navel_y="29" z="weaponBelowBody" image="30.swingOF.2.weapon.png"/>
    </f>
    <f name="3">
      <p name="30"  origin_x="12" origin_y="5" navel_x="-20" navel_y="60" z="weaponBelowBody" image="30.swingOF.3.weapon.png"/>
    </f>
  </s>
  <s name="stabO1">
    <f name="0">
      <p name="30"  origin_x="12" origin_y="5" navel_x="41" navel_y="6" z="weapon" image="30.stabO1.0.weapon.png"/>
    </f>
    <f name="1">
      <p name="30"  origin_x="12" origin_y="5" navel_x="86" navel_y="38" z="weapon" image="30.stabO1.1.weapon.png"/>
    </f>
  </s>
  <s name="stabO2">
    <f name="0">
      <p name="30"  origin_x="12" origin_y="5" navel_x="43" navel_y="19" z="weaponBelowArm" image="30.stabO2.0.weapon.png"/>
    </f>
    <f name="1">
      <p name="30"  origin_x="12" origin_y="5" navel_x="83" navel_y="37" z="weapon" image="30.stabO2.1.weapon.png"/>
    </f>
  </s>
  <s name="stabOF">
    <f name="0">
      <p name="30"  origin_x="12" origin_y="5" navel_x="48" navel_y="10" z="weapon" image="30.stabOF.0.weapon.png"/>
    </f>
    <f name="1">
      <p name="30"  origin_x="12" origin_y="5" navel_x="44" navel_y="7" z="weapon" image="30.stabOF.1.weapon.png"/>
    </f>
    <f name="2">
      <p name="30"  origin_x="12" origin_y="5" navel_x="88" navel_y="40" z="weapon" image="30.stabOF.2.weapon.png"/>
    </f>
  </s>
  <s name="proneStab">
    <f name="0">
      <p name="weapon"  origin_x="5" origin_y="3" navel_x="71" navel_y="12" z="weaponBelowArm" image="30.proneStab.0.weapon.png" />
    </f>
    <f name="1">
      <p name="weapon"  origin_x="5" origin_y="3" navel_x="90" navel_y="36" z="weaponBelowArm" image="30.proneStab.1.weapon.png" />
    </f>
  </s>
  <s name="prone">
    <f name="0">
      <p name="weapon"  pointer="30/proneStab/0/weapon" />
    </f>
  </s>
  <s name="heal">
    <f name="0">
      <p name="pointer"  pointer="30/alert/1/weapon"/>
    </f>
    <f name="1">
      <p name="pointer"  pointer="30/swingO2/1/weapon"/>
    </f>
    <f name="2">
      <p name="pointer"  pointer="30/swingO2/0/weapon"/>
    </f>
  </s>
  <s name="fly">
    <f name="0">
      <p name="weapon"  origin_x="13" origin_y="5" navel_x="-11" navel_y="66" z="weaponOverArm" image="30.fly.0.weapon.png" />
    </f>
    <f name="1">
      <p name="weapon"  pointer="30/fly/0/weapon" />
    </f>
  </s>
  <s name="jump">
    <f name="0">
      <p name="weapon"  origin_x="13" origin_y="5" navel_x="-12" navel_y="66" z="weaponOverArm" image="30.jump.0.weapon.png" />
    </f>
  </s>
  <s name="sit">
    <f name="0">
      <p name="30"  origin_x="13" origin_y="5" navel_x="-34" navel_y="77" z="weapon" image="30.sit.0.weapon.png"/>
    </f>
  </s>
  <s name="shoot1">
    <f name="0">
      <p name="37"  origin_x="23" origin_y="10" hand_x="3" hand_y="37" z="weapon" image="37.shoot1.0.weapon.png"/>
    </f>
    <f name="1">
      <p name="37"  origin_x="23" origin_y="10" hand_x="13" hand_y="32" z="weapon" image="37.shoot1.1.weapon.png"/>
    </f>
    <f name="2">
      <p name="pointer"  pointer="37/shoot1/1/weapon"/>
    </f>
  </s>
  <s name="shootF">
    <f name="0">
      <p name="37"  origin_x="23" origin_y="10" hand_x="4" hand_y="40" z="weapon" image="37.shootF.0.weapon.png"/>
    </f>
    <f name="1">
      <p name="37"  origin_x="23" origin_y="10" hand_x="14" hand_y="38" z="weapon" image="37.shootF.1.weapon.png"/>
    </f>
    <f name="2">
      <p name="pointer"  pointer="37/shootF/1/weapon"/>
    </f>
  </s>
  <s name="stand2">
    <f name="0">
      <p name="weapon"  origin_x="25" origin_y="7" hand_x="-9" hand_y="34" z="weaponOverArm" image="40.stand2.0.weapon.png" />
    </f>
    <f name="1">
      <p name="weapon"  origin_x="25" origin_y="7" hand_x="-9" hand_y="33" z="weaponOverArm" image="40.stand2.1.weapon.png" />
    </f>
    <f name="2">
      <p name="weapon"  origin_x="25" origin_y="7" hand_x="-9" hand_y="30" z="weaponOverArm" image="40.stand2.2.weapon.png" />
    </f>
  </s>
  <s name="swingT1">
    <f name="0">
      <p name="45"  origin_x="11" origin_y="5" navel_x="-15" navel_y="41" z="weaponBelowArm" image="45.swingT1.0.weapon.png"/>
    </f>
    <f name="1">
      <p name="45"  origin_x="11" origin_y="5" navel_x="12" navel_y="63" z="weaponBelowArm" image="45.swingT1.1.weapon.png"/>
    </f>
    <f name="2">
      <p name="45"  origin_x="11" origin_y="5" navel_x="74" navel_y="11" z="weapon" image="45.swingT1.2.weapon.png"/>
    </f>
  </s>
  <s name="swingT2">
    <f name="0">
      <p name="weapon"  origin_x="11" origin_y="5" navel_x="-9" navel_y="68" z="weaponOverBody" image="40.swingT2.0.weapon.png" />
    </f>
    <f name="1">
      <p name="weapon"  origin_x="11" origin_y="5" navel_x="26" navel_y="74" z="weaponOverBody" image="40.swingT2.1.weapon.png" />
    </f>
    <f name="2">
      <p name="weapon"  origin_x="11" origin_y="5" navel_x="45" navel_y="1" z="weaponOverBody" image="40.swingT2.2.weapon.png" />
    </f>
  </s>
  <s name="swingT3">
    <f name="0">
      <p name="45"  origin_x="11" origin_y="5" navel_x="-10" navel_y="5" z="weapon" image="45.swingT3.0.weapon.png"/>
    </f>
    <f name="1">
      <p name="45"  origin_x="11" origin_y="5" navel_x="-9" navel_y="-2" z="weaponOverBody" image="45.swingT3.1.weapon.png"/>
    </f>
    <f name="2">
      <p name="45"  origin_x="11" origin_y="5" navel_x="37" navel_y="69" z="weaponOverBody" image="45.swingT3.2.weapon.png"/>
    </f>
  </s>
  <s name="swingTF">
    <f name="0">
      <p name="40"  origin_x="11" origin_y="5" navel_x="27" navel_y="74" z="backWeapon" image="40.swingTF.0.weapon.png"/>
    </f>
    <f name="1">
      <p name="40"  origin_x="11" origin_y="5" navel_x="5" navel_y="86" z="weaponBelowBody" image="40.swingTF.1.weapon.png"/>
    </f>
    <f name="2">
      <p name="40"  origin_x="11" origin_y="5" navel_x="1" navel_y="72" z="weaponBelowArm" image="40.swingTF.2.weapon.png"/>
    </f>
    <f name="3">
      <p name="40"  origin_x="11" origin_y="5" navel_x="78" navel_y="16" z="weaponBelowBody" image="40.swingTF.3.weapon.png"/>
    </f>
  </s>
  <s name="walk2">
    <f name="0">
      <p name="weapon"  origin_x="25" origin_y="7" hand_x="-10" hand_y="41" z="weaponOverArm" image="43.walk2.0.weapon.png" />
    </f>
    <f name="1">
      <p name="weapon"  origin_x="25" origin_y="7" hand_x="-10" hand_y="46" z="weaponOverArm" image="43.walk2.1.weapon.png" />
    </f>
    <f name="2">
      <p name="weapon"  pointer="43/walk2/0/weapon" />
    </f>
    <f name="3">
      <p name="weapon"  origin_x="25" origin_y="7" hand_x="-8" hand_y="41" z="weaponOverArm" image="43.walk2.3.weapon.png" />
    </f>
  </s>
  <s name="swingP1">
    <f name="0">
      <p name="43"  origin_x="12" origin_y="5" navel_x="-1" navel_y="41" z="weaponBelowArm" image="43.swingP1.0.weapon.png"/>
    </f>
    <f name="1">
      <p name="43"  origin_x="12" origin_y="5" navel_x="10" navel_y="72" z="weaponBelowArm" image="43.swingP1.1.weapon.png"/>
    </f>
    <f name="2">
      <p name="43"  origin_x="12" origin_y="5" navel_x="69" navel_y="1" z="weaponBelowBody" image="43.swingP1.2.weapon.png"/>
    </f>
    <f name="image*">
      <p name="pointer"/>
    </f>
  </s>
  <s name="swingP2">
    <f name="0">
      <p name="43"  origin_x="12" origin_y="5" navel_x="13" navel_y="66" z="weaponBelowBody" image="43.swingP2.0.weapon.png"/>
    </f>
    <f name="1">
      <p name="43"  origin_x="12" origin_y="5" navel_x="10" navel_y="65" z="weaponBelowBody" image="43.swingP2.1.weapon.png"/>
    </f>
    <f name="2">
      <p name="43"  origin_x="12" origin_y="5" navel_x="47" navel_y="2" z="weaponOverBody" image="43.swingP2.2.weapon.png"/>
    </f>
    <f name="image*">
      <p name="pointer"/>
    </f>
  </s>
  <s name="swingPF">
    <f name="0">
      <p name="43"  origin_x="12" origin_y="5" navel_x="41" navel_y="12" z="weapon" image="43.swingPF.0.weapon.png"/>
    </f>
    <f name="1">
      <p name="43"  origin_x="12" origin_y="5" navel_x="39" navel_y="10" z="weapon" image="43.swingPF.1.weapon.png"/>
    </f>
    <f name="2">
      <p name="43"  origin_x="12" origin_y="5" navel_x="5" navel_y="40" z="weaponBelowArm" image="43.swingPF.2.weapon.png"/>
    </f>
    <f name="3">
      <p name="43"  origin_x="12" origin_y="5" navel_x="80" navel_y="12" z="weaponBelowBody" image="43.swingPF.3.weapon.png"/>
    </f>
    <f name="image*">
      <p name="pointer"/>
    </f>
  </s>
  <s name="stabT1">
    <f name="0">
      <p name="weapon"  origin_x="12" origin_y="5" navel_x="41" navel_y="7" z="weaponOverBody" image="43.stabT1.0.weapon.png" />
    </f>
    <f name="1">
      <p name="weapon"  origin_x="12" origin_y="5" navel_x="44" navel_y="6" z="weaponOverBody" image="43.stabT1.1.weapon.png" />
    </f>
    <f name="2">
      <p name="weapon"  origin_x="12" origin_y="5" navel_x="68" navel_y="38" z="weaponOverBody" image="43.stabT1.2.weapon.png" />
    </f>
    <f name="image*">
      <p name="pointer"/>
    </f>
  </s>
  <s name="stabT2">
    <f name="0">
      <p name="43"  origin_x="12" origin_y="5" navel_x="48" navel_y="7" z="weaponOverBody" image="43.stabT2.0.weapon.png"/>
    </f>
    <f name="1">
      <p name="43"  origin_x="12" origin_y="5" navel_x="50" navel_y="8" z="weaponOverBody" image="43.stabT2.1.weapon.png"/>
    </f>
    <f name="2">
      <p name="43"  origin_x="12" origin_y="5" navel_x="52" navel_y="44" z="weaponOverBody" image="43.stabT2.2.weapon.png"/>
    </f>
    <f name="image*">
      <p name="pointer"/>
    </f>
  </s>
  <s name="stabTF">
    <f name="0">
      <p name="pointer"  pointer="43/swingPF/0/weapon"/>
    </f>
    <f name="1">
      <p name="pointer"  pointer="43/swingPF/1/weapon"/>
    </f>
    <f name="2">
      <p name="43"  origin_x="12" origin_y="5" navel_x="27" navel_y="17" z="weaponOverBody" image="43.stabTF.2.weapon.png"/>
    </f>
    <f name="3">
      <p name="pointer"  pointer="43/stabT1/2/weapon"/>
    </f>
    <f name="image*">
      <p name="pointer"/>
    </f>
  </s>
  <s name="shoot2">
    <f name="0">
      <p name="46"  origin_x="13" origin_y="5" navel_x="12" navel_y="52" z="weapon" image="46.shoot2.0.weapon.png"/>
    </f>
    <f name="1">
      <p name="46"  origin_x="13" origin_y="5" navel_x="13" navel_y="52" z="weapon" image="46.shoot2.1.weapon.png"/>
    </f>
    <f name="2">
      <p name="46"  origin_x="13" origin_y="5" navel_x="14" navel_y="47" z="weapon" image="46.shoot2.2.weapon.png"/>
    </f>
    <f name="3">
      <p name="46"  origin_x="13" origin_y="5" navel_x="12" navel_y="47" z="weapon" image="46.shoot2.3.weapon.png"/>
    </f>
    <f name="4">
      <p name="46"  origin_x="13" origin_y="5" navel_x="13" navel_y="52" z="weapon" image="46.shoot2.4.weapon.png"/>
    </f>
  </s>
</i>
