  <i name="2100000">
  <i name="effect">
    <i name="0">
      <i name="origin">
        <i name="x" value="26"/>
        <i name="y" value="20"/>
      </i>
      <i name="delay" value="100"/>
      <i name="image" value="2100000.effect.0.png"/>
    </i>
    <i name="1">
      <i name="origin">
        <i name="x" value="12"/>
        <i name="y" value="29"/>
      </i>
      <i name="delay" value="100"/>
      <i name="image" value="2100000.effect.1.png"/>
    </i>
    <i name="2">
      <i name="origin">
        <i name="x" value="-4"/>
        <i name="y" value="35"/>
      </i>
      <i name="delay" value="200"/>
      <i name="image" value="2100000.effect.2.png"/>
    </i>
    <i name="3">
      <i name="origin">
        <i name="x" value="27"/>
        <i name="y" value="32"/>
      </i>
      <i name="delay" value="100"/>
      <i name="image" value="2100000.effect.3.png"/>
    </i>
    <i name="4">
      <i name="origin">
        <i name="x" value="20"/>
        <i name="y" value="20"/>
      </i>
      <i name="delay" value="100"/>
      <i name="image" value="2100000.effect.4.png"/>
    </i>
    <i name="5">
      <i name="origin">
        <i name="x" value="-5"/>
        <i name="y" value="27"/>
      </i>
      <i name="delay" value="100"/>
      <i name="image" value="2100000.effect.5.png"/>
    </i>
  </i>
  </i>
