  <i name="02070009">
  <i name="info">
    <i name="icon">
      <i name="origin">
        <i name="x" value="-4"/>
        <i name="y" value="31"/>
      </i>
      <i name="z" value="0"/>
      <i name="image" value="02070009.info.icon.png"/>
    </i>
    <i name="iconRaw">
      <i name="origin">
        <i name="x" value="-4"/>
        <i name="y" value="31"/>
      </i>
      <i name="z" value="0"/>
      <i name="image" value="02070009.info.iconRaw.png"/>
    </i>
    <i name="price" value="500"/>
    <i name="slotMax" value="800"/>
    <i name="unitPrice" value="1.0"/>
    <i name="incPAD" value="19"/>
    <i name="reqLevel" value="10"/>
  </i>
  <i name="bullet">
    <i name="0">
      <i name="origin">
        <i name="x" value="12"/>
        <i name="y" value="11"/>
      </i>
      <i name="image" value="02070009.bullet.0.png"/>
    </i>
    <i name="1">
      <i name="origin">
        <i name="x" value="13"/>
        <i name="y" value="11"/>
      </i>
      <i name="image" value="02070009.bullet.1.png"/>
    </i>
    <i name="2">
      <i name="origin">
        <i name="x" value="13"/>
        <i name="y" value="11"/>
      </i>
      <i name="image" value="02070009.bullet.2.png"/>
    </i>
  </i>
  </i>
