<i name="5000010">
<i name="stand0">
<i name="0">
<i name="origin">
<i name="x" value="13"/>
<i name="y" value="56"/>
</i>
<i name="image" value="5000010.stand0.0.png"/>
</i>
<i name="1">
<i name="pointer" value="5000010/stand0/0"/>
</i>
<i name="2">
<i name="pointer" value="5000010/stand0/0"/>
</i>
</i>
<i name="stand1">
<i name="0">
<i name="origin">
<i name="x" value="13"/>
<i name="y" value="56"/>
</i>
<i name="image" value="5000010.stand1.0.png"/>
</i>
<i name="1">
<i name="pointer" value="5000010/stand1/0"/>
</i>
<i name="2">
<i name="pointer" value="5000010/stand1/0"/>
</i>
<i name="3">
<i name="pointer" value="5000010/stand1/0"/>
</i>
<i name="4">
<i name="pointer" value="5000010/stand1/0"/>
</i>
</i>
<i name="rest0">
<i name="0">
<i name="origin">
<i name="x" value="11"/>
<i name="y" value="56"/>
</i>
<i name="image" value="5000010.rest0.0.png"/>
</i>
<i name="1">
<i name="pointer" value="5000010/rest0/0"/>
</i>
<i name="2">
<i name="pointer" value="5000010/rest0/0"/>
</i>
</i>
<i name="move">
<i name="0">
<i name="origin">
<i name="x" value="13"/>
<i name="y" value="56"/>
</i>
<i name="image" value="5000010.move.0.png"/>
</i>
<i name="1">
<i name="origin">
<i name="x" value="13"/>
<i name="y" value="57"/>
</i>
<i name="image" value="5000010.move.1.png"/>
</i>
<i name="2">
<i name="origin">
<i name="x" value="13"/>
<i name="y" value="56"/>
</i>
<i name="image" value="5000010.move.2.png"/>
</i>
<i name="3">
<i name="origin">
<i name="x" value="13"/>
<i name="y" value="57"/>
</i>
<i name="image" value="5000010.move.3.png"/>
</i>
<i name="4">
<i name="origin">
<i name="x" value="13"/>
<i name="y" value="56"/>
</i>
<i name="image" value="5000010.move.4.png"/>
</i>
</i>
<i name="jump">
<i name="0">
<i name="origin">
<i name="x" value="17"/>
<i name="y" value="63"/>
</i>
<i name="image" value="5000010.jump.0.png"/>
</i>
</i>
<i name="hungry">
<i name="0">
<i name="origin">
<i name="x" value="19"/>
<i name="y" value="53"/>
</i>
<i name="image" value="5000010.hungry.0.png"/>
</i>
</i>
<i name="angry">
<i name="0">
<i name="origin">
<i name="x" value="18"/>
<i name="y" value="58"/>
</i>
<i name="image" value="5000010.angry.0.png"/>
</i>
</i>
<i name="chat">
<i name="0">
<i name="origin">
<i name="x" value="13"/>
<i name="y" value="56"/>
</i>
<i name="image" value="5000010.chat.0.png"/>
</i>
<i name="1">
<i name="origin">
<i name="x" value="13"/>
<i name="y" value="56"/>
</i>
<i name="image" value="5000010.chat.1.png"/>
</i>
<i name="2">
<i name="pointer" value="5000010/chat/0"/>
</i>
<i name="3">
<i name="pointer" value="5000010/chat/1"/>
</i>
<i name="4">
<i name="pointer" value="5000010/chat/0"/>
</i>
<i name="5">
<i name="pointer" value="5000010/chat/1"/>
</i>
<i name="6">
<i name="pointer" value="5000010/chat/0"/>
</i>
<i name="7">
<i name="pointer" value="5000010/chat/1"/>
</i>
</i>
<i name="hang">
<i name="0">
<i name="origin">
<i name="x" value="10"/>
<i name="y" value="67"/>
</i>
<i name="image" value="5000010.hang.0.png"/>
</i>
</i>
<i name="smile">
<i name="0">
<i name="origin">
<i name="x" value="13"/>
<i name="y" value="56"/>
</i>
<i name="image" value="5000010.smile.0.png"/>
</i>
</i>
<i name="dung">
<i name="0">
<i name="origin">
<i name="x" value="18"/>
<i name="y" value="58"/>
</i>
<i name="image" value="5000010.dung.0.png"/>
</i>
</i>
<i name="stunned">
<i name="0">
<i name="origin">
<i name="x" value="18"/>
<i name="y" value="58"/>
</i>
<i name="image" value="5000010.stunned.0.png"/>
</i>
</i>
<i name="belch">
<i name="0">
<i name="origin">
<i name="x" value="14"/>
<i name="y" value="61"/>
</i>
<i name="image" value="5000010.belch.0.png"/>
</i>
</i>
<i name="sleep">
<i name="0">
<i name="origin">
<i name="x" value="19"/>
<i name="y" value="53"/>
</i>
<i name="image" value="5000010.sleep.0.png"/>
</i>
<i name="1">
<i name="origin">
<i name="x" value="19"/>
<i name="y" value="52"/>
</i>
<i name="image" value="5000010.sleep.1.png"/>
</i>
<i name="2">
<i name="pointer" value="5000010/sleep/0"/>
</i>
<i name="3">
<i name="pointer" value="5000010/sleep/1"/>
</i>
<i name="4">
<i name="pointer" value="5000010/sleep/0"/>
</i>
<i name="5">
<i name="pointer" value="5000010/sleep/1"/>
</i>
<i name="6">
<i name="pointer" value="5000010/sleep/0"/>
</i>
<i name="7">
<i name="pointer" value="5000010/sleep/1"/>
</i>
</i>
<i name="deride">
<i name="0">
<i name="origin">
<i name="x" value="19"/>
<i name="y" value="53"/>
</i>
<i name="image" value="5000010.deride.0.png"/>
</i>
<i name="1">
<i name="origin">
<i name="x" value="19"/>
<i name="y" value="52"/>
</i>
<i name="image" value="5000010.deride.1.png"/>
</i>
<i name="2">
<i name="pointer" value="5000010/deride/0"/>
</i>
<i name="3">
<i name="pointer" value="5000010/deride/1"/>
</i>
<i name="4">
<i name="pointer" value="5000010/deride/0"/>
</i>
<i name="5">
<i name="pointer" value="5000010/deride/1"/>
</i>
<i name="6">
<i name="pointer" value="5000010/deride/0"/>
</i>
<i name="7">
<i name="pointer" value="5000010/deride/1"/>
</i>
<i name="8">
<i name="pointer" value="5000010/deride/0"/>
</i>
<i name="9">
<i name="pointer" value="5000010/deride/1"/>
</i>
<i name="10">
<i name="pointer" value="5000010/deride/0"/>
</i>
<i name="11">
<i name="pointer" value="5000010/deride/1"/>
</i>
<i name="12">
<i name="pointer" value="5000010/deride/0"/>
</i>
<i name="13">
<i name="pointer" value="5000010/deride/1"/>
</i>
<i name="14">
<i name="pointer" value="5000010/deride/0"/>
</i>
<i name="15">
<i name="pointer" value="5000010/deride/1"/>
</i>
</i>
<i name="cry">
<i name="0">
<i name="origin">
<i name="x" value="19"/>
<i name="y" value="53"/>
</i>
<i name="image" value="5000010.cry.0.png"/>
</i>
<i name="1">
<i name="pointer" value="5000010/cry/0"/>
</i>
<i name="2">
<i name="pointer" value="5000010/cry/0"/>
</i>
<i name="3">
<i name="pointer" value="5000010/cry/0"/>
</i>
<i name="4">
<i name="pointer" value="5000010/cry/0"/>
</i>
<i name="5">
<i name="pointer" value="5000010/cry/0"/>
</i>
</i>
<i name="fly">
<i name="0">
<i name="origin">
<i name="x" value="17"/>
<i name="y" value="63"/>
</i>
<i name="image" value="5000010.fly.0.png"/>
</i>
<i name="1">
<i name="origin">
<i name="x" value="17"/>
<i name="y" value="64"/>
</i>
<i name="image" value="5000010.fly.1.png"/>
</i>
</i>
</i>