<i>
<s name="info">
<f name="icon" ><p name="info"  image="info.icon.png"/></f><f name="iconRaw" ><p name="info"  origin_x="1" origin_y="31" image="info.iconRaw.png"/></f><p name="reqJob" v="1"/></s>

<s name="walk1">
<f name="0" ><p name="walk1"  origin_x="83" origin_y="14" hand_x="20" hand_y="1" z="weapon" image="walk1.0.weapon.png"/></f>
<f name="1" ><p name="walk1"  origin_x="83" origin_y="9" hand_x="19" hand_y="7" z="weapon" image="walk1.1.weapon.png"/></f>
<f name="2" ><p name="pointer"  pointer="walk1/0/weapon"/></f>
<f name="3" ><p name="walk1"  origin_x="83" origin_y="15" hand_x="20" hand_y="1" z="weapon" image="walk1.3.weapon.png"/></f></s>

<s name="stand2">
<f name="0" ><p name="stand2"  origin_x="37" origin_y="21" hand_x="-14" hand_y="48" z="weaponOverArm" image="stand2.0.weapon.png"/></f>
<f name="1" ><p name="pointer"  pointer="stand2/0/weapon"/></f><f name="2" ><p name="pointer"  pointer="stand2/0/weapon"/></f></s>

<s name="alert">
<f name="0" ><p name="alert"  origin_x="77" origin_y="33" hand_x="23" hand_y="4" z="weaponOverHand" image="alert.0.weapon.png"/></f>
<f name="1" ><p name="alert"  origin_x="77" origin_y="33" hand_x="22" hand_y="3" z="weaponOverHand" image="alert.1.weapon.png"/></f>
<f name="2" ><p name="alert"  origin_x="77" origin_y="33" hand_x="23" hand_y="2" z="weaponOverHand" image="alert.2.weapon.png"/></f></s>

<s name="swingT1">
<f name="0" ><p name="swingT1"  origin_x="21" origin_y="21" navel_x="-12" navel_y="40" z="weaponBelowArm" image="swingT1.0.weapon.png"/></f>
<f name="1" ><p name="swingT1"  origin_x="8" origin_y="43" navel_x="17" navel_y="75" z="weaponBelowArm" image="swingT1.1.weapon.png"/></f>
<f name="2" ><p name="swingT1"  origin_x="34" origin_y="0" navel_x="79" navel_y="1" z="weaponBelowBody" image="swingT1.2.weapon.png"/></f></s>

<s name="swingT2">
<f name="0" ><p name="swingT2"  origin_x="15" origin_y="35" navel_x="-4" navel_y="78" z="weaponBelowBody" image="swingT2.0.weapon.png"/></f>
<f name="1" ><p name="swingT2"  origin_x="26" origin_y="28" navel_x="25" navel_y="79" z="weaponOverBody" image="swingT2.1.weapon.png"/></f>
<f name="2" ><p name="swingT2"  origin_x="46" origin_y="3" navel_x="48" navel_y="1" z="weaponOverBody" image="swingT2.2.weapon.png"/></f></s>

<s name="swingT3">
<f name="0" ><p name="swingT3"  origin_x="26" origin_y="1" navel_x="-6" navel_y="11" z="weaponOverBody" image="swingT3.0.weapon.png"/></f>
<f name="1" ><p name="swingT3"  origin_x="22" origin_y="-1" navel_x="-6" navel_y="9" z="weaponOverBody" image="swingT3.1.weapon.png"/></f>
<f name="2" ><p name="swingT3"  origin_x="9" origin_y="43" navel_x="35" navel_y="74" z="weaponBelowBody" image="swingT3.2.weapon.png"/></f></s>

<s name="swingTF">
<f name="0" ><p name="swingTF"  origin_x="-12" origin_y="46" navel_x="28" navel_y="79" z="backWeapon" image="swingTF.0.weapon.png"/></f>
<f name="1" ><p name="swingTF"  origin_x="27" origin_y="23" navel_x="3" navel_y="90" z="weaponBelowBody" image="swingTF.1.weapon.png"/></f>
<f name="2" ><p name="swingTF"  origin_x="20" origin_y="12" navel_x="6" navel_y="85" z="weaponBelowArm" image="swingTF.2.weapon.png"/></f>
<f name="3" ><p name="swingTF"  origin_x="34" origin_y="-1" navel_x="82" navel_y="2" z="weaponBelowBody" image="swingTF.3.weapon.png"/></f></s>

<s name="stabO1">
<f name="0" ><p name="stabO1"  origin_x="67" origin_y="12" navel_x="20" navel_y="0" z="weapon" image="stabO1.0.weapon.png"/></f>
<f name="1" ><p name="stabO1"  origin_x="67" origin_y="16" navel_x="60" navel_y="6" z="weaponBelowBody" image="stabO1.1.weapon.png"/></f></s>

<s name="stabO2">
<f name="0" ><p name="stabO2"  origin_x="70" origin_y="16" navel_x="22" navel_y="9" z="weapon" image="stabO2.0.weapon.png"/></f>
<f name="1" ><p name="stabO2"  origin_x="68" origin_y="12" navel_x="57" navel_y="9" z="weapon" image="stabO2.1.weapon.png"/></f></s>

<s name="stabOF">
<f name="0" ><p name="stabOF"  origin_x="69" origin_y="12" navel_x="26" navel_y="4" z="weapon" image="stabOF.0.weapon.png"/></f>
<f name="1" ><p name="stabOF"  origin_x="68" origin_y="12" navel_x="23" navel_y="1" z="weapon" image="stabOF.1.weapon.png"/></f>
<f name="2" ><p name="stabOF"  origin_x="70" origin_y="12" navel_x="60" navel_y="9" z="weapon" image="stabOF.2.weapon.png"/></f></s>

<s name="proneStab">
<f name="0" ><p name="proneStab"  origin_x="63" origin_y="10" navel_x="49" navel_y="6" z="weaponBelowArm" image="proneStab.0.weapon.png"/></f>
<f name="1" ><p name="proneStab"  origin_x="64" origin_y="10" navel_x="63" navel_y="6" z="weaponBelowArm" image="proneStab.1.weapon.png"/></f></s>

<s name="prone">
<f name="0" ><p name="pointer"  pointer="proneStab/0/weapon"/></f></s>

<s name="fly">
<f name="0" ><p name="fly"  origin_x="29" origin_y="28" navel_x="-10" navel_y="49" z="weaponOverArm" image="fly.0.weapon.png"/></f><f name="1" ><p name="pointer"  pointer="fly/0/weapon"/></f></s>

<s name="jump">
<f name="0" ><p name="jump"  origin_x="29" origin_y="28" navel_x="-11" navel_y="48" z="weaponOverArm" image="jump.0.weapon.png"/></f></s>

<s name="ladder">
<f name="0" ><p name="ladder"  origin_x="12" origin_y="5" navel_x="22" navel_y="30" z="backWeaponOverShield" image="ladder.0.weapon.png"/></f>
<f name="1" ><p name="ladder"  origin_x="12" origin_y="5" navel_x="21" navel_y="30" z="backWeaponOverShield" image="ladder.1.weapon.png"/></f></s>

<s name="rope">
<f name="0" ><p name="rope"  origin_x="12" origin_y="5" navel_x="22" navel_y="28" z="backWeaponOverShield" image="rope.0.weapon.png"/></f>
<f name="1" ><p name="rope"  origin_x="12" origin_y="5" navel_x="21" navel_y="32" z="backWeaponOverShield" image="rope.1.weapon.png"/></f></s>
</i>
