  <i name="3001005">
  <i name="hit">
    <i name="0">
      <i name="0">
        <i name="origin">
          <i name="x" value="29"/>
          <i name="y" value="28"/>
        </i>
        <i name="z" value="0"/>
        <i name="delay" value="60"/>
        <i name="image" value="3001005.hit.0.0.png"/>
      </i>
      <i name="1">
        <i name="origin">
          <i name="x" value="33"/>
          <i name="y" value="35"/>
        </i>
        <i name="z" value="0"/>
        <i name="delay" value="60"/>
        <i name="image" value="3001005.hit.0.1.png"/>
      </i>
      <i name="2">
        <i name="origin">
          <i name="x" value="38"/>
          <i name="y" value="35"/>
        </i>
        <i name="z" value="0"/>
        <i name="delay" value="60"/>
        <i name="image" value="3001005.hit.0.2.png"/>
      </i>
    </i>
  </i>
  </i>
