<i>
  <s name="info">
    <f name="icon">
      <p name="info"  image="info.icon.png"/>
    </f>
    <f name="iconRaw">
      <p name="info"  origin_x="-2" origin_y="31" image="info.iconRaw.png"/>
    </f>
    <p name="reqJob" v="0"/>
  </s>
  <s name="walk1">
    <f name="0">
      <p name="walk1"  origin_x="5" origin_y="5" navel_x="-9" navel_y="-14" z="shoes" image="walk1.0.shoes.png"/>
    </f>
    <f name="1">
      <p name="walk1"  origin_x="13" origin_y="5" navel_x="-3" navel_y="-15" z="shoes" image="walk1.1.shoes.png"/>
    </f>
    <f name="2">
      <p name="walk1"  origin_x="6" origin_y="5" navel_x="-4" navel_y="-17" z="shoes" image="walk1.2.shoes.png"/>
    </f>
    <f name="3">
      <p name="walk1"  origin_x="11" origin_y="5" navel_x="-2" navel_y="-12" z="shoes" image="walk1.3.shoes.png"/>
    </f>
  </s>
  <s name="walk2">
    <f name="0">
      <p name="pointer"  pointer="walk1/0/shoes"/>
    </f>
    <f name="1">
      <p name="pointer"  pointer="walk1/1/shoes"/>
    </f>
    <f name="2">
      <p name="pointer"  pointer="walk1/2/shoes"/>
    </f>
    <f name="3">
      <p name="pointer"  pointer="walk1/3/shoes"/>
    </f>
  </s>
  <s name="stand1">
    <f name="0">
      <p name="stand1"  origin_x="10" origin_y="5" navel_x="-3" navel_y="-17" z="shoes" image="stand1.0.shoes.png"/>
    </f>
    <f name="1">
      <p name="stand1"  origin_x="10" origin_y="5" navel_x="-2" navel_y="-16" z="shoes" image="stand1.1.shoes.png"/>
    </f>
    <f name="2">
      <p name="stand1"  origin_x="10" origin_y="5" navel_x="-1" navel_y="-17" z="shoes" image="stand1.2.shoes.png"/>
    </f>
  </s>
  <s name="stand2">
    <f name="0">
      <p name="pointer"  pointer="stand1/0/shoes"/>
    </f>
    <f name="1">
      <p name="pointer"  pointer="stand1/1/shoes"/>
    </f>
    <f name="2">
      <p name="pointer"  pointer="stand1/2/shoes"/>
    </f>
  </s>
  <s name="alert">
    <f name="0">
      <p name="alert"  origin_x="12" origin_y="5" navel_x="1" navel_y="-16" z="shoes" image="alert.0.shoes.png"/>
    </f>
    <f name="1">
      <p name="alert"  origin_x="12" origin_y="5" navel_x="1" navel_y="-16" z="shoes" image="alert.1.shoes.png"/>
    </f>
    <f name="2">
      <p name="alert"  origin_x="12" origin_y="5" navel_x="1" navel_y="-17" z="shoes" image="alert.2.shoes.png"/>
    </f>
  </s>
  <s name="swingO1">
    <f name="0">
      <p name="swingO1"  origin_x="11" origin_y="5" navel_x="-1" navel_y="-12" z="shoes" image="swingO1.0.shoes.png"/>
    </f>
    <f name="1">
      <p name="swingO1"  origin_x="14" origin_y="5" navel_x="-11" navel_y="-16" z="shoes" image="swingO1.1.shoes.png"/>
    </f>
    <f name="2">
      <p name="swingO1"  origin_x="14" origin_y="5" navel_x="-6" navel_y="-13" z="shoes" image="swingO1.2.shoes.png"/>
    </f>
  </s>
  <s name="swingO2">
    <f name="0">
      <p name="swingO2"  origin_x="11" origin_y="5" navel_x="0" navel_y="-16" z="shoes" image="swingO2.0.shoes.png"/>
    </f>
    <f name="1">
      <p name="swingO2"  origin_x="11" origin_y="5" navel_x="2" navel_y="-15" z="shoes" image="swingO2.1.shoes.png"/>
    </f>
    <f name="2">
      <p name="swingO2"  origin_x="14" origin_y="5" navel_x="-2" navel_y="-13" z="shoes" image="swingO2.2.shoes.png"/>
    </f>
  </s>
  <s name="swingO3">
    <f name="0">
      <p name="swingO3"  origin_x="11" origin_y="5" navel_x="-3" navel_y="-12" z="shoes" image="swingO3.0.shoes.png"/>
    </f>
    <f name="1">
      <p name="swingO3"  origin_x="11" origin_y="5" navel_x="-9" navel_y="-13" z="shoes" image="swingO3.1.shoes.png"/>
    </f>
    <f name="2">
      <p name="swingO3"  origin_x="14" origin_y="5" navel_x="-8" navel_y="-12" z="shoes" image="swingO3.2.shoes.png"/>
    </f>
  </s>
  <s name="swingOF">
    <f name="0">
      <p name="swingOF"  origin_x="11" origin_y="5" navel_x="3" navel_y="-14" z="shoes" image="swingOF.0.shoes.png"/>
    </f>
    <f name="1">
      <p name="swingOF"  origin_x="11" origin_y="5" navel_x="-2" navel_y="-15" z="backShoes" image="swingOF.1.shoes.png"/>
    </f>
    <f name="2">
      <p name="swingOF"  origin_x="14" origin_y="5" navel_x="-17" navel_y="-8" z="shoes" image="swingOF.2.shoes.png"/>
    </f>
    <f name="3">
      <p name="swingOF"  origin_x="14" origin_y="5" navel_x="-3" navel_y="-8" z="shoes" image="swingOF.3.shoes.png"/>
    </f>
  </s>
  <s name="swingT1">
    <f name="0">
      <p name="swingT1"  origin_x="11" origin_y="5" navel_x="0" navel_y="-17" z="shoes" image="swingT1.0.shoes.png"/>
    </f>
    <f name="1">
      <p name="swingT1"  origin_x="11" origin_y="5" navel_x="1" navel_y="-15" z="shoes" image="swingT1.1.shoes.png"/>
    </f>
    <f name="2">
      <p name="swingT1"  origin_x="11" origin_y="5" navel_x="-1" navel_y="-13" z="shoes" image="swingT1.2.shoes.png"/>
    </f>
  </s>
  <s name="swingT2">
    <f name="0">
      <p name="swingT2"  origin_x="11" origin_y="5" navel_x="4" navel_y="-10" z="shoes" image="swingT2.0.shoes.png"/>
    </f>
    <f name="1">
      <p name="swingT2"  origin_x="11" origin_y="5" navel_x="0" navel_y="-14" z="shoes" image="swingT2.1.shoes.png"/>
    </f>
    <f name="2">
      <p name="swingT2"  origin_x="11" origin_y="5" navel_x="0" navel_y="-12" z="shoes" image="swingT2.2.shoes.png"/>
    </f>
  </s>
  <s name="swingT3">
    <f name="0">
      <p name="swingT3"  origin_x="11" origin_y="5" navel_x="2" navel_y="-14" z="shoes" image="swingT3.0.shoes.png"/>
    </f>
    <f name="1">
      <p name="swingT3"  origin_x="11" origin_y="5" navel_x="-7" navel_y="-12" z="shoes" image="swingT3.1.shoes.png"/>
    </f>
    <f name="2">
      <p name="swingT3"  origin_x="11" origin_y="5" navel_x="0" navel_y="-13" z="shoes" image="swingT3.2.shoes.png"/>
    </f>
  </s>
  <s name="swingTF">
    <f name="0">
      <p name="swingTF"  origin_x="11" origin_y="5" navel_x="-9" navel_y="-14" z="backShoes" image="swingTF.0.shoes.png"/>
    </f>
    <f name="1">
      <p name="swingTF"  origin_x="11" origin_y="5" navel_x="-4" navel_y="-14" z="shoes" image="swingTF.1.shoes.png"/>
    </f>
    <f name="2">
      <p name="swingTF"  origin_x="11" origin_y="5" navel_x="-5" navel_y="-12" z="shoes" image="swingTF.2.shoes.png"/>
    </f>
    <f name="3">
      <p name="swingTF"  origin_x="11" origin_y="5" navel_x="1" navel_y="-11" z="shoes" image="swingTF.3.shoes.png"/>
    </f>
  </s>
  <s name="swingP1">
    <f name="0">
      <p name="swingP1"  origin_x="11" origin_y="5" navel_x="1" navel_y="-16" z="shoes" image="swingP1.0.shoes.png"/>
    </f>
    <f name="1">
      <p name="swingP1"  origin_x="11" origin_y="5" navel_x="1" navel_y="-14" z="shoes" image="swingP1.1.shoes.png"/>
    </f>
    <f name="2">
      <p name="swingP1"  origin_x="11" origin_y="5" navel_x="-1" navel_y="-12" z="shoes" image="swingP1.2.shoes.png"/>
    </f>
  </s>
  <s name="swingP2">
    <f name="0">
      <p name="swingP2"  origin_x="11" origin_y="5" navel_x="0" navel_y="-15" z="shoes" image="swingP2.0.shoes.png"/>
    </f>
    <f name="1">
      <p name="swingP2"  origin_x="11" origin_y="5" navel_x="1" navel_y="-15" z="shoes" image="swingP2.1.shoes.png"/>
    </f>
    <f name="2">
      <p name="swingP2"  origin_x="11" origin_y="5" navel_x="0" navel_y="-12" z="shoes" image="swingP2.2.shoes.png"/>
    </f>
  </s>
  <s name="swingPF">
    <f name="0">
      <p name="swingPF"  origin_x="11" origin_y="5" navel_x="1" navel_y="-10" z="shoes" image="swingPF.0.shoes.png"/>
    </f>
    <f name="1">
      <p name="swingPF"  origin_x="11" origin_y="5" navel_x="0" navel_y="-10" z="shoes" image="swingPF.1.shoes.png"/>
    </f>
    <f name="2">
      <p name="swingPF"  origin_x="11" origin_y="5" navel_x="-1" navel_y="-15" z="shoes" image="swingPF.2.shoes.png"/>
    </f>
    <f name="3">
      <p name="swingPF"  origin_x="11" origin_y="5" navel_x="-1" navel_y="-13" z="shoes" image="swingPF.3.shoes.png"/>
    </f>
  </s>
  <s name="stabO1">
    <f name="0">
      <p name="stabO1"  origin_x="11" origin_y="5" navel_x="9" navel_y="-15" z="shoes" image="stabO1.0.shoes.png"/>
    </f>
    <f name="1">
      <p name="stabO1"  origin_x="11" origin_y="5" navel_x="0" navel_y="-11" z="shoes" image="stabO1.1.shoes.png"/>
    </f>
  </s>
  <s name="stabO2">
    <f name="0">
      <p name="stabO2"  origin_x="11" origin_y="5" navel_x="2" navel_y="-17" z="shoes" image="stabO2.0.shoes.png"/>
    </f>
    <f name="1">
      <p name="stabO2"  origin_x="11" origin_y="5" navel_x="-1" navel_y="-13" z="shoes" image="stabO2.1.shoes.png"/>
    </f>
  </s>
  <s name="stabOF">
    <f name="0">
      <p name="stabOF"  origin_x="11" origin_y="5" navel_x="-1" navel_y="-10" z="shoes" image="stabOF.0.shoes.png"/>
    </f>
    <f name="1">
      <p name="stabOF"  origin_x="11" origin_y="5" navel_x="9" navel_y="-13" z="shoes" image="stabOF.1.shoes.png"/>
    </f>
    <f name="2">
      <p name="stabOF"  origin_x="11" origin_y="5" navel_x="1" navel_y="-11" z="shoes" image="stabOF.2.shoes.png"/>
    </f>
  </s>
  <s name="stabT1">
    <f name="0">
      <p name="stabT1"  origin_x="11" origin_y="5" navel_x="5" navel_y="-15" z="shoes" image="stabT1.0.shoes.png"/>
    </f>
    <f name="1">
      <p name="stabT1"  origin_x="11" origin_y="5" navel_x="-4" navel_y="-14" z="shoes" image="stabT1.1.shoes.png"/>
    </f>
    <f name="2">
      <p name="stabT1"  origin_x="11" origin_y="5" navel_x="2" navel_y="-10" z="shoes" image="stabT1.2.shoes.png"/>
    </f>
  </s>
  <s name="stabT2">
    <f name="0">
      <p name="stabT2"  origin_x="11" origin_y="5" navel_x="-1" navel_y="-14" z="shoes" image="stabT2.0.shoes.png"/>
    </f>
    <f name="1">
      <p name="stabT2"  origin_x="11" origin_y="5" navel_x="-1" navel_y="-12" z="shoes" image="stabT2.1.shoes.png"/>
    </f>
    <f name="2">
      <p name="stabT2"  origin_x="11" origin_y="5" navel_x="4" navel_y="-11" z="shoes" image="stabT2.2.shoes.png"/>
    </f>
  </s>
  <s name="stabTF">
    <f name="0">
      <p name="pointer"  pointer="swingPF/0/shoes"/>
    </f>
    <f name="1">
      <p name="pointer"  pointer="swingPF/1/shoes"/>
    </f>
    <f name="2">
      <p name="stabTF"  origin_x="11" origin_y="5" navel_x="-1" navel_y="-15" z="shoes" image="stabTF.2.shoes.png"/>
    </f>
    <f name="3">
      <p name="pointer"  pointer="stabT1/2/shoes"/>
    </f>
  </s>
  <s name="shoot1">
    <f name="0">
      <p name="shoot1"  origin_x="13" origin_y="5" navel_x="0" navel_y="-16" z="shoes" image="shoot1.0.shoes.png"/>
    </f>
    <f name="1">
      <p name="pointer"  pointer="shoot1/0/shoes"/>
    </f>
    <f name="2">
      <p name="pointer"  pointer="shoot1/0/shoes"/>
    </f>
  </s>
  <s name="shoot2">
    <f name="0">
      <p name="shoot2"  origin_x="11" origin_y="5" navel_x="0" navel_y="-15" z="shoes" image="shoot2.0.shoes.png"/>
    </f>
    <f name="1">
      <p name="pointer"  pointer="shoot2/0/shoes"/>
    </f>
    <f name="2">
      <p name="pointer"  pointer="shoot2/0/shoes"/>
    </f>
    <f name="3">
      <p name="pointer"  pointer="shoot2/0/shoes"/>
    </f>
    <f name="4">
      <p name="pointer"  pointer="shoot2/0/shoes"/>
    </f>
  </s>
  <s name="shootF">
    <f name="0">
      <p name="shootF"  origin_x="11" origin_y="5" navel_x="4" navel_y="-16" z="shoes" image="shootF.0.shoes.png"/>
    </f>
    <f name="1">
      <p name="shootF"  origin_x="11" origin_y="5" navel_x="5" navel_y="-15" z="shoes" image="shootF.1.shoes.png"/>
    </f>
    <f name="2">
      <p name="pointer"  pointer="shootF/1/shoes"/>
    </f>
  </s>
  <s name="proneStab">
    <f name="0">
      <p name="proneStab"  origin_x="5" origin_y="3" navel_x="-16" navel_y="0" z="shoes" image="proneStab.0.shoes.png"/>
    </f>
    <f name="1">
      <p name="pointer"  pointer="proneStab/0/shoes"/>
    </f>
  </s>
  <s name="prone">
    <f name="0">
      <p name="pointer"  pointer="proneStab/0/shoes"/>
    </f>
  </s>
  <s name="heal">
    <f name="0">
      <p name="pointer"  pointer="alert/1/shoes"/>
    </f>
    <f name="1">
      <p name="pointer"  pointer="swingO2/1/shoes"/>
    </f>
    <f name="2">
      <p name="pointer"  pointer="swingO2/0/shoes"/>
    </f>
  </s>
  <s name="fly">
    <f name="0">
      <p name="fly"  origin_x="13" origin_y="5" navel_x="-15" navel_y="-10" z="shoes" image="fly.0.shoes.png"/>
    </f>
    <f name="1">
      <p name="fly"  origin_x="13" origin_y="5" navel_x="-18" navel_y="-15" z="shoes" image="fly.1.shoes.png"/>
    </f>
  </s>
  <s name="jump">
    <f name="0">
      <p name="jump"  origin_x="17" origin_y="6" navel_x="0" navel_y="-11" z="shoes" image="jump.0.shoes.png"/>
    </f>
  </s>
  <s name="sit">
    <f name="0">
      <p name="sit"  origin_x="17" origin_y="6" navel_x="0" navel_y="-13" z="shoes" image="sit.0.shoes.png"/>
    </f>
  </s>
  <s name="ladder">
    <f name="0">
      <p name="ladder"  origin_x="8" origin_y="6" navel_x="0" navel_y="-15" z="backShoes" image="ladder.0.shoes.png"/>
    </f>
    <f name="1">
      <p name="ladder"  origin_x="8" origin_y="6" navel_x="0" navel_y="-15" z="backShoes" image="ladder.1.shoes.png"/>
    </f>
  </s>
  <s name="rope">
    <f name="0">
      <p name="rope"  origin_x="7" origin_y="5" navel_x="0" navel_y="-17" z="backShoes" image="rope.0.shoes.png"/>
    </f>
    <f name="1">
      <p name="rope"  origin_x="9" origin_y="5" navel_x="-2" navel_y="-13" z="backShoes" image="rope.1.shoes.png"/>
    </f>
  </s>
</i>
