  <i name="4201005">
  <i name="effect">
    <i name="0">
      <i name="origin">
        <i name="x" value="67"/>
        <i name="y" value="90"/>
      </i>
      <i name="delay" value="250"/>
      <i name="a0" value="0"/>
      <i name="a1" value="255"/>
      <i name="image" value="4201005.effect.0.png"/>
    </i>
    <i name="1">
      <i name="origin">
        <i name="x" value="82"/>
        <i name="y" value="90"/>
      </i>
      <i name="delay" value="90"/>
      <i name="image" value="4201005.effect.1.png"/>
    </i>
    <i name="2">
      <i name="origin">
        <i name="x" value="81"/>
        <i name="y" value="90"/>
      </i>
      <i name="delay" value="90"/>
      <i name="image" value="4201005.effect.2.png"/>
    </i>
    <i name="3">
      <i name="origin">
        <i name="x" value="67"/>
        <i name="y" value="90"/>
      </i>
      <i name="delay" value="90"/>
      <i name="image" value="4201005.effect.3.png"/>
    </i>
    <i name="4">
      <i name="origin">
        <i name="x" value="79"/>
        <i name="y" value="90"/>
      </i>
      <i name="delay" value="90"/>
      <i name="image" value="4201005.effect.4.png"/>
    </i>
    <i name="5">
      <i name="origin">
        <i name="x" value="79"/>
        <i name="y" value="90"/>
      </i>
      <i name="delay" value="90"/>
      <i name="image" value="4201005.effect.5.png"/>
    </i>
    <i name="6">
      <i name="origin">
        <i name="x" value="67"/>
        <i name="y" value="90"/>
      </i>
      <i name="delay" value="90"/>
      <i name="image" value="4201005.effect.6.png"/>
    </i>
    <i name="7">
      <i name="origin">
        <i name="x" value="67"/>
        <i name="y" value="90"/>
      </i>
      <i name="delay" value="300"/>
      <i name="a0" value="255"/>
      <i name="a1" value="0"/>
      <i name="image" value="4201005.effect.7.png"/>
    </i>
  </i>
  <i name="hit">
    <i name="0">
      <i name="0">
        <i name="origin">
          <i name="x" value="50"/>
          <i name="y" value="-3"/>
        </i>
        <i name="delay" value="80"/>
        <i name="image" value="4201005.hit.0.0.png"/>
      </i>
    </i>
    <i name="1">
      <i name="0">
        <i name="origin">
          <i name="x" value="14"/>
          <i name="y" value="23"/>
        </i>
        <i name="delay" value="80"/>
        <i name="image" value="4201005.hit.1.0.png"/>
      </i>
    </i>
    <i name="2">
      <i name="0">
        <i name="origin">
          <i name="x" value="-14"/>
          <i name="y" value="1"/>
        </i>
        <i name="delay" value="80"/>
        <i name="image" value="4201005.hit.2.0.png"/>
      </i>
    </i>
  </i>
  </i>
