<i>
  <s name="walk1">
    <f name="0">
      <p name="walk1"  origin_x="25" origin_y="7" hand_x="4" hand_y="3" z="weaponBelowArm" image="walk1.0.weapon.png"/>
    </f>
    <f name="1">
      <p name="walk1"  origin_x="25" origin_y="7" hand_x="3" hand_y="6" z="weaponBelowArm" image="walk1.1.weapon.png"/>
    </f>
    <f name="2">
      <p name="walk1"  origin_x="25" origin_y="7" hand_x="4" hand_y="4" z="weaponBelowArm" image="walk1.2.weapon.png"/>
    </f>
    <f name="3">
      <p name="walk1"  origin_x="25" origin_y="7" hand_x="3" hand_y="2" z="weaponBelowArm" image="walk1.3.weapon.png"/>
    </f>
  </s>
  <s name="stand1">
    <f name="0">
      <p name="stand1"  origin_x="25" origin_y="7" hand_x="2" hand_y="0" z="weaponBelowArm" image="stand1.0.weapon.png"/>
    </f>
    <f name="1">
      <p name="pointer"  pointer="stand1/0/weapon"/>
    </f>
    <f name="2">
      <p name="pointer"  pointer="stand1/0/weapon"/>
    </f>
  </s>
  <s name="alert">
    <f name="0">
      <p name="alert"  origin_x="23" origin_y="10" hand_x="7" hand_y="4" z="weaponBelowArm" image="alert.0.weapon.png"/>
    </f>
    <f name="1">
      <p name="alert"  origin_x="23" origin_y="10" hand_x="6" hand_y="3" z="weaponBelowArm" image="alert.1.weapon.png"/>
    </f>
    <f name="2">
      <p name="alert"  origin_x="23" origin_y="10" hand_x="7" hand_y="2" z="weaponBelowArm" image="alert.2.weapon.png"/>
    </f>
  </s>
  <s name="swingO1">
    <f name="0">
      <p name="swingO1"  origin_x="11" origin_y="5" navel_x="-3" navel_y="8" z="weaponBelowBody" image="swingO1.0.weapon.png"/>
    </f>
    <f name="1">
      <p name="swingO1"  origin_x="11" origin_y="5" navel_x="-1" navel_y="5" z="weaponBelowBody" image="swingO1.1.weapon.png"/>
    </f>
    <f name="2">
      <p name="swingO1"  origin_x="11" origin_y="5" navel_x="-24" navel_y="33" z="weaponBelowArm" image="swingO1.2.weapon.png"/>
    </f>
  </s>
  <s name="swingO2">
    <f name="0">
      <p name="swingO2"  origin_x="12" origin_y="5" navel_x="10" navel_y="30" z="weaponBelowBody" image="swingO2.0.weapon.png"/>
    </f>
    <f name="1">
      <p name="swingO2"  origin_x="12" origin_y="5" navel_x="17" navel_y="35" z="weaponBelowBody" image="swingO2.1.weapon.png"/>
    </f>
    <f name="2">
      <p name="swingO2"  origin_x="12" origin_y="5" navel_x="-23" navel_y="-2" z="weaponBelowArm" image="swingO2.2.weapon.png"/>
    </f>
  </s>
  <s name="swingO3">
    <f name="0">
      <p name="swingO3"  origin_x="12" origin_y="5" navel_x="-23" navel_y="36" z="weaponBelowArm" image="swingO3.0.weapon.png"/>
    </f>
    <f name="1">
      <p name="swingO3"  origin_x="12" origin_y="5" navel_x="36" navel_y="8" z="weaponBelowBody" image="swingO3.1.weapon.png"/>
    </f>
    <f name="2">
      <p name="swingO3"  origin_x="12" origin_y="5" navel_x="-8" navel_y="9" z="weaponBelowBody" image="swingO3.2.weapon.png"/>
    </f>
  </s>
  <s name="swingOF">
    <f name="0">
      <p name="swingOF"  origin_x="12" origin_y="5" navel_x="-22" navel_y="6" z="weaponBelowBody" image="swingOF.0.weapon.png"/>
    </f>
    <f name="1">
      <p name="swingOF"  origin_x="12" origin_y="5" navel_x="-3" navel_y="35" z="weaponBelowBody" image="swingOF.1.weapon.png"/>
    </f>
    <f name="2">
      <p name="swingOF"  origin_x="12" origin_y="5" navel_x="-4" navel_y="19" z="weaponBelowBody" image="swingOF.2.weapon.png"/>
    </f>
    <f name="3">
      <p name="swingOF"  origin_x="12" origin_y="5" navel_x="-27" navel_y="25" z="weaponBelowBody" image="swingOF.3.weapon.png"/>
    </f>
  </s>
  <s name="stabO1">
    <f name="0">
      <p name="stabO1"  origin_x="12" origin_y="5" navel_x="2" navel_y="5" z="weaponBelowArm" image="stabO1.0.weapon.png"/>
    </f>
    <f name="1">
      <p name="stabO1"  origin_x="12" origin_y="5" navel_x="42" navel_y="15" z="weaponBelowArm" image="stabO1.1.weapon.png"/>
    </f>
  </s>
  <s name="stabO2">
    <f name="0">
      <p name="stabO2"  origin_x="12" origin_y="5" navel_x="6" navel_y="19" z="weaponBelowArm" image="stabO2.0.weapon.png"/>
    </f>
    <f name="1">
      <p name="stabO2"  origin_x="12" origin_y="5" navel_x="39" navel_y="13" z="weaponBelowArm" image="stabO2.1.weapon.png"/>
    </f>
  </s>
  <s name="stabOF">
    <f name="0">
      <p name="stabOF"  origin_x="12" origin_y="5" navel_x="10" navel_y="8" z="weaponBelowArm" image="stabOF.0.weapon.png"/>
    </f>
    <f name="1">
      <p name="stabOF"  origin_x="12" origin_y="5" navel_x="5" navel_y="4" z="weaponBelowArm" image="stabOF.1.weapon.png"/>
    </f>
    <f name="2">
      <p name="stabOF"  origin_x="12" origin_y="5" navel_x="44" navel_y="14" z="weaponBelowArm" image="stabOF.2.weapon.png"/>
    </f>
  </s>
  <s name="proneStab">
    <f name="0">
      <p name="proneStab"  origin_x="5" origin_y="3" navel_x="33" navel_y="12" z="weaponBelowArm" image="proneStab.0.weapon.png"/>
    </f>
    <f name="1">
      <p name="proneStab"  origin_x="5" origin_y="3" navel_x="48" navel_y="12" z="weaponBelowArm" image="proneStab.1.weapon.png"/>
    </f>
  </s>
  <s name="prone">
    <f name="0">
      <p name="pointer"  pointer="proneStab/0/weapon"/>
    </f>
  </s>
  <s name="heal">
    <f name="0">
      <p name="pointer"  pointer="alert/1/weapon"/>
    </f>
    <f name="1">
      <p name="pointer"  pointer="swingO2/1/weapon"/>
    </f>
    <f name="2">
      <p name="pointer"  pointer="swingO2/0/weapon"/>
    </f>
  </s>
  <s name="fly">
    <f name="0">
      <p name="fly"  origin_x="13" origin_y="5" navel_x="-8" navel_y="33" z="weaponBelowArm" image="fly.0.weapon.png"/>
    </f>
    <f name="1">
      <p name="pointer"  pointer="fly/0/weapon"/>
    </f>
  </s>
  <s name="jump">
    <f name="0">
      <p name="jump"  origin_x="13" origin_y="5" navel_x="-10" navel_y="32" z="weaponBelowArm" image="jump.0.weapon.png"/>
    </f>
  </s>
</i>
