  <i name="5000033">
  <i name="stand0">
    <i name="0">
      <i name="origin">
        <i name="x" value="28"/>
        <i name="y" value="83"/>
      </i>
      <i name="image" value="5000033.stand0.0.png"/>
    </i>
    <i name="1">
      <i name="origin">
        <i name="x" value="28"/>
        <i name="y" value="84"/>
      </i>
      <i name="image" value="5000033.stand0.1.png"/>
    </i>
    <i name="2">
      <i name="origin">
        <i name="x" value="29"/>
        <i name="y" value="86"/>
      </i>
      <i name="image" value="5000033.stand0.2.png"/>
    </i>
    <i name="3">
      <i name="origin">
        <i name="x" value="30"/>
        <i name="y" value="86"/>
      </i>
      <i name="image" value="5000033.stand0.3.png"/>
    </i>
    <i name="4">
      <i name="origin">
        <i name="x" value="29"/>
        <i name="y" value="84"/>
      </i>
      <i name="image" value="5000033.stand0.4.png"/>
    </i>
  </i>
  <i name="stand1">
    <i name="0">
      <i name="pointer" value="5000033/stand0/0"/>
    </i>
    <i name="1">
      <i name="pointer" value="5000033/stand0/1"/>
    </i>
    <i name="2">
      <i name="pointer" value="5000033/stand0/2"/>
    </i>
    <i name="3">
      <i name="pointer" value="5000033/stand0/3"/>
    </i>
    <i name="4">
      <i name="pointer" value="5000033/stand0/4"/>
    </i>
    <i name="5">
      <i name="pointer" value="5000033/stand0/0"/>
    </i>
    <i name="6">
      <i name="origin">
        <i name="x" value="28"/>
        <i name="y" value="83"/>
      </i>
      <i name="image" value="5000033.stand1.6.png"/>
    </i>
    <i name="7">
      <i name="origin">
        <i name="x" value="28"/>
        <i name="y" value="84"/>
      </i>
      <i name="image" value="5000033.stand1.7.png"/>
    </i>
    <i name="8">
      <i name="origin">
        <i name="x" value="29"/>
        <i name="y" value="86"/>
      </i>
      <i name="image" value="5000033.stand1.8.png"/>
    </i>
    <i name="9">
      <i name="origin">
        <i name="x" value="28"/>
        <i name="y" value="84"/>
      </i>
      <i name="image" value="5000033.stand1.9.png"/>
    </i>
  </i>
  <i name="hungry">
    <i name="0">
      <i name="origin">
        <i name="x" value="26"/>
        <i name="y" value="84"/>
      </i>
      <i name="image" value="5000033.hungry.0.png"/>
    </i>
    <i name="1">
      <i name="origin">
        <i name="x" value="26"/>
        <i name="y" value="85"/>
      </i>
      <i name="image" value="5000033.hungry.1.png"/>
    </i>
    <i name="2">
      <i name="origin">
        <i name="x" value="27"/>
        <i name="y" value="87"/>
      </i>
      <i name="image" value="5000033.hungry.2.png"/>
    </i>
    <i name="3">
      <i name="origin">
        <i name="x" value="28"/>
        <i name="y" value="87"/>
      </i>
      <i name="image" value="5000033.hungry.3.png"/>
    </i>
    <i name="4">
      <i name="origin">
        <i name="x" value="26"/>
        <i name="y" value="86"/>
      </i>
      <i name="image" value="5000033.hungry.4.png"/>
    </i>
  </i>
  <i name="move">
    <i name="0">
      <i name="origin">
        <i name="x" value="28"/>
        <i name="y" value="83"/>
      </i>
      <i name="image" value="5000033.move.0.png"/>
    </i>
    <i name="1">
      <i name="origin">
        <i name="x" value="29"/>
        <i name="y" value="84"/>
      </i>
      <i name="image" value="5000033.move.1.png"/>
    </i>
    <i name="2">
      <i name="origin">
        <i name="x" value="30"/>
        <i name="y" value="85"/>
      </i>
      <i name="image" value="5000033.move.2.png"/>
    </i>
    <i name="3">
      <i name="origin">
        <i name="x" value="31"/>
        <i name="y" value="85"/>
      </i>
      <i name="image" value="5000033.move.3.png"/>
    </i>
    <i name="4">
      <i name="origin">
        <i name="x" value="30"/>
        <i name="y" value="83"/>
      </i>
      <i name="image" value="5000033.move.4.png"/>
    </i>
  </i>
  <i name="jump">
    <i name="0">
      <i name="origin">
        <i name="x" value="31"/>
        <i name="y" value="86"/>
      </i>
      <i name="image" value="5000033.jump.0.png"/>
    </i>
  </i>
  <i name="sit">
    <i name="0">
      <i name="origin">
        <i name="x" value="21"/>
        <i name="y" value="88"/>
      </i>
      <i name="image" value="5000033.sit.0.png"/>
    </i>
    <i name="1">
      <i name="origin">
        <i name="x" value="21"/>
        <i name="y" value="87"/>
      </i>
      <i name="image" value="5000033.sit.1.png"/>
    </i>
    <i name="2">
      <i name="origin">
        <i name="x" value="21"/>
        <i name="y" value="86"/>
      </i>
      <i name="image" value="5000033.sit.2.png"/>
    </i>
    <i name="3">
      <i name="origin">
        <i name="x" value="21"/>
        <i name="y" value="85"/>
      </i>
      <i name="image" value="5000033.sit.3.png"/>
    </i>
    <i name="4">
      <i name="origin">
        <i name="x" value="21"/>
        <i name="y" value="86"/>
      </i>
      <i name="image" value="5000033.sit.4.png"/>
    </i>
    <i name="5">
      <i name="origin">
        <i name="x" value="21"/>
        <i name="y" value="87"/>
      </i>
      <i name="image" value="5000033.sit.5.png"/>
    </i>
    <i name="6">
      <i name="origin">
        <i name="x" value="21"/>
        <i name="y" value="88"/>
      </i>
      <i name="image" value="5000033.sit.6.png"/>
    </i>
    <i name="7">
      <i name="origin">
        <i name="x" value="21"/>
        <i name="y" value="89"/>
      </i>
      <i name="image" value="5000033.sit.7.png"/>
    </i>
  </i>
  <i name="chat">
    <i name="0">
      <i name="origin">
        <i name="x" value="28"/>
        <i name="y" value="83"/>
      </i>
      <i name="image" value="5000033.chat.0.png"/>
    </i>
    <i name="1">
      <i name="origin">
        <i name="x" value="28"/>
        <i name="y" value="84"/>
      </i>
      <i name="image" value="5000033.chat.1.png"/>
    </i>
    <i name="2">
      <i name="origin">
        <i name="x" value="29"/>
        <i name="y" value="86"/>
      </i>
      <i name="image" value="5000033.chat.2.png"/>
    </i>
    <i name="3">
      <i name="origin">
        <i name="x" value="30"/>
        <i name="y" value="86"/>
      </i>
      <i name="image" value="5000033.chat.3.png"/>
    </i>
    <i name="4">
      <i name="origin">
        <i name="x" value="29"/>
        <i name="y" value="84"/>
      </i>
      <i name="image" value="5000033.chat.4.png"/>
    </i>
    <i name="5">
      <i name="pointer" value="5000033/chat/0"/>
    </i>
    <i name="6">
      <i name="pointer" value="5000033/chat/1"/>
    </i>
    <i name="7">
      <i name="pointer" value="5000033/chat/2"/>
    </i>
    <i name="8">
      <i name="pointer" value="5000033/chat/3"/>
    </i>
    <i name="9">
      <i name="pointer" value="5000033/chat/4"/>
    </i>
    <i name="10">
      <i name="pointer" value="5000033/chat/0"/>
    </i>
    <i name="11">
      <i name="pointer" value="5000033/chat/1"/>
    </i>
    <i name="12">
      <i name="pointer" value="5000033/chat/2"/>
    </i>
    <i name="13">
      <i name="pointer" value="5000033/chat/3"/>
    </i>
    <i name="14">
      <i name="pointer" value="5000033/chat/4"/>
    </i>
  </i>
  <i name="angry">
    <i name="0">
      <i name="origin">
        <i name="x" value="26"/>
        <i name="y" value="82"/>
      </i>
      <i name="image" value="5000033.angry.0.png"/>
    </i>
    <i name="1">
      <i name="origin">
        <i name="x" value="28"/>
        <i name="y" value="83"/>
      </i>
      <i name="image" value="5000033.angry.1.png"/>
    </i>
    <i name="2">
      <i name="origin">
        <i name="x" value="30"/>
        <i name="y" value="85"/>
      </i>
      <i name="image" value="5000033.angry.2.png"/>
    </i>
    <i name="3">
      <i name="origin">
        <i name="x" value="32"/>
        <i name="y" value="87"/>
      </i>
      <i name="image" value="5000033.angry.3.png"/>
    </i>
    <i name="4">
      <i name="pointer" value="5000033/angry/2"/>
    </i>
    <i name="5">
      <i name="pointer" value="5000033/angry/3"/>
    </i>
    <i name="6">
      <i name="origin">
        <i name="x" value="33"/>
        <i name="y" value="87"/>
      </i>
      <i name="image" value="5000033.angry.6.png"/>
    </i>
    <i name="7">
      <i name="origin">
        <i name="x" value="32"/>
        <i name="y" value="87"/>
      </i>
      <i name="image" value="5000033.angry.7.png"/>
    </i>
    <i name="8">
      <i name="origin">
        <i name="x" value="31"/>
        <i name="y" value="86"/>
      </i>
      <i name="image" value="5000033.angry.8.png"/>
    </i>
  </i>
  <i name="sigh">
    <i name="0">
      <i name="origin">
        <i name="x" value="28"/>
        <i name="y" value="83"/>
      </i>
      <i name="image" value="5000033.sigh.0.png"/>
    </i>
    <i name="1">
      <i name="origin">
        <i name="x" value="28"/>
        <i name="y" value="84"/>
      </i>
      <i name="image" value="5000033.sigh.1.png"/>
    </i>
    <i name="2">
      <i name="origin">
        <i name="x" value="29"/>
        <i name="y" value="86"/>
      </i>
      <i name="image" value="5000033.sigh.2.png"/>
    </i>
    <i name="3">
      <i name="origin">
        <i name="x" value="30"/>
        <i name="y" value="86"/>
      </i>
      <i name="image" value="5000033.sigh.3.png"/>
    </i>
    <i name="4">
      <i name="origin">
        <i name="x" value="29"/>
        <i name="y" value="85"/>
      </i>
      <i name="image" value="5000033.sigh.4.png"/>
    </i>
    <i name="5">
      <i name="pointer" value="5000033/sigh/0"/>
    </i>
    <i name="6">
      <i name="pointer" value="5000033/sigh/1"/>
    </i>
    <i name="7">
      <i name="pointer" value="5000033/sigh/2"/>
    </i>
    <i name="8">
      <i name="pointer" value="5000033/sigh/3"/>
    </i>
    <i name="9">
      <i name="pointer" value="5000033/sigh/4"/>
    </i>
  </i>
  <i name="bewildered">
    <i name="0">
      <i name="origin">
        <i name="x" value="29"/>
        <i name="y" value="83"/>
      </i>
      <i name="image" value="5000033.bewildered.0.png"/>
    </i>
    <i name="1">
      <i name="origin">
        <i name="x" value="30"/>
        <i name="y" value="84"/>
      </i>
      <i name="image" value="5000033.bewildered.1.png"/>
    </i>
    <i name="2">
      <i name="origin">
        <i name="x" value="31"/>
        <i name="y" value="86"/>
      </i>
      <i name="image" value="5000033.bewildered.2.png"/>
    </i>
    <i name="3">
      <i name="origin">
        <i name="x" value="32"/>
        <i name="y" value="86"/>
      </i>
      <i name="image" value="5000033.bewildered.3.png"/>
    </i>
    <i name="4">
      <i name="origin">
        <i name="x" value="31"/>
        <i name="y" value="84"/>
      </i>
      <i name="image" value="5000033.bewildered.4.png"/>
    </i>
  </i>
  <i name="cry">
    <i name="0">
      <i name="origin">
        <i name="x" value="28"/>
        <i name="y" value="80"/>
      </i>
      <i name="image" value="5000033.cry.0.png"/>
    </i>
    <i name="1">
      <i name="origin">
        <i name="x" value="28"/>
        <i name="y" value="81"/>
      </i>
      <i name="image" value="5000033.cry.1.png"/>
    </i>
    <i name="2">
      <i name="origin">
        <i name="x" value="29"/>
        <i name="y" value="83"/>
      </i>
      <i name="image" value="5000033.cry.2.png"/>
    </i>
    <i name="3">
      <i name="origin">
        <i name="x" value="30"/>
        <i name="y" value="83"/>
      </i>
      <i name="image" value="5000033.cry.3.png"/>
    </i>
    <i name="4">
      <i name="origin">
        <i name="x" value="29"/>
        <i name="y" value="81"/>
      </i>
      <i name="image" value="5000033.cry.4.png"/>
    </i>
    <i name="5">
      <i name="pointer" value="5000033/cry/0"/>
    </i>
    <i name="6">
      <i name="pointer" value="5000033/cry/1"/>
    </i>
    <i name="7">
      <i name="pointer" value="5000033/cry/2"/>
    </i>
    <i name="8">
      <i name="pointer" value="5000033/cry/3"/>
    </i>
    <i name="9">
      <i name="pointer" value="5000033/cry/4"/>
    </i>
    <i name="10">
      <i name="pointer" value="5000033/cry/0"/>
    </i>
    <i name="11">
      <i name="pointer" value="5000033/cry/1"/>
    </i>
    <i name="12">
      <i name="pointer" value="5000033/cry/2"/>
    </i>
    <i name="13">
      <i name="pointer" value="5000033/cry/3"/>
    </i>
    <i name="14">
      <i name="pointer" value="5000033/cry/4"/>
    </i>
  </i>
  <i name="eat">
    <i name="0">
      <i name="origin">
        <i name="x" value="28"/>
        <i name="y" value="83"/>
      </i>
      <i name="image" value="5000033.eat.0.png"/>
    </i>
    <i name="1">
      <i name="origin">
        <i name="x" value="28"/>
        <i name="y" value="84"/>
      </i>
      <i name="image" value="5000033.eat.1.png"/>
    </i>
    <i name="2">
      <i name="origin">
        <i name="x" value="29"/>
        <i name="y" value="86"/>
      </i>
      <i name="image" value="5000033.eat.2.png"/>
    </i>
    <i name="3">
      <i name="origin">
        <i name="x" value="30"/>
        <i name="y" value="86"/>
      </i>
      <i name="image" value="5000033.eat.3.png"/>
    </i>
    <i name="4">
      <i name="origin">
        <i name="x" value="29"/>
        <i name="y" value="84"/>
      </i>
      <i name="image" value="5000033.eat.4.png"/>
    </i>
    <i name="5">
      <i name="pointer" value="5000033/eat/0"/>
    </i>
    <i name="6">
      <i name="pointer" value="5000033/eat/1"/>
    </i>
    <i name="7">
      <i name="pointer" value="5000033/eat/2"/>
    </i>
    <i name="8">
      <i name="pointer" value="5000033/eat/3"/>
    </i>
    <i name="9">
      <i name="pointer" value="5000033/eat/4"/>
    </i>
    <i name="10">
      <i name="pointer" value="5000033/eat/0"/>
    </i>
    <i name="11">
      <i name="pointer" value="5000033/eat/1"/>
    </i>
    <i name="12">
      <i name="pointer" value="5000033/eat/2"/>
    </i>
    <i name="13">
      <i name="pointer" value="5000033/eat/3"/>
    </i>
    <i name="14">
      <i name="pointer" value="5000033/eat/4"/>
    </i>
  </i>
  <i name="love">
    <i name="0">
      <i name="origin">
        <i name="x" value="28"/>
        <i name="y" value="84"/>
      </i>
      <i name="image" value="5000033.love.0.png"/>
    </i>
    <i name="1">
      <i name="origin">
        <i name="x" value="28"/>
        <i name="y" value="85"/>
      </i>
      <i name="image" value="5000033.love.1.png"/>
    </i>
    <i name="2">
      <i name="origin">
        <i name="x" value="28"/>
        <i name="y" value="88"/>
      </i>
      <i name="image" value="5000033.love.2.png"/>
    </i>
    <i name="3">
      <i name="origin">
        <i name="x" value="30"/>
        <i name="y" value="87"/>
      </i>
      <i name="image" value="5000033.love.3.png"/>
    </i>
    <i name="4">
      <i name="pointer" value="5000033/love/1"/>
    </i>
    <i name="5">
      <i name="pointer" value="5000033/love/2"/>
    </i>
    <i name="6">
      <i name="pointer" value="5000033/love/3"/>
    </i>
    <i name="7">
      <i name="pointer" value="5000033/love/1"/>
    </i>
    <i name="8">
      <i name="pointer" value="5000033/love/2"/>
    </i>
    <i name="9">
      <i name="pointer" value="5000033/love/3"/>
    </i>
    <i name="10">
      <i name="origin">
        <i name="x" value="29"/>
        <i name="y" value="85"/>
      </i>
      <i name="image" value="5000033.love.10.png"/>
    </i>
  </i>
  <i name="sleep">
    <i name="0">
      <i name="origin">
        <i name="x" value="12"/>
        <i name="y" value="102"/>
      </i>
      <i name="image" value="5000033.sleep.0.png"/>
    </i>
    <i name="1">
      <i name="origin">
        <i name="x" value="12"/>
        <i name="y" value="102"/>
      </i>
      <i name="image" value="5000033.sleep.1.png"/>
    </i>
    <i name="2">
      <i name="origin">
        <i name="x" value="12"/>
        <i name="y" value="104"/>
      </i>
      <i name="image" value="5000033.sleep.2.png"/>
    </i>
    <i name="3">
      <i name="origin">
        <i name="x" value="12"/>
        <i name="y" value="106"/>
      </i>
      <i name="image" value="5000033.sleep.3.png"/>
    </i>
    <i name="4">
      <i name="origin">
        <i name="x" value="12"/>
        <i name="y" value="106"/>
      </i>
      <i name="image" value="5000033.sleep.4.png"/>
    </i>
    <i name="5">
      <i name="pointer" value="5000033/sleep/1"/>
    </i>
    <i name="6">
      <i name="pointer" value="5000033/sleep/2"/>
    </i>
    <i name="7">
      <i name="pointer" value="5000033/sleep/3"/>
    </i>
    <i name="8">
      <i name="pointer" value="5000033/sleep/4"/>
    </i>
    <i name="9">
      <i name="pointer" value="5000033/sleep/1"/>
    </i>
    <i name="10">
      <i name="pointer" value="5000033/sleep/2"/>
    </i>
    <i name="11">
      <i name="pointer" value="5000033/sleep/3"/>
    </i>
    <i name="12">
      <i name="pointer" value="5000033/sleep/4"/>
    </i>
    <i name="13">
      <i name="pointer" value="5000033/sleep/6"/>
    </i>
  </i>
  <i name="change">
    <i name="0">
      <i name="origin">
        <i name="x" value="26"/>
        <i name="y" value="79"/>
      </i>
      <i name="image" value="5000033.change.0.png"/>
    </i>
    <i name="1">
      <i name="origin">
        <i name="x" value="29"/>
        <i name="y" value="80"/>
      </i>
      <i name="image" value="5000033.change.1.png"/>
    </i>
    <i name="2">
      <i name="origin">
        <i name="x" value="32"/>
        <i name="y" value="82"/>
      </i>
      <i name="image" value="5000033.change.2.png"/>
    </i>
    <i name="3">
      <i name="origin">
        <i name="x" value="35"/>
        <i name="y" value="84"/>
      </i>
      <i name="image" value="5000033.change.3.png"/>
    </i>
    <i name="4">
      <i name="origin">
        <i name="x" value="51"/>
        <i name="y" value="63"/>
      </i>
      <i name="image" value="5000033.change.4.png"/>
    </i>
    <i name="5">
      <i name="origin">
        <i name="x" value="51"/>
        <i name="y" value="63"/>
      </i>
      <i name="image" value="5000033.change.5.png"/>
    </i>
    <i name="6">
      <i name="origin">
        <i name="x" value="51"/>
        <i name="y" value="63"/>
      </i>
      <i name="image" value="5000033.change.6.png"/>
    </i>
    <i name="7">
      <i name="origin">
        <i name="x" value="51"/>
        <i name="y" value="63"/>
      </i>
      <i name="image" value="5000033.change.7.png"/>
    </i>
    <i name="8">
      <i name="origin">
        <i name="x" value="51"/>
        <i name="y" value="63"/>
      </i>
      <i name="image" value="5000033.change.8.png"/>
    </i>
    <i name="9">
      <i name="origin">
        <i name="x" value="51"/>
        <i name="y" value="63"/>
      </i>
      <i name="image" value="5000033.change.9.png"/>
    </i>
    <i name="10">
      <i name="origin">
        <i name="x" value="51"/>
        <i name="y" value="63"/>
      </i>
      <i name="image" value="5000033.change.10.png"/>
    </i>
    <i name="11">
      <i name="origin">
        <i name="x" value="51"/>
        <i name="y" value="63"/>
      </i>
      <i name="image" value="5000033.change.11.png"/>
    </i>
    <i name="12">
      <i name="origin">
        <i name="x" value="51"/>
        <i name="y" value="63"/>
      </i>
      <i name="image" value="5000033.change.12.png"/>
    </i>
    <i name="13">
      <i name="origin">
        <i name="x" value="51"/>
        <i name="y" value="63"/>
      </i>
      <i name="image" value="5000033.change.13.png"/>
    </i>
    <i name="14">
      <i name="origin">
        <i name="x" value="51"/>
        <i name="y" value="63"/>
      </i>
      <i name="image" value="5000033.change.14.png"/>
    </i>
    <i name="15">
      <i name="origin">
        <i name="x" value="51"/>
        <i name="y" value="63"/>
      </i>
      <i name="image" value="5000033.change.15.png"/>
    </i>
    <i name="16">
      <i name="origin">
        <i name="x" value="51"/>
        <i name="y" value="63"/>
      </i>
      <i name="image" value="5000033.change.16.png"/>
    </i>
    <i name="17">
      <i name="origin">
        <i name="x" value="51"/>
        <i name="y" value="63"/>
      </i>
      <i name="image" value="5000033.change.17.png"/>
    </i>
    <i name="18">
      <i name="origin">
        <i name="x" value="51"/>
        <i name="y" value="63"/>
      </i>
      <i name="image" value="5000033.change.18.png"/>
    </i>
    <i name="19">
      <i name="origin">
        <i name="x" value="51"/>
        <i name="y" value="63"/>
      </i>
      <i name="image" value="5000033.change.19.png"/>
    </i>
    <i name="20">
      <i name="origin">
        <i name="x" value="51"/>
        <i name="y" value="63"/>
      </i>
      <i name="image" value="5000033.change.20.png"/>
    </i>
    <i name="21">
      <i name="origin">
        <i name="x" value="51"/>
        <i name="y" value="63"/>
      </i>
      <i name="image" value="5000033.change.21.png"/>
    </i>
    <i name="22">
      <i name="origin">
        <i name="x" value="51"/>
        <i name="y" value="63"/>
      </i>
      <i name="image" value="5000033.change.22.png"/>
    </i>
    <i name="23">
      <i name="origin">
        <i name="x" value="51"/>
        <i name="y" value="63"/>
      </i>
      <i name="image" value="5000033.change.23.png"/>
    </i>
    <i name="24">
      <i name="origin">
        <i name="x" value="51"/>
        <i name="y" value="63"/>
      </i>
      <i name="image" value="5000033.change.24.png"/>
    </i>
    <i name="25">
      <i name="origin">
        <i name="x" value="31"/>
        <i name="y" value="80"/>
      </i>
      <i name="image" value="5000033.change.25.png"/>
    </i>
  </i>
  <i name="dung">
    <i name="0">
      <i name="origin">
        <i name="x" value="31"/>
        <i name="y" value="85"/>
      </i>
      <i name="image" value="5000033.dung.0.png"/>
    </i>
  </i>
  <i name="fly">
    <i name="0">
      <i name="pointer" value="5000033/stand0/1"/>
    </i>
    <i name="1">
      <i name="pointer" value="5000033/stand0/2"/>
    </i>
  </i>
  </i>
