  <i name="1301005">
  <i name="effect">
    <i name="0">
      <i name="origin">
        <i name="x" value="25"/>
        <i name="y" value="12"/>
      </i>
      <i name="delay" value="90"/>
      <i name="image" value="1301005.effect.0.png"/>
    </i>
    <i name="1">
      <i name="origin">
        <i name="x" value="20"/>
        <i name="y" value="15"/>
      </i>
      <i name="delay" value="90"/>
      <i name="image" value="1301005.effect.1.png"/>
    </i>
    <i name="2">
      <i name="origin">
        <i name="x" value="20"/>
        <i name="y" value="33"/>
      </i>
      <i name="delay" value="90"/>
      <i name="image" value="1301005.effect.2.png"/>
    </i>
    <i name="3">
      <i name="origin">
        <i name="x" value="20"/>
        <i name="y" value="34"/>
      </i>
      <i name="delay" value="90"/>
      <i name="image" value="1301005.effect.3.png"/>
    </i>
    <i name="4">
      <i name="origin">
        <i name="x" value="25"/>
        <i name="y" value="34"/>
      </i>
      <i name="delay" value="90"/>
      <i name="image" value="1301005.effect.4.png"/>
    </i>
    <i name="5">
      <i name="origin">
        <i name="x" value="25"/>
        <i name="y" value="33"/>
      </i>
      <i name="delay" value="90"/>
      <i name="image" value="1301005.effect.5.png"/>
    </i>
    <i name="6">
      <i name="origin">
        <i name="x" value="25"/>
        <i name="y" value="33"/>
      </i>
      <i name="delay" value="90"/>
      <i name="image" value="1301005.effect.6.png"/>
    </i>
    <i name="7">
      <i name="origin">
        <i name="x" value="15"/>
        <i name="y" value="32"/>
      </i>
      <i name="delay" value="90"/>
      <i name="image" value="1301005.effect.7.png"/>
    </i>
    <i name="8">
      <i name="origin">
        <i name="x" value="12"/>
        <i name="y" value="32"/>
      </i>
      <i name="delay" value="90"/>
      <i name="image" value="1301005.effect.8.png"/>
    </i>
  </i>
  </i>
