  <i name="2301003">
  <i name="effect">
    <i name="0">
      <i name="origin">
        <i name="x" value="23"/>
        <i name="y" value="6"/>
      </i>
      <i name="delay" value="150"/>
      <i name="image" value="2301003.effect.0.png"/>
    </i>
    <i name="1">
      <i name="origin">
        <i name="x" value="28"/>
        <i name="y" value="9"/>
      </i>
      <i name="delay" value="200"/>
      <i name="image" value="2301003.effect.1.png"/>
    </i>
    <i name="2">
      <i name="origin">
        <i name="x" value="28"/>
        <i name="y" value="166"/>
      </i>
      <i name="delay" value="100"/>
      <i name="image" value="2301003.effect.2.png"/>
    </i>
    <i name="3">
      <i name="origin">
        <i name="x" value="28"/>
        <i name="y" value="170"/>
      </i>
      <i name="delay" value="100"/>
      <i name="image" value="2301003.effect.3.png"/>
    </i>
    <i name="4">
      <i name="origin">
        <i name="x" value="66"/>
        <i name="y" value="171"/>
      </i>
      <i name="delay" value="100"/>
      <i name="image" value="2301003.effect.4.png"/>
    </i>
    <i name="5">
      <i name="origin">
        <i name="x" value="69"/>
        <i name="y" value="174"/>
      </i>
      <i name="delay" value="100"/>
      <i name="image" value="2301003.effect.5.png"/>
    </i>
    <i name="6">
      <i name="origin">
        <i name="x" value="67"/>
        <i name="y" value="168"/>
      </i>
      <i name="delay" value="100"/>
      <i name="image" value="2301003.effect.6.png"/>
    </i>
    <i name="7">
      <i name="origin">
        <i name="x" value="66"/>
        <i name="y" value="167"/>
      </i>
      <i name="delay" value="200"/>
      <i name="image" value="2301003.effect.7.png"/>
    </i>
    <i name="8">
      <i name="origin">
        <i name="x" value="66"/>
        <i name="y" value="168"/>
      </i>
      <i name="delay" value="50"/>
      <i name="image" value="2301003.effect.8.png"/>
    </i>
    <i name="9">
      <i name="origin">
        <i name="x" value="76"/>
        <i name="y" value="159"/>
      </i>
      <i name="delay" value="90"/>
      <i name="image" value="2301003.effect.9.png"/>
    </i>
    <i name="10">
      <i name="origin">
        <i name="x" value="89"/>
        <i name="y" value="173"/>
      </i>
      <i name="delay" value="100"/>
      <i name="image" value="2301003.effect.10.png"/>
    </i>
  </i>
  </i>
