  <i name="4101005">
  <i name="effect">
    <i name="0">
      <i name="origin">
        <i name="x" value="36"/>
        <i name="y" value="62"/>
      </i>
      <i name="delay" value="90"/>
      <i name="image" value="4101005.effect.0.png"/>
    </i>
    <i name="1">
      <i name="origin">
        <i name="x" value="37"/>
        <i name="y" value="66"/>
      </i>
      <i name="delay" value="90"/>
      <i name="image" value="4101005.effect.1.png"/>
    </i>
    <i name="2">
      <i name="origin">
        <i name="x" value="38"/>
        <i name="y" value="66"/>
      </i>
      <i name="delay" value="90"/>
      <i name="image" value="4101005.effect.2.png"/>
    </i>
    <i name="3">
      <i name="origin">
        <i name="x" value="38"/>
        <i name="y" value="62"/>
      </i>
      <i name="delay" value="90"/>
      <i name="image" value="4101005.effect.3.png"/>
    </i>
    <i name="4">
      <i name="origin">
        <i name="x" value="38"/>
        <i name="y" value="42"/>
      </i>
      <i name="delay" value="90"/>
      <i name="image" value="4101005.effect.4.png"/>
    </i>
    <i name="5">
      <i name="origin">
        <i name="x" value="35"/>
        <i name="y" value="23"/>
      </i>
      <i name="delay" value="90"/>
      <i name="image" value="4101005.effect.5.png"/>
    </i>
  </i>
  </i>
