  <i name="1221000">
  <i name="effect">
    <i name="0">
      <i name="origin">
        <i name="x" value="56"/>
        <i name="y" value="153"/>
      </i>
      <i name="delay" value="60"/>
      <i name="image" value="1221000.effect.0.png"/>
    </i>
    <i name="1">
      <i name="origin">
        <i name="x" value="58"/>
        <i name="y" value="160"/>
      </i>
      <i name="delay" value="60"/>
      <i name="image" value="1221000.effect.1.png"/>
    </i>
    <i name="2">
      <i name="origin">
        <i name="x" value="60"/>
        <i name="y" value="328"/>
      </i>
      <i name="delay" value="60"/>
      <i name="image" value="1221000.effect.2.png"/>
    </i>
    <i name="3">
      <i name="origin">
        <i name="x" value="63"/>
        <i name="y" value="332"/>
      </i>
      <i name="delay" value="60"/>
      <i name="image" value="1221000.effect.3.png"/>
    </i>
    <i name="4">
      <i name="origin">
        <i name="x" value="80"/>
        <i name="y" value="332"/>
      </i>
      <i name="delay" value="60"/>
      <i name="image" value="1221000.effect.4.png"/>
    </i>
    <i name="5">
      <i name="origin">
        <i name="x" value="82"/>
        <i name="y" value="372"/>
      </i>
      <i name="delay" value="60"/>
      <i name="image" value="1221000.effect.5.png"/>
    </i>
    <i name="6">
      <i name="origin">
        <i name="x" value="79"/>
        <i name="y" value="360"/>
      </i>
      <i name="delay" value="60"/>
      <i name="image" value="1221000.effect.6.png"/>
    </i>
    <i name="7">
      <i name="origin">
        <i name="x" value="76"/>
        <i name="y" value="355"/>
      </i>
      <i name="delay" value="60"/>
      <i name="image" value="1221000.effect.7.png"/>
    </i>
    <i name="8">
      <i name="origin">
        <i name="x" value="74"/>
        <i name="y" value="313"/>
      </i>
      <i name="delay" value="60"/>
      <i name="image" value="1221000.effect.8.png"/>
    </i>
    <i name="9">
      <i name="origin">
        <i name="x" value="69"/>
        <i name="y" value="228"/>
      </i>
      <i name="delay" value="60"/>
      <i name="image" value="1221000.effect.9.png"/>
    </i>
    <i name="10">
      <i name="origin">
        <i name="x" value="67"/>
        <i name="y" value="229"/>
      </i>
      <i name="delay" value="60"/>
      <i name="image" value="1221000.effect.10.png"/>
    </i>
    <i name="11">
      <i name="origin">
        <i name="x" value="67"/>
        <i name="y" value="231"/>
      </i>
      <i name="delay" value="60"/>
      <i name="image" value="1221000.effect.11.png"/>
    </i>
    <i name="12">
      <i name="origin">
        <i name="x" value="71"/>
        <i name="y" value="239"/>
      </i>
      <i name="delay" value="60"/>
      <i name="image" value="1221000.effect.12.png"/>
    </i>
    <i name="13">
      <i name="origin">
        <i name="x" value="86"/>
        <i name="y" value="262"/>
      </i>
      <i name="delay" value="60"/>
      <i name="image" value="1221000.effect.13.png"/>
    </i>
    <i name="14">
      <i name="origin">
        <i name="x" value="82"/>
        <i name="y" value="264"/>
      </i>
      <i name="delay" value="60"/>
      <i name="image" value="1221000.effect.14.png"/>
    </i>
    <i name="15">
      <i name="origin">
        <i name="x" value="90"/>
        <i name="y" value="266"/>
      </i>
      <i name="delay" value="60"/>
      <i name="image" value="1221000.effect.15.png"/>
    </i>
    <i name="16">
      <i name="origin">
        <i name="x" value="76"/>
        <i name="y" value="236"/>
      </i>
      <i name="delay" value="60"/>
      <i name="image" value="1221000.effect.16.png"/>
    </i>
    <i name="17">
      <i name="origin">
        <i name="x" value="97"/>
        <i name="y" value="237"/>
      </i>
      <i name="delay" value="60"/>
      <i name="image" value="1221000.effect.17.png"/>
    </i>
    <i name="18">
      <i name="origin">
        <i name="x" value="97"/>
        <i name="y" value="235"/>
      </i>
      <i name="delay" value="60"/>
      <i name="image" value="1221000.effect.18.png"/>
    </i>
    <i name="19">
      <i name="origin">
        <i name="x" value="97"/>
        <i name="y" value="235"/>
      </i>
      <i name="delay" value="60"/>
      <i name="image" value="1221000.effect.19.png"/>
    </i>
    <i name="20">
      <i name="origin">
        <i name="x" value="99"/>
        <i name="y" value="234"/>
      </i>
      <i name="delay" value="60"/>
      <i name="image" value="1221000.effect.20.png"/>
    </i>
    <i name="21">
      <i name="origin">
        <i name="x" value="104"/>
        <i name="y" value="234"/>
      </i>
      <i name="delay" value="60"/>
      <i name="image" value="1221000.effect.21.png"/>
    </i>
    <i name="22">
      <i name="origin">
        <i name="x" value="110"/>
        <i name="y" value="170"/>
      </i>
      <i name="delay" value="60"/>
      <i name="image" value="1221000.effect.22.png"/>
    </i>
    <i name="23">
      <i name="origin">
        <i name="x" value="29"/>
        <i name="y" value="111"/>
      </i>
      <i name="delay" value="60"/>
      <i name="image" value="1221000.effect.23.png"/>
    </i>
  </i>
  <i name="affected">
    <i name="0">
      <i name="origin">
        <i name="x" value="71"/>
        <i name="y" value="157"/>
      </i>
      <i name="delay" value="60"/>
      <i name="image" value="1221000.affected.0.png"/>
    </i>
    <i name="1">
      <i name="origin">
        <i name="x" value="92"/>
        <i name="y" value="162"/>
      </i>
      <i name="delay" value="60"/>
      <i name="image" value="1221000.affected.1.png"/>
    </i>
    <i name="2">
      <i name="origin">
        <i name="x" value="96"/>
        <i name="y" value="167"/>
      </i>
      <i name="delay" value="60"/>
      <i name="image" value="1221000.affected.2.png"/>
    </i>
    <i name="3">
      <i name="origin">
        <i name="x" value="97"/>
        <i name="y" value="168"/>
      </i>
      <i name="delay" value="60"/>
      <i name="image" value="1221000.affected.3.png"/>
    </i>
    <i name="4">
      <i name="origin">
        <i name="x" value="94"/>
        <i name="y" value="167"/>
      </i>
      <i name="delay" value="60"/>
      <i name="image" value="1221000.affected.4.png"/>
    </i>
    <i name="5">
      <i name="origin">
        <i name="x" value="92"/>
        <i name="y" value="168"/>
      </i>
      <i name="delay" value="60"/>
      <i name="image" value="1221000.affected.5.png"/>
    </i>
    <i name="6">
      <i name="origin">
        <i name="x" value="87"/>
        <i name="y" value="167"/>
      </i>
      <i name="delay" value="60"/>
      <i name="image" value="1221000.affected.6.png"/>
    </i>
    <i name="7">
      <i name="origin">
        <i name="x" value="78"/>
        <i name="y" value="163"/>
      </i>
      <i name="delay" value="60"/>
      <i name="image" value="1221000.affected.7.png"/>
    </i>
    <i name="8">
      <i name="origin">
        <i name="x" value="70"/>
        <i name="y" value="159"/>
      </i>
      <i name="delay" value="60"/>
      <i name="image" value="1221000.affected.8.png"/>
    </i>
    <i name="9">
      <i name="origin">
        <i name="x" value="68"/>
        <i name="y" value="152"/>
      </i>
      <i name="delay" value="60"/>
      <i name="image" value="1221000.affected.9.png"/>
    </i>
    <i name="10">
      <i name="origin">
        <i name="x" value="107"/>
        <i name="y" value="154"/>
      </i>
      <i name="delay" value="60"/>
      <i name="image" value="1221000.affected.10.png"/>
    </i>
    <i name="11">
      <i name="origin">
        <i name="x" value="107"/>
        <i name="y" value="153"/>
      </i>
      <i name="delay" value="60"/>
      <i name="image" value="1221000.affected.11.png"/>
    </i>
    <i name="12">
      <i name="origin">
        <i name="x" value="107"/>
        <i name="y" value="153"/>
      </i>
      <i name="delay" value="60"/>
      <i name="image" value="1221000.affected.12.png"/>
    </i>
    <i name="13">
      <i name="origin">
        <i name="x" value="107"/>
        <i name="y" value="153"/>
      </i>
      <i name="delay" value="60"/>
      <i name="image" value="1221000.affected.13.png"/>
    </i>
    <i name="14">
      <i name="origin">
        <i name="x" value="115"/>
        <i name="y" value="153"/>
      </i>
      <i name="delay" value="60"/>
      <i name="image" value="1221000.affected.14.png"/>
    </i>
  </i>
  </i>
