  <i name="5000041">
  <i name="stand0">
    <i name="0">
      <i name="origin">
        <i name="x" value="8"/>
        <i name="y" value="55"/>
      </i>
      <i name="image" value="5000041.stand0.0.png"/>
    </i>
    <i name="1">
      <i name="origin">
        <i name="x" value="7"/>
        <i name="y" value="54"/>
      </i>
      <i name="image" value="5000041.stand0.1.png"/>
    </i>
    <i name="2">
      <i name="origin">
        <i name="x" value="6"/>
        <i name="y" value="55"/>
      </i>
      <i name="image" value="5000041.stand0.2.png"/>
    </i>
    <i name="3">
      <i name="origin">
        <i name="x" value="7"/>
        <i name="y" value="54"/>
      </i>
      <i name="image" value="5000041.stand0.3.png"/>
    </i>
  </i>
  <i name="stand1">
    <i name="0">
      <i name="origin">
        <i name="x" value="7"/>
        <i name="y" value="55"/>
      </i>
      <i name="image" value="5000041.stand1.0.png"/>
    </i>
    <i name="1">
      <i name="origin">
        <i name="x" value="7"/>
        <i name="y" value="55"/>
      </i>
      <i name="image" value="5000041.stand1.1.png"/>
    </i>
    <i name="2">
      <i name="origin">
        <i name="x" value="7"/>
        <i name="y" value="55"/>
      </i>
      <i name="image" value="5000041.stand1.2.png"/>
    </i>
    <i name="3">
      <i name="origin">
        <i name="x" value="7"/>
        <i name="y" value="55"/>
      </i>
      <i name="image" value="5000041.stand1.3.png"/>
    </i>
  </i>
  <i name="hungry">
    <i name="0">
      <i name="origin">
        <i name="x" value="9"/>
        <i name="y" value="52"/>
      </i>
      <i name="image" value="5000041.hungry.0.png"/>
    </i>
    <i name="1">
      <i name="origin">
        <i name="x" value="9"/>
        <i name="y" value="51"/>
      </i>
      <i name="image" value="5000041.hungry.1.png"/>
    </i>
    <i name="2">
      <i name="origin">
        <i name="x" value="9"/>
        <i name="y" value="51"/>
      </i>
      <i name="image" value="5000041.hungry.2.png"/>
    </i>
    <i name="3">
      <i name="origin">
        <i name="x" value="9"/>
        <i name="y" value="51"/>
      </i>
      <i name="image" value="5000041.hungry.3.png"/>
    </i>
  </i>
  <i name="move">
    <i name="0">
      <i name="origin">
        <i name="x" value="7"/>
        <i name="y" value="57"/>
      </i>
      <i name="image" value="5000041.move.0.png"/>
    </i>
    <i name="1">
      <i name="origin">
        <i name="x" value="11"/>
        <i name="y" value="63"/>
      </i>
      <i name="image" value="5000041.move.1.png"/>
    </i>
    <i name="2">
      <i name="origin">
        <i name="x" value="11"/>
        <i name="y" value="62"/>
      </i>
      <i name="image" value="5000041.move.2.png"/>
    </i>
    <i name="3">
      <i name="origin">
        <i name="x" value="10"/>
        <i name="y" value="60"/>
      </i>
      <i name="image" value="5000041.move.3.png"/>
    </i>
    <i name="4">
      <i name="origin">
        <i name="x" value="8"/>
        <i name="y" value="59"/>
      </i>
      <i name="image" value="5000041.move.4.png"/>
    </i>
    <i name="5">
      <i name="origin">
        <i name="x" value="5"/>
        <i name="y" value="53"/>
      </i>
      <i name="image" value="5000041.move.5.png"/>
    </i>
    <i name="6">
      <i name="origin">
        <i name="x" value="5"/>
        <i name="y" value="54"/>
      </i>
      <i name="image" value="5000041.move.6.png"/>
    </i>
  </i>
  <i name="jump">
    <i name="0">
      <i name="origin">
        <i name="x" value="-11"/>
        <i name="y" value="62"/>
      </i>
      <i name="image" value="5000041.jump.0.png"/>
    </i>
  </i>
  <i name="rest0">
    <i name="0">
      <i name="origin">
        <i name="x" value="-18"/>
        <i name="y" value="27"/>
      </i>
      <i name="image" value="5000041.rest0.0.png"/>
    </i>
    <i name="1">
      <i name="origin">
        <i name="x" value="-18"/>
        <i name="y" value="27"/>
      </i>
      <i name="image" value="5000041.rest0.1.png"/>
    </i>
  </i>
  <i name="chat">
    <i name="0">
      <i name="origin">
        <i name="x" value="7"/>
        <i name="y" value="55"/>
      </i>
      <i name="image" value="5000041.chat.0.png"/>
    </i>
    <i name="1">
      <i name="origin">
        <i name="x" value="7"/>
        <i name="y" value="55"/>
      </i>
      <i name="image" value="5000041.chat.1.png"/>
    </i>
    <i name="2">
      <i name="pointer" value="5000041/chat/0"/>
    </i>
    <i name="3">
      <i name="pointer" value="5000041/chat/1"/>
    </i>
    <i name="4">
      <i name="pointer" value="5000041/chat/0"/>
    </i>
    <i name="5">
      <i name="pointer" value="5000041/chat/1"/>
    </i>
    <i name="6">
      <i name="pointer" value="5000041/chat/0"/>
    </i>
    <i name="7">
      <i name="pointer" value="5000041/chat/1"/>
    </i>
    <i name="8">
      <i name="pointer" value="5000041/chat/0"/>
    </i>
    <i name="9">
      <i name="pointer" value="5000041/chat/1"/>
    </i>
    <i name="10">
      <i name="pointer" value="5000041/chat/0"/>
    </i>
    <i name="11">
      <i name="pointer" value="5000041/chat/1"/>
    </i>
    <i name="12">
      <i name="pointer" value="5000041/chat/0"/>
    </i>
    <i name="13">
      <i name="pointer" value="5000041/chat/1"/>
    </i>
    <i name="14">
      <i name="pointer" value="5000041/chat/0"/>
    </i>
    <i name="15">
      <i name="pointer" value="5000041/chat/1"/>
    </i>
  </i>
  <i name="angry">
    <i name="0">
      <i name="origin">
        <i name="x" value="12"/>
        <i name="y" value="55"/>
      </i>
      <i name="image" value="5000041.angry.0.png"/>
    </i>
    <i name="1">
      <i name="origin">
        <i name="x" value="12"/>
        <i name="y" value="56"/>
      </i>
      <i name="image" value="5000041.angry.1.png"/>
    </i>
    <i name="2">
      <i name="origin">
        <i name="x" value="12"/>
        <i name="y" value="55"/>
      </i>
      <i name="image" value="5000041.angry.2.png"/>
    </i>
    <i name="3">
      <i name="origin">
        <i name="x" value="12"/>
        <i name="y" value="54"/>
      </i>
      <i name="image" value="5000041.angry.3.png"/>
    </i>
  </i>
  <i name="hang">
    <i name="0">
      <i name="origin">
        <i name="x" value="18"/>
        <i name="y" value="55"/>
      </i>
      <i name="image" value="5000041.hang.0.png"/>
    </i>
  </i>
  <i name="cry">
    <i name="0">
      <i name="origin">
        <i name="x" value="17"/>
        <i name="y" value="58"/>
      </i>
      <i name="image" value="5000041.cry.0.png"/>
    </i>
    <i name="1">
      <i name="origin">
        <i name="x" value="17"/>
        <i name="y" value="60"/>
      </i>
      <i name="image" value="5000041.cry.1.png"/>
    </i>
    <i name="2">
      <i name="origin">
        <i name="x" value="17"/>
        <i name="y" value="58"/>
      </i>
      <i name="image" value="5000041.cry.2.png"/>
    </i>
    <i name="3">
      <i name="origin">
        <i name="x" value="17"/>
        <i name="y" value="57"/>
      </i>
      <i name="image" value="5000041.cry.3.png"/>
    </i>
    <i name="4">
      <i name="pointer" value="5000041/cry/0"/>
    </i>
    <i name="5">
      <i name="pointer" value="5000041/cry/1"/>
    </i>
    <i name="6">
      <i name="pointer" value="5000041/cry/2"/>
    </i>
    <i name="7">
      <i name="pointer" value="5000041/cry/3"/>
    </i>
    <i name="8">
      <i name="pointer" value="5000041/cry/0"/>
    </i>
    <i name="9">
      <i name="pointer" value="5000041/cry/1"/>
    </i>
    <i name="10">
      <i name="pointer" value="5000041/cry/2"/>
    </i>
    <i name="11">
      <i name="pointer" value="5000041/cry/3"/>
    </i>
  </i>
  <i name="nap">
    <i name="0">
      <i name="origin">
        <i name="x" value="21"/>
        <i name="y" value="43"/>
      </i>
      <i name="image" value="5000041.nap.0.png"/>
    </i>
    <i name="1">
      <i name="origin">
        <i name="x" value="21"/>
        <i name="y" value="43"/>
      </i>
      <i name="image" value="5000041.nap.1.png"/>
    </i>
    <i name="2">
      <i name="origin">
        <i name="x" value="21"/>
        <i name="y" value="43"/>
      </i>
      <i name="image" value="5000041.nap.2.png"/>
    </i>
    <i name="3">
      <i name="origin">
        <i name="x" value="21"/>
        <i name="y" value="43"/>
      </i>
      <i name="image" value="5000041.nap.3.png"/>
    </i>
  </i>
  <i name="eat">
    <i name="0">
      <i name="origin">
        <i name="x" value="7"/>
        <i name="y" value="55"/>
      </i>
      <i name="image" value="5000041.eat.0.png"/>
    </i>
    <i name="1">
      <i name="origin">
        <i name="x" value="7"/>
        <i name="y" value="55"/>
      </i>
      <i name="image" value="5000041.eat.1.png"/>
    </i>
    <i name="2">
      <i name="origin">
        <i name="x" value="7"/>
        <i name="y" value="55"/>
      </i>
      <i name="image" value="5000041.eat.2.png"/>
    </i>
    <i name="3">
      <i name="origin">
        <i name="x" value="7"/>
        <i name="y" value="55"/>
      </i>
      <i name="image" value="5000041.eat.3.png"/>
    </i>
    <i name="4">
      <i name="origin">
        <i name="x" value="7"/>
        <i name="y" value="55"/>
      </i>
      <i name="image" value="5000041.eat.4.png"/>
    </i>
    <i name="5">
      <i name="origin">
        <i name="x" value="7"/>
        <i name="y" value="55"/>
      </i>
      <i name="image" value="5000041.eat.5.png"/>
    </i>
  </i>
  <i name="fly">
    <i name="0">
      <i name="origin">
        <i name="x" value="7"/>
        <i name="y" value="60"/>
      </i>
      <i name="image" value="5000041.fly.0.png"/>
    </i>
    <i name="1">
      <i name="origin">
        <i name="x" value="9"/>
        <i name="y" value="61"/>
      </i>
      <i name="image" value="5000041.fly.1.png"/>
    </i>
    <i name="2">
      <i name="origin">
        <i name="x" value="8"/>
        <i name="y" value="60"/>
      </i>
      <i name="image" value="5000041.fly.2.png"/>
    </i>
    <i name="3">
      <i name="origin">
        <i name="x" value="6"/>
        <i name="y" value="59"/>
      </i>
      <i name="image" value="5000041.fly.3.png"/>
    </i>
  </i>
  <i name="love">
    <i name="0">
      <i name="origin">
        <i name="x" value="23"/>
        <i name="y" value="59"/>
      </i>
      <i name="image" value="5000041.love.0.png"/>
    </i>
    <i name="1">
      <i name="origin">
        <i name="x" value="23"/>
        <i name="y" value="61"/>
      </i>
      <i name="image" value="5000041.love.1.png"/>
    </i>
    <i name="2">
      <i name="origin">
        <i name="x" value="23"/>
        <i name="y" value="57"/>
      </i>
      <i name="image" value="5000041.love.2.png"/>
    </i>
    <i name="3">
      <i name="origin">
        <i name="x" value="23"/>
        <i name="y" value="58"/>
      </i>
      <i name="image" value="5000041.love.3.png"/>
    </i>
  </i>
  <i name="twinkling">
    <i name="0">
      <i name="origin">
        <i name="x" value="23"/>
        <i name="y" value="59"/>
      </i>
      <i name="image" value="5000041.twinkling.0.png"/>
    </i>
    <i name="1">
      <i name="origin">
        <i name="x" value="23"/>
        <i name="y" value="61"/>
      </i>
      <i name="image" value="5000041.twinkling.1.png"/>
    </i>
    <i name="2">
      <i name="origin">
        <i name="x" value="23"/>
        <i name="y" value="57"/>
      </i>
      <i name="image" value="5000041.twinkling.2.png"/>
    </i>
    <i name="3">
      <i name="origin">
        <i name="x" value="23"/>
        <i name="y" value="58"/>
      </i>
      <i name="image" value="5000041.twinkling.3.png"/>
    </i>
  </i>
  <i name="shock">
    <i name="0">
      <i name="origin">
        <i name="x" value="1"/>
        <i name="y" value="62"/>
      </i>
      <i name="image" value="5000041.shock.0.png"/>
    </i>
    <i name="1">
      <i name="origin">
        <i name="x" value="1"/>
        <i name="y" value="62"/>
      </i>
      <i name="image" value="5000041.shock.1.png"/>
    </i>
    <i name="2">
      <i name="origin">
        <i name="x" value="1"/>
        <i name="y" value="62"/>
      </i>
      <i name="image" value="5000041.shock.2.png"/>
    </i>
    <i name="3">
      <i name="origin">
        <i name="x" value="1"/>
        <i name="y" value="62"/>
      </i>
      <i name="image" value="5000041.shock.3.png"/>
    </i>
    <i name="4">
      <i name="origin">
        <i name="x" value="1"/>
        <i name="y" value="62"/>
      </i>
      <i name="image" value="5000041.shock.4.png"/>
    </i>
    <i name="5">
      <i name="origin">
        <i name="x" value="1"/>
        <i name="y" value="62"/>
      </i>
      <i name="image" value="5000041.shock.5.png"/>
    </i>
  </i>
  <i name="arrogance">
    <i name="0">
      <i name="origin">
        <i name="x" value="19"/>
        <i name="y" value="58"/>
      </i>
      <i name="image" value="5000041.arrogance.0.png"/>
    </i>
    <i name="1">
      <i name="origin">
        <i name="x" value="19"/>
        <i name="y" value="58"/>
      </i>
      <i name="image" value="5000041.arrogance.1.png"/>
    </i>
    <i name="2">
      <i name="origin">
        <i name="x" value="19"/>
        <i name="y" value="58"/>
      </i>
      <i name="image" value="5000041.arrogance.2.png"/>
    </i>
    <i name="3">
      <i name="origin">
        <i name="x" value="19"/>
        <i name="y" value="58"/>
      </i>
      <i name="image" value="5000041.arrogance.3.png"/>
    </i>
    <i name="4">
      <i name="origin">
        <i name="x" value="19"/>
        <i name="y" value="58"/>
      </i>
      <i name="image" value="5000041.arrogance.4.png"/>
    </i>
    <i name="5">
      <i name="origin">
        <i name="x" value="19"/>
        <i name="y" value="58"/>
      </i>
      <i name="image" value="5000041.arrogance.5.png"/>
    </i>
    <i name="6">
      <i name="origin">
        <i name="x" value="19"/>
        <i name="y" value="58"/>
      </i>
      <i name="image" value="5000041.arrogance.6.png"/>
    </i>
    <i name="7">
      <i name="origin">
        <i name="x" value="19"/>
        <i name="y" value="58"/>
      </i>
      <i name="image" value="5000041.arrogance.7.png"/>
    </i>
    <i name="8">
      <i name="origin">
        <i name="x" value="19"/>
        <i name="y" value="58"/>
      </i>
      <i name="image" value="5000041.arrogance.8.png"/>
    </i>
  </i>
  <i name="stunned">
    <i name="0">
      <i name="origin">
        <i name="x" value="6"/>
        <i name="y" value="54"/>
      </i>
      <i name="image" value="5000041.stunned.0.png"/>
    </i>
    <i name="1">
      <i name="origin">
        <i name="x" value="6"/>
        <i name="y" value="54"/>
      </i>
      <i name="image" value="5000041.stunned.1.png"/>
    </i>
    <i name="2">
      <i name="origin">
        <i name="x" value="6"/>
        <i name="y" value="54"/>
      </i>
      <i name="image" value="5000041.stunned.2.png"/>
    </i>
    <i name="3">
      <i name="origin">
        <i name="x" value="6"/>
        <i name="y" value="54"/>
      </i>
      <i name="image" value="5000041.stunned.3.png"/>
    </i>
    <i name="4">
      <i name="origin">
        <i name="x" value="6"/>
        <i name="y" value="54"/>
      </i>
      <i name="image" value="5000041.stunned.4.png"/>
    </i>
    <i name="5">
      <i name="origin">
        <i name="x" value="6"/>
        <i name="y" value="54"/>
      </i>
      <i name="image" value="5000041.stunned.5.png"/>
    </i>
    <i name="6">
      <i name="origin">
        <i name="x" value="6"/>
        <i name="y" value="54"/>
      </i>
      <i name="image" value="5000041.stunned.6.png"/>
    </i>
    <i name="7">
      <i name="origin">
        <i name="x" value="6"/>
        <i name="y" value="54"/>
      </i>
      <i name="image" value="5000041.stunned.7.png"/>
    </i>
  </i>
  <i name="change">
    <i name="0">
      <i name="origin">
        <i name="x" value="7"/>
        <i name="y" value="55"/>
      </i>
      <i name="image" value="5000041.change.0.png"/>
    </i>
    <i name="1">
      <i name="origin">
        <i name="x" value="36"/>
        <i name="y" value="65"/>
      </i>
      <i name="image" value="5000041.change.1.png"/>
    </i>
    <i name="2">
      <i name="origin">
        <i name="x" value="48"/>
        <i name="y" value="70"/>
      </i>
      <i name="image" value="5000041.change.2.png"/>
    </i>
    <i name="3">
      <i name="origin">
        <i name="x" value="43"/>
        <i name="y" value="83"/>
      </i>
      <i name="image" value="5000041.change.3.png"/>
    </i>
    <i name="4">
      <i name="origin">
        <i name="x" value="44"/>
        <i name="y" value="6"/>
      </i>
      <i name="image" value="5000041.change.4.png"/>
    </i>
    <i name="5">
      <i name="origin">
        <i name="x" value="78"/>
        <i name="y" value="13"/>
      </i>
      <i name="image" value="5000041.change.5.png"/>
    </i>
    <i name="6">
      <i name="origin">
        <i name="x" value="81"/>
        <i name="y" value="13"/>
      </i>
      <i name="image" value="5000041.change.6.png"/>
    </i>
    <i name="7">
      <i name="origin">
        <i name="x" value="78"/>
        <i name="y" value="13"/>
      </i>
      <i name="image" value="5000041.change.7.png"/>
    </i>
    <i name="8">
      <i name="origin">
        <i name="x" value="69"/>
        <i name="y" value="13"/>
      </i>
      <i name="image" value="5000041.change.8.png"/>
    </i>
    <i name="9">
      <i name="origin">
        <i name="x" value="78"/>
        <i name="y" value="1"/>
      </i>
      <i name="image" value="5000041.change.9.png"/>
    </i>
    <i name="10">
      <i name="origin">
        <i name="x" value="81"/>
        <i name="y" value="13"/>
      </i>
      <i name="image" value="5000041.change.10.png"/>
    </i>
    <i name="11">
      <i name="origin">
        <i name="x" value="47"/>
        <i name="y" value="13"/>
      </i>
      <i name="image" value="5000041.change.11.png"/>
    </i>
    <i name="12">
      <i name="origin">
        <i name="x" value="0"/>
        <i name="y" value="0"/>
      </i>
      <i name="image" value="5000041.change.12.png"/>
    </i>
    <i name="13">
      <i name="origin">
        <i name="x" value="-4"/>
        <i name="y" value="4"/>
      </i>
      <i name="image" value="5000041.change.13.png"/>
    </i>
    <i name="14">
      <i name="origin">
        <i name="x" value="-6"/>
        <i name="y" value="83"/>
      </i>
      <i name="image" value="5000041.change.14.png"/>
    </i>
    <i name="15">
      <i name="origin">
        <i name="x" value="-3"/>
        <i name="y" value="79"/>
      </i>
      <i name="image" value="5000041.change.15.png"/>
    </i>
    <i name="16">
      <i name="origin">
        <i name="x" value="1"/>
        <i name="y" value="68"/>
      </i>
      <i name="image" value="5000041.change.16.png"/>
    </i>
    <i name="17">
      <i name="origin">
        <i name="x" value="6"/>
        <i name="y" value="53"/>
      </i>
      <i name="image" value="5000041.change.17.png"/>
    </i>
    <i name="18">
      <i name="origin">
        <i name="x" value="7"/>
        <i name="y" value="55"/>
      </i>
      <i name="image" value="5000041.change.18.png"/>
    </i>
  </i>
  </i>
