<i name="5000023">
<i name="stand0">
<i name="0">
<i name="origin">
<i name="x" value="17"/>
<i name="y" value="52"/>
</i>
<i name="image" value="5000023.stand0.0.png"/>
</i>
<i name="1">
<i name="pointer" value="5000023/stand0/0"/>
</i>
<i name="2">
<i name="pointer" value="5000023/stand0/0"/>
</i>
</i>
<i name="stand1">
<i name="0">
<i name="origin">
<i name="x" value="17"/>
<i name="y" value="52"/>
</i>
<i name="image" value="5000023.stand1.0.png"/>
</i>
<i name="1">
<i name="origin">
<i name="x" value="17"/>
<i name="y" value="53"/>
</i>
<i name="image" value="5000023.stand1.1.png"/>
</i>
<i name="2">
<i name="pointer" value="5000023/stand1/0"/>
</i>
<i name="3">
<i name="origin">
<i name="x" value="17"/>
<i name="y" value="51"/>
</i>
<i name="image" value="5000023.stand1.3.png"/>
</i>
<i name="4">
<i name="pointer" value="5000023/stand1/0"/>
</i>
<i name="5">
<i name="pointer" value="5000023/stand1/0"/>
</i>
<i name="6">
<i name="pointer" value="5000023/stand1/0"/>
</i>
<i name="7">
<i name="pointer" value="5000023/stand1/5"/>
</i>
</i>
<i name="hungry">
<i name="0">
<i name="origin">
<i name="x" value="15"/>
<i name="y" value="46"/>
</i>
<i name="image" value="5000023.hungry.0.png"/>
</i>
</i>
<i name="move">
<i name="0">
<i name="origin">
<i name="x" value="17"/>
<i name="y" value="52"/>
</i>
<i name="image" value="5000023.move.0.png"/>
</i>
<i name="1">
<i name="origin">
<i name="x" value="17"/>
<i name="y" value="53"/>
</i>
<i name="image" value="5000023.move.1.png"/>
</i>
<i name="2">
<i name="pointer" value="5000023/move/0"/>
</i>
<i name="3">
<i name="pointer" value="5000023/move/1"/>
</i>
<i name="4">
<i name="pointer" value="5000023/move/1"/>
</i>
</i>
<i name="rest0">
<i name="0">
<i name="origin">
<i name="x" value="15"/>
<i name="y" value="46"/>
</i>
<i name="image" value="5000023.rest0.0.png"/>
</i>
<i name="1">
<i name="pointer" value="5000023/rest0/0"/>
</i>
<i name="2">
<i name="pointer" value="5000023/rest0/0"/>
</i>
</i>
<i name="chat">
<i name="0">
<i name="origin">
<i name="x" value="17"/>
<i name="y" value="52"/>
</i>
<i name="image" value="5000023.chat.0.png"/>
</i>
<i name="1">
<i name="pointer" value="5000023/chat/0"/>
</i>
<i name="2">
<i name="pointer" value="5000023/chat/0"/>
</i>
<i name="3">
<i name="pointer" value="5000023/chat/1"/>
</i>
<i name="4">
<i name="pointer" value="5000023/chat/0"/>
</i>
<i name="5">
<i name="pointer" value="5000023/chat/1"/>
</i>
<i name="6">
<i name="pointer" value="5000023/chat/0"/>
</i>
<i name="7">
<i name="pointer" value="5000023/chat/1"/>
</i>
<i name="8">
<i name="pointer" value="5000023/chat/0"/>
</i>
<i name="9">
<i name="pointer" value="5000023/chat/1"/>
</i>
<i name="10">
<i name="pointer" value="5000023/chat/0"/>
</i>
<i name="11">
<i name="pointer" value="5000023/chat/1"/>
</i>
<i name="12">
<i name="pointer" value="5000023/chat/0"/>
</i>
<i name="13">
<i name="pointer" value="5000023/chat/1"/>
</i>
<i name="14">
<i name="pointer" value="5000023/chat/0"/>
</i>
<i name="15">
<i name="pointer" value="5000023/chat/1"/>
</i>
</i>
<i name="angry">
<i name="0">
<i name="origin">
<i name="x" value="23"/>
<i name="y" value="58"/>
</i>
<i name="image" value="5000023.angry.0.png"/>
</i>
</i>
<i name="hang">
<i name="0">
<i name="origin">
<i name="x" value="16"/>
<i name="y" value="73"/>
</i>
<i name="image" value="5000023.hang.0.png"/>
</i>
</i>
<i name="hand">
<i name="0">
<i name="origin">
<i name="x" value="17"/>
<i name="y" value="52"/>
</i>
<i name="image" value="5000023.hand.0.png"/>
</i>
</i>
<i name="dung">
<i name="0">
<i name="origin">
<i name="x" value="28"/>
<i name="y" value="53"/>
</i>
<i name="image" value="5000023.dung.0.png"/>
</i>
</i>
<i name="stunned">
<i name="0">
<i name="origin">
<i name="x" value="18"/>
<i name="y" value="53"/>
</i>
<i name="lt">
<i name="x" value="-17"/>
<i name="y" value="-39"/>
</i>
<i name="rb">
<i name="x" value="21"/>
<i name="y" value="0"/>
</i>
<i name="delay" value="3000"/>
<i name="image" value="5000023.stunned.0.png"/>
</i>
</i>
<i name="hug">
<i name="0">
<i name="origin">
<i name="x" value="20"/>
<i name="y" value="53"/>
</i>
<i name="image" value="5000023.hug.0.png"/>
</i>
<i name="1">
<i name="origin">
<i name="x" value="20"/>
<i name="y" value="54"/>
</i>
<i name="image" value="5000023.hug.1.png"/>
</i>
<i name="2">
<i name="pointer" value="5000023/hug/0"/>
</i>
<i name="3">
<i name="pointer" value="5000023/hug/1"/>
</i>
<i name="4">
<i name="pointer" value="5000023/hug/0"/>
</i>
<i name="5">
<i name="pointer" value="5000023/hug/1"/>
</i>
</i>
<i name="cry">
<i name="0">
<i name="origin">
<i name="x" value="20"/>
<i name="y" value="50"/>
</i>
<i name="image" value="5000023.cry.0.png"/>
</i>
</i>
<i name="jump">
<i name="0">
<i name="origin">
<i name="x" value="24"/>
<i name="y" value="52"/>
</i>
<i name="image" value="5000023.jump.0.png"/>
</i>
<i name="1">
<i name="origin">
<i name="x" value="23"/>
<i name="y" value="60"/>
</i>
<i name="image" value="5000023.jump.1.png"/>
</i>
</i>
<i name="sleep">
<i name="0">
<i name="origin">
<i name="x" value="27"/>
<i name="y" value="35"/>
</i>
<i name="image" value="5000023.sleep.0.png"/>
</i>
<i name="1">
<i name="pointer" value="5000023/sleep/0"/>
</i>
<i name="2">
<i name="pointer" value="5000023/sleep/0"/>
</i>
<i name="3">
<i name="pointer" value="5000023/sleep/0"/>
</i>
<i name="4">
<i name="origin">
<i name="x" value="26"/>
<i name="y" value="35"/>
</i>
<i name="image" value="5000023.sleep.4.png"/>
</i>
</i>
<i name="kiss">
<i name="0">
<i name="origin">
<i name="x" value="25"/>
<i name="y" value="55"/>
</i>
<i name="image" value="5000023.kiss.0.png"/>
</i>
<i name="1">
<i name="origin">
<i name="x" value="25"/>
<i name="y" value="52"/>
</i>
<i name="image" value="5000023.kiss.1.png"/>
</i>
<i name="2">
<i name="pointer" value="5000023/kiss/0"/>
</i>
<i name="3">
<i name="pointer" value="5000023/kiss/1"/>
</i>
<i name="4">
<i name="pointer" value="5000023/kiss/0"/>
</i>
<i name="5">
<i name="pointer" value="5000023/kiss/1"/>
</i>
<i name="6">
<i name="pointer" value="5000023/kiss/0"/>
</i>
<i name="7">
<i name="pointer" value="5000023/kiss/1"/>
</i>
</i>
<i name="good">
<i name="0">
<i name="origin">
<i name="x" value="25"/>
<i name="y" value="52"/>
</i>
<i name="image" value="5000023.good.0.png"/>
</i>
<i name="1">
<i name="pointer" value="5000023/good/0"/>
</i>
<i name="2">
<i name="pointer" value="5000023/good/0"/>
</i>
<i name="3">
<i name="pointer" value="5000023/good/1"/>
</i>
<i name="4">
<i name="pointer" value="5000023/good/0"/>
</i>
<i name="5">
<i name="pointer" value="5000023/good/1"/>
</i>
<i name="6">
<i name="pointer" value="5000023/good/0"/>
</i>
<i name="7">
<i name="pointer" value="5000023/good/1"/>
</i>
</i>
<i name="love">
<i name="0">
<i name="origin">
<i name="x" value="25"/>
<i name="y" value="52"/>
</i>
<i name="image" value="5000023.love.0.png"/>
</i>
<i name="1">
<i name="pointer" value="5000023/love/0"/>
</i>
<i name="2">
<i name="pointer" value="5000023/love/0"/>
</i>
<i name="3">
<i name="pointer" value="5000023/love/0"/>
</i>
<i name="4">
<i name="pointer" value="5000023/love/0"/>
</i>
<i name="5">
<i name="pointer" value="5000023/love/0"/>
</i>
<i name="6">
<i name="pointer" value="5000023/love/0"/>
</i>
<i name="7">
<i name="pointer" value="5000023/love/0"/>
</i>
<i name="8">
<i name="pointer" value="5000023/love/0"/>
</i>
<i name="9">
<i name="pointer" value="5000023/love/0"/>
</i>
<i name="10">
<i name="pointer" value="5000023/love/0"/>
</i>
<i name="11">
<i name="pointer" value="5000023/love/0"/>
</i>
</i>
<i name="puling">
<i name="0">
<i name="origin">
<i name="x" value="17"/>
<i name="y" value="52"/>
</i>
<i name="image" value="5000023.puling.0.png"/>
</i>
<i name="1">
<i name="origin">
<i name="x" value="18"/>
<i name="y" value="53"/>
</i>
<i name="image" value="5000023.puling.1.png"/>
</i>
<i name="2">
<i name="origin">
<i name="x" value="19"/>
<i name="y" value="55"/>
</i>
<i name="image" value="5000023.puling.2.png"/>
</i>
<i name="3">
<i name="origin">
<i name="x" value="19"/>
<i name="y" value="56"/>
</i>
<i name="image" value="5000023.puling.3.png"/>
</i>
<i name="4">
<i name="pointer" value="5000023/puling/2"/>
</i>
<i name="5">
<i name="pointer" value="5000023/puling/3"/>
</i>
<i name="6">
<i name="pointer" value="5000023/puling/2"/>
</i>
<i name="7">
<i name="pointer" value="5000023/puling/1"/>
</i>
</i>
<i name="fly">
<i name="0">
<i name="origin">
<i name="x" value="18"/>
<i name="y" value="54"/>
</i>
<i name="image" value="5000023.fly.0.png"/>
</i>
<i name="1">
<i name="origin">
<i name="x" value="18"/>
<i name="y" value="55"/>
</i>
<i name="image" value="5000023.fly.1.png"/>
</i>
</i>
</i>