<i name="0001000"><i name="hit0"><i name="0"><i name="0"><i name="origin"><i name="x" value="37"/><i name="y" value="70"/></i><i name="delay" value="90"/><i name="image" value="0001000.level.3.hit.0.0.png"/></i><i name="1"><i name="origin"><i name="x" value="33"/><i name="y" value="68"/></i><i name="delay" value="90"/><i name="image" value="0001000.level.3.hit.0.1.png"/></i><i name="2"><i name="origin"><i name="x" value="33"/><i name="y" value="67"/></i><i name="delay" value="90"/><i name="image" value="0001000.level.3.hit.0.2.png"/></i><i name="3"><i name="origin"><i name="x" value="34"/><i name="y" value="65"/></i><i name="delay" value="90"/><i name="image" value="0001000.level.3.hit.0.3.png"/></i><i name="4"><i name="origin"><i name="x" value="39"/><i name="y" value="60"/></i><i name="delay" value="90"/><i name="image" value="0001000.level.3.hit.0.4.png"/></i><i name="5"><i name="origin"><i name="x" value="42"/><i name="y" value="61"/></i><i name="delay" value="90"/><i name="image" value="0001000.level.3.hit.0.5.png"/></i></i></i><i name="hit1"><i name="0"><i name="0"><i name="origin"><i name="x" value="37"/><i name="y" value="70"/></i><i name="delay" value="90"/><i name="image" value="0001000.level.1.hit.0.0.png"/></i><i name="1"><i name="origin"><i name="x" value="33"/><i name="y" value="68"/></i><i name="delay" value="90"/><i name="image" value="0001000.level.1.hit.0.1.png"/></i><i name="2"><i name="origin"><i name="x" value="33"/><i name="y" value="67"/></i><i name="delay" value="90"/><i name="image" value="0001000.level.1.hit.0.2.png"/></i><i name="3"><i name="origin"><i name="x" value="34"/><i name="y" value="65"/></i><i name="delay" value="90"/><i name="image" value="0001000.level.1.hit.0.3.png"/></i><i name="4"><i name="origin"><i name="x" value="39"/><i name="y" value="60"/></i><i name="delay" value="90"/><i name="image" value="0001000.level.1.hit.0.4.png"/></i><i name="5"><i name="origin"><i name="x" value="42"/><i name="y" value="61"/></i><i name="delay" value="90"/><i name="image" value="0001000.level.1.hit.0.5.png"/></i></i></i><i name="hit2"><i name="0"><i name="0"><i name="origin"><i name="x" value="37"/><i name="y" value="70"/></i><i name="delay" value="90"/><i name="image" value="0001000.level.2.hit.0.0.png"/></i><i name="1"><i name="origin"><i name="x" value="33"/><i name="y" value="68"/></i><i name="delay" value="90"/><i name="image" value="0001000.level.2.hit.0.1.png"/></i><i name="2"><i name="origin"><i name="x" value="33"/><i name="y" value="67"/></i><i name="delay" value="90"/><i name="image" value="0001000.level.2.hit.0.2.png"/></i><i name="3"><i name="origin"><i name="x" value="34"/><i name="y" value="65"/></i><i name="delay" value="90"/><i name="image" value="0001000.level.2.hit.0.3.png"/></i><i name="4"><i name="origin"><i name="x" value="39"/><i name="y" value="60"/></i><i name="delay" value="90"/><i name="image" value="0001000.level.2.hit.0.4.png"/></i><i name="5"><i name="origin"><i name="x" value="42"/><i name="y" value="61"/></i><i name="delay" value="90"/><i name="image" value="0001000.level.2.hit.0.5.png"/></i></i></i><i name="ball0"><i name="0"><i name="origin"><i name="x" value="17"/><i name="y" value="17"/></i><i name="delay" value="90"/><i name="image" value="0001000.level.3.ball.0.png"/></i><i name="1"><i name="origin"><i name="x" value="19"/><i name="y" value="13"/></i><i name="delay" value="90"/><i name="image" value="0001000.level.3.ball.1.png"/></i><i name="2"><i name="origin"><i name="x" value="19"/><i name="y" value="16"/></i><i name="delay" value="90"/><i name="image" value="0001000.level.3.ball.2.png"/></i></i><i name="ball1"><i name="0"><i name="origin"><i name="x" value="17"/><i name="y" value="17"/></i><i name="delay" value="90"/><i name="image" value="0001000.level.1.ball.0.png"/></i><i name="1"><i name="origin"><i name="x" value="19"/><i name="y" value="13"/></i><i name="delay" value="90"/><i name="image" value="0001000.level.1.ball.1.png"/></i><i name="2"><i name="origin"><i name="x" value="19"/><i name="y" value="16"/></i><i name="delay" value="90"/><i name="image" value="0001000.level.1.ball.2.png"/></i></i><i name="ball2"><i name="0"><i name="origin"><i name="x" value="17"/><i name="y" value="17"/></i><i name="delay" value="90"/><i name="image" value="0001000.level.2.ball.0.png"/></i><i name="1"><i name="origin"><i name="x" value="19"/><i name="y" value="13"/></i><i name="delay" value="90"/><i name="image" value="0001000.level.2.ball.1.png"/></i><i name="2"><i name="origin"><i name="x" value="19"/><i name="y" value="16"/></i><i name="delay" value="90"/><i name="image" value="0001000.level.2.ball.2.png"/></i></i></i>