  <i name="2321005">
  <i name="effect">
    <i name="0">
      <i name="origin">
        <i name="x" value="60"/>
        <i name="y" value="120"/>
      </i>
      <i name="delay" value="60"/>
      <i name="image" value="2321005.effect.0.png"/>
    </i>
    <i name="1">
      <i name="origin">
        <i name="x" value="51"/>
        <i name="y" value="109"/>
      </i>
      <i name="delay" value="60"/>
      <i name="image" value="2321005.effect.1.png"/>
    </i>
    <i name="2">
      <i name="origin">
        <i name="x" value="43"/>
        <i name="y" value="74"/>
      </i>
      <i name="delay" value="60"/>
      <i name="image" value="2321005.effect.2.png"/>
    </i>
    <i name="3">
      <i name="origin">
        <i name="x" value="46"/>
        <i name="y" value="74"/>
      </i>
      <i name="delay" value="60"/>
      <i name="image" value="2321005.effect.3.png"/>
    </i>
    <i name="4">
      <i name="origin">
        <i name="x" value="49"/>
        <i name="y" value="78"/>
      </i>
      <i name="delay" value="60"/>
      <i name="image" value="2321005.effect.4.png"/>
    </i>
    <i name="5">
      <i name="origin">
        <i name="x" value="123"/>
        <i name="y" value="95"/>
      </i>
      <i name="delay" value="60"/>
      <i name="image" value="2321005.effect.5.png"/>
    </i>
    <i name="6">
      <i name="origin">
        <i name="x" value="139"/>
        <i name="y" value="110"/>
      </i>
      <i name="delay" value="60"/>
      <i name="image" value="2321005.effect.6.png"/>
    </i>
    <i name="7">
      <i name="origin">
        <i name="x" value="171"/>
        <i name="y" value="148"/>
      </i>
      <i name="delay" value="60"/>
      <i name="image" value="2321005.effect.7.png"/>
    </i>
    <i name="8">
      <i name="origin">
        <i name="x" value="154"/>
        <i name="y" value="138"/>
      </i>
      <i name="delay" value="60"/>
      <i name="image" value="2321005.effect.8.png"/>
    </i>
    <i name="9">
      <i name="origin">
        <i name="x" value="130"/>
        <i name="y" value="125"/>
      </i>
      <i name="delay" value="60"/>
      <i name="image" value="2321005.effect.9.png"/>
    </i>
    <i name="10">
      <i name="origin">
        <i name="x" value="135"/>
        <i name="y" value="134"/>
      </i>
      <i name="delay" value="60"/>
      <i name="image" value="2321005.effect.10.png"/>
    </i>
    <i name="11">
      <i name="origin">
        <i name="x" value="135"/>
        <i name="y" value="133"/>
      </i>
      <i name="delay" value="60"/>
      <i name="image" value="2321005.effect.11.png"/>
    </i>
    <i name="12">
      <i name="origin">
        <i name="x" value="133"/>
        <i name="y" value="132"/>
      </i>
      <i name="delay" value="60"/>
      <i name="image" value="2321005.effect.12.png"/>
    </i>
    <i name="13">
      <i name="origin">
        <i name="x" value="131"/>
        <i name="y" value="129"/>
      </i>
      <i name="delay" value="60"/>
      <i name="image" value="2321005.effect.13.png"/>
    </i>
    <i name="14">
      <i name="origin">
        <i name="x" value="133"/>
        <i name="y" value="132"/>
      </i>
      <i name="delay" value="60"/>
      <i name="image" value="2321005.effect.14.png"/>
    </i>
    <i name="15">
      <i name="origin">
        <i name="x" value="116"/>
        <i name="y" value="117"/>
      </i>
      <i name="delay" value="60"/>
      <i name="image" value="2321005.effect.15.png"/>
    </i>
    <i name="16">
      <i name="origin">
        <i name="x" value="115"/>
        <i name="y" value="117"/>
      </i>
      <i name="delay" value="60"/>
      <i name="image" value="2321005.effect.16.png"/>
    </i>
    <i name="17">
      <i name="origin">
        <i name="x" value="115"/>
        <i name="y" value="116"/>
      </i>
      <i name="delay" value="60"/>
      <i name="image" value="2321005.effect.17.png"/>
    </i>
  </i>
  <i name="affected">
    <i name="0">
      <i name="origin">
        <i name="x" value="42"/>
        <i name="y" value="70"/>
      </i>
      <i name="delay" value="60"/>
      <i name="image" value="2321005.affected.0.png"/>
    </i>
    <i name="1">
      <i name="origin">
        <i name="x" value="42"/>
        <i name="y" value="70"/>
      </i>
      <i name="delay" value="60"/>
      <i name="image" value="2321005.affected.1.png"/>
    </i>
    <i name="2">
      <i name="origin">
        <i name="x" value="42"/>
        <i name="y" value="143"/>
      </i>
      <i name="delay" value="60"/>
      <i name="image" value="2321005.affected.2.png"/>
    </i>
    <i name="3">
      <i name="origin">
        <i name="x" value="57"/>
        <i name="y" value="148"/>
      </i>
      <i name="delay" value="60"/>
      <i name="image" value="2321005.affected.3.png"/>
    </i>
    <i name="4">
      <i name="origin">
        <i name="x" value="88"/>
        <i name="y" value="139"/>
      </i>
      <i name="delay" value="60"/>
      <i name="image" value="2321005.affected.4.png"/>
    </i>
    <i name="5">
      <i name="origin">
        <i name="x" value="94"/>
        <i name="y" value="141"/>
      </i>
      <i name="delay" value="60"/>
      <i name="image" value="2321005.affected.5.png"/>
    </i>
    <i name="6">
      <i name="origin">
        <i name="x" value="92"/>
        <i name="y" value="138"/>
      </i>
      <i name="delay" value="60"/>
      <i name="image" value="2321005.affected.6.png"/>
    </i>
    <i name="7">
      <i name="origin">
        <i name="x" value="89"/>
        <i name="y" value="132"/>
      </i>
      <i name="delay" value="60"/>
      <i name="image" value="2321005.affected.7.png"/>
    </i>
    <i name="8">
      <i name="origin">
        <i name="x" value="77"/>
        <i name="y" value="111"/>
      </i>
      <i name="delay" value="60"/>
      <i name="image" value="2321005.affected.8.png"/>
    </i>
    <i name="9">
      <i name="origin">
        <i name="x" value="76"/>
        <i name="y" value="110"/>
      </i>
      <i name="delay" value="60"/>
      <i name="image" value="2321005.affected.9.png"/>
    </i>
    <i name="10">
      <i name="origin">
        <i name="x" value="74"/>
        <i name="y" value="109"/>
      </i>
      <i name="delay" value="60"/>
      <i name="image" value="2321005.affected.10.png"/>
    </i>
  </i>
  </i>
