<i name="5000005">
<i name="stand0">
<i name="0">
<i name="origin">
<i name="x" value="7"/>
<i name="y" value="34"/>
</i>
<i name="image" value="5000005.stand0.0.png"/>
</i>
<i name="1">
<i name="origin">
<i name="x" value="7"/>
<i name="y" value="34"/>
</i>
<i name="image" value="5000005.stand0.1.png"/>
</i>
<i name="2">
<i name="origin">
<i name="x" value="7"/>
<i name="y" value="34"/>
</i>
<i name="image" value="5000005.stand0.2.png"/>
</i>
</i>
<i name="stand1">
<i name="0">
<i name="origin">
<i name="x" value="7"/>
<i name="y" value="34"/>
</i>
<i name="image" value="5000005.stand1.0.png"/>
</i>
<i name="1">
<i name="origin">
<i name="x" value="7"/>
<i name="y" value="34"/>
</i>
<i name="image" value="5000005.stand1.1.png"/>
</i>
<i name="2">
<i name="origin">
<i name="x" value="7"/>
<i name="y" value="34"/>
</i>
<i name="image" value="5000005.stand1.2.png"/>
</i>
</i>
<i name="hungry">
<i name="0">
<i name="origin">
<i name="x" value="8"/>
<i name="y" value="32"/>
</i>
<i name="image" value="5000005.hungry.0.png"/>
</i>
</i>
<i name="move">
<i name="0">
<i name="origin">
<i name="x" value="7"/>
<i name="y" value="34"/>
</i>
<i name="image" value="5000005.move.0.png"/>
</i>
<i name="1">
<i name="origin">
<i name="x" value="7"/>
<i name="y" value="35"/>
</i>
<i name="image" value="5000005.move.1.png"/>
</i>
<i name="2">
<i name="origin">
<i name="x" value="6"/>
<i name="y" value="42"/>
</i>
<i name="image" value="5000005.move.2.png"/>
</i>
<i name="3">
<i name="origin">
<i name="x" value="7"/>
<i name="y" value="35"/>
</i>
<i name="image" value="5000005.move.3.png"/>
</i>
</i>
<i name="jump">
<i name="0">
<i name="origin">
<i name="x" value="7"/>
<i name="y" value="34"/>
</i>
<i name="image" value="5000005.jump.0.png"/>
</i>
</i>
<i name="rest0">
<i name="0">
<i name="origin">
<i name="x" value="7"/>
<i name="y" value="32"/>
</i>
<i name="image" value="5000005.rest0.0.png"/>
</i>
<i name="1">
<i name="origin">
<i name="x" value="7"/>
<i name="y" value="32"/>
</i>
<i name="image" value="5000005.rest0.1.png"/>
</i>
<i name="2">
<i name="origin">
<i name="x" value="7"/>
<i name="y" value="32"/>
</i>
<i name="image" value="5000005.rest0.2.png"/>
</i>
</i>
<i name="chat">
<i name="0">
<i name="origin">
<i name="x" value="7"/>
<i name="y" value="35"/>
</i>
<i name="image" value="5000005.chat.0.png"/>
</i>
<i name="1">
<i name="pointer" value="5000005/chat/0"/>
</i>
<i name="2">
<i name="pointer" value="5000005/chat/0"/>
</i>
<i name="3">
<i name="pointer" value="5000005/chat/0"/>
</i>
<i name="4">
<i name="pointer" value="5000005/chat/0"/>
</i>
<i name="5">
<i name="pointer" value="5000005/chat/0"/>
</i>
<i name="6">
<i name="pointer" value="5000005/chat/0"/>
</i>
<i name="7">
<i name="pointer" value="5000005/chat/0"/>
</i>
<i name="8">
<i name="pointer" value="5000005/chat/0"/>
</i>
<i name="9">
<i name="pointer" value="5000005/chat/0"/>
</i>
<i name="10">
<i name="pointer" value="5000005/chat/0"/>
</i>
<i name="11">
<i name="pointer" value="5000005/chat/0"/>
</i>
<i name="12">
<i name="pointer" value="5000005/chat/0"/>
</i>
<i name="13">
<i name="pointer" value="5000005/chat/0"/>
</i>
<i name="14">
<i name="pointer" value="5000005/chat/0"/>
</i>
<i name="15">
<i name="pointer" value="5000005/chat/0"/>
</i>
</i>
<i name="angry">
<i name="0">
<i name="origin">
<i name="x" value="7"/>
<i name="y" value="35"/>
</i>
<i name="image" value="5000005.angry.0.png"/>
</i>
<i name="1">
<i name="pointer" value="5000005/angry/0"/>
</i>
<i name="2">
<i name="pointer" value="5000005/angry/0"/>
</i>
<i name="3">
<i name="pointer" value="5000005/angry/0"/>
</i>
<i name="4">
<i name="pointer" value="5000005/angry/0"/>
</i>
<i name="5">
<i name="pointer" value="5000005/angry/0"/>
</i>
<i name="6">
<i name="pointer" value="5000005/angry/0"/>
</i>
<i name="7">
<i name="pointer" value="5000005/angry/0"/>
</i>
<i name="8">
<i name="pointer" value="5000005/angry/0"/>
</i>
<i name="9">
<i name="pointer" value="5000005/angry/0"/>
</i>
<i name="10">
<i name="pointer" value="5000005/angry/0"/>
</i>
<i name="11">
<i name="pointer" value="5000005/angry/0"/>
</i>
<i name="12">
<i name="pointer" value="5000005/angry/0"/>
</i>
<i name="13">
<i name="pointer" value="5000005/angry/0"/>
</i>
<i name="14">
<i name="pointer" value="5000005/angry/0"/>
</i>
<i name="15">
<i name="pointer" value="5000005/angry/0"/>
</i>
</i>
<i name="hang">
<i name="0">
<i name="origin">
<i name="x" value="10"/>
<i name="y" value="52"/>
</i>
<i name="image" value="5000005.hang.0.png"/>
</i>
</i>
<i name="hug">
<i name="0">
<i name="origin">
<i name="x" value="0"/>
<i name="y" value="41"/>
</i>
<i name="image" value="5000005.hug.0.png"/>
</i>
</i>
<i name="rise">
<i name="0">
<i name="origin">
<i name="x" value="-1"/>
<i name="y" value="40"/>
</i>
<i name="image" value="5000005.rise.0.png"/>
</i>
</i>
<i name="dung">
<i name="0">
<i name="origin">
<i name="x" value="7"/>
<i name="y" value="34"/>
</i>
<i name="image" value="5000005.dung.0.png"/>
</i>
</i>
<i name="cry">
<i name="0">
<i name="origin">
<i name="x" value="8"/>
<i name="y" value="32"/>
</i>
<i name="image" value="5000005.cry.0.png"/>
</i>
</i>
<i name="nap">
<i name="0">
<i name="origin">
<i name="x" value="8"/>
<i name="y" value="30"/>
</i>
<i name="image" value="5000005.nap.0.png"/>
</i>
<i name="1">
<i name="pointer" value="5000005/nap/0"/>
</i>
<i name="2">
<i name="pointer" value="5000005/nap/0"/>
</i>
<i name="3">
<i name="pointer" value="5000005/nap/0"/>
</i>
<i name="4">
<i name="pointer" value="5000005/nap/0"/>
</i>
<i name="5">
<i name="pointer" value="5000005/nap/0"/>
</i>
<i name="6">
<i name="pointer" value="5000005/nap/0"/>
</i>
<i name="7">
<i name="pointer" value="5000005/nap/0"/>
</i>
<i name="8">
<i name="pointer" value="5000005/nap/0"/>
</i>
</i>
<i name="prone">
<i name="0">
<i name="origin">
<i name="x" value="11"/>
<i name="y" value="28"/>
</i>
<i name="image" value="5000005.prone.0.png"/>
</i>
<i name="1">
<i name="pointer" value="5000005/prone/0"/>
</i>
<i name="2">
<i name="pointer" value="5000005/prone/0"/>
</i>
<i name="3">
<i name="pointer" value="5000005/prone/0"/>
</i>
<i name="4">
<i name="pointer" value="5000005/prone/0"/>
</i>
<i name="5">
<i name="pointer" value="5000005/prone/0"/>
</i>
<i name="6">
<i name="pointer" value="5000005/prone/0"/>
</i>
<i name="7">
<i name="pointer" value="5000005/prone/0"/>
</i>
<i name="8">
<i name="pointer" value="5000005/prone/0"/>
</i>
</i>
<i name="donno">
<i name="0">
<i name="origin">
<i name="x" value="7"/>
<i name="y" value="34"/>
</i>
<i name="image" value="5000005.donno.0.png"/>
</i>
<i name="1">
<i name="origin">
<i name="x" value="6"/>
<i name="y" value="33"/>
</i>
<i name="image" value="5000005.donno.1.png"/>
</i>
<i name="2">
<i name="origin">
<i name="x" value="6"/>
<i name="y" value="32"/>
</i>
<i name="image" value="5000005.donno.2.png"/>
</i>
<i name="3">
<i name="pointer" value="5000005/donno/0"/>
</i>
<i name="4">
<i name="pointer" value="5000005/donno/1"/>
</i>
<i name="5">
<i name="pointer" value="5000005/donno/2"/>
</i>
</i>
<i name="complain">
<i name="0">
<i name="origin">
<i name="x" value="-2"/>
<i name="y" value="40"/>
</i>
<i name="image" value="5000005.complain.0.png"/>
</i>
<i name="1">
<i name="origin">
<i name="x" value="-3"/>
<i name="y" value="40"/>
</i>
<i name="image" value="5000005.complain.1.png"/>
</i>
<i name="2">
<i name="origin">
<i name="x" value="-1"/>
<i name="y" value="40"/>
</i>
<i name="image" value="5000005.complain.2.png"/>
</i>
<i name="3">
<i name="pointer" value="5000005/complain/1"/>
</i>
<i name="4">
<i name="pointer" value="5000005/complain/2"/>
</i>
<i name="5">
<i name="pointer" value="5000005/complain/1"/>
</i>
<i name="6">
<i name="pointer" value="5000005/complain/2"/>
</i>
<i name="7">
<i name="pointer" value="5000005/complain/0"/>
</i>
<i name="8">
<i name="pointer" value="5000005/complain/1"/>
</i>
<i name="9">
<i name="pointer" value="5000005/complain/2"/>
</i>
<i name="10">
<i name="pointer" value="5000005/complain/1"/>
</i>
<i name="11">
<i name="pointer" value="5000005/complain/2"/>
</i>
<i name="12">
<i name="pointer" value="5000005/complain/1"/>
</i>
<i name="13">
<i name="pointer" value="5000005/complain/2"/>
</i>
</i>
<i name="fly">
<i name="0">
<i name="origin">
<i name="x" value="6"/>
<i name="y" value="36"/>
</i>
<i name="image" value="5000005.fly.0.png"/>
</i>
<i name="1">
<i name="origin">
<i name="x" value="7"/>
<i name="y" value="37"/>
</i>
<i name="image" value="5000005.fly.1.png"/>
</i>
</i>
</i>