<i>
<s name="default"><f name="default" ><p name="default"  origin_x="17" origin_y="43" brow_x="2" brow_y="-27" z="cap" image="default.default.png"/></f></s>
<s name="backDefault"><f name="default" ><p name="backDefault"  origin_x="15" origin_y="25" brow_x="3" brow_y="-7" z="backCap" image="backDefault.default.png"/></f></s>
<s name="walk1"><f name="0" ><p name="pointer"  pointer="default/default"/></f><f name="1" ><p name="pointer"  pointer="default/default"/></f><f name="2" ><p name="pointer"  pointer="default/default"/></f><f name="3" ><p name="pointer"  pointer="default/default"/></f></s>
<s name="walk2"><f name="0" ><p name="pointer"  pointer="default/default"/></f><f name="1" ><p name="pointer"  pointer="default/default"/></f><f name="2" ><p name="pointer"  pointer="default/default"/></f><f name="3" ><p name="pointer"  pointer="default/default"/></f></s>
<s name="stand1"><f name="0" ><p name="pointer"  pointer="default/default"/></f><f name="1" ><p name="pointer"  pointer="default/default"/></f><f name="2" ><p name="pointer"  pointer="default/default"/></f></s>
<s name="stand2"><f name="0" ><p name="pointer"  pointer="default/default"/></f><f name="1" ><p name="pointer"  pointer="default/default"/></f><f name="2" ><p name="pointer"  pointer="default/default"/></f></s>
<s name="alert"><f name="0" ><p name="alert"  origin_x="23" origin_y="22" brow_x="-4" brow_y="-6" z="cap" image="alert.0.default.png"/></f><f name="1" ><p name="pointer"  pointer="alert/0/default"/></f><f name="2" ><p name="pointer"  pointer="alert/0/default"/></f></s>
<s name="swingO1"><f name="0" ><p name="swingO1"  origin_x="17" origin_y="43" brow_x="2" brow_y="-27" z="cap" image="swingO1.0.default.png"/></f><f name="1" ><p name="swingO1"  origin_x="17" origin_y="43" brow_x="2" brow_y="-27" z="cap" image="swingO1.1.default.png"/></f><f name="2" ><p name="swingO1"  origin_x="17" origin_y="43" brow_x="2" brow_y="-27" z="cap" image="swingO1.2.default.png"/></f></s>
<s name="swingO2"><f name="0" ><p name="swingO2"  origin_x="17" origin_y="43" brow_x="2" brow_y="-27" z="cap" image="swingO2.0.default.png"/></f><f name="1" ><p name="pointer"  pointer="default/default"/></f><f name="2" ><p name="swingO2"  origin_x="17" origin_y="43" brow_x="2" brow_y="-27" z="cap" image="swingO2.2.default.png"/></f></s>
<s name="swingO3"><f name="0" ><p name="swingO3"  origin_x="17" origin_y="43" brow_x="2" brow_y="-27" z="cap" image="swingO3.0.default.png"/></f><f name="1" ><p name="swingO3"  origin_x="17" origin_y="43" brow_x="2" brow_y="-27" z="cap" image="swingO3.1.default.png"/></f><f name="2" ><p name="swingO3"  origin_x="17" origin_y="43" brow_x="2" brow_y="-27" z="cap" image="swingO3.2.default.png"/></f></s>
<s name="swingOF"><f name="0" ><p name="swingOF"  origin_x="17" origin_y="43" brow_x="2" brow_y="-27" z="cap" image="swingOF.0.default.png"/></f><f name="1" ><p name="swingOF"  origin_x="17" origin_y="43" brow_x="1" brow_y="-26" z="backCap" image="swingOF.1.default.png"/></f><f name="2" ><p name="swingOF"  origin_x="17" origin_y="43" brow_x="2" brow_y="-27" z="cap" image="swingOF.2.default.png"/></f><f name="3" ><p name="swingOF"  origin_x="17" origin_y="43" brow_x="2" brow_y="-27" z="cap" image="swingOF.3.default.png"/></f></s>
<s name="swingT1"><f name="0" ><p name="swingT1"  origin_x="17" origin_y="43" brow_x="2" brow_y="-27" z="cap" image="swingT1.0.default.png"/></f><f name="1" ><p name="swingT1"  origin_x="17" origin_y="43" brow_x="2" brow_y="-27" z="cap" image="swingT1.1.default.png"/></f><f name="2" ><p name="swingT1"  origin_x="17" origin_y="43" brow_x="2" brow_y="-27" z="cap" image="swingT1.2.default.png"/></f></s>
<s name="swingT2"><f name="0" ><p name="swingT2"  origin_x="17" origin_y="43" brow_x="2" brow_y="-27" z="cap" image="swingT2.0.default.png"/></f><f name="1" ><p name="pointer"  pointer="default/default"/></f><f name="2" ><p name="swingT2"  origin_x="17" origin_y="43" brow_x="2" brow_y="-27" z="cap" image="swingT2.2.default.png"/></f></s>
<s name="swingT3"><f name="0" ><p name="swingT3"  origin_x="17" origin_y="43" brow_x="2" brow_y="-27" z="cap" image="swingT3.0.default.png"/></f><f name="1" ><p name="swingT3"  origin_x="17" origin_y="43" brow_x="2" brow_y="-27" z="cap" image="swingT3.1.default.png"/></f><f name="2" ><p name="swingT3"  origin_x="17" origin_y="43" brow_x="2" brow_y="-27" z="cap" image="swingT3.2.default.png"/></f></s>
<s name="swingTF"><f name="0" ><p name="pointer"  pointer="backDefault/default"/></f><f name="1" ><p name="swingTF"  origin_x="17" origin_y="43" brow_x="2" brow_y="-27" z="cap" image="swingTF.1.default.png"/></f><f name="2" ><p name="swingTF"  origin_x="17" origin_y="43" brow_x="2" brow_y="-27" z="cap" image="swingTF.2.default.png"/></f><f name="3" ><p name="swingTF"  origin_x="23" origin_y="21" brow_x="-4" brow_y="-5" z="cap" image="swingTF.3.default.png"/></f></s>
<s name="swingP1"><f name="0" ><p name="swingP1"  origin_x="17" origin_y="43" brow_x="2" brow_y="-27" z="cap" image="swingP1.0.default.png"/></f><f name="1" ><p name="swingP1"  origin_x="17" origin_y="43" brow_x="2" brow_y="-27" z="cap" image="swingP1.1.default.png"/></f><f name="2" ><p name="swingP1"  origin_x="17" origin_y="43" brow_x="2" brow_y="-27" z="cap" image="swingP1.2.default.png"/></f></s>
<s name="swingP2"><f name="0" ><p name="swingP2"  origin_x="17" origin_y="43" brow_x="2" brow_y="-27" z="cap" image="swingP2.0.default.png"/></f><f name="1" ><p name="swingP2"  origin_x="17" origin_y="43" brow_x="2" brow_y="-27" z="cap" image="swingP2.1.default.png"/></f><f name="2" ><p name="swingP2"  origin_x="17" origin_y="43" brow_x="2" brow_y="-27" z="cap" image="swingP2.2.default.png"/></f></s>
<s name="swingPF"><f name="0" ><p name="swingPF"  origin_x="17" origin_y="43" brow_x="2" brow_y="-27" z="cap" image="swingPF.0.default.png"/></f><f name="1" ><p name="swingPF"  origin_x="17" origin_y="43" brow_x="2" brow_y="-27" z="cap" image="swingPF.1.default.png"/></f><f name="2" ><p name="swingPF"  origin_x="17" origin_y="43" brow_x="2" brow_y="-27" z="cap" image="swingPF.2.default.png"/></f><f name="3" ><p name="swingPF"  origin_x="23" origin_y="21" brow_x="-4" brow_y="-5" z="cap" image="swingPF.3.default.png"/></f></s>
<s name="stabO1"><f name="0" ><p name="pointer"  pointer="default/default"/></f><f name="1" ><p name="stabO1"  origin_x="17" origin_y="43" brow_x="2" brow_y="-27" z="cap" image="stabO1.1.default.png"/></f></s>
<s name="stabO2"><f name="0" ><p name="stabO2"  origin_x="17" origin_y="43" brow_x="2" brow_y="-27" z="cap" image="stabO2.0.default.png"/></f><f name="1" ><p name="stabO2"  origin_x="17" origin_y="43" brow_x="2" brow_y="-27" z="cap" image="stabO2.1.default.png"/></f></s>
<s name="stabOF"><f name="0" ><p name="stabOF"  origin_x="23" origin_y="22" brow_x="-4" brow_y="-6" z="cap" image="stabOF.0.default.png"/></f><f name="1" ><p name="stabOF"  origin_x="17" origin_y="43" brow_x="2" brow_y="-27" z="cap" image="stabOF.1.default.png"/></f><f name="2" ><p name="stabOF"  origin_x="17" origin_y="43" brow_x="2" brow_y="-27" z="cap" image="stabOF.2.default.png"/></f></s>
<s name="stabT1"><f name="0" ><p name="stabT1"  origin_x="17" origin_y="43" brow_x="2" brow_y="-27" z="cap" image="stabT1.0.default.png"/></f><f name="1" ><p name="stabT1"  origin_x="17" origin_y="43" brow_x="2" brow_y="-27" z="cap" image="stabT1.1.default.png"/></f><f name="2" ><p name="stabT1"  origin_x="17" origin_y="43" brow_x="2" brow_y="-27" z="cap" image="stabT1.2.default.png"/></f></s>
<s name="stabT2"><f name="0" ><p name="stabT2"  origin_x="17" origin_y="43" brow_x="2" brow_y="-27" z="cap" image="stabT2.0.default.png"/></f><f name="1" ><p name="stabT2"  origin_x="17" origin_y="43" brow_x="2" brow_y="-27" z="cap" image="stabT2.1.default.png"/></f><f name="2" ><p name="stabT2"  origin_x="17" origin_y="43" brow_x="2" brow_y="-27" z="cap" image="stabT2.2.default.png"/></f></s>
<s name="stabTF"><f name="0" ><p name="pointer"  pointer="swingPF/0/default"/></f><f name="1" ><p name="pointer"  pointer="swingPF/1/default"/></f><f name="2" ><p name="stabTF"  origin_x="17" origin_y="43" brow_x="2" brow_y="-27" z="cap" image="stabTF.2.default.png"/></f><f name="3" ><p name="stabTF"  origin_x="17" origin_y="43" brow_x="2" brow_y="-27" z="cap" image="stabTF.3.default.png"/></f></s>
<s name="shoot1"><f name="0" ><p name="shoot1"  origin_x="17" origin_y="43" brow_x="2" brow_y="-27" z="cap" image="shoot1.0.default.png"/></f><f name="1" ><p name="pointer"  pointer="shoot1/0/default"/></f><f name="2" ><p name="pointer"  pointer="shoot1/0/default"/></f></s>
<s name="shoot2"><f name="0" ><p name="pointer"  pointer="shoot1/0/default"/></f><f name="1" ><p name="shoot2"  origin_x="17" origin_y="43" brow_x="2" brow_y="-27" z="cap" image="shoot2.1.default.png"/></f><f name="2" ><p name="pointer"  pointer="shoot2/1/default"/></f><f name="3" ><p name="shoot2"  origin_x="17" origin_y="43" brow_x="2" brow_y="-27" z="cap" image="shoot2.3.default.png"/></f><f name="4" ><p name="pointer"  pointer="shoot2/3/default"/></f></s>
<s name="shootF"><f name="0" ><p name="shootF"  origin_x="17" origin_y="43" brow_x="2" brow_y="-27" z="cap" image="shootF.0.default.png"/></f><f name="1" ><p name="pointer"  pointer="default/default"/></f><f name="2" ><p name="pointer"  pointer="default/default"/></f></s>
<s name="proneStab"><f name="0" ><p name="proneStab"  origin_x="17" origin_y="43" brow_x="2" brow_y="-27" z="cap" image="proneStab.0.default.png"/></f><f name="1" ><p name="pointer"  pointer="proneStab/0/default"/></f></s>
<s name="prone"><f name="0" ><p name="pointer"  pointer="proneStab/0/default"/></f></s>
<s name="heal"><f name="0" ><p name="pointer"  pointer="alert/0/default"/></f><f name="1" ><p name="pointer"  pointer="default/default"/></f><f name="2" ><p name="pointer"  pointer="swingO2/0/default"/></f></s>
<s name="fly"><f name="0" ><p name="fly"  origin_x="17" origin_y="43" brow_x="2" brow_y="-27" z="cap" image="fly.0.default.png"/></f><f name="1" ><p name="pointer"  pointer="fly/0/default"/></f></s>
<s name="jump"><f name="0" ><p name="pointer"  pointer="fly/0/default"/></f></s>
<s name="sit"><f name="0" ><p name="sit"  origin_x="23" origin_y="21" brow_x="-4" brow_y="-5" z="cap" image="sit.0.default.png"/></f></s>
<s name="ladder"><f name="0" ><p name="pointer"  pointer="backDefault/default"/></f><f name="1" ><p name="pointer"  pointer="backDefault/default"/></f></s>
<s name="rope"><f name="0" ><p name="pointer"  pointer="backDefault/default"/></f><f name="1" ><p name="pointer"  pointer="backDefault/default"/></f></s>
</i>
