  <i name="05010038">
  <i name="info">
    <i name="icon">
      <i name="origin">
        <i name="x" value="0"/>
        <i name="y" value="32"/>
      </i>
      <i name="image" value="05010038.info.icon.png"/>
    </i>
    <i name="iconRaw">
      <i name="origin">
        <i name="x" value="0"/>
        <i name="y" value="32"/>
      </i>
      <i name="image" value="05010038.info.iconRaw.png"/>
    </i>
    <i name="cash" value="1"/>
  </i>
  <i name="effect">
    <i name="default" value="-NONE-"/>
    <i name="stand1">
      <i name="0">
        <i name="origin">
          <i name="x" value="9"/>
          <i name="y" value="119"/>
        </i>
        <i name="delay" value="120"/>
        <i name="image" value="05010038.effect.stand1.0.png"/>
      </i>
      <i name="1">
        <i name="origin">
          <i name="x" value="21"/>
          <i name="y" value="120"/>
        </i>
        <i name="delay" value="120"/>
        <i name="image" value="05010038.effect.stand1.1.png"/>
      </i>
      <i name="2">
        <i name="origin">
          <i name="x" value="33"/>
          <i name="y" value="120"/>
        </i>
        <i name="delay" value="120"/>
        <i name="image" value="05010038.effect.stand1.2.png"/>
      </i>
      <i name="3">
        <i name="origin">
          <i name="x" value="41"/>
          <i name="y" value="120"/>
        </i>
        <i name="delay" value="120"/>
        <i name="image" value="05010038.effect.stand1.3.png"/>
      </i>
      <i name="4">
        <i name="origin">
          <i name="x" value="56"/>
          <i name="y" value="120"/>
        </i>
        <i name="delay" value="120"/>
        <i name="image" value="05010038.effect.stand1.4.png"/>
      </i>
      <i name="5">
        <i name="origin">
          <i name="x" value="60"/>
          <i name="y" value="120"/>
        </i>
        <i name="delay" value="120"/>
        <i name="image" value="05010038.effect.stand1.5.png"/>
      </i>
      <i name="6">
        <i name="origin">
          <i name="x" value="61"/>
          <i name="y" value="120"/>
        </i>
        <i name="delay" value="120"/>
        <i name="image" value="05010038.effect.stand1.6.png"/>
      </i>
      <i name="7">
        <i name="origin">
          <i name="x" value="50"/>
          <i name="y" value="119"/>
        </i>
        <i name="delay" value="120"/>
        <i name="image" value="05010038.effect.stand1.7.png"/>
      </i>
      <i name="8">
        <i name="origin">
          <i name="x" value="43"/>
          <i name="y" value="118"/>
        </i>
        <i name="delay" value="120"/>
        <i name="image" value="05010038.effect.stand1.8.png"/>
      </i>
      <i name="9">
        <i name="origin">
          <i name="x" value="45"/>
          <i name="y" value="112"/>
        </i>
        <i name="delay" value="120"/>
        <i name="image" value="05010038.effect.stand1.9.png"/>
      </i>
      <i name="10">
        <i name="origin">
          <i name="x" value="33"/>
          <i name="y" value="102"/>
        </i>
        <i name="delay" value="120"/>
        <i name="image" value="05010038.effect.stand1.10.png"/>
      </i>
      <i name="11">
        <i name="origin">
          <i name="x" value="35"/>
          <i name="y" value="79"/>
        </i>
        <i name="delay" value="120"/>
        <i name="image" value="05010038.effect.stand1.11.png"/>
      </i>
      <i name="12">
        <i name="origin">
          <i name="x" value="37"/>
          <i name="y" value="59"/>
        </i>
        <i name="delay" value="120"/>
        <i name="image" value="05010038.effect.stand1.12.png"/>
      </i>
      <i name="13">
        <i name="origin">
          <i name="x" value="24"/>
          <i name="y" value="43"/>
        </i>
        <i name="delay" value="120"/>
        <i name="image" value="05010038.effect.stand1.13.png"/>
      </i>
      <i name="14">
        <i name="origin">
          <i name="x" value="25"/>
          <i name="y" value="15"/>
        </i>
        <i name="delay" value="120"/>
        <i name="image" value="05010038.effect.stand1.14.png"/>
      </i>
      <i name="15">
        <i name="origin">
          <i name="x" value="0"/>
          <i name="y" value="0"/>
        </i>
        <i name="delay" value="3300"/>
        <i name="image" value="05010038.effect.stand1.15.png"/>
      </i>
      <i name="z" value="2"/>
    </i>
    <i name="stand2">
      <i name="0">
        <i name="pointer" value="05010038/effect/stand1/0"/>
      </i>
      <i name="1">
        <i name="pointer" value="05010038/effect/stand1/1"/>
      </i>
      <i name="2">
        <i name="pointer" value="05010038/effect/stand1/2"/>
      </i>
      <i name="3">
        <i name="pointer" value="05010038/effect/stand1/3"/>
      </i>
      <i name="4">
        <i name="pointer" value="05010038/effect/stand1/4"/>
      </i>
      <i name="5">
        <i name="pointer" value="05010038/effect/stand1/5"/>
      </i>
      <i name="6">
        <i name="pointer" value="05010038/effect/stand1/6"/>
      </i>
      <i name="7">
        <i name="pointer" value="05010038/effect/stand1/7"/>
      </i>
      <i name="8">
        <i name="pointer" value="05010038/effect/stand1/8"/>
      </i>
      <i name="9">
        <i name="pointer" value="05010038/effect/stand1/9"/>
      </i>
      <i name="10">
        <i name="pointer" value="05010038/effect/stand1/10"/>
      </i>
      <i name="11">
        <i name="pointer" value="05010038/effect/stand1/11"/>
      </i>
      <i name="12">
        <i name="pointer" value="05010038/effect/stand1/12"/>
      </i>
      <i name="13">
        <i name="pointer" value="05010038/effect/stand1/13"/>
      </i>
      <i name="14">
        <i name="pointer" value="05010038/effect/stand1/14"/>
      </i>
      <i name="15">
        <i name="pointer" value="05010038/effect/stand1/15"/>
      </i>
      <i name="z" value="2"/>
    </i>
    <i name="action" value="1"/>
  </i>
  </i>
