  <i name="05021006">
  <i name="info">
    <i name="icon">
      <i name="origin">
        <i name="x" value="-3"/>
        <i name="y" value="30"/>
      </i>
      <i name="image" value="05021006.info.icon.png"/>
    </i>
    <i name="iconRaw">
      <i name="origin">
        <i name="x" value="-3"/>
        <i name="y" value="30"/>
      </i>
      <i name="image" value="05021006.info.iconRaw.png"/>
    </i>
    <i name="cash" value="1"/>
  </i>
  <i name="bullet">
    <i name="0">
      <i name="origin">
        <i name="x" value="18"/>
        <i name="y" value="9"/>
      </i>
      <i name="image" value="05021006.bullet.0.png"/>
    </i>
  </i>
  <i name="hit">
    <i name="0">
      <i name="origin">
        <i name="x" value="43"/>
        <i name="y" value="46"/>
      </i>
      <i name="delay" value="90"/>
      <i name="image" value="05021006.hit.0.png"/>
    </i>
    <i name="1">
      <i name="origin">
        <i name="x" value="59"/>
        <i name="y" value="44"/>
      </i>
      <i name="delay" value="90"/>
      <i name="image" value="05021006.hit.1.png"/>
    </i>
    <i name="2">
      <i name="origin">
        <i name="x" value="54"/>
        <i name="y" value="48"/>
      </i>
      <i name="delay" value="90"/>
      <i name="image" value="05021006.hit.2.png"/>
    </i>
    <i name="3">
      <i name="origin">
        <i name="x" value="49"/>
        <i name="y" value="52"/>
      </i>
      <i name="delay" value="90"/>
      <i name="image" value="05021006.hit.3.png"/>
    </i>
    <i name="4">
      <i name="origin">
        <i name="x" value="60"/>
        <i name="y" value="59"/>
      </i>
      <i name="delay" value="90"/>
      <i name="image" value="05021006.hit.4.png"/>
    </i>
    <i name="5">
      <i name="origin">
        <i name="x" value="76"/>
        <i name="y" value="77"/>
      </i>
      <i name="delay" value="90"/>
      <i name="image" value="05021006.hit.5.png"/>
    </i>
  </i>
  </i>
