  <i name="05010023">
  <i name="info">
    <i name="icon">
      <i name="origin">
        <i name="x" value="0"/>
        <i name="y" value="32"/>
      </i>
      <i name="image" value="05010023.info.icon.png"/>
    </i>
    <i name="iconRaw">
      <i name="origin">
        <i name="x" value="0"/>
        <i name="y" value="32"/>
      </i>
      <i name="image" value="05010023.info.iconRaw.png"/>
    </i>
    <i name="cash" value="1"/>
  </i>
  <i name="effect">
    <i name="0">
      <i name="0">
        <i name="origin">
          <i name="x" value="20"/>
          <i name="y" value="-5"/>
        </i>
        <i name="delay" value="150"/>
        <i name="image" value="05010023.effect.0.0.png"/>
      </i>
      <i name="1">
        <i name="origin">
          <i name="x" value="20"/>
          <i name="y" value="-6"/>
        </i>
        <i name="delay" value="150"/>
        <i name="image" value="05010023.effect.0.1.png"/>
      </i>
      <i name="2">
        <i name="origin">
          <i name="x" value="19"/>
          <i name="y" value="-7"/>
        </i>
        <i name="delay" value="150"/>
        <i name="image" value="05010023.effect.0.2.png"/>
      </i>
      <i name="3">
        <i name="origin">
          <i name="x" value="17"/>
          <i name="y" value="-9"/>
        </i>
        <i name="delay" value="150"/>
        <i name="image" value="05010023.effect.0.3.png"/>
      </i>
      <i name="4">
        <i name="origin">
          <i name="x" value="17"/>
          <i name="y" value="-10"/>
        </i>
        <i name="delay" value="150"/>
        <i name="image" value="05010023.effect.0.4.png"/>
      </i>
      <i name="5">
        <i name="origin">
          <i name="x" value="17"/>
          <i name="y" value="-9"/>
        </i>
        <i name="delay" value="150"/>
        <i name="image" value="05010023.effect.0.5.png"/>
      </i>
      <i name="6">
        <i name="origin">
          <i name="x" value="19"/>
          <i name="y" value="-7"/>
        </i>
        <i name="delay" value="150"/>
        <i name="image" value="05010023.effect.0.6.png"/>
      </i>
      <i name="7">
        <i name="origin">
          <i name="x" value="20"/>
          <i name="y" value="-6"/>
        </i>
        <i name="delay" value="150"/>
        <i name="image" value="05010023.effect.0.7.png"/>
      </i>
      <i name="loose" value="10"/>
      <i name="pos" value="1"/>
      <i name="z" value="-1"/>
    </i>
    <i name="1">
      <i name="0">
        <i name="origin">
          <i name="x" value="13"/>
          <i name="y" value="-10"/>
        </i>
        <i name="delay" value="130"/>
        <i name="image" value="05010023.effect.1.0.png"/>
      </i>
      <i name="1">
        <i name="origin">
          <i name="x" value="13"/>
          <i name="y" value="-9"/>
        </i>
        <i name="delay" value="130"/>
        <i name="image" value="05010023.effect.1.1.png"/>
      </i>
      <i name="2">
        <i name="origin">
          <i name="x" value="14"/>
          <i name="y" value="-8"/>
        </i>
        <i name="delay" value="130"/>
        <i name="image" value="05010023.effect.1.2.png"/>
      </i>
      <i name="3">
        <i name="origin">
          <i name="x" value="13"/>
          <i name="y" value="-9"/>
        </i>
        <i name="delay" value="130"/>
        <i name="image" value="05010023.effect.1.3.png"/>
      </i>
      <i name="4">
        <i name="origin">
          <i name="x" value="13"/>
          <i name="y" value="-10"/>
        </i>
        <i name="delay" value="130"/>
        <i name="image" value="05010023.effect.1.4.png"/>
      </i>
      <i name="5">
        <i name="origin">
          <i name="x" value="12"/>
          <i name="y" value="-11"/>
        </i>
        <i name="delay" value="130"/>
        <i name="image" value="05010023.effect.1.5.png"/>
      </i>
      <i name="6">
        <i name="origin">
          <i name="x" value="11"/>
          <i name="y" value="-12"/>
        </i>
        <i name="delay" value="130"/>
        <i name="image" value="05010023.effect.1.6.png"/>
      </i>
      <i name="7">
        <i name="origin">
          <i name="x" value="12"/>
          <i name="y" value="-11"/>
        </i>
        <i name="delay" value="130"/>
        <i name="image" value="05010023.effect.1.7.png"/>
      </i>
      <i name="loose" value="25"/>
      <i name="pos" value="1"/>
      <i name="z" value="-1"/>
    </i>
    <i name="2">
      <i name="0">
        <i name="origin">
          <i name="x" value="12"/>
          <i name="y" value="-7"/>
        </i>
        <i name="delay" value="130"/>
        <i name="image" value="05010023.effect.2.0.png"/>
      </i>
      <i name="1">
        <i name="origin">
          <i name="x" value="12"/>
          <i name="y" value="-8"/>
        </i>
        <i name="delay" value="130"/>
        <i name="image" value="05010023.effect.2.1.png"/>
      </i>
      <i name="2">
        <i name="origin">
          <i name="x" value="12"/>
          <i name="y" value="-10"/>
        </i>
        <i name="delay" value="130"/>
        <i name="image" value="05010023.effect.2.2.png"/>
      </i>
      <i name="3">
        <i name="origin">
          <i name="x" value="11"/>
          <i name="y" value="-11"/>
        </i>
        <i name="delay" value="130"/>
        <i name="image" value="05010023.effect.2.3.png"/>
      </i>
      <i name="4">
        <i name="origin">
          <i name="x" value="10"/>
          <i name="y" value="-11"/>
        </i>
        <i name="delay" value="130"/>
        <i name="image" value="05010023.effect.2.4.png"/>
      </i>
      <i name="5">
        <i name="origin">
          <i name="x" value="9"/>
          <i name="y" value="-11"/>
        </i>
        <i name="delay" value="130"/>
        <i name="image" value="05010023.effect.2.5.png"/>
      </i>
      <i name="6">
        <i name="origin">
          <i name="x" value="10"/>
          <i name="y" value="-9"/>
        </i>
        <i name="delay" value="130"/>
        <i name="image" value="05010023.effect.2.6.png"/>
      </i>
      <i name="7">
        <i name="origin">
          <i name="x" value="11"/>
          <i name="y" value="-7"/>
        </i>
        <i name="delay" value="130"/>
        <i name="image" value="05010023.effect.2.7.png"/>
      </i>
      <i name="loose" value="45"/>
      <i name="pos" value="1"/>
      <i name="z" value="-1"/>
    </i>
    <i name="3">
      <i name="0">
        <i name="origin">
          <i name="x" value="7"/>
          <i name="y" value="-14"/>
        </i>
        <i name="delay" value="130"/>
        <i name="image" value="05010023.effect.3.0.png"/>
      </i>
      <i name="1">
        <i name="origin">
          <i name="x" value="7"/>
          <i name="y" value="-13"/>
        </i>
        <i name="delay" value="130"/>
        <i name="image" value="05010023.effect.3.1.png"/>
      </i>
      <i name="2">
        <i name="origin">
          <i name="x" value="7"/>
          <i name="y" value="-12"/>
        </i>
        <i name="delay" value="130"/>
        <i name="image" value="05010023.effect.3.2.png"/>
      </i>
      <i name="3">
        <i name="origin">
          <i name="x" value="7"/>
          <i name="y" value="-11"/>
        </i>
        <i name="delay" value="130"/>
        <i name="image" value="05010023.effect.3.3.png"/>
      </i>
      <i name="4">
        <i name="origin">
          <i name="x" value="7"/>
          <i name="y" value="-12"/>
        </i>
        <i name="delay" value="130"/>
        <i name="image" value="05010023.effect.3.4.png"/>
      </i>
      <i name="5">
        <i name="origin">
          <i name="x" value="7"/>
          <i name="y" value="-13"/>
        </i>
        <i name="delay" value="130"/>
        <i name="image" value="05010023.effect.3.5.png"/>
      </i>
      <i name="6">
        <i name="origin">
          <i name="x" value="7"/>
          <i name="y" value="-14"/>
        </i>
        <i name="delay" value="130"/>
        <i name="image" value="05010023.effect.3.6.png"/>
      </i>
      <i name="7">
        <i name="origin">
          <i name="x" value="7"/>
          <i name="y" value="-15"/>
        </i>
        <i name="delay" value="130"/>
        <i name="image" value="05010023.effect.3.7.png"/>
      </i>
      <i name="loose" value="66"/>
      <i name="pos" value="1"/>
      <i name="z" value="-1"/>
    </i>
    <i name="4">
      <i name="0">
        <i name="origin">
          <i name="x" value="7"/>
          <i name="y" value="-6"/>
        </i>
        <i name="delay" value="130"/>
        <i name="image" value="05010023.effect.4.0.png"/>
      </i>
      <i name="1">
        <i name="origin">
          <i name="x" value="7"/>
          <i name="y" value="-7"/>
        </i>
        <i name="delay" value="130"/>
        <i name="image" value="05010023.effect.4.1.png"/>
      </i>
      <i name="2">
        <i name="origin">
          <i name="x" value="7"/>
          <i name="y" value="-5"/>
        </i>
        <i name="delay" value="130"/>
        <i name="image" value="05010023.effect.4.2.png"/>
      </i>
      <i name="3">
        <i name="origin">
          <i name="x" value="7"/>
          <i name="y" value="-3"/>
        </i>
        <i name="delay" value="130"/>
        <i name="image" value="05010023.effect.4.3.png"/>
      </i>
      <i name="4">
        <i name="origin">
          <i name="x" value="7"/>
          <i name="y" value="-2"/>
        </i>
        <i name="delay" value="130"/>
        <i name="image" value="05010023.effect.4.4.png"/>
      </i>
      <i name="5">
        <i name="origin">
          <i name="x" value="7"/>
          <i name="y" value="-3"/>
        </i>
        <i name="delay" value="130"/>
        <i name="image" value="05010023.effect.4.5.png"/>
      </i>
      <i name="6">
        <i name="origin">
          <i name="x" value="7"/>
          <i name="y" value="-4"/>
        </i>
        <i name="delay" value="130"/>
        <i name="image" value="05010023.effect.4.6.png"/>
      </i>
      <i name="7">
        <i name="origin">
          <i name="x" value="7"/>
          <i name="y" value="-5"/>
        </i>
        <i name="delay" value="130"/>
        <i name="image" value="05010023.effect.4.7.png"/>
      </i>
      <i name="loose" value="87"/>
      <i name="pos" value="1"/>
      <i name="z" value="-1"/>
    </i>
    <i name="follow" value="1"/>
  </i>
  </i>
