
  <i name="5101002">
  <i name="icon">
    <i name="origin">
      <i name="x" value="0"/>
      <i name="y" value="32"/>
    </i>
    <i name="z" value="0"/>
    <i name="image" value="5101002.icon.png"/>
  </i>
  <i name="iconMouseOver">
    <i name="origin">
      <i name="x" value="0"/>
      <i name="y" value="32"/>
    </i>
    <i name="z" value="0"/>
    <i name="image" value="5101002.iconMouseOver.png"/>
  </i>
  <i name="iconDisabled">
    <i name="origin">
      <i name="x" value="0"/>
      <i name="y" value="32"/>
    </i>
    <i name="z" value="0"/>
    <i name="image" value="5101002.iconDisabled.png"/>
  </i>
  <i name="action">
    <i name="0" value="alert"/>
  </i>
  <i name="level">
    <i name="1">
      <i name="hs" value="h1"/>
      <i name="time" value="900"/>
      <i name="x" value="50"/>
      <i name="lt">
        <i name="x" value="-400"/>
        <i name="y" value="-350"/>
      </i>
      <i name="rb">
        <i name="x" value="400"/>
        <i name="y" value="250"/>
      </i>
    </i>
  </i>
  <i name="effect">
    <i name="0">
      <i name="origin">
        <i name="x" value="42"/>
        <i name="y" value="140"/>
      </i>
      <i name="delay" value="85"/>
      <i name="image" value="5101002.effect.0.png"/>
    </i>
    <i name="1">
      <i name="origin">
        <i name="x" value="37"/>
        <i name="y" value="140"/>
      </i>
      <i name="delay" value="85"/>
      <i name="image" value="5101002.effect.1.png"/>
    </i>
    <i name="2">
      <i name="origin">
        <i name="x" value="33"/>
        <i name="y" value="140"/>
      </i>
      <i name="delay" value="85"/>
      <i name="image" value="5101002.effect.2.png"/>
    </i>
    <i name="3">
      <i name="origin">
        <i name="x" value="103"/>
        <i name="y" value="190"/>
      </i>
      <i name="delay" value="85"/>
      <i name="image" value="5101002.effect.3.png"/>
    </i>
    <i name="4">
      <i name="origin">
        <i name="x" value="126"/>
        <i name="y" value="212"/>
      </i>
      <i name="delay" value="85"/>
      <i name="image" value="5101002.effect.4.png"/>
    </i>
    <i name="5">
      <i name="origin">
        <i name="x" value="135"/>
        <i name="y" value="214"/>
      </i>
      <i name="delay" value="85"/>
      <i name="image" value="5101002.effect.5.png"/>
    </i>
    <i name="6">
      <i name="origin">
        <i name="x" value="138"/>
        <i name="y" value="214"/>
      </i>
      <i name="delay" value="85"/>
      <i name="image" value="5101002.effect.6.png"/>
    </i>
    <i name="7">
      <i name="origin">
        <i name="x" value="97"/>
        <i name="y" value="181"/>
      </i>
      <i name="delay" value="85"/>
      <i name="image" value="5101002.effect.7.png"/>
    </i>
    <i name="8">
      <i name="origin">
        <i name="x" value="110"/>
        <i name="y" value="208"/>
      </i>
      <i name="delay" value="85"/>
      <i name="image" value="5101002.effect.8.png"/>
    </i>
    <i name="9">
      <i name="origin">
        <i name="x" value="110"/>
        <i name="y" value="208"/>
      </i>
      <i name="delay" value="85"/>
      <i name="image" value="5101002.effect.9.png"/>
    </i>
    <i name="10">
      <i name="origin">
        <i name="x" value="110"/>
        <i name="y" value="208"/>
      </i>
      <i name="delay" value="85"/>
      <i name="image" value="5101002.effect.10.png"/>
    </i>
    <i name="11">
      <i name="origin">
        <i name="x" value="110"/>
        <i name="y" value="208"/>
      </i>
      <i name="delay" value="85"/>
      <i name="image" value="5101002.effect.11.png"/>
    </i>
    <i name="12">
      <i name="origin">
        <i name="x" value="110"/>
        <i name="y" value="208"/>
      </i>
      <i name="delay" value="85"/>
      <i name="image" value="5101002.effect.12.png"/>
    </i>
    <i name="13">
      <i name="origin">
        <i name="x" value="97"/>
        <i name="y" value="181"/>
      </i>
      <i name="delay" value="85"/>
      <i name="image" value="5101002.effect.13.png"/>
    </i>
    <i name="14">
      <i name="origin">
        <i name="x" value="97"/>
        <i name="y" value="180"/>
      </i>
      <i name="delay" value="85"/>
      <i name="image" value="5101002.effect.14.png"/>
    </i>
    <i name="15">
      <i name="origin">
        <i name="x" value="96"/>
        <i name="y" value="180"/>
      </i>
      <i name="delay" value="85"/>
      <i name="image" value="5101002.effect.15.png"/>
    </i>
    <i name="16">
      <i name="origin">
        <i name="x" value="96"/>
        <i name="y" value="179"/>
      </i>
      <i name="delay" value="85"/>
      <i name="image" value="5101002.effect.16.png"/>
    </i>
    <i name="17">
      <i name="origin">
        <i name="x" value="94"/>
        <i name="y" value="178"/>
      </i>
      <i name="delay" value="85"/>
      <i name="image" value="5101002.effect.17.png"/>
    </i>
  </i>
  <i name="affected">
    <i name="0">
      <i name="origin">
        <i name="x" value="12"/>
        <i name="y" value="115"/>
      </i>
      <i name="delay" value="80"/>
      <i name="image" value="5101002.affected.0.png"/>
    </i>
    <i name="1">
      <i name="origin">
        <i name="x" value="15"/>
        <i name="y" value="115"/>
      </i>
      <i name="delay" value="80"/>
      <i name="image" value="5101002.affected.1.png"/>
    </i>
    <i name="2">
      <i name="origin">
        <i name="x" value="18"/>
        <i name="y" value="115"/>
      </i>
      <i name="delay" value="80"/>
      <i name="image" value="5101002.affected.2.png"/>
    </i>
    <i name="3">
      <i name="origin">
        <i name="x" value="21"/>
        <i name="y" value="115"/>
      </i>
      <i name="delay" value="80"/>
      <i name="image" value="5101002.affected.3.png"/>
    </i>
    <i name="4">
      <i name="pointer" value="5101002/affected/2"/>
    </i>
    <i name="5">
      <i name="pointer" value="5101002/affected/1"/>
    </i>
    <i name="6">
      <i name="pointer" value="5101002/affected/0"/>
    </i>
    <i name="7">
      <i name="pointer" value="5101002/affected/1"/>
    </i>
    <i name="8">
      <i name="pointer" value="5101002/affected/2"/>
    </i>
    <i name="9">
      <i name="pointer" value="5101002/affected/3"/>
    </i>
    <i name="10">
      <i name="pointer" value="5101002/affected/2"/>
    </i>
    <i name="11">
      <i name="pointer" value="5101002/affected/1"/>
    </i>
    <i name="12">
      <i name="pointer" value="5101002/affected/0"/>
    </i>
    <i name="13">
      <i name="pointer" value="5101002/affected/1"/>
    </i>
    <i name="14">
      <i name="pointer" value="5101002/affected/2"/>
    </i>
    <i name="15">
      <i name="origin">
        <i name="x" value="21"/>
        <i name="y" value="115"/>
      </i>
      <i name="delay" value="200"/>
      <i name="a0" value="255"/>
      <i name="a1" value="0"/>
      <i name="image" value="5101002.affected.15.png"/>
    </i>
  </i>
  </i>
