  <i name="2321008">
  <i name="effect">
    <i name="0">
      <i name="origin">
        <i name="x" value="31"/>
        <i name="y" value="22"/>
      </i>
      <i name="delay" value="120"/>
      <i name="image" value="2321008.effect.0.png"/>
    </i>
    <i name="1">
      <i name="origin">
        <i name="x" value="36"/>
        <i name="y" value="32"/>
      </i>
      <i name="delay" value="120"/>
      <i name="image" value="2321008.effect.1.png"/>
    </i>
    <i name="2">
      <i name="origin">
        <i name="x" value="44"/>
        <i name="y" value="34"/>
      </i>
      <i name="delay" value="120"/>
      <i name="image" value="2321008.effect.2.png"/>
    </i>
    <i name="3">
      <i name="origin">
        <i name="x" value="45"/>
        <i name="y" value="35"/>
      </i>
      <i name="delay" value="120"/>
      <i name="image" value="2321008.effect.3.png"/>
    </i>
    <i name="4">
      <i name="origin">
        <i name="x" value="45"/>
        <i name="y" value="35"/>
      </i>
      <i name="delay" value="120"/>
      <i name="image" value="2321008.effect.4.png"/>
    </i>
    <i name="5">
      <i name="origin">
        <i name="x" value="45"/>
        <i name="y" value="35"/>
      </i>
      <i name="delay" value="120"/>
      <i name="image" value="2321008.effect.5.png"/>
    </i>
    <i name="6">
      <i name="origin">
        <i name="x" value="45"/>
        <i name="y" value="35"/>
      </i>
      <i name="delay" value="120"/>
      <i name="image" value="2321008.effect.6.png"/>
    </i>
    <i name="7">
      <i name="origin">
        <i name="x" value="45"/>
        <i name="y" value="35"/>
      </i>
      <i name="delay" value="120"/>
      <i name="image" value="2321008.effect.7.png"/>
    </i>
    <i name="8">
      <i name="origin">
        <i name="x" value="45"/>
        <i name="y" value="35"/>
      </i>
      <i name="delay" value="120"/>
      <i name="image" value="2321008.effect.8.png"/>
    </i>
    <i name="9">
      <i name="origin">
        <i name="x" value="45"/>
        <i name="y" value="35"/>
      </i>
      <i name="delay" value="120"/>
      <i name="image" value="2321008.effect.9.png"/>
    </i>
    <i name="10">
      <i name="origin">
        <i name="x" value="45"/>
        <i name="y" value="35"/>
      </i>
      <i name="delay" value="120"/>
      <i name="image" value="2321008.effect.10.png"/>
    </i>
    <i name="11">
      <i name="origin">
        <i name="x" value="46"/>
        <i name="y" value="35"/>
      </i>
      <i name="delay" value="120"/>
      <i name="image" value="2321008.effect.11.png"/>
    </i>
    <i name="12">
      <i name="origin">
        <i name="x" value="45"/>
        <i name="y" value="35"/>
      </i>
      <i name="delay" value="120"/>
      <i name="image" value="2321008.effect.12.png"/>
    </i>
    <i name="13">
      <i name="origin">
        <i name="x" value="45"/>
        <i name="y" value="35"/>
      </i>
      <i name="delay" value="120"/>
      <i name="image" value="2321008.effect.13.png"/>
    </i>
    <i name="14">
      <i name="origin">
        <i name="x" value="45"/>
        <i name="y" value="35"/>
      </i>
      <i name="delay" value="120"/>
      <i name="image" value="2321008.effect.14.png"/>
    </i>
    <i name="15">
      <i name="origin">
        <i name="x" value="45"/>
        <i name="y" value="35"/>
      </i>
      <i name="delay" value="120"/>
      <i name="image" value="2321008.effect.15.png"/>
    </i>
    <i name="16">
      <i name="origin">
        <i name="x" value="45"/>
        <i name="y" value="35"/>
      </i>
      <i name="delay" value="120"/>
      <i name="image" value="2321008.effect.16.png"/>
    </i>
    <i name="17">
      <i name="origin">
        <i name="x" value="45"/>
        <i name="y" value="35"/>
      </i>
      <i name="delay" value="120"/>
      <i name="image" value="2321008.effect.17.png"/>
    </i>
    <i name="18">
      <i name="origin">
        <i name="x" value="44"/>
        <i name="y" value="35"/>
      </i>
      <i name="delay" value="120"/>
      <i name="image" value="2321008.effect.18.png"/>
    </i>
    <i name="19">
      <i name="origin">
        <i name="x" value="43"/>
        <i name="y" value="34"/>
      </i>
      <i name="delay" value="120"/>
      <i name="image" value="2321008.effect.19.png"/>
    </i>
    <i name="20">
      <i name="origin">
        <i name="x" value="42"/>
        <i name="y" value="33"/>
      </i>
      <i name="delay" value="120"/>
      <i name="image" value="2321008.effect.20.png"/>
    </i>
    <i name="21">
      <i name="origin">
        <i name="x" value="37"/>
        <i name="y" value="30"/>
      </i>
      <i name="delay" value="120"/>
      <i name="image" value="2321008.effect.21.png"/>
    </i>
  </i>
  <i name="effect0">
    <i name="0">
      <i name="origin">
        <i name="x" value="43"/>
        <i name="y" value="158"/>
      </i>
      <i name="delay" value="120"/>
      <i name="image" value="2321008.effect0.0.png"/>
    </i>
    <i name="1">
      <i name="origin">
        <i name="x" value="56"/>
        <i name="y" value="162"/>
      </i>
      <i name="delay" value="120"/>
      <i name="image" value="2321008.effect0.1.png"/>
    </i>
    <i name="2">
      <i name="origin">
        <i name="x" value="64"/>
        <i name="y" value="166"/>
      </i>
      <i name="delay" value="120"/>
      <i name="image" value="2321008.effect0.2.png"/>
    </i>
    <i name="3">
      <i name="origin">
        <i name="x" value="90"/>
        <i name="y" value="168"/>
      </i>
      <i name="delay" value="120"/>
      <i name="image" value="2321008.effect0.3.png"/>
    </i>
    <i name="4">
      <i name="origin">
        <i name="x" value="90"/>
        <i name="y" value="167"/>
      </i>
      <i name="delay" value="120"/>
      <i name="image" value="2321008.effect0.4.png"/>
    </i>
    <i name="5">
      <i name="origin">
        <i name="x" value="88"/>
        <i name="y" value="168"/>
      </i>
      <i name="delay" value="120"/>
      <i name="image" value="2321008.effect0.5.png"/>
    </i>
    <i name="6">
      <i name="origin">
        <i name="x" value="86"/>
        <i name="y" value="169"/>
      </i>
      <i name="delay" value="120"/>
      <i name="image" value="2321008.effect0.6.png"/>
    </i>
    <i name="7">
      <i name="origin">
        <i name="x" value="83"/>
        <i name="y" value="169"/>
      </i>
      <i name="delay" value="120"/>
      <i name="image" value="2321008.effect0.7.png"/>
    </i>
    <i name="8">
      <i name="origin">
        <i name="x" value="79"/>
        <i name="y" value="170"/>
      </i>
      <i name="delay" value="120"/>
      <i name="image" value="2321008.effect0.8.png"/>
    </i>
    <i name="9">
      <i name="origin">
        <i name="x" value="76"/>
        <i name="y" value="180"/>
      </i>
      <i name="delay" value="120"/>
      <i name="image" value="2321008.effect0.9.png"/>
    </i>
    <i name="10">
      <i name="origin">
        <i name="x" value="75"/>
        <i name="y" value="188"/>
      </i>
      <i name="delay" value="120"/>
      <i name="image" value="2321008.effect0.10.png"/>
    </i>
    <i name="11">
      <i name="origin">
        <i name="x" value="93"/>
        <i name="y" value="191"/>
      </i>
      <i name="delay" value="120"/>
      <i name="image" value="2321008.effect0.11.png"/>
    </i>
    <i name="12">
      <i name="origin">
        <i name="x" value="144"/>
        <i name="y" value="201"/>
      </i>
      <i name="delay" value="120"/>
      <i name="image" value="2321008.effect0.12.png"/>
    </i>
    <i name="13">
      <i name="origin">
        <i name="x" value="191"/>
        <i name="y" value="222"/>
      </i>
      <i name="delay" value="120"/>
      <i name="image" value="2321008.effect0.13.png"/>
    </i>
    <i name="14">
      <i name="origin">
        <i name="x" value="231"/>
        <i name="y" value="227"/>
      </i>
      <i name="delay" value="120"/>
      <i name="image" value="2321008.effect0.14.png"/>
    </i>
    <i name="15">
      <i name="origin">
        <i name="x" value="240"/>
        <i name="y" value="248"/>
      </i>
      <i name="delay" value="120"/>
      <i name="image" value="2321008.effect0.15.png"/>
    </i>
    <i name="16">
      <i name="origin">
        <i name="x" value="244"/>
        <i name="y" value="268"/>
      </i>
      <i name="delay" value="120"/>
      <i name="image" value="2321008.effect0.16.png"/>
    </i>
    <i name="17">
      <i name="origin">
        <i name="x" value="245"/>
        <i name="y" value="275"/>
      </i>
      <i name="delay" value="120"/>
      <i name="image" value="2321008.effect0.17.png"/>
    </i>
    <i name="18">
      <i name="origin">
        <i name="x" value="244"/>
        <i name="y" value="274"/>
      </i>
      <i name="delay" value="120"/>
      <i name="image" value="2321008.effect0.18.png"/>
    </i>
    <i name="19">
      <i name="origin">
        <i name="x" value="244"/>
        <i name="y" value="254"/>
      </i>
      <i name="delay" value="120"/>
      <i name="image" value="2321008.effect0.19.png"/>
    </i>
    <i name="20">
      <i name="origin">
        <i name="x" value="242"/>
        <i name="y" value="250"/>
      </i>
      <i name="delay" value="120"/>
      <i name="image" value="2321008.effect0.20.png"/>
    </i>
    <i name="21">
      <i name="origin">
        <i name="x" value="238"/>
        <i name="y" value="253"/>
      </i>
      <i name="delay" value="120"/>
      <i name="image" value="2321008.effect0.21.png"/>
    </i>
  </i>
  <i name="hit">
    <i name="0">
      <i name="0">
        <i name="origin">
          <i name="x" value="0"/>
          <i name="y" value="0"/>
        </i>
        <i name="delay" value="120"/>
        <i name="image" value="2321008.hit.0.0.png"/>
      </i>
      <i name="1">
        <i name="origin">
          <i name="x" value="22"/>
          <i name="y" value="199"/>
        </i>
        <i name="delay" value="120"/>
        <i name="image" value="2321008.hit.0.1.png"/>
      </i>
      <i name="2">
        <i name="origin">
          <i name="x" value="31"/>
          <i name="y" value="200"/>
        </i>
        <i name="delay" value="120"/>
        <i name="image" value="2321008.hit.0.2.png"/>
      </i>
      <i name="3">
        <i name="origin">
          <i name="x" value="39"/>
          <i name="y" value="200"/>
        </i>
        <i name="delay" value="120"/>
        <i name="image" value="2321008.hit.0.3.png"/>
      </i>
      <i name="4">
        <i name="origin">
          <i name="x" value="41"/>
          <i name="y" value="200"/>
        </i>
        <i name="delay" value="120"/>
        <i name="image" value="2321008.hit.0.4.png"/>
      </i>
      <i name="5">
        <i name="origin">
          <i name="x" value="55"/>
          <i name="y" value="216"/>
        </i>
        <i name="delay" value="120"/>
        <i name="image" value="2321008.hit.0.5.png"/>
      </i>
      <i name="6">
        <i name="origin">
          <i name="x" value="60"/>
          <i name="y" value="219"/>
        </i>
        <i name="delay" value="120"/>
        <i name="image" value="2321008.hit.0.6.png"/>
      </i>
      <i name="7">
        <i name="origin">
          <i name="x" value="64"/>
          <i name="y" value="222"/>
        </i>
        <i name="delay" value="120"/>
        <i name="image" value="2321008.hit.0.7.png"/>
      </i>
      <i name="8">
        <i name="origin">
          <i name="x" value="70"/>
          <i name="y" value="223"/>
        </i>
        <i name="delay" value="120"/>
        <i name="image" value="2321008.hit.0.8.png"/>
      </i>
      <i name="9">
        <i name="origin">
          <i name="x" value="70"/>
          <i name="y" value="224"/>
        </i>
        <i name="delay" value="120"/>
        <i name="image" value="2321008.hit.0.9.png"/>
      </i>
      <i name="10">
        <i name="origin">
          <i name="x" value="68"/>
          <i name="y" value="224"/>
        </i>
        <i name="delay" value="120"/>
        <i name="image" value="2321008.hit.0.10.png"/>
      </i>
      <i name="11">
        <i name="origin">
          <i name="x" value="69"/>
          <i name="y" value="223"/>
        </i>
        <i name="delay" value="120"/>
        <i name="image" value="2321008.hit.0.11.png"/>
      </i>
      <i name="12">
        <i name="origin">
          <i name="x" value="96"/>
          <i name="y" value="223"/>
        </i>
        <i name="delay" value="120"/>
        <i name="image" value="2321008.hit.0.12.png"/>
      </i>
      <i name="13">
        <i name="origin">
          <i name="x" value="93"/>
          <i name="y" value="223"/>
        </i>
        <i name="delay" value="120"/>
        <i name="image" value="2321008.hit.0.13.png"/>
      </i>
      <i name="14">
        <i name="origin">
          <i name="x" value="97"/>
          <i name="y" value="223"/>
        </i>
        <i name="delay" value="120"/>
        <i name="image" value="2321008.hit.0.14.png"/>
      </i>
      <i name="15">
        <i name="origin">
          <i name="x" value="105"/>
          <i name="y" value="223"/>
        </i>
        <i name="delay" value="120"/>
        <i name="image" value="2321008.hit.0.15.png"/>
      </i>
      <i name="16">
        <i name="origin">
          <i name="x" value="105"/>
          <i name="y" value="221"/>
        </i>
        <i name="delay" value="120"/>
        <i name="image" value="2321008.hit.0.16.png"/>
      </i>
      <i name="17">
        <i name="origin">
          <i name="x" value="104"/>
          <i name="y" value="219"/>
        </i>
        <i name="delay" value="120"/>
        <i name="image" value="2321008.hit.0.17.png"/>
      </i>
      <i name="18">
        <i name="origin">
          <i name="x" value="106"/>
          <i name="y" value="216"/>
        </i>
        <i name="delay" value="120"/>
        <i name="image" value="2321008.hit.0.18.png"/>
      </i>
      <i name="19">
        <i name="origin">
          <i name="x" value="108"/>
          <i name="y" value="143"/>
        </i>
        <i name="delay" value="120"/>
        <i name="image" value="2321008.hit.0.19.png"/>
      </i>
      <i name="20">
        <i name="origin">
          <i name="x" value="111"/>
          <i name="y" value="144"/>
        </i>
        <i name="delay" value="120"/>
        <i name="image" value="2321008.hit.0.20.png"/>
      </i>
      <i name="21">
        <i name="origin">
          <i name="x" value="111"/>
          <i name="y" value="61"/>
        </i>
        <i name="delay" value="120"/>
        <i name="image" value="2321008.hit.0.21.png"/>
      </i>
      <i name="22">
        <i name="origin">
          <i name="x" value="0"/>
          <i name="y" value="0"/>
        </i>
        <i name="delay" value="240"/>
        <i name="image" value="2321008.hit.0.22.png"/>
      </i>
    </i>
  </i>
  <i name="tile">
    <i name="0">
      <i name="0">
        <i name="origin">
          <i name="x" value="0"/>
          <i name="y" value="0"/>
        </i>
        <i name="delay" value="30"/>
        <i name="image" value="2321008.tile.0.0.png"/>
      </i>
      <i name="1">
        <i name="origin">
          <i name="x" value="15"/>
          <i name="y" value="376"/>
        </i>
        <i name="delay" value="120"/>
        <i name="image" value="2321008.tile.0.1.png"/>
      </i>
      <i name="2">
        <i name="origin">
          <i name="x" value="22"/>
          <i name="y" value="376"/>
        </i>
        <i name="delay" value="120"/>
        <i name="image" value="2321008.tile.0.2.png"/>
      </i>
      <i name="3">
        <i name="origin">
          <i name="x" value="28"/>
          <i name="y" value="376"/>
        </i>
        <i name="delay" value="120"/>
        <i name="image" value="2321008.tile.0.3.png"/>
      </i>
      <i name="4">
        <i name="origin">
          <i name="x" value="29"/>
          <i name="y" value="376"/>
        </i>
        <i name="delay" value="120"/>
        <i name="image" value="2321008.tile.0.4.png"/>
      </i>
      <i name="5">
        <i name="origin">
          <i name="x" value="39"/>
          <i name="y" value="388"/>
        </i>
        <i name="delay" value="120"/>
        <i name="image" value="2321008.tile.0.5.png"/>
      </i>
      <i name="6">
        <i name="origin">
          <i name="x" value="42"/>
          <i name="y" value="390"/>
        </i>
        <i name="delay" value="120"/>
        <i name="image" value="2321008.tile.0.6.png"/>
      </i>
      <i name="7">
        <i name="origin">
          <i name="x" value="45"/>
          <i name="y" value="392"/>
        </i>
        <i name="delay" value="120"/>
        <i name="image" value="2321008.tile.0.7.png"/>
      </i>
      <i name="8">
        <i name="origin">
          <i name="x" value="50"/>
          <i name="y" value="393"/>
        </i>
        <i name="delay" value="120"/>
        <i name="image" value="2321008.tile.0.8.png"/>
      </i>
      <i name="9">
        <i name="origin">
          <i name="x" value="49"/>
          <i name="y" value="393"/>
        </i>
        <i name="delay" value="120"/>
        <i name="image" value="2321008.tile.0.9.png"/>
      </i>
      <i name="10">
        <i name="origin">
          <i name="x" value="48"/>
          <i name="y" value="393"/>
        </i>
        <i name="delay" value="120"/>
        <i name="image" value="2321008.tile.0.10.png"/>
      </i>
      <i name="11">
        <i name="origin">
          <i name="x" value="49"/>
          <i name="y" value="393"/>
        </i>
        <i name="delay" value="120"/>
        <i name="image" value="2321008.tile.0.11.png"/>
      </i>
      <i name="12">
        <i name="origin">
          <i name="x" value="59"/>
          <i name="y" value="392"/>
        </i>
        <i name="delay" value="120"/>
        <i name="image" value="2321008.tile.0.12.png"/>
      </i>
      <i name="13">
        <i name="origin">
          <i name="x" value="57"/>
          <i name="y" value="392"/>
        </i>
        <i name="delay" value="120"/>
        <i name="image" value="2321008.tile.0.13.png"/>
      </i>
      <i name="14">
        <i name="origin">
          <i name="x" value="60"/>
          <i name="y" value="393"/>
        </i>
        <i name="delay" value="120"/>
        <i name="image" value="2321008.tile.0.14.png"/>
      </i>
      <i name="15">
        <i name="origin">
          <i name="x" value="64"/>
          <i name="y" value="393"/>
        </i>
        <i name="delay" value="120"/>
        <i name="image" value="2321008.tile.0.15.png"/>
      </i>
      <i name="16">
        <i name="origin">
          <i name="x" value="64"/>
          <i name="y" value="393"/>
        </i>
        <i name="delay" value="120"/>
        <i name="image" value="2321008.tile.0.16.png"/>
      </i>
      <i name="17">
        <i name="origin">
          <i name="x" value="64"/>
          <i name="y" value="393"/>
        </i>
        <i name="delay" value="120"/>
        <i name="image" value="2321008.tile.0.17.png"/>
      </i>
      <i name="18">
        <i name="origin">
          <i name="x" value="65"/>
          <i name="y" value="393"/>
        </i>
        <i name="delay" value="120"/>
        <i name="image" value="2321008.tile.0.18.png"/>
      </i>
      <i name="19">
        <i name="origin">
          <i name="x" value="67"/>
          <i name="y" value="392"/>
        </i>
        <i name="delay" value="120"/>
        <i name="image" value="2321008.tile.0.19.png"/>
      </i>
      <i name="20">
        <i name="origin">
          <i name="x" value="68"/>
          <i name="y" value="391"/>
        </i>
        <i name="delay" value="120"/>
        <i name="image" value="2321008.tile.0.20.png"/>
      </i>
      <i name="21">
        <i name="origin">
          <i name="x" value="68"/>
          <i name="y" value="391"/>
        </i>
        <i name="delay" value="120"/>
        <i name="image" value="2321008.tile.0.21.png"/>
      </i>
      <i name="22">
        <i name="origin">
          <i name="x" value="47"/>
          <i name="y" value="390"/>
        </i>
        <i name="delay" value="120"/>
        <i name="image" value="2321008.tile.0.22.png"/>
      </i>
      <i name="23">
        <i name="origin">
          <i name="x" value="0"/>
          <i name="y" value="0"/>
        </i>
        <i name="delay" value="210"/>
        <i name="image" value="2321008.tile.0.23.png"/>
      </i>
    </i>
    <i name="1">
      <i name="0">
        <i name="origin">
          <i name="x" value="0"/>
          <i name="y" value="0"/>
        </i>
        <i name="delay" value="60"/>
        <i name="image" value="2321008.tile.1.0.png"/>
      </i>
      <i name="1">
        <i name="origin">
          <i name="x" value="22"/>
          <i name="y" value="380"/>
        </i>
        <i name="delay" value="120"/>
        <i name="image" value="2321008.tile.1.1.png"/>
      </i>
      <i name="2">
        <i name="origin">
          <i name="x" value="31"/>
          <i name="y" value="381"/>
        </i>
        <i name="delay" value="120"/>
        <i name="image" value="2321008.tile.1.2.png"/>
      </i>
      <i name="3">
        <i name="origin">
          <i name="x" value="39"/>
          <i name="y" value="381"/>
        </i>
        <i name="delay" value="120"/>
        <i name="image" value="2321008.tile.1.3.png"/>
      </i>
      <i name="4">
        <i name="origin">
          <i name="x" value="41"/>
          <i name="y" value="381"/>
        </i>
        <i name="delay" value="120"/>
        <i name="image" value="2321008.tile.1.4.png"/>
      </i>
      <i name="5">
        <i name="origin">
          <i name="x" value="55"/>
          <i name="y" value="397"/>
        </i>
        <i name="delay" value="120"/>
        <i name="image" value="2321008.tile.1.5.png"/>
      </i>
      <i name="6">
        <i name="origin">
          <i name="x" value="60"/>
          <i name="y" value="400"/>
        </i>
        <i name="delay" value="120"/>
        <i name="image" value="2321008.tile.1.6.png"/>
      </i>
      <i name="7">
        <i name="origin">
          <i name="x" value="64"/>
          <i name="y" value="403"/>
        </i>
        <i name="delay" value="120"/>
        <i name="image" value="2321008.tile.1.7.png"/>
      </i>
      <i name="8">
        <i name="origin">
          <i name="x" value="70"/>
          <i name="y" value="404"/>
        </i>
        <i name="delay" value="120"/>
        <i name="image" value="2321008.tile.1.8.png"/>
      </i>
      <i name="9">
        <i name="origin">
          <i name="x" value="70"/>
          <i name="y" value="405"/>
        </i>
        <i name="delay" value="120"/>
        <i name="image" value="2321008.tile.1.9.png"/>
      </i>
      <i name="10">
        <i name="origin">
          <i name="x" value="68"/>
          <i name="y" value="405"/>
        </i>
        <i name="delay" value="120"/>
        <i name="image" value="2321008.tile.1.10.png"/>
      </i>
      <i name="11">
        <i name="origin">
          <i name="x" value="69"/>
          <i name="y" value="404"/>
        </i>
        <i name="delay" value="120"/>
        <i name="image" value="2321008.tile.1.11.png"/>
      </i>
      <i name="12">
        <i name="origin">
          <i name="x" value="96"/>
          <i name="y" value="404"/>
        </i>
        <i name="delay" value="120"/>
        <i name="image" value="2321008.tile.1.12.png"/>
      </i>
      <i name="13">
        <i name="origin">
          <i name="x" value="110"/>
          <i name="y" value="411"/>
        </i>
        <i name="delay" value="120"/>
        <i name="image" value="2321008.tile.1.13.png"/>
      </i>
      <i name="14">
        <i name="origin">
          <i name="x" value="97"/>
          <i name="y" value="405"/>
        </i>
        <i name="delay" value="120"/>
        <i name="image" value="2321008.tile.1.14.png"/>
      </i>
      <i name="15">
        <i name="origin">
          <i name="x" value="105"/>
          <i name="y" value="405"/>
        </i>
        <i name="delay" value="120"/>
        <i name="image" value="2321008.tile.1.15.png"/>
      </i>
      <i name="16">
        <i name="origin">
          <i name="x" value="105"/>
          <i name="y" value="405"/>
        </i>
        <i name="delay" value="120"/>
        <i name="image" value="2321008.tile.1.16.png"/>
      </i>
      <i name="17">
        <i name="origin">
          <i name="x" value="122"/>
          <i name="y" value="413"/>
        </i>
        <i name="delay" value="120"/>
        <i name="image" value="2321008.tile.1.17.png"/>
      </i>
      <i name="18">
        <i name="origin">
          <i name="x" value="106"/>
          <i name="y" value="404"/>
        </i>
        <i name="delay" value="120"/>
        <i name="image" value="2321008.tile.1.18.png"/>
      </i>
      <i name="19">
        <i name="origin">
          <i name="x" value="108"/>
          <i name="y" value="403"/>
        </i>
        <i name="delay" value="120"/>
        <i name="image" value="2321008.tile.1.19.png"/>
      </i>
      <i name="20">
        <i name="origin">
          <i name="x" value="111"/>
          <i name="y" value="402"/>
        </i>
        <i name="delay" value="120"/>
        <i name="image" value="2321008.tile.1.20.png"/>
      </i>
      <i name="21">
        <i name="origin">
          <i name="x" value="111"/>
          <i name="y" value="402"/>
        </i>
        <i name="delay" value="120"/>
        <i name="image" value="2321008.tile.1.21.png"/>
      </i>
      <i name="22">
        <i name="origin">
          <i name="x" value="66"/>
          <i name="y" value="400"/>
        </i>
        <i name="delay" value="120"/>
        <i name="image" value="2321008.tile.1.22.png"/>
      </i>
      <i name="23">
        <i name="origin">
          <i name="x" value="0"/>
          <i name="y" value="0"/>
        </i>
        <i name="delay" value="180"/>
        <i name="image" value="2321008.tile.1.23.png"/>
      </i>
    </i>
    <i name="2">
      <i name="0">
        <i name="origin">
          <i name="x" value="0"/>
          <i name="y" value="0"/>
        </i>
        <i name="delay" value="90"/>
        <i name="image" value="2321008.tile.2.0.png"/>
      </i>
      <i name="1">
        <i name="origin">
          <i name="x" value="27"/>
          <i name="y" value="383"/>
        </i>
        <i name="delay" value="120"/>
        <i name="image" value="2321008.tile.2.1.png"/>
      </i>
      <i name="2">
        <i name="origin">
          <i name="x" value="37"/>
          <i name="y" value="383"/>
        </i>
        <i name="delay" value="120"/>
        <i name="image" value="2321008.tile.2.2.png"/>
      </i>
      <i name="3">
        <i name="origin">
          <i name="x" value="48"/>
          <i name="y" value="383"/>
        </i>
        <i name="delay" value="120"/>
        <i name="image" value="2321008.tile.2.3.png"/>
      </i>
      <i name="4">
        <i name="origin">
          <i name="x" value="50"/>
          <i name="y" value="383"/>
        </i>
        <i name="delay" value="120"/>
        <i name="image" value="2321008.tile.2.4.png"/>
      </i>
      <i name="5">
        <i name="origin">
          <i name="x" value="67"/>
          <i name="y" value="403"/>
        </i>
        <i name="delay" value="120"/>
        <i name="image" value="2321008.tile.2.5.png"/>
      </i>
      <i name="6">
        <i name="origin">
          <i name="x" value="72"/>
          <i name="y" value="407"/>
        </i>
        <i name="delay" value="120"/>
        <i name="image" value="2321008.tile.2.6.png"/>
      </i>
      <i name="7">
        <i name="origin">
          <i name="x" value="78"/>
          <i name="y" value="410"/>
        </i>
        <i name="delay" value="120"/>
        <i name="image" value="2321008.tile.2.7.png"/>
      </i>
      <i name="8">
        <i name="origin">
          <i name="x" value="85"/>
          <i name="y" value="412"/>
        </i>
        <i name="delay" value="120"/>
        <i name="image" value="2321008.tile.2.8.png"/>
      </i>
      <i name="9">
        <i name="origin">
          <i name="x" value="85"/>
          <i name="y" value="412"/>
        </i>
        <i name="delay" value="120"/>
        <i name="image" value="2321008.tile.2.9.png"/>
      </i>
      <i name="10">
        <i name="origin">
          <i name="x" value="83"/>
          <i name="y" value="413"/>
        </i>
        <i name="delay" value="120"/>
        <i name="image" value="2321008.tile.2.10.png"/>
      </i>
      <i name="11">
        <i name="origin">
          <i name="x" value="84"/>
          <i name="y" value="412"/>
        </i>
        <i name="delay" value="120"/>
        <i name="image" value="2321008.tile.2.11.png"/>
      </i>
      <i name="12">
        <i name="origin">
          <i name="x" value="113"/>
          <i name="y" value="411"/>
        </i>
        <i name="delay" value="120"/>
        <i name="image" value="2321008.tile.2.12.png"/>
      </i>
      <i name="13">
        <i name="origin">
          <i name="x" value="110"/>
          <i name="y" value="411"/>
        </i>
        <i name="delay" value="120"/>
        <i name="image" value="2321008.tile.2.13.png"/>
      </i>
      <i name="14">
        <i name="origin">
          <i name="x" value="115"/>
          <i name="y" value="412"/>
        </i>
        <i name="delay" value="120"/>
        <i name="image" value="2321008.tile.2.14.png"/>
      </i>
      <i name="15">
        <i name="origin">
          <i name="x" value="124"/>
          <i name="y" value="413"/>
        </i>
        <i name="delay" value="120"/>
        <i name="image" value="2321008.tile.2.15.png"/>
      </i>
      <i name="16">
        <i name="origin">
          <i name="x" value="124"/>
          <i name="y" value="412"/>
        </i>
        <i name="delay" value="120"/>
        <i name="image" value="2321008.tile.2.16.png"/>
      </i>
      <i name="17">
        <i name="origin">
          <i name="x" value="122"/>
          <i name="y" value="413"/>
        </i>
        <i name="delay" value="120"/>
        <i name="image" value="2321008.tile.2.17.png"/>
      </i>
      <i name="18">
        <i name="origin">
          <i name="x" value="125"/>
          <i name="y" value="412"/>
        </i>
        <i name="delay" value="120"/>
        <i name="image" value="2321008.tile.2.18.png"/>
      </i>
      <i name="19">
        <i name="origin">
          <i name="x" value="128"/>
          <i name="y" value="410"/>
        </i>
        <i name="delay" value="120"/>
        <i name="image" value="2321008.tile.2.19.png"/>
      </i>
      <i name="20">
        <i name="origin">
          <i name="x" value="131"/>
          <i name="y" value="409"/>
        </i>
        <i name="delay" value="120"/>
        <i name="image" value="2321008.tile.2.20.png"/>
      </i>
      <i name="21">
        <i name="origin">
          <i name="x" value="130"/>
          <i name="y" value="409"/>
        </i>
        <i name="delay" value="120"/>
        <i name="image" value="2321008.tile.2.21.png"/>
      </i>
      <i name="22">
        <i name="origin">
          <i name="x" value="81"/>
          <i name="y" value="407"/>
        </i>
        <i name="delay" value="120"/>
        <i name="image" value="2321008.tile.2.22.png"/>
      </i>
      <i name="23">
        <i name="origin">
          <i name="x" value="0"/>
          <i name="y" value="0"/>
        </i>
        <i name="delay" value="150"/>
        <i name="image" value="2321008.tile.2.23.png"/>
      </i>
    </i>
    <i name="3">
      <i name="0">
        <i name="origin">
          <i name="x" value="0"/>
          <i name="y" value="0"/>
        </i>
        <i name="delay" value="120"/>
        <i name="image" value="2321008.tile.3.0.png"/>
      </i>
      <i name="1">
        <i name="origin">
          <i name="x" value="14"/>
          <i name="y" value="283"/>
        </i>
        <i name="delay" value="120"/>
        <i name="image" value="2321008.tile.3.1.png"/>
      </i>
      <i name="2">
        <i name="origin">
          <i name="x" value="21"/>
          <i name="y" value="283"/>
        </i>
        <i name="delay" value="120"/>
        <i name="image" value="2321008.tile.3.2.png"/>
      </i>
      <i name="3">
        <i name="origin">
          <i name="x" value="27"/>
          <i name="y" value="283"/>
        </i>
        <i name="delay" value="120"/>
        <i name="image" value="2321008.tile.3.3.png"/>
      </i>
      <i name="4">
        <i name="origin">
          <i name="x" value="28"/>
          <i name="y" value="283"/>
        </i>
        <i name="delay" value="120"/>
        <i name="image" value="2321008.tile.3.4.png"/>
      </i>
      <i name="5">
        <i name="origin">
          <i name="x" value="38"/>
          <i name="y" value="295"/>
        </i>
        <i name="delay" value="120"/>
        <i name="image" value="2321008.tile.3.5.png"/>
      </i>
      <i name="6">
        <i name="origin">
          <i name="x" value="41"/>
          <i name="y" value="297"/>
        </i>
        <i name="delay" value="120"/>
        <i name="image" value="2321008.tile.3.6.png"/>
      </i>
      <i name="7">
        <i name="origin">
          <i name="x" value="44"/>
          <i name="y" value="299"/>
        </i>
        <i name="delay" value="120"/>
        <i name="image" value="2321008.tile.3.7.png"/>
      </i>
      <i name="8">
        <i name="origin">
          <i name="x" value="49"/>
          <i name="y" value="300"/>
        </i>
        <i name="delay" value="120"/>
        <i name="image" value="2321008.tile.3.8.png"/>
      </i>
      <i name="9">
        <i name="origin">
          <i name="x" value="48"/>
          <i name="y" value="300"/>
        </i>
        <i name="delay" value="120"/>
        <i name="image" value="2321008.tile.3.9.png"/>
      </i>
      <i name="10">
        <i name="origin">
          <i name="x" value="47"/>
          <i name="y" value="300"/>
        </i>
        <i name="delay" value="120"/>
        <i name="image" value="2321008.tile.3.10.png"/>
      </i>
      <i name="11">
        <i name="origin">
          <i name="x" value="48"/>
          <i name="y" value="300"/>
        </i>
        <i name="delay" value="120"/>
        <i name="image" value="2321008.tile.3.11.png"/>
      </i>
      <i name="12">
        <i name="origin">
          <i name="x" value="58"/>
          <i name="y" value="299"/>
        </i>
        <i name="delay" value="120"/>
        <i name="image" value="2321008.tile.3.12.png"/>
      </i>
      <i name="13">
        <i name="origin">
          <i name="x" value="56"/>
          <i name="y" value="299"/>
        </i>
        <i name="delay" value="120"/>
        <i name="image" value="2321008.tile.3.13.png"/>
      </i>
      <i name="14">
        <i name="origin">
          <i name="x" value="59"/>
          <i name="y" value="300"/>
        </i>
        <i name="delay" value="120"/>
        <i name="image" value="2321008.tile.3.14.png"/>
      </i>
      <i name="15">
        <i name="origin">
          <i name="x" value="63"/>
          <i name="y" value="300"/>
        </i>
        <i name="delay" value="120"/>
        <i name="image" value="2321008.tile.3.15.png"/>
      </i>
      <i name="16">
        <i name="origin">
          <i name="x" value="63"/>
          <i name="y" value="300"/>
        </i>
        <i name="delay" value="120"/>
        <i name="image" value="2321008.tile.3.16.png"/>
      </i>
      <i name="17">
        <i name="origin">
          <i name="x" value="63"/>
          <i name="y" value="300"/>
        </i>
        <i name="delay" value="120"/>
        <i name="image" value="2321008.tile.3.17.png"/>
      </i>
      <i name="18">
        <i name="origin">
          <i name="x" value="64"/>
          <i name="y" value="299"/>
        </i>
        <i name="delay" value="120"/>
        <i name="image" value="2321008.tile.3.18.png"/>
      </i>
      <i name="19">
        <i name="origin">
          <i name="x" value="66"/>
          <i name="y" value="297"/>
        </i>
        <i name="delay" value="120"/>
        <i name="image" value="2321008.tile.3.19.png"/>
      </i>
      <i name="20">
        <i name="origin">
          <i name="x" value="67"/>
          <i name="y" value="296"/>
        </i>
        <i name="delay" value="120"/>
        <i name="image" value="2321008.tile.3.20.png"/>
      </i>
      <i name="21">
        <i name="origin">
          <i name="x" value="67"/>
          <i name="y" value="37"/>
        </i>
        <i name="delay" value="120"/>
        <i name="image" value="2321008.tile.3.21.png"/>
      </i>
      <i name="22">
        <i name="origin">
          <i name="x" value="0"/>
          <i name="y" value="0"/>
        </i>
        <i name="delay" value="240"/>
        <i name="image" value="2321008.tile.3.22.png"/>
      </i>
    </i>
    <i name="4">
      <i name="0">
        <i name="origin">
          <i name="x" value="0"/>
          <i name="y" value="0"/>
        </i>
        <i name="delay" value="150"/>
        <i name="image" value="2321008.tile.4.0.png"/>
      </i>
      <i name="1">
        <i name="origin">
          <i name="x" value="22"/>
          <i name="y" value="287"/>
        </i>
        <i name="delay" value="120"/>
        <i name="image" value="2321008.tile.4.1.png"/>
      </i>
      <i name="2">
        <i name="origin">
          <i name="x" value="31"/>
          <i name="y" value="288"/>
        </i>
        <i name="delay" value="120"/>
        <i name="image" value="2321008.tile.4.2.png"/>
      </i>
      <i name="3">
        <i name="origin">
          <i name="x" value="39"/>
          <i name="y" value="288"/>
        </i>
        <i name="delay" value="120"/>
        <i name="image" value="2321008.tile.4.3.png"/>
      </i>
      <i name="4">
        <i name="origin">
          <i name="x" value="41"/>
          <i name="y" value="288"/>
        </i>
        <i name="delay" value="120"/>
        <i name="image" value="2321008.tile.4.4.png"/>
      </i>
      <i name="5">
        <i name="origin">
          <i name="x" value="55"/>
          <i name="y" value="304"/>
        </i>
        <i name="delay" value="120"/>
        <i name="image" value="2321008.tile.4.5.png"/>
      </i>
      <i name="6">
        <i name="origin">
          <i name="x" value="60"/>
          <i name="y" value="307"/>
        </i>
        <i name="delay" value="120"/>
        <i name="image" value="2321008.tile.4.6.png"/>
      </i>
      <i name="7">
        <i name="origin">
          <i name="x" value="64"/>
          <i name="y" value="310"/>
        </i>
        <i name="delay" value="120"/>
        <i name="image" value="2321008.tile.4.7.png"/>
      </i>
      <i name="8">
        <i name="origin">
          <i name="x" value="68"/>
          <i name="y" value="312"/>
        </i>
        <i name="delay" value="120"/>
        <i name="image" value="2321008.tile.4.8.png"/>
      </i>
      <i name="9">
        <i name="origin">
          <i name="x" value="70"/>
          <i name="y" value="311"/>
        </i>
        <i name="delay" value="120"/>
        <i name="image" value="2321008.tile.4.9.png"/>
      </i>
      <i name="10">
        <i name="origin">
          <i name="x" value="68"/>
          <i name="y" value="312"/>
        </i>
        <i name="delay" value="120"/>
        <i name="image" value="2321008.tile.4.10.png"/>
      </i>
      <i name="11">
        <i name="origin">
          <i name="x" value="69"/>
          <i name="y" value="311"/>
        </i>
        <i name="delay" value="120"/>
        <i name="image" value="2321008.tile.4.11.png"/>
      </i>
      <i name="12">
        <i name="origin">
          <i name="x" value="96"/>
          <i name="y" value="311"/>
        </i>
        <i name="delay" value="120"/>
        <i name="image" value="2321008.tile.4.12.png"/>
      </i>
      <i name="13">
        <i name="origin">
          <i name="x" value="93"/>
          <i name="y" value="311"/>
        </i>
        <i name="delay" value="120"/>
        <i name="image" value="2321008.tile.4.13.png"/>
      </i>
      <i name="14">
        <i name="origin">
          <i name="x" value="97"/>
          <i name="y" value="312"/>
        </i>
        <i name="delay" value="120"/>
        <i name="image" value="2321008.tile.4.14.png"/>
      </i>
      <i name="15">
        <i name="origin">
          <i name="x" value="105"/>
          <i name="y" value="312"/>
        </i>
        <i name="delay" value="120"/>
        <i name="image" value="2321008.tile.4.15.png"/>
      </i>
      <i name="16">
        <i name="origin">
          <i name="x" value="105"/>
          <i name="y" value="312"/>
        </i>
        <i name="delay" value="120"/>
        <i name="image" value="2321008.tile.4.16.png"/>
      </i>
      <i name="17">
        <i name="origin">
          <i name="x" value="104"/>
          <i name="y" value="311"/>
        </i>
        <i name="delay" value="120"/>
        <i name="image" value="2321008.tile.4.17.png"/>
      </i>
      <i name="18">
        <i name="origin">
          <i name="x" value="106"/>
          <i name="y" value="310"/>
        </i>
        <i name="delay" value="120"/>
        <i name="image" value="2321008.tile.4.18.png"/>
      </i>
      <i name="19">
        <i name="origin">
          <i name="x" value="108"/>
          <i name="y" value="307"/>
        </i>
        <i name="delay" value="120"/>
        <i name="image" value="2321008.tile.4.19.png"/>
      </i>
      <i name="20">
        <i name="origin">
          <i name="x" value="111"/>
          <i name="y" value="306"/>
        </i>
        <i name="delay" value="120"/>
        <i name="image" value="2321008.tile.4.20.png"/>
      </i>
      <i name="21">
        <i name="origin">
          <i name="x" value="111"/>
          <i name="y" value="61"/>
        </i>
        <i name="delay" value="120"/>
        <i name="image" value="2321008.tile.4.21.png"/>
      </i>
      <i name="22">
        <i name="origin">
          <i name="x" value="0"/>
          <i name="y" value="0"/>
        </i>
        <i name="delay" value="210"/>
        <i name="image" value="2321008.tile.4.22.png"/>
      </i>
    </i>
    <i name="5">
      <i name="0">
        <i name="origin">
          <i name="x" value="0"/>
          <i name="y" value="0"/>
        </i>
        <i name="delay" value="180"/>
        <i name="image" value="2321008.tile.5.0.png"/>
      </i>
      <i name="1">
        <i name="origin">
          <i name="x" value="26"/>
          <i name="y" value="290"/>
        </i>
        <i name="delay" value="120"/>
        <i name="image" value="2321008.tile.5.1.png"/>
      </i>
      <i name="2">
        <i name="origin">
          <i name="x" value="36"/>
          <i name="y" value="290"/>
        </i>
        <i name="delay" value="120"/>
        <i name="image" value="2321008.tile.5.2.png"/>
      </i>
      <i name="3">
        <i name="origin">
          <i name="x" value="47"/>
          <i name="y" value="290"/>
        </i>
        <i name="delay" value="120"/>
        <i name="image" value="2321008.tile.5.3.png"/>
      </i>
      <i name="4">
        <i name="origin">
          <i name="x" value="49"/>
          <i name="y" value="290"/>
        </i>
        <i name="delay" value="120"/>
        <i name="image" value="2321008.tile.5.4.png"/>
      </i>
      <i name="5">
        <i name="origin">
          <i name="x" value="66"/>
          <i name="y" value="310"/>
        </i>
        <i name="delay" value="120"/>
        <i name="image" value="2321008.tile.5.5.png"/>
      </i>
      <i name="6">
        <i name="origin">
          <i name="x" value="71"/>
          <i name="y" value="314"/>
        </i>
        <i name="delay" value="120"/>
        <i name="image" value="2321008.tile.5.6.png"/>
      </i>
      <i name="7">
        <i name="origin">
          <i name="x" value="77"/>
          <i name="y" value="317"/>
        </i>
        <i name="delay" value="120"/>
        <i name="image" value="2321008.tile.5.7.png"/>
      </i>
      <i name="8">
        <i name="origin">
          <i name="x" value="84"/>
          <i name="y" value="319"/>
        </i>
        <i name="delay" value="120"/>
        <i name="image" value="2321008.tile.5.8.png"/>
      </i>
      <i name="9">
        <i name="origin">
          <i name="x" value="84"/>
          <i name="y" value="319"/>
        </i>
        <i name="delay" value="120"/>
        <i name="image" value="2321008.tile.5.9.png"/>
      </i>
      <i name="10">
        <i name="origin">
          <i name="x" value="82"/>
          <i name="y" value="320"/>
        </i>
        <i name="delay" value="120"/>
        <i name="image" value="2321008.tile.5.10.png"/>
      </i>
      <i name="11">
        <i name="origin">
          <i name="x" value="83"/>
          <i name="y" value="319"/>
        </i>
        <i name="delay" value="120"/>
        <i name="image" value="2321008.tile.5.11.png"/>
      </i>
      <i name="12">
        <i name="origin">
          <i name="x" value="112"/>
          <i name="y" value="318"/>
        </i>
        <i name="delay" value="120"/>
        <i name="image" value="2321008.tile.5.12.png"/>
      </i>
      <i name="13">
        <i name="origin">
          <i name="x" value="109"/>
          <i name="y" value="318"/>
        </i>
        <i name="delay" value="120"/>
        <i name="image" value="2321008.tile.5.13.png"/>
      </i>
      <i name="14">
        <i name="origin">
          <i name="x" value="114"/>
          <i name="y" value="319"/>
        </i>
        <i name="delay" value="120"/>
        <i name="image" value="2321008.tile.5.14.png"/>
      </i>
      <i name="15">
        <i name="origin">
          <i name="x" value="123"/>
          <i name="y" value="320"/>
        </i>
        <i name="delay" value="120"/>
        <i name="image" value="2321008.tile.5.15.png"/>
      </i>
      <i name="16">
        <i name="origin">
          <i name="x" value="123"/>
          <i name="y" value="319"/>
        </i>
        <i name="delay" value="120"/>
        <i name="image" value="2321008.tile.5.16.png"/>
      </i>
      <i name="17">
        <i name="origin">
          <i name="x" value="121"/>
          <i name="y" value="319"/>
        </i>
        <i name="delay" value="120"/>
        <i name="image" value="2321008.tile.5.17.png"/>
      </i>
      <i name="18">
        <i name="origin">
          <i name="x" value="124"/>
          <i name="y" value="317"/>
        </i>
        <i name="delay" value="120"/>
        <i name="image" value="2321008.tile.5.18.png"/>
      </i>
      <i name="19">
        <i name="origin">
          <i name="x" value="127"/>
          <i name="y" value="314"/>
        </i>
        <i name="delay" value="120"/>
        <i name="image" value="2321008.tile.5.19.png"/>
      </i>
      <i name="20">
        <i name="origin">
          <i name="x" value="130"/>
          <i name="y" value="312"/>
        </i>
        <i name="delay" value="120"/>
        <i name="image" value="2321008.tile.5.20.png"/>
      </i>
      <i name="21">
        <i name="origin">
          <i name="x" value="129"/>
          <i name="y" value="72"/>
        </i>
        <i name="delay" value="120"/>
        <i name="image" value="2321008.tile.5.21.png"/>
      </i>
      <i name="22">
        <i name="origin">
          <i name="x" value="0"/>
          <i name="y" value="0"/>
        </i>
        <i name="delay" value="180"/>
        <i name="image" value="2321008.tile.5.22.png"/>
      </i>
    </i>
    <i name="6">
      <i name="0">
        <i name="origin">
          <i name="x" value="0"/>
          <i name="y" value="0"/>
        </i>
        <i name="delay" value="90"/>
        <i name="image" value="2321008.tile.6.0.png"/>
      </i>
      <i name="1">
        <i name="origin">
          <i name="x" value="16"/>
          <i name="y" value="195"/>
        </i>
        <i name="delay" value="120"/>
        <i name="image" value="2321008.tile.6.1.png"/>
      </i>
      <i name="2">
        <i name="origin">
          <i name="x" value="23"/>
          <i name="y" value="195"/>
        </i>
        <i name="delay" value="120"/>
        <i name="image" value="2321008.tile.6.2.png"/>
      </i>
      <i name="3">
        <i name="origin">
          <i name="x" value="29"/>
          <i name="y" value="195"/>
        </i>
        <i name="delay" value="120"/>
        <i name="image" value="2321008.tile.6.3.png"/>
      </i>
      <i name="4">
        <i name="origin">
          <i name="x" value="30"/>
          <i name="y" value="195"/>
        </i>
        <i name="delay" value="120"/>
        <i name="image" value="2321008.tile.6.4.png"/>
      </i>
      <i name="5">
        <i name="origin">
          <i name="x" value="40"/>
          <i name="y" value="207"/>
        </i>
        <i name="delay" value="120"/>
        <i name="image" value="2321008.tile.6.5.png"/>
      </i>
      <i name="6">
        <i name="origin">
          <i name="x" value="43"/>
          <i name="y" value="209"/>
        </i>
        <i name="delay" value="120"/>
        <i name="image" value="2321008.tile.6.6.png"/>
      </i>
      <i name="7">
        <i name="origin">
          <i name="x" value="46"/>
          <i name="y" value="211"/>
        </i>
        <i name="delay" value="120"/>
        <i name="image" value="2321008.tile.6.7.png"/>
      </i>
      <i name="8">
        <i name="origin">
          <i name="x" value="51"/>
          <i name="y" value="212"/>
        </i>
        <i name="delay" value="120"/>
        <i name="image" value="2321008.tile.6.8.png"/>
      </i>
      <i name="9">
        <i name="origin">
          <i name="x" value="50"/>
          <i name="y" value="212"/>
        </i>
        <i name="delay" value="120"/>
        <i name="image" value="2321008.tile.6.9.png"/>
      </i>
      <i name="10">
        <i name="origin">
          <i name="x" value="49"/>
          <i name="y" value="212"/>
        </i>
        <i name="delay" value="120"/>
        <i name="image" value="2321008.tile.6.10.png"/>
      </i>
      <i name="11">
        <i name="origin">
          <i name="x" value="50"/>
          <i name="y" value="212"/>
        </i>
        <i name="delay" value="120"/>
        <i name="image" value="2321008.tile.6.11.png"/>
      </i>
      <i name="12">
        <i name="origin">
          <i name="x" value="60"/>
          <i name="y" value="211"/>
        </i>
        <i name="delay" value="120"/>
        <i name="image" value="2321008.tile.6.12.png"/>
      </i>
      <i name="13">
        <i name="origin">
          <i name="x" value="58"/>
          <i name="y" value="211"/>
        </i>
        <i name="delay" value="120"/>
        <i name="image" value="2321008.tile.6.13.png"/>
      </i>
      <i name="14">
        <i name="origin">
          <i name="x" value="61"/>
          <i name="y" value="212"/>
        </i>
        <i name="delay" value="120"/>
        <i name="image" value="2321008.tile.6.14.png"/>
      </i>
      <i name="15">
        <i name="origin">
          <i name="x" value="65"/>
          <i name="y" value="212"/>
        </i>
        <i name="delay" value="120"/>
        <i name="image" value="2321008.tile.6.15.png"/>
      </i>
      <i name="16">
        <i name="origin">
          <i name="x" value="65"/>
          <i name="y" value="210"/>
        </i>
        <i name="delay" value="120"/>
        <i name="image" value="2321008.tile.6.16.png"/>
      </i>
      <i name="17">
        <i name="origin">
          <i name="x" value="65"/>
          <i name="y" value="209"/>
        </i>
        <i name="delay" value="120"/>
        <i name="image" value="2321008.tile.6.17.png"/>
      </i>
      <i name="18">
        <i name="origin">
          <i name="x" value="66"/>
          <i name="y" value="207"/>
        </i>
        <i name="delay" value="120"/>
        <i name="image" value="2321008.tile.6.18.png"/>
      </i>
      <i name="19">
        <i name="origin">
          <i name="x" value="68"/>
          <i name="y" value="89"/>
        </i>
        <i name="delay" value="120"/>
        <i name="image" value="2321008.tile.6.19.png"/>
      </i>
      <i name="20">
        <i name="origin">
          <i name="x" value="69"/>
          <i name="y" value="89"/>
        </i>
        <i name="delay" value="120"/>
        <i name="image" value="2321008.tile.6.20.png"/>
      </i>
      <i name="21">
        <i name="origin">
          <i name="x" value="69"/>
          <i name="y" value="37"/>
        </i>
        <i name="delay" value="120"/>
        <i name="image" value="2321008.tile.6.21.png"/>
      </i>
      <i name="22">
        <i name="origin">
          <i name="x" value="0"/>
          <i name="y" value="0"/>
        </i>
        <i name="delay" value="270"/>
        <i name="image" value="2321008.tile.6.22.png"/>
      </i>
    </i>
    <i name="7">
      <i name="0">
        <i name="origin">
          <i name="x" value="0"/>
          <i name="y" value="0"/>
        </i>
        <i name="delay" value="120"/>
        <i name="image" value="2321008.tile.7.0.png"/>
      </i>
      <i name="1">
        <i name="origin">
          <i name="x" value="22"/>
          <i name="y" value="199"/>
        </i>
        <i name="delay" value="120"/>
        <i name="image" value="2321008.tile.7.1.png"/>
      </i>
      <i name="2">
        <i name="origin">
          <i name="x" value="31"/>
          <i name="y" value="200"/>
        </i>
        <i name="delay" value="120"/>
        <i name="image" value="2321008.tile.7.2.png"/>
      </i>
      <i name="3">
        <i name="origin">
          <i name="x" value="39"/>
          <i name="y" value="200"/>
        </i>
        <i name="delay" value="120"/>
        <i name="image" value="2321008.tile.7.3.png"/>
      </i>
      <i name="4">
        <i name="origin">
          <i name="x" value="41"/>
          <i name="y" value="200"/>
        </i>
        <i name="delay" value="120"/>
        <i name="image" value="2321008.tile.7.4.png"/>
      </i>
      <i name="5">
        <i name="origin">
          <i name="x" value="55"/>
          <i name="y" value="216"/>
        </i>
        <i name="delay" value="120"/>
        <i name="image" value="2321008.tile.7.5.png"/>
      </i>
      <i name="6">
        <i name="origin">
          <i name="x" value="60"/>
          <i name="y" value="219"/>
        </i>
        <i name="delay" value="120"/>
        <i name="image" value="2321008.tile.7.6.png"/>
      </i>
      <i name="7">
        <i name="origin">
          <i name="x" value="64"/>
          <i name="y" value="222"/>
        </i>
        <i name="delay" value="120"/>
        <i name="image" value="2321008.tile.7.7.png"/>
      </i>
      <i name="8">
        <i name="origin">
          <i name="x" value="70"/>
          <i name="y" value="223"/>
        </i>
        <i name="delay" value="120"/>
        <i name="image" value="2321008.tile.7.8.png"/>
      </i>
      <i name="9">
        <i name="origin">
          <i name="x" value="70"/>
          <i name="y" value="224"/>
        </i>
        <i name="delay" value="120"/>
        <i name="image" value="2321008.tile.7.9.png"/>
      </i>
      <i name="10">
        <i name="origin">
          <i name="x" value="68"/>
          <i name="y" value="224"/>
        </i>
        <i name="delay" value="120"/>
        <i name="image" value="2321008.tile.7.10.png"/>
      </i>
      <i name="11">
        <i name="origin">
          <i name="x" value="69"/>
          <i name="y" value="223"/>
        </i>
        <i name="delay" value="120"/>
        <i name="image" value="2321008.tile.7.11.png"/>
      </i>
      <i name="12">
        <i name="origin">
          <i name="x" value="96"/>
          <i name="y" value="223"/>
        </i>
        <i name="delay" value="120"/>
        <i name="image" value="2321008.tile.7.12.png"/>
      </i>
      <i name="13">
        <i name="origin">
          <i name="x" value="93"/>
          <i name="y" value="223"/>
        </i>
        <i name="delay" value="120"/>
        <i name="image" value="2321008.tile.7.13.png"/>
      </i>
      <i name="14">
        <i name="origin">
          <i name="x" value="97"/>
          <i name="y" value="223"/>
        </i>
        <i name="delay" value="120"/>
        <i name="image" value="2321008.tile.7.14.png"/>
      </i>
      <i name="15">
        <i name="origin">
          <i name="x" value="105"/>
          <i name="y" value="223"/>
        </i>
        <i name="delay" value="120"/>
        <i name="image" value="2321008.tile.7.15.png"/>
      </i>
      <i name="16">
        <i name="origin">
          <i name="x" value="105"/>
          <i name="y" value="221"/>
        </i>
        <i name="delay" value="120"/>
        <i name="image" value="2321008.tile.7.16.png"/>
      </i>
      <i name="17">
        <i name="origin">
          <i name="x" value="104"/>
          <i name="y" value="219"/>
        </i>
        <i name="delay" value="120"/>
        <i name="image" value="2321008.tile.7.17.png"/>
      </i>
      <i name="18">
        <i name="origin">
          <i name="x" value="106"/>
          <i name="y" value="216"/>
        </i>
        <i name="delay" value="120"/>
        <i name="image" value="2321008.tile.7.18.png"/>
      </i>
      <i name="19">
        <i name="origin">
          <i name="x" value="108"/>
          <i name="y" value="143"/>
        </i>
        <i name="delay" value="120"/>
        <i name="image" value="2321008.tile.7.19.png"/>
      </i>
      <i name="20">
        <i name="origin">
          <i name="x" value="111"/>
          <i name="y" value="144"/>
        </i>
        <i name="delay" value="120"/>
        <i name="image" value="2321008.tile.7.20.png"/>
      </i>
      <i name="21">
        <i name="origin">
          <i name="x" value="111"/>
          <i name="y" value="61"/>
        </i>
        <i name="delay" value="120"/>
        <i name="image" value="2321008.tile.7.21.png"/>
      </i>
      <i name="22">
        <i name="origin">
          <i name="x" value="0"/>
          <i name="y" value="0"/>
        </i>
        <i name="delay" value="240"/>
        <i name="image" value="2321008.tile.7.22.png"/>
      </i>
    </i>
    <i name="8">
      <i name="0">
        <i name="origin">
          <i name="x" value="0"/>
          <i name="y" value="0"/>
        </i>
        <i name="delay" value="150"/>
        <i name="image" value="2321008.tile.8.0.png"/>
      </i>
      <i name="1">
        <i name="origin">
          <i name="x" value="27"/>
          <i name="y" value="202"/>
        </i>
        <i name="delay" value="120"/>
        <i name="image" value="2321008.tile.8.1.png"/>
      </i>
      <i name="2">
        <i name="origin">
          <i name="x" value="37"/>
          <i name="y" value="202"/>
        </i>
        <i name="delay" value="120"/>
        <i name="image" value="2321008.tile.8.2.png"/>
      </i>
      <i name="3">
        <i name="origin">
          <i name="x" value="48"/>
          <i name="y" value="202"/>
        </i>
        <i name="delay" value="120"/>
        <i name="image" value="2321008.tile.8.3.png"/>
      </i>
      <i name="4">
        <i name="origin">
          <i name="x" value="50"/>
          <i name="y" value="202"/>
        </i>
        <i name="delay" value="120"/>
        <i name="image" value="2321008.tile.8.4.png"/>
      </i>
      <i name="5">
        <i name="origin">
          <i name="x" value="67"/>
          <i name="y" value="222"/>
        </i>
        <i name="delay" value="120"/>
        <i name="image" value="2321008.tile.8.5.png"/>
      </i>
      <i name="6">
        <i name="origin">
          <i name="x" value="72"/>
          <i name="y" value="226"/>
        </i>
        <i name="delay" value="120"/>
        <i name="image" value="2321008.tile.8.6.png"/>
      </i>
      <i name="7">
        <i name="origin">
          <i name="x" value="78"/>
          <i name="y" value="229"/>
        </i>
        <i name="delay" value="120"/>
        <i name="image" value="2321008.tile.8.7.png"/>
      </i>
      <i name="8">
        <i name="origin">
          <i name="x" value="85"/>
          <i name="y" value="231"/>
        </i>
        <i name="delay" value="120"/>
        <i name="image" value="2321008.tile.8.8.png"/>
      </i>
      <i name="9">
        <i name="origin">
          <i name="x" value="85"/>
          <i name="y" value="231"/>
        </i>
        <i name="delay" value="120"/>
        <i name="image" value="2321008.tile.8.9.png"/>
      </i>
      <i name="10">
        <i name="origin">
          <i name="x" value="83"/>
          <i name="y" value="232"/>
        </i>
        <i name="delay" value="120"/>
        <i name="image" value="2321008.tile.8.10.png"/>
      </i>
      <i name="11">
        <i name="origin">
          <i name="x" value="84"/>
          <i name="y" value="231"/>
        </i>
        <i name="delay" value="120"/>
        <i name="image" value="2321008.tile.8.11.png"/>
      </i>
      <i name="12">
        <i name="origin">
          <i name="x" value="113"/>
          <i name="y" value="230"/>
        </i>
        <i name="delay" value="120"/>
        <i name="image" value="2321008.tile.8.12.png"/>
      </i>
      <i name="13">
        <i name="origin">
          <i name="x" value="110"/>
          <i name="y" value="230"/>
        </i>
        <i name="delay" value="120"/>
        <i name="image" value="2321008.tile.8.13.png"/>
      </i>
      <i name="14">
        <i name="origin">
          <i name="x" value="115"/>
          <i name="y" value="231"/>
        </i>
        <i name="delay" value="120"/>
        <i name="image" value="2321008.tile.8.14.png"/>
      </i>
      <i name="15">
        <i name="origin">
          <i name="x" value="124"/>
          <i name="y" value="230"/>
        </i>
        <i name="delay" value="120"/>
        <i name="image" value="2321008.tile.8.15.png"/>
      </i>
      <i name="16">
        <i name="origin">
          <i name="x" value="124"/>
          <i name="y" value="228"/>
        </i>
        <i name="delay" value="120"/>
        <i name="image" value="2321008.tile.8.16.png"/>
      </i>
      <i name="17">
        <i name="origin">
          <i name="x" value="122"/>
          <i name="y" value="225"/>
        </i>
        <i name="delay" value="120"/>
        <i name="image" value="2321008.tile.8.17.png"/>
      </i>
      <i name="18">
        <i name="origin">
          <i name="x" value="125"/>
          <i name="y" value="222"/>
        </i>
        <i name="delay" value="120"/>
        <i name="image" value="2321008.tile.8.18.png"/>
      </i>
      <i name="19">
        <i name="origin">
          <i name="x" value="128"/>
          <i name="y" value="169"/>
        </i>
        <i name="delay" value="120"/>
        <i name="image" value="2321008.tile.8.19.png"/>
      </i>
      <i name="20">
        <i name="origin">
          <i name="x" value="131"/>
          <i name="y" value="171"/>
        </i>
        <i name="delay" value="120"/>
        <i name="image" value="2321008.tile.8.20.png"/>
      </i>
      <i name="21">
        <i name="origin">
          <i name="x" value="130"/>
          <i name="y" value="72"/>
        </i>
        <i name="delay" value="120"/>
        <i name="image" value="2321008.tile.8.21.png"/>
      </i>
      <i name="22">
        <i name="origin">
          <i name="x" value="0"/>
          <i name="y" value="0"/>
        </i>
        <i name="delay" value="210"/>
        <i name="image" value="2321008.tile.8.22.png"/>
      </i>
    </i>
  </i>
  </i>
