<i>
  <s name="info">
    <f name="icon">
      <p name="info"  image="info.icon.png"/>
    </f>
    <f name="iconRaw">
      <p name="info"  origin_x="0" origin_y="31" image="info.iconRaw.png"/>
    </f>
    <f name="iconD">
      <p name="info"  origin_x="-3" origin_y="32" image="info.iconD.png"/>
    </f>
    <f name="iconRawD">
      <p name="info"  origin_x="-3" origin_y="32" image="info.iconRawD.png"/>
    </f>
  </s>
  <s name="stand0">
    <f name="0" delay="1200">
      <p name="stand0"  origin_x="32" origin_y="51" lt_x="-32" lt_y="-51" rb_x="28" rb_y="0" image="stand0.0.png"/>
    </f>
    <f name="1" delay="150">
      <p name="stand0"  origin_x="32" origin_y="51" lt_x="-32" lt_y="-51" rb_x="28" rb_y="0" image="stand0.1.png"/>
    </f>
    <f name="2" delay="120">
      <p name="stand0"  origin_x="32" origin_y="51" lt_x="-32" lt_y="-51" rb_x="28" rb_y="0" image="stand0.2.png"/>
    </f>
  </s>
  <s name="stand1">
    <f name="0" delay="150">
      <p name="stand1"  origin_x="32" origin_y="51" lt_x="-32" lt_y="-51" rb_x="28" rb_y="0" image="stand1.0.png"/>
    </f>
    <f name="1" delay="150">
      <p name="stand1"  origin_x="32" origin_y="50" lt_x="-32" lt_y="-50" rb_x="28" rb_y="0" image="stand1.1.png"/>
    </f>
    <f name="2" delay="150">
      <p name="stand1"  origin_x="32" origin_y="49" lt_x="-32" lt_y="-49" rb_x="28" rb_y="0" image="stand1.2.png"/>
    </f>
    <f name="3" delay="150">
      <p name="stand1"  origin_x="32" origin_y="48" lt_x="-32" lt_y="-48" rb_x="28" rb_y="0" image="stand1.3.png"/>
    </f>
    <f name="4" delay="150">
      <p name="stand1"  origin_x="32" origin_y="49" lt_x="-32" lt_y="-49" rb_x="28" rb_y="0" image="stand1.4.png"/>
    </f>
    <f name="5" delay="150">
      <p name="stand1"  origin_x="32" origin_y="50" lt_x="-32" lt_y="-50" rb_x="28" rb_y="0" image="stand1.5.png"/>
    </f>
  </s>
  <s name="rest0">
    <f name="0" delay="1200">
      <p name="rest0"  origin_x="40" origin_y="45" lt_x="-40" lt_y="-45" rb_x="34" rb_y="0" image="rest0.0.png"/>
    </f>
    <f name="1" delay="150">
      <p name="rest0"  origin_x="40" origin_y="45" lt_x="-40" lt_y="-45" rb_x="34" rb_y="0" image="rest0.1.png"/>
    </f>
    <f name="2" delay="120">
      <p name="rest0"  origin_x="40" origin_y="45" lt_x="-40" lt_y="-45" rb_x="34" rb_y="0" image="rest0.2.png"/>
    </f>
  </s>
  <s name="charming">
    <f name="0" delay="200">
      <p name="charming"  origin_x="36" origin_y="51" lt_x="-36" lt_y="-51" rb_x="24" rb_y="0" image="charming.0.png"/>
    </f>
    <f name="1" delay="200">
      <p name="charming"  origin_x="37" origin_y="51" lt_x="-37" lt_y="-51" rb_x="24" rb_y="0" image="charming.1.png"/>
    </f>
    <f name="2" delay="200">
      <p name="charming"  origin_x="37" origin_y="51" lt_x="-37" lt_y="-51" rb_x="24" rb_y="0" image="charming.2.png"/>
    </f>
    <f name="3">
      <p name="pointer"  pointer="charming/1"/>
    </f>
    <f name="4">
      <p name="pointer"  pointer="charming/2"/>
    </f>
    <f name="5">
      <p name="pointer"  pointer="charming/1"/>
    </f>
    <f name="6">
      <p name="pointer"  pointer="charming/2"/>
    </f>
    <f name="7">
      <p name="pointer"  pointer="charming/1"/>
    </f>
    <f name="8">
      <p name="pointer"  pointer="charming/2"/>
    </f>
    <f name="9">
      <p name="pointer"  pointer="charming/1"/>
    </f>
    <f name="10">
      <p name="pointer"  pointer="charming/2"/>
    </f>
  </s>
  <s name="move">
    <f name="0" delay="150">
      <p name="move"  origin_x="29" origin_y="52" lt_x="-29" lt_y="-52" rb_x="32" rb_y="0" image="move.0.png"/>
    </f>
    <f name="1" delay="150">
      <p name="move"  origin_x="28" origin_y="51" lt_x="-28" lt_y="-51" rb_x="32" rb_y="0" image="move.1.png"/>
    </f>
    <f name="2" delay="150">
      <p name="move"  origin_x="28" origin_y="52" lt_x="-28" lt_y="-52" rb_x="32" rb_y="0" image="move.2.png"/>
    </f>
    <f name="3" delay="150">
      <p name="move"  origin_x="29" origin_y="51" lt_x="-29" lt_y="-51" rb_x="32" rb_y="0" image="move.3.png"/>
    </f>
  </s>
  <s name="jump">
    <f name="0" delay="100">
      <p name="jump"  origin_x="32" origin_y="65" lt_x="-32" lt_y="-65" rb_x="34" rb_y="0" image="jump.0.png"/>
    </f>
  </s>
  <s name="hungry">
    <f name="0" delay="2000">
      <p name="hungry"  origin_x="35" origin_y="51" lt_x="-35" lt_y="-51" rb_x="24" rb_y="0" image="hungry.0.png"/>
    </f>
  </s>
  <s name="angry">
    <f name="0" delay="200">
      <p name="angry"  origin_x="20" origin_y="61" lt_x="-20" lt_y="-61" rb_x="44" rb_y="0" image="angry.0.png"/>
    </f>
    <f name="1" delay="1200">
      <p name="angry"  origin_x="21" origin_y="60" lt_x="-21" lt_y="-60" rb_x="45" rb_y="0" image="angry.1.png"/>
    </f>
  </s>
  <s name="chat">
    <f name="0" delay="2000">
      <p name="chat"  origin_x="32" origin_y="51" lt_x="-32" lt_y="-51" rb_x="28" rb_y="0" image="chat.0.png"/>
    </f>
  </s>
  <s name="hang">
    <f name="0">
      <p name="hang"  origin_x="34" origin_y="56" lt_x="-34" lt_y="-56" rb_x="34" rb_y="0" image="hang.0.png"/>
    </f>
  </s>
  <s name="fart">
    <f name="0" delay="150">
      <p name="fart"  origin_x="36" origin_y="51" lt_x="-36" lt_y="-51" rb_x="24" rb_y="0" image="fart.0.png"/>
    </f>
    <f name="1" delay="300">
      <p name="fart"  origin_x="36" origin_y="49" lt_x="-36" lt_y="-49" rb_x="33" rb_y="0" image="fart.1.png"/>
    </f>
    <f name="2" delay="150">
      <p name="fart"  origin_x="36" origin_y="50" lt_x="-36" lt_y="-50" rb_x="35" rb_y="0" image="fart.2.png"/>
    </f>
    <f name="3" delay="150">
      <p name="fart"  origin_x="36" origin_y="51" lt_x="-36" lt_y="-51" rb_x="37" rb_y="0" image="fart.3.png"/>
    </f>
    <f name="4" delay="1000">
      <p name="fart"  origin_x="36" origin_y="51" lt_x="-36" lt_y="-51" rb_x="24" rb_y="0" image="fart.4.png"/>
    </f>
  </s>
  <s name="smile">
    <f name="0" delay="4000">
      <p name="smile"  origin_x="32" origin_y="50" lt_x="-32" lt_y="-50" rb_x="28" rb_y="0" image="smile.0.png"/>
    </f>
  </s>
  <s name="vomit">
    <f name="0" delay="150">
      <p name="vomit"  origin_x="36" origin_y="51" lt_x="-36" lt_y="-51" rb_x="24" rb_y="0" image="vomit.0.png"/>
    </f>
    <f name="1" delay="150">
      <p name="vomit"  origin_x="36" origin_y="51" lt_x="-36" lt_y="-51" rb_x="24" rb_y="0" image="vomit.1.png"/>
    </f>
    <f name="2">
      <p name="pointer"  pointer="vomit/0"/>
    </f>
    <f name="3">
      <p name="pointer"  pointer="vomit/1"/>
    </f>
    <f name="4">
      <p name="pointer"  pointer="vomit/0"/>
    </f>
    <f name="5">
      <p name="pointer"  pointer="vomit/1"/>
    </f>
    <f name="6">
      <p name="pointer"  pointer="vomit/0"/>
    </f>
    <f name="7">
      <p name="pointer"  pointer="vomit/1"/>
    </f>
    <f name="8">
      <p name="pointer"  pointer="vomit/0"/>
    </f>
    <f name="9">
      <p name="pointer"  pointer="vomit/1"/>
    </f>
    <f name="10">
      <p name="pointer"  pointer="vomit/0"/>
    </f>
    <f name="11">
      <p name="pointer"  pointer="vomit/1"/>
    </f>
    <f name="12">
      <p name="pointer"  pointer="vomit/0"/>
    </f>
    <f name="13">
      <p name="pointer"  pointer="vomit/1"/>
    </f>
    <f name="14">
      <p name="pointer"  pointer="vomit/0"/>
    </f>
    <f name="15">
      <p name="pointer"  pointer="vomit/1"/>
    </f>
  </s>
  <s name="melong">
    <f name="0" delay="4000">
      <p name="melong"  origin_x="37" origin_y="51" lt_x="-37" lt_y="-51" rb_x="24" rb_y="0" image="melong.0.png"/>
    </f>
  </s>
  <s name="dung">
    <f name="0" delay="2000">
      <p name="dung"  origin_x="21" origin_y="62" lt_x="-21" lt_y="-62" rb_x="43" rb_y="0" image="dung.0.png"/>
    </f>
  </s>
  <s name="cry">
    <f name="0" delay="150">
      <p name="cry"  origin_x="35" origin_y="51" lt_x="-35" lt_y="-51" rb_x="24" rb_y="0" image="cry.0.png"/>
    </f>
    <f name="1" delay="150">
      <p name="cry"  origin_x="35" origin_y="51" lt_x="-35" lt_y="-51" rb_x="24" rb_y="0" image="cry.1.png"/>
    </f>
    <f name="2" delay="150">
      <p name="cry"  origin_x="35" origin_y="51" lt_x="-35" lt_y="-51" rb_x="24" rb_y="0" image="cry.2.png"/>
    </f>
    <f name="3" delay="150">
      <p name="cry"  origin_x="35" origin_y="51" lt_x="-35" lt_y="-51" rb_x="24" rb_y="0" image="cry.3.png"/>
    </f>
    <f name="4" delay="150">
      <p name="cry"  origin_x="35" origin_y="51" lt_x="-35" lt_y="-51" rb_x="24" rb_y="0" image="cry.4.png"/>
    </f>
    <f name="5" delay="150">
      <p name="cry"  origin_x="35" origin_y="51" lt_x="-35" lt_y="-51" rb_x="24" rb_y="0" image="cry.5.png"/>
    </f>
    <f name="6">
      <p name="pointer"  pointer="cry/0"/>
    </f>
    <f name="7">
      <p name="pointer"  pointer="cry/1"/>
    </f>
    <f name="8">
      <p name="pointer"  pointer="cry/2"/>
    </f>
    <f name="9">
      <p name="pointer"  pointer="cry/3"/>
    </f>
    <f name="10">
      <p name="pointer"  pointer="cry/4"/>
    </f>
    <f name="11">
      <p name="pointer"  pointer="cry/5"/>
    </f>
  </s>
  <s name="glitter">
    <f name="0" delay="150">
      <p name="glitter"  origin_x="37" origin_y="51" lt_x="-37" lt_y="-51" rb_x="23" rb_y="0" image="glitter.0.png"/>
    </f>
    <f name="1" delay="150">
      <p name="glitter"  origin_x="37" origin_y="51" lt_x="-37" lt_y="-51" rb_x="23" rb_y="0" image="glitter.1.png"/>
    </f>
    <f name="2">
      <p name="pointer"  pointer="glitter/0"/>
    </f>
    <f name="3">
      <p name="pointer"  pointer="glitter/1"/>
    </f>
    <f name="4">
      <p name="pointer"  pointer="glitter/0"/>
    </f>
    <f name="5">
      <p name="pointer"  pointer="glitter/1"/>
    </f>
    <f name="6">
      <p name="pointer"  pointer="glitter/0"/>
    </f>
    <f name="7">
      <p name="pointer"  pointer="glitter/1"/>
    </f>
    <f name="8">
      <p name="pointer"  pointer="glitter/0"/>
    </f>
    <f name="9">
      <p name="pointer"  pointer="glitter/1"/>
    </f>
    <f name="10">
      <p name="pointer"  pointer="glitter/0"/>
    </f>
    <f name="11">
      <p name="pointer"  pointer="glitter/1"/>
    </f>
    <f name="12">
      <p name="pointer"  pointer="glitter/0"/>
    </f>
    <f name="13">
      <p name="pointer"  pointer="glitter/1"/>
    </f>
  </s>
  <s name="love">
    <f name="0" delay="200">
      <p name="love"  origin_x="37" origin_y="51" lt_x="-37" lt_y="-51" rb_x="24" rb_y="0" image="love.0.png"/>
    </f>
    <f name="1" delay="200">
      <p name="love"  origin_x="37" origin_y="51" lt_x="-37" lt_y="-51" rb_x="24" rb_y="0" image="love.1.png"/>
    </f>
    <f name="2">
      <p name="pointer"  pointer="love/0"/>
    </f>
    <f name="3">
      <p name="pointer"  pointer="love/1"/>
    </f>
    <f name="4">
      <p name="pointer"  pointer="love/0"/>
    </f>
    <f name="5">
      <p name="pointer"  pointer="love/1"/>
    </f>
    <f name="6">
      <p name="pointer"  pointer="love/0"/>
    </f>
    <f name="7">
      <p name="pointer"  pointer="love/1"/>
    </f>
    <f name="8">
      <p name="pointer"  pointer="love/0"/>
    </f>
    <f name="9">
      <p name="pointer"  pointer="love/1"/>
    </f>
    <f name="10">
      <p name="pointer"  pointer="love/0"/>
    </f>
    <f name="11">
      <p name="pointer"  pointer="love/1"/>
    </f>
  </s>
  <s name="eye">
    <f name="0" delay="150">
      <p name="eye"  origin_x="32" origin_y="52" lt_x="-32" lt_y="-52" rb_x="28" rb_y="0" image="eye.0.png"/>
    </f>
    <f name="1" delay="350">
      <p name="eye"  origin_x="32" origin_y="52" lt_x="-32" lt_y="-52" rb_x="28" rb_y="0" image="eye.1.png"/>
    </f>
    <f name="2" delay="150">
      <p name="eye"  origin_x="32" origin_y="52" lt_x="-32" lt_y="-52" rb_x="28" rb_y="0" image="eye.2.png"/>
    </f>
    <f name="3" delay="150">
      <p name="eye"  origin_x="32" origin_y="52" lt_x="-32" lt_y="-52" rb_x="28" rb_y="0" image="eye.3.png"/>
    </f>
    <f name="4" delay="150">
      <p name="eye"  origin_x="32" origin_y="52" lt_x="-32" lt_y="-52" rb_x="28" rb_y="0" image="eye.4.png"/>
    </f>
  </s>
  <s name="sleep">
    <f name="0" delay="300">
      <p name="sleep"  origin_x="34" origin_y="37" lt_x="-34" lt_y="-37" rb_x="38" rb_y="0" image="sleep.0.png"/>
    </f>
    <f name="1" delay="300">
      <p name="sleep"  origin_x="34" origin_y="37" lt_x="-34" lt_y="-37" rb_x="38" rb_y="0" image="sleep.1.png"/>
    </f>
    <f name="2" delay="300">
      <p name="sleep"  origin_x="34" origin_y="37" lt_x="-34" lt_y="-37" rb_x="38" rb_y="0" image="sleep.2.png"/>
    </f>
    <f name="3">
      <p name="sleep"  origin_x="34" origin_y="40" lt_x="-34" lt_y="-40" rb_x="38" rb_y="0" image="sleep.3.png"/>
    </f>
    <f name="4" delay="150">
      <p name="sleep"  origin_x="34" origin_y="43" lt_x="-34" lt_y="-38" rb_x="38" rb_y="0" image="sleep.4.png"/>
    </f>
    <f name="5">
      <p name="pointer"  pointer="sleep/0"/>
    </f>
    <f name="6">
      <p name="pointer"  pointer="sleep/1"/>
    </f>
    <f name="7">
      <p name="pointer"  pointer="sleep/2"/>
    </f>
    <f name="8">
      <p name="pointer"  pointer="sleep/3"/>
    </f>
    <f name="9">
      <p name="pointer"  pointer="sleep/4"/>
    </f>
  </s>
  <s name="eat">
    <f name="0" delay="2000">
      <p name="eat"  origin_x="32" origin_y="51" lt_x="-32" lt_y="-51" rb_x="28" rb_y="0" image="eat.0.png"/>
    </f>
  </s>
  <s name="fly">
    <f name="0" delay="150">
      <p name="fly"  origin_x="34" origin_y="54" lt_x="-34" lt_y="-54" rb_x="32" rb_y="0" image="fly.0.png"/>
    </f>
    <f name="1" delay="150">
      <p name="fly"  origin_x="34" origin_y="58" lt_x="-34" lt_y="-58" rb_x="26" rb_y="0" image="fly.1.png"/>
    </f>
  </s>
</i>
