<i>
  <s name="walk1">
    <f name="0">
      <p name="40"  origin_x="25" origin_y="7" hand_x="46" hand_y="7" z="weapon" image="40.walk1.0.weapon.png"/>
    </f>
    <f name="1">
      <p name="40"  origin_x="25" origin_y="7" hand_x="46" hand_y="23" z="weapon" image="40.walk1.1.weapon.png"/>
    </f>
    <f name="2">
      <p name="pointer"  pointer="40/walk1/0/weapon"/>
    </f>
    <f name="3">
      <p name="40"  origin_x="25" origin_y="7" hand_x="38" hand_y="15" z="weapon" image="40.walk1.3.weapon.png"/>
    </f>
  </s>
  <s name="alert">
    <f name="0">
      <p name="40"  origin_x="12" origin_y="5" navel_x="44" navel_y="18" z="weaponOverArm" image="40.alert.0.weapon.png"/>
    </f>
    <f name="1">
      <p name="40"  origin_x="12" origin_y="5" navel_x="46" navel_y="16" z="weaponOverArm" image="40.alert.1.weapon.png"/>
    </f>
    <f name="2">
      <p name="40"  origin_x="12" origin_y="5" navel_x="43" navel_y="14" z="weaponOverArm" image="40.alert.2.weapon.png"/>
    </f>
  </s>
  <s name="swingT1">
    <f name="0">
      <p name="40"  origin_x="11" origin_y="5" navel_x="19" navel_y="45" z="weaponBelowArm" image="40.swingT1.0.weapon.png"/>
    </f>
    <f name="1">
      <p name="40"  origin_x="11" origin_y="5" navel_x="29" navel_y="78" z="weaponBelowArm" image="40.swingT1.1.weapon.png"/>
    </f>
    <f name="2">
      <p name="40"  origin_x="11" origin_y="5" navel_x="67" navel_y="8" z="weaponBelowBody" image="40.swingT1.2.weapon.png"/>
    </f>
  </s>
  <s name="swingT2">
    <f name="0">
      <p name="40"  origin_x="11" origin_y="5" navel_x="22" navel_y="64" z="weaponBelowBody" image="40.swingT2.0.weapon.png"/>
    </f>
    <f name="1">
      <p name="40"  origin_x="11" origin_y="5" navel_x="33" navel_y="67" z="weaponBelowBody" image="40.swingT2.1.weapon.png"/>
    </f>
    <f name="2">
      <p name="40"  origin_x="11" origin_y="5" navel_x="44" navel_y="13" z="weaponOverBody" image="40.swingT2.2.weapon.png"/>
    </f>
  </s>
  <s name="swingT3">
    <f name="0">
      <p name="40"  origin_x="11" origin_y="5" navel_x="18" navel_y="7" z="weaponOverBody" image="40.swingT3.0.weapon.png"/>
    </f>
    <f name="1">
      <p name="40"  origin_x="11" origin_y="5" navel_x="20" navel_y="15" z="weaponOverBody" image="40.swingT3.1.weapon.png"/>
    </f>
    <f name="2">
      <p name="40"  origin_x="11" origin_y="5" navel_x="27" navel_y="82" z="weaponBelowBody" image="40.swingT3.2.weapon.png"/>
    </f>
  </s>
  <s name="swingTF">
    <f name="0">
      <p name="40"  origin_x="11" origin_y="5" navel_x="3" navel_y="76" z="backWeapon" image="40.swingTF.0.weapon.png"/>
    </f>
    <f name="1">
      <p name="40"  origin_x="11" origin_y="5" navel_x="8" navel_y="72" z="weaponBelowBody" image="40.swingTF.1.weapon.png"/>
    </f>
    <f name="2">
      <p name="40"  origin_x="11" origin_y="5" navel_x="31" navel_y="72" z="weaponBelowArm" image="40.swingTF.2.weapon.png"/>
    </f>
    <f name="3">
      <p name="40"  origin_x="11" origin_y="5" navel_x="68" navel_y="10" z="weaponBelowBody" image="40.swingTF.3.weapon.png"/>
    </f>
  </s>
  <s name="stabO1">
    <f name="0">
      <p name="40"  origin_x="12" origin_y="5" navel_x="39" navel_y="7" z="weapon" image="40.stabO1.0.weapon.png"/>
    </f>
    <f name="1">
      <p name="40"  origin_x="12" origin_y="5" navel_x="75" navel_y="17" z="weapon" image="40.stabO1.1.weapon.png"/>
    </f>
  </s>
  <s name="stabO2">
    <f name="0">
      <p name="40"  origin_x="12" origin_y="5" navel_x="41" navel_y="20" z="weaponBelowArm" image="40.stabO2.0.weapon.png"/>
    </f>
    <f name="1">
      <p name="40"  origin_x="12" origin_y="5" navel_x="81" navel_y="16" z="weaponBelowArm" image="40.stabO2.1.weapon.png"/>
    </f>
  </s>
  <s name="stabOF">
    <f name="0">
      <p name="40"  origin_x="12" origin_y="5" navel_x="47" navel_y="11" z="weaponBelowArm" image="40.stabOF.0.weapon.png"/>
    </f>
    <f name="1">
      <p name="40"  origin_x="12" origin_y="5" navel_x="81" navel_y="18" z="weaponBelowArm" image="40.stabOF.1.weapon.png"/>
    </f>
    <f name="2">
      <p name="40"  origin_x="12" origin_y="5" navel_x="80" navel_y="16" z="weapon" image="40.stabOF.2.weapon.png"/>
    </f>
  </s>
  <s name="proneStab">
    <f name="0">
      <p name="40"  origin_x="5" origin_y="3" navel_x="70" navel_y="12" z="weaponBelowArm" image="40.proneStab.0.weapon.png"/>
    </f>
    <f name="1">
      <p name="40"  origin_x="5" origin_y="3" navel_x="79" navel_y="13" z="weaponBelowArm" image="40.proneStab.1.weapon.png"/>
    </f>
  </s>
  <s name="prone">
    <f name="0">
      <p name="pointer"  pointer="40/proneStab/0/weapon"/>
    </f>
  </s>
  <s name="fly">
    <f name="0">
      <p name="40"  origin_x="13" origin_y="5" navel_x="15" navel_y="53" z="weaponOverArm" image="40.fly.0.weapon.png"/>
    </f>
    <f name="1">
      <p name="pointer"  pointer="40/fly/0/weapon"/>
    </f>
  </s>
  <s name="jump">
    <f name="0">
      <p name="40"  origin_x="13" origin_y="5" navel_x="11" navel_y="56" z="weaponOverArm" image="40.jump.0.weapon.png"/>
    </f>
  </s>
  <s name="walk2">
    <f name="0">
      <p name="41"  origin_x="5" origin_y="5" navel_x="18" navel_y="51" z="weaponOverArm" image="41.walk2.0.weapon.png"/>
    </f>
    <f name="1">
      <p name="41"  origin_x="13" origin_y="5" navel_x="13" navel_y="49" z="weaponOverArm" image="41.walk2.1.weapon.png"/>
    </f>
    <f name="2">
      <p name="pointer"  pointer="41/walk2/0/weapon"/>
    </f>
    <f name="3">
      <p name="41"  origin_x="11" origin_y="5" navel_x="11" navel_y="52" z="weaponOverArm" image="41.walk2.3.weapon.png"/>
    </f>
  </s>
  <s name="swingP1">
    <f name="0">
      <p name="43"  origin_x="12" origin_y="5" navel_x="21" navel_y="49" z="weaponBelowArm" image="43.swingP1.0.weapon.png"/>
    </f>
    <f name="1">
      <p name="43"  origin_x="12" origin_y="5" navel_x="24" navel_y="84" z="weaponBelowArm" image="43.swingP1.1.weapon.png"/>
    </f>
    <f name="2">
      <p name="43"  origin_x="12" origin_y="5" navel_x="68" navel_y="8" z="weaponBelowBody" image="43.swingP1.2.weapon.png"/>
    </f>
  </s>
  <s name="swingP2">
    <f name="0">
      <p name="43"  origin_x="12" origin_y="5" navel_x="32" navel_y="67" z="weaponBelowBody" image="43.swingP2.0.weapon.png"/>
    </f>
    <f name="1">
      <p name="43"  origin_x="12" origin_y="5" navel_x="28" navel_y="65" z="weaponBelowBody" image="43.swingP2.1.weapon.png"/>
    </f>
    <f name="2">
      <p name="43"  origin_x="12" origin_y="5" navel_x="46" navel_y="12" z="weaponOverBody" image="43.swingP2.2.weapon.png"/>
    </f>
  </s>
  <s name="swingPF">
    <f name="0">
      <p name="43"  origin_x="12" origin_y="5" navel_x="32" navel_y="13" z="weapon" image="43.swingPF.0.weapon.png"/>
    </f>
    <f name="1">
      <p name="43"  origin_x="12" origin_y="5" navel_x="37" navel_y="24" z="weapon" image="43.swingPF.1.weapon.png"/>
    </f>
    <f name="2">
      <p name="43"  origin_x="12" origin_y="5" navel_x="28" navel_y="48" z="weaponBelowArm" image="43.swingPF.2.weapon.png"/>
    </f>
    <f name="3">
      <p name="43"  origin_x="12" origin_y="5" navel_x="64" navel_y="10" z="weaponBelowBody" image="43.swingPF.3.weapon.png"/>
    </f>
    <f name="image*">
      <p name="pointer"/>
    </f>
  </s>
  <s name="stabT1">
    <f name="0">
      <p name="43"  origin_x="12" origin_y="5" navel_x="39" navel_y="19" z="weaponOverBody" image="43.stabT1.0.weapon.png"/>
    </f>
    <f name="1">
      <p name="43"  origin_x="12" origin_y="5" navel_x="43" navel_y="17" z="weaponOverBody" image="43.stabT1.1.weapon.png"/>
    </f>
    <f name="2">
      <p name="43"  origin_x="12" origin_y="5" navel_x="59" navel_y="13" z="weaponOverBody" image="43.stabT1.2.weapon.png"/>
    </f>
    <f name="image*">
      <p name="pointer"/>
    </f>
  </s>
  <s name="stabT2">
    <f name="0">
      <p name="43"  origin_x="12" origin_y="5" navel_x="47" navel_y="19" z="weaponOverBody" image="43.stabT2.0.weapon.png"/>
    </f>
    <f name="1">
      <p name="43"  origin_x="12" origin_y="5" navel_x="47" navel_y="21" z="weaponOverBody" image="43.stabT2.1.weapon.png"/>
    </f>
    <f name="2">
      <p name="43"  origin_x="12" origin_y="5" navel_x="51" navel_y="22" z="weaponOverBody" image="43.stabT2.2.weapon.png"/>
    </f>
  </s>
  <s name="stabTF">
    <f name="0">
      <p name="pointer"  pointer="43/swingPF/0/weapon"/>
    </f>
    <f name="1">
      <p name="pointer"  pointer="43/swingPF/1/weapon"/>
    </f>
    <f name="2">
      <p name="43"  origin_x="12" origin_y="5" navel_x="24" navel_y="38" z="weaponOverBody" image="43.stabTF.2.weapon.png"/>
    </f>
    <f name="3">
      <p name="pointer"  pointer="43/stabT1/2/weapon"/>
    </f>
  </s>
  <s name="stand1">
    <f name="0">
      <p name="44"  origin_x="25" origin_y="7" hand_x="37" hand_y="6" z="weapon" image="44.stand1.0.weapon.png"/>
    </f>
    <f name="1">
      <p name="pointer"  pointer="44/stand1/0/weapon"/>
    </f>
    <f name="2">
      <p name="pointer"  pointer="44/stand1/0/weapon"/>
    </f>
  </s>
</i>
