<i>
<s name="stand0"><f name="0" delay="1200" ><p name="stand0"  origin_x="20" origin_y="41" lt_x="-20" lt_y="-41" rb_x="20" rb_y="0" image="stand0.0.png"/></f><f name="1" delay="60" ><p name="stand0"  origin_x="20" origin_y="41" lt_x="-20" lt_y="-41" rb_x="20" rb_y="0" image="stand0.1.png"/></f><f name="2" delay="60" ><p name="stand0"  origin_x="20" origin_y="41" lt_x="-20" lt_y="-41" rb_x="20" rb_y="0" image="stand0.2.png"/></f></s>
<s name="stand1"><f name="0" delay="1000" ><p name="stand1"  origin_x="20" origin_y="41" lt_x="-20" lt_y="-41" rb_x="20" rb_y="0" image="stand1.0.png"/></f><f name="1" delay="150" ><p name="stand1"  origin_x="20" origin_y="42" lt_x="-20" lt_y="-42" rb_x="20" rb_y="0" image="stand1.1.png"/></f><f name="2" delay="100" ><p name="stand1"  origin_x="20" origin_y="42" lt_x="-20" lt_y="-42" rb_x="20" rb_y="0" image="stand1.2.png"/></f></s>
<s name="hungry"><f name="0" ><p name="hungry"  origin_x="20" origin_y="36" lt_x="-20" lt_y="-36" rb_x="20" rb_y="0" image="hungry.0.png"/></f></s>
<s name="move"><f name="0" delay="120" ><p name="move"  origin_x="20" origin_y="41" lt_x="-20" lt_y="-41" rb_x="20" rb_y="0" image="move.0.png"/></f><f name="1" delay="120" ><p name="move"  origin_x="20" origin_y="42" lt_x="-20" lt_y="-42" rb_x="20" rb_y="0" image="move.1.png"/></f><f name="2" delay="150" ><p name="move"  origin_x="20" origin_y="49" lt_x="-20" lt_y="-49" rb_x="20" rb_y="-7" image="move.2.png"/></f><f name="3" delay="120" ><p name="move"  origin_x="20" origin_y="42" lt_x="-20" lt_y="-42" rb_x="25" rb_y="-1" image="move.3.png"/></f></s>
<s name="jump"><f name="0" ><p name="jump"  origin_x="20" origin_y="41" lt_x="-20" lt_y="-41" rb_x="25" rb_y="0" image="jump.0.png"/></f></s>
<s name="rest0"><f name="0" delay="1000" ><p name="rest0"  origin_x="20" origin_y="39" lt_x="-20" lt_y="-39" rb_x="20" rb_y="0" image="rest0.0.png"/></f><f name="1" delay="150" ><p name="rest0"  origin_x="20" origin_y="40" lt_x="-20" lt_y="-40" rb_x="20" rb_y="0" image="rest0.1.png"/></f><f name="2" delay="100" ><p name="rest0"  origin_x="20" origin_y="40" lt_x="-20" lt_y="-40" rb_x="20" rb_y="0" image="rest0.2.png"/></f></s>
<s name="chat"><f name="0" delay="300" ><p name="chat"  origin_x="20" origin_y="41" lt_x="-20" lt_y="-41" rb_x="20" rb_y="0" image="chat.0.png"/></f><f name="1" delay="200" ><p name="chat"  origin_x="20" origin_y="41" lt_x="-20" lt_y="-41" rb_x="20" rb_y="0" image="chat.1.png"/></f><f name="2" ><p name="pointer"  pointer="chat/0"/></f><f name="3" ><p name="pointer"  pointer="chat/1"/></f><f name="4" ><p name="pointer"  pointer="chat/0"/></f><f name="5" ><p name="pointer"  pointer="chat/1"/></f><f name="6" ><p name="pointer"  pointer="chat/0"/></f><f name="7" ><p name="pointer"  pointer="chat/1"/></f><f name="8" ><p name="pointer"  pointer="chat/0"/></f><f name="9" ><p name="pointer"  pointer="chat/1"/></f><f name="10" ><p name="pointer"  pointer="chat/0"/></f><f name="11" ><p name="pointer"  pointer="chat/1"/></f><f name="12" ><p name="pointer"  pointer="chat/0"/></f><f name="13" ><p name="pointer"  pointer="chat/1"/></f><f name="14" ><p name="pointer"  pointer="chat/0"/></f><f name="15" ><p name="pointer"  pointer="chat/1"/></f></s>
<s name="angry"><f name="0" delay="300" ><p name="angry"  origin_x="21" origin_y="43" lt_x="-21" lt_y="-43" rb_x="21" rb_y="0" image="angry.0.png"/></f><f name="1" delay="200" ><p name="angry"  origin_x="21" origin_y="43" lt_x="-21" lt_y="-43" rb_x="21" rb_y="0" image="angry.1.png"/></f><f name="2" ><p name="pointer"  pointer="angry/0"/></f><f name="3" ><p name="pointer"  pointer="angry/1"/></f><f name="4" ><p name="pointer"  pointer="angry/0"/></f><f name="5" ><p name="pointer"  pointer="angry/1"/></f><f name="6" ><p name="pointer"  pointer="angry/0"/></f><f name="7" ><p name="pointer"  pointer="angry/1"/></f><f name="8" ><p name="pointer"  pointer="angry/0"/></f><f name="9" ><p name="pointer"  pointer="angry/1"/></f><f name="10" ><p name="pointer"  pointer="angry/0"/></f><f name="11" ><p name="pointer"  pointer="angry/1"/></f><f name="12" ><p name="pointer"  pointer="angry/0"/></f><f name="13" ><p name="pointer"  pointer="angry/1"/></f><f name="14" ><p name="pointer"  pointer="angry/0"/></f><f name="15" ><p name="pointer"  pointer="angry/1"/></f></s>
<s name="hang"><f name="0" ><p name="hang"  origin_x="13" origin_y="60" lt_x="-13" lt_y="-60" rb_x="15" rb_y="-10" image="hang.0.png"/></f></s>
<s name="hug"><f name="0" delay="4000" ><p name="hug"  origin_x="14" origin_y="48" lt_x="-14" lt_y="-48" rb_x="19" rb_y="0" image="hug.0.png"/></f></s>
<s name="rise"><f name="0" delay="4000" ><p name="rise"  origin_x="13" origin_y="47" lt_x="-13" lt_y="-47" rb_x="19" rb_y="0" image="rise.0.png"/></f></s>
<s name="dung"><f name="0" delay="4000" ><p name="dung"  origin_x="21" origin_y="41" lt_x="-21" lt_y="-41" rb_x="20" rb_y="0" image="dung.0.png"/></f></s>
<s name="cry"><f name="0" delay="4000" ><p name="cry"  origin_x="20" origin_y="36" lt_x="-20" lt_y="-36" rb_x="20" rb_y="0" image="cry.0.png"/></f></s>
<s name="nap"><f name="0" delay="1000" ><p name="nap"  origin_x="20" origin_y="34" lt_x="-20" lt_y="-34" rb_x="27" rb_y="0" image="nap.0.png"/></f><f name="1" delay="100" ><p name="nap"  origin_x="20" origin_y="34" lt_x="-20" lt_y="-34" rb_x="27" rb_y="0" image="nap.1.png"/></f><f name="2" delay="300" ><p name="nap"  origin_x="20" origin_y="34" lt_x="-20" lt_y="-34" rb_x="27" rb_y="0" image="nap.2.png"/></f><f name="3" ><p name="pointer"  pointer="nap/1"/></f><f name="4" ><p name="pointer"  pointer="nap/0"/></f><f name="5" ><p name="pointer"  pointer="nap/1"/></f><f name="6" ><p name="pointer"  pointer="nap/2"/></f><f name="7" ><p name="pointer"  pointer="nap/1"/></f><f name="8" ><p name="pointer"  pointer="nap/0"/></f></s>
<s name="prone"><f name="0" delay="1000" ><p name="prone"  origin_x="23" origin_y="32" lt_x="-23" lt_y="-32" rb_x="20" rb_y="0" image="prone.0.png"/></f><f name="1" delay="100" ><p name="prone"  origin_x="23" origin_y="32" lt_x="-23" lt_y="-32" rb_x="20" rb_y="0" image="prone.1.png"/></f><f name="2" delay="300" ><p name="prone"  origin_x="23" origin_y="32" lt_x="-23" lt_y="-32" rb_x="20" rb_y="0" image="prone.2.png"/></f><f name="3" ><p name="pointer"  pointer="prone/1"/></f><f name="4" ><p name="pointer"  pointer="prone/0"/></f><f name="5" ><p name="pointer"  pointer="prone/1"/></f><f name="6" ><p name="pointer"  pointer="prone/2"/></f><f name="7" ><p name="pointer"  pointer="prone/1"/></f><f name="8" ><p name="pointer"  pointer="prone/0"/></f></s>
<s name="donno"><f name="0" delay="800" ><p name="donno"  origin_x="20" origin_y="41" lt_x="-20" lt_y="-41" rb_x="20" rb_y="0" image="donno.0.png"/></f><f name="1" delay="100" ><p name="donno"  origin_x="21" origin_y="40" lt_x="-21" lt_y="-40" rb_x="20" rb_y="0" image="donno.1.png"/></f><f name="2" delay="1100" ><p name="donno"  origin_x="21" origin_y="39" lt_x="-21" lt_y="-39" rb_x="20" rb_y="0" image="donno.2.png"/></f><f name="3" ><p name="pointer"  pointer="donno/0"/></f><f name="4" ><p name="pointer"  pointer="donno/1"/></f><f name="5" ><p name="pointer"  pointer="donno/2"/></f></s>
<s name="complain"><f name="0" delay="500" ><p name="complain"  origin_x="12" origin_y="47" lt_x="-12" lt_y="-47" rb_x="19" rb_y="0" image="complain.0.png"/></f><f name="1" delay="200" ><p name="complain"  origin_x="11" origin_y="47" lt_x="-11" lt_y="-47" rb_x="19" rb_y="0" image="complain.1.png"/></f><f name="2" delay="300" ><p name="complain"  origin_x="13" origin_y="47" lt_x="-13" lt_y="-47" rb_x="19" rb_y="0" image="complain.2.png"/></f><f name="3" ><p name="pointer"  pointer="complain/1"/></f><f name="4" ><p name="pointer"  pointer="complain/2"/></f><f name="5" ><p name="pointer"  pointer="complain/1"/></f><f name="6" ><p name="pointer"  pointer="complain/2"/></f><f name="7" ><p name="pointer"  pointer="complain/0"/></f><f name="8" ><p name="pointer"  pointer="complain/1"/></f><f name="9" ><p name="pointer"  pointer="complain/2"/></f><f name="10" ><p name="pointer"  pointer="complain/1"/></f><f name="11" ><p name="pointer"  pointer="complain/2"/></f><f name="12" ><p name="pointer"  pointer="complain/1"/></f><f name="13" ><p name="pointer"  pointer="complain/2"/></f></s>
<s name="fly"><f name="0" delay="200" ><p name="fly"  origin_x="21" origin_y="42" lt_x="-20" lt_y="-41" rb_x="20" rb_y="0" image="fly.0.png"/></f><f name="1" delay="200" ><p name="fly"  origin_x="22" origin_y="43" lt_x="-20" lt_y="-42" rb_x="20" rb_y="0" image="fly.1.png"/></f></s>
</i>
