  <i name="1221011">
  <i name="effect">
    <i name="0">
      <i name="origin">
        <i name="x" value="25"/>
        <i name="y" value="151"/>
      </i>
      <i name="delay" value="120"/>
      <i name="image" value="1221011.effect.0.png"/>
    </i>
    <i name="1">
      <i name="origin">
        <i name="x" value="34"/>
        <i name="y" value="147"/>
      </i>
      <i name="delay" value="120"/>
      <i name="image" value="1221011.effect.1.png"/>
    </i>
    <i name="2">
      <i name="origin">
        <i name="x" value="41"/>
        <i name="y" value="137"/>
      </i>
      <i name="delay" value="120"/>
      <i name="image" value="1221011.effect.2.png"/>
    </i>
    <i name="3">
      <i name="origin">
        <i name="x" value="47"/>
        <i name="y" value="126"/>
      </i>
      <i name="delay" value="120"/>
      <i name="image" value="1221011.effect.3.png"/>
    </i>
    <i name="4">
      <i name="origin">
        <i name="x" value="51"/>
        <i name="y" value="114"/>
      </i>
      <i name="delay" value="120"/>
      <i name="image" value="1221011.effect.4.png"/>
    </i>
    <i name="5">
      <i name="origin">
        <i name="x" value="49"/>
        <i name="y" value="114"/>
      </i>
      <i name="delay" value="120"/>
      <i name="image" value="1221011.effect.5.png"/>
    </i>
    <i name="6">
      <i name="origin">
        <i name="x" value="65"/>
        <i name="y" value="114"/>
      </i>
      <i name="delay" value="120"/>
      <i name="image" value="1221011.effect.6.png"/>
    </i>
    <i name="7">
      <i name="origin">
        <i name="x" value="65"/>
        <i name="y" value="115"/>
      </i>
      <i name="delay" value="120"/>
      <i name="image" value="1221011.effect.7.png"/>
    </i>
    <i name="8">
      <i name="origin">
        <i name="x" value="64"/>
        <i name="y" value="115"/>
      </i>
      <i name="delay" value="120"/>
      <i name="image" value="1221011.effect.8.png"/>
    </i>
    <i name="9">
      <i name="origin">
        <i name="x" value="62"/>
        <i name="y" value="115"/>
      </i>
      <i name="delay" value="120"/>
      <i name="image" value="1221011.effect.9.png"/>
    </i>
    <i name="10">
      <i name="origin">
        <i name="x" value="60"/>
        <i name="y" value="115"/>
      </i>
      <i name="delay" value="120"/>
      <i name="image" value="1221011.effect.10.png"/>
    </i>
    <i name="11">
      <i name="origin">
        <i name="x" value="51"/>
        <i name="y" value="115"/>
      </i>
      <i name="delay" value="120"/>
      <i name="image" value="1221011.effect.11.png"/>
    </i>
    <i name="12">
      <i name="origin">
        <i name="x" value="39"/>
        <i name="y" value="118"/>
      </i>
      <i name="delay" value="120"/>
      <i name="image" value="1221011.effect.12.png"/>
    </i>
    <i name="13">
      <i name="origin">
        <i name="x" value="183"/>
        <i name="y" value="123"/>
      </i>
      <i name="delay" value="120"/>
      <i name="image" value="1221011.effect.13.png"/>
    </i>
    <i name="14">
      <i name="origin">
        <i name="x" value="181"/>
        <i name="y" value="336"/>
      </i>
      <i name="delay" value="120"/>
      <i name="image" value="1221011.effect.14.png"/>
    </i>
    <i name="15">
      <i name="origin">
        <i name="x" value="184"/>
        <i name="y" value="334"/>
      </i>
      <i name="delay" value="120"/>
      <i name="image" value="1221011.effect.15.png"/>
    </i>
    <i name="16">
      <i name="origin">
        <i name="x" value="190"/>
        <i name="y" value="369"/>
      </i>
      <i name="delay" value="120"/>
      <i name="image" value="1221011.effect.16.png"/>
    </i>
    <i name="17">
      <i name="origin">
        <i name="x" value="190"/>
        <i name="y" value="356"/>
      </i>
      <i name="delay" value="120"/>
      <i name="image" value="1221011.effect.17.png"/>
    </i>
    <i name="18">
      <i name="origin">
        <i name="x" value="189"/>
        <i name="y" value="350"/>
      </i>
      <i name="delay" value="120"/>
      <i name="image" value="1221011.effect.18.png"/>
    </i>
    <i name="19">
      <i name="origin">
        <i name="x" value="190"/>
        <i name="y" value="293"/>
      </i>
      <i name="delay" value="120"/>
      <i name="image" value="1221011.effect.19.png"/>
    </i>
    <i name="20">
      <i name="origin">
        <i name="x" value="192"/>
        <i name="y" value="110"/>
      </i>
      <i name="delay" value="120"/>
      <i name="image" value="1221011.effect.20.png"/>
    </i>
    <i name="21">
      <i name="origin">
        <i name="x" value="195"/>
        <i name="y" value="110"/>
      </i>
      <i name="delay" value="120"/>
      <i name="image" value="1221011.effect.21.png"/>
    </i>
  </i>
  <i name="hit">
    <i name="0">
      <i name="0">
        <i name="origin">
          <i name="x" value="13"/>
          <i name="y" value="9"/>
        </i>
        <i name="delay" value="60"/>
        <i name="image" value="1221011.hit.0.0.png"/>
      </i>
      <i name="1">
        <i name="origin">
          <i name="x" value="29"/>
          <i name="y" value="11"/>
        </i>
        <i name="delay" value="60"/>
        <i name="image" value="1221011.hit.0.1.png"/>
      </i>
      <i name="2">
        <i name="origin">
          <i name="x" value="41"/>
          <i name="y" value="13"/>
        </i>
        <i name="delay" value="60"/>
        <i name="image" value="1221011.hit.0.2.png"/>
      </i>
      <i name="3">
        <i name="origin">
          <i name="x" value="43"/>
          <i name="y" value="14"/>
        </i>
        <i name="delay" value="60"/>
        <i name="image" value="1221011.hit.0.3.png"/>
      </i>
      <i name="4">
        <i name="origin">
          <i name="x" value="43"/>
          <i name="y" value="14"/>
        </i>
        <i name="delay" value="60"/>
        <i name="image" value="1221011.hit.0.4.png"/>
      </i>
      <i name="5">
        <i name="origin">
          <i name="x" value="43"/>
          <i name="y" value="14"/>
        </i>
        <i name="delay" value="60"/>
        <i name="image" value="1221011.hit.0.5.png"/>
      </i>
      <i name="6">
        <i name="origin">
          <i name="x" value="58"/>
          <i name="y" value="65"/>
        </i>
        <i name="delay" value="60"/>
        <i name="image" value="1221011.hit.0.6.png"/>
      </i>
      <i name="7">
        <i name="origin">
          <i name="x" value="58"/>
          <i name="y" value="57"/>
        </i>
        <i name="delay" value="60"/>
        <i name="image" value="1221011.hit.0.7.png"/>
      </i>
      <i name="8">
        <i name="origin">
          <i name="x" value="60"/>
          <i name="y" value="58"/>
        </i>
        <i name="delay" value="60"/>
        <i name="image" value="1221011.hit.0.8.png"/>
      </i>
      <i name="9">
        <i name="origin">
          <i name="x" value="56"/>
          <i name="y" value="52"/>
        </i>
        <i name="delay" value="60"/>
        <i name="image" value="1221011.hit.0.9.png"/>
      </i>
      <i name="10">
        <i name="origin">
          <i name="x" value="43"/>
          <i name="y" value="46"/>
        </i>
        <i name="delay" value="60"/>
        <i name="image" value="1221011.hit.0.10.png"/>
      </i>
      <i name="11">
        <i name="origin">
          <i name="x" value="43"/>
          <i name="y" value="14"/>
        </i>
        <i name="delay" value="180"/>
        <i name="image" value="1221011.hit.0.11.png"/>
      </i>
      <i name="12">
        <i name="origin">
          <i name="x" value="42"/>
          <i name="y" value="13"/>
        </i>
        <i name="delay" value="60"/>
        <i name="image" value="1221011.hit.0.12.png"/>
      </i>
      <i name="13">
        <i name="origin">
          <i name="x" value="41"/>
          <i name="y" value="12"/>
        </i>
        <i name="delay" value="60"/>
        <i name="image" value="1221011.hit.0.13.png"/>
      </i>
      <i name="14">
        <i name="origin">
          <i name="x" value="37"/>
          <i name="y" value="8"/>
        </i>
        <i name="delay" value="60"/>
        <i name="image" value="1221011.hit.0.14.png"/>
      </i>
    </i>
  </i>
  </i>
