  <i name="5000039">
  <i name="stand0">
    <i name="0">
      <i name="origin">
        <i name="x" value="24"/>
        <i name="y" value="37"/>
      </i>
      <i name="lt">
        <i name="x" value="-5"/>
        <i name="y" value="-68"/>
      </i>
      <i name="rb">
        <i name="x" value="27"/>
        <i name="y" value="-25"/>
      </i>
      <i name="delay" value="600"/>
      <i name="image" value="5000039.stand0.0.png"/>
    </i>
    <i name="1">
      <i name="origin">
        <i name="x" value="24"/>
        <i name="y" value="37"/>
      </i>
      <i name="lt">
        <i name="x" value="-5"/>
        <i name="y" value="-68"/>
      </i>
      <i name="rb">
        <i name="x" value="27"/>
        <i name="y" value="-25"/>
      </i>
      <i name="delay" value="240"/>
      <i name="image" value="5000039.stand0.1.png"/>
    </i>
    <i name="2">
      <i name="pointer" value="5000039/stand0/0"/>
    </i>
    <i name="3">
      <i name="pointer" value="5000039/stand0/1"/>
    </i>
  </i>
  <i name="stand1">
    <i name="0">
      <i name="origin">
        <i name="x" value="24"/>
        <i name="y" value="37"/>
      </i>
      <i name="lt">
        <i name="x" value="-5"/>
        <i name="y" value="-69"/>
      </i>
      <i name="rb">
        <i name="x" value="27"/>
        <i name="y" value="-26"/>
      </i>
      <i name="delay" value="240"/>
      <i name="image" value="5000039.stand1.0.png"/>
    </i>
    <i name="1">
      <i name="origin">
        <i name="x" value="24"/>
        <i name="y" value="37"/>
      </i>
      <i name="lt">
        <i name="x" value="-5"/>
        <i name="y" value="-68"/>
      </i>
      <i name="rb">
        <i name="x" value="27"/>
        <i name="y" value="-25"/>
      </i>
      <i name="delay" value="240"/>
      <i name="image" value="5000039.stand1.1.png"/>
    </i>
    <i name="2">
      <i name="origin">
        <i name="x" value="24"/>
        <i name="y" value="37"/>
      </i>
      <i name="lt">
        <i name="x" value="-5"/>
        <i name="y" value="-67"/>
      </i>
      <i name="rb">
        <i name="x" value="26"/>
        <i name="y" value="-24"/>
      </i>
      <i name="delay" value="240"/>
      <i name="image" value="5000039.stand1.2.png"/>
    </i>
    <i name="3">
      <i name="origin">
        <i name="x" value="24"/>
        <i name="y" value="37"/>
      </i>
      <i name="lt">
        <i name="x" value="-5"/>
        <i name="y" value="-66"/>
      </i>
      <i name="rb">
        <i name="x" value="26"/>
        <i name="y" value="-23"/>
      </i>
      <i name="delay" value="240"/>
      <i name="image" value="5000039.stand1.3.png"/>
    </i>
    <i name="4">
      <i name="origin">
        <i name="x" value="24"/>
        <i name="y" value="37"/>
      </i>
      <i name="lt">
        <i name="x" value="-5"/>
        <i name="y" value="-67"/>
      </i>
      <i name="rb">
        <i name="x" value="26"/>
        <i name="y" value="-24"/>
      </i>
      <i name="delay" value="240"/>
      <i name="image" value="5000039.stand1.4.png"/>
    </i>
  </i>
  <i name="hungry">
    <i name="0">
      <i name="origin">
        <i name="x" value="24"/>
        <i name="y" value="31"/>
      </i>
      <i name="lt">
        <i name="x" value="-7"/>
        <i name="y" value="-64"/>
      </i>
      <i name="rb">
        <i name="x" value="26"/>
        <i name="y" value="-23"/>
      </i>
      <i name="delay" value="240"/>
      <i name="image" value="5000039.hungry.0.png"/>
    </i>
    <i name="1">
      <i name="origin">
        <i name="x" value="24"/>
        <i name="y" value="31"/>
      </i>
      <i name="lt">
        <i name="x" value="-7"/>
        <i name="y" value="-64"/>
      </i>
      <i name="rb">
        <i name="x" value="26"/>
        <i name="y" value="-23"/>
      </i>
      <i name="delay" value="240"/>
      <i name="image" value="5000039.hungry.1.png"/>
    </i>
    <i name="2">
      <i name="origin">
        <i name="x" value="24"/>
        <i name="y" value="31"/>
      </i>
      <i name="lt">
        <i name="x" value="-7"/>
        <i name="y" value="-64"/>
      </i>
      <i name="rb">
        <i name="x" value="26"/>
        <i name="y" value="-23"/>
      </i>
      <i name="delay" value="240"/>
      <i name="image" value="5000039.hungry.2.png"/>
    </i>
    <i name="3">
      <i name="origin">
        <i name="x" value="24"/>
        <i name="y" value="31"/>
      </i>
      <i name="lt">
        <i name="x" value="-7"/>
        <i name="y" value="-64"/>
      </i>
      <i name="rb">
        <i name="x" value="26"/>
        <i name="y" value="-23"/>
      </i>
      <i name="delay" value="240"/>
      <i name="image" value="5000039.hungry.3.png"/>
    </i>
  </i>
  <i name="move">
    <i name="0">
      <i name="origin">
        <i name="x" value="27"/>
        <i name="y" value="38"/>
      </i>
      <i name="lt">
        <i name="x" value="-11"/>
        <i name="y" value="-71"/>
      </i>
      <i name="rb">
        <i name="x" value="23"/>
        <i name="y" value="-29"/>
      </i>
      <i name="delay" value="180"/>
      <i name="image" value="5000039.move.0.png"/>
    </i>
    <i name="1">
      <i name="origin">
        <i name="x" value="25"/>
        <i name="y" value="37"/>
      </i>
      <i name="lt">
        <i name="x" value="-14"/>
        <i name="y" value="-69"/>
      </i>
      <i name="rb">
        <i name="x" value="19"/>
        <i name="y" value="-29"/>
      </i>
      <i name="delay" value="180"/>
      <i name="image" value="5000039.move.1.png"/>
    </i>
    <i name="2">
      <i name="origin">
        <i name="x" value="24"/>
        <i name="y" value="36"/>
      </i>
      <i name="lt">
        <i name="x" value="-7"/>
        <i name="y" value="-69"/>
      </i>
      <i name="rb">
        <i name="x" value="25"/>
        <i name="y" value="-26"/>
      </i>
      <i name="delay" value="180"/>
      <i name="image" value="5000039.move.2.png"/>
    </i>
  </i>
  <i name="jump">
    <i name="0">
      <i name="origin">
        <i name="x" value="27"/>
        <i name="y" value="38"/>
      </i>
      <i name="lt">
        <i name="x" value="-18"/>
        <i name="y" value="-29"/>
      </i>
      <i name="rb">
        <i name="x" value="45"/>
        <i name="y" value="1"/>
      </i>
      <i name="image" value="5000039.jump.0.png"/>
    </i>
  </i>
  <i name="rest0">
    <i name="0">
      <i name="origin">
        <i name="x" value="19"/>
        <i name="y" value="38"/>
      </i>
      <i name="lt">
        <i name="x" value="-8"/>
        <i name="y" value="-64"/>
      </i>
      <i name="rb">
        <i name="x" value="26"/>
        <i name="y" value="-23"/>
      </i>
      <i name="delay" value="600"/>
      <i name="image" value="5000039.rest0.0.png"/>
    </i>
    <i name="1">
      <i name="origin">
        <i name="x" value="19"/>
        <i name="y" value="38"/>
      </i>
      <i name="lt">
        <i name="x" value="-8"/>
        <i name="y" value="-64"/>
      </i>
      <i name="rb">
        <i name="x" value="25"/>
        <i name="y" value="-23"/>
      </i>
      <i name="delay" value="120"/>
      <i name="image" value="5000039.rest0.1.png"/>
    </i>
    <i name="2">
      <i name="origin">
        <i name="x" value="19"/>
        <i name="y" value="38"/>
      </i>
      <i name="lt">
        <i name="x" value="-7"/>
        <i name="y" value="-64"/>
      </i>
      <i name="rb">
        <i name="x" value="26"/>
        <i name="y" value="-23"/>
      </i>
      <i name="delay" value="120"/>
      <i name="image" value="5000039.rest0.2.png"/>
    </i>
    <i name="3">
      <i name="origin">
        <i name="x" value="19"/>
        <i name="y" value="38"/>
      </i>
      <i name="lt">
        <i name="x" value="-8"/>
        <i name="y" value="-64"/>
      </i>
      <i name="rb">
        <i name="x" value="25"/>
        <i name="y" value="-23"/>
      </i>
      <i name="delay" value="120"/>
      <i name="image" value="5000039.rest0.3.png"/>
    </i>
  </i>
  <i name="chat">
    <i name="0">
      <i name="origin">
        <i name="x" value="24"/>
        <i name="y" value="37"/>
      </i>
      <i name="lt">
        <i name="x" value="-6"/>
        <i name="y" value="-68"/>
      </i>
      <i name="rb">
        <i name="x" value="26"/>
        <i name="y" value="-25"/>
      </i>
      <i name="delay" value="240"/>
      <i name="image" value="5000039.chat.0.png"/>
    </i>
    <i name="1">
      <i name="origin">
        <i name="x" value="24"/>
        <i name="y" value="37"/>
      </i>
      <i name="lt">
        <i name="x" value="-6"/>
        <i name="y" value="-68"/>
      </i>
      <i name="rb">
        <i name="x" value="26"/>
        <i name="y" value="-25"/>
      </i>
      <i name="delay" value="240"/>
      <i name="image" value="5000039.chat.1.png"/>
    </i>
    <i name="2">
      <i name="pointer" value="5000039/chat/0"/>
    </i>
    <i name="3">
      <i name="pointer" value="5000039/chat/1"/>
    </i>
    <i name="4">
      <i name="pointer" value="5000039/chat/0"/>
    </i>
    <i name="5">
      <i name="pointer" value="5000039/chat/1"/>
    </i>
    <i name="6">
      <i name="pointer" value="5000039/chat/0"/>
    </i>
    <i name="7">
      <i name="pointer" value="5000039/chat/1"/>
    </i>
    <i name="8">
      <i name="pointer" value="5000039/chat/0"/>
    </i>
    <i name="9">
      <i name="pointer" value="5000039/chat/1"/>
    </i>
    <i name="10">
      <i name="pointer" value="5000039/chat/0"/>
    </i>
    <i name="11">
      <i name="pointer" value="5000039/chat/1"/>
    </i>
    <i name="12">
      <i name="pointer" value="5000039/chat/0"/>
    </i>
    <i name="13">
      <i name="pointer" value="5000039/chat/1"/>
    </i>
    <i name="14">
      <i name="pointer" value="5000039/chat/0"/>
    </i>
    <i name="15">
      <i name="pointer" value="5000039/chat/1"/>
    </i>
  </i>
  <i name="angry">
    <i name="0">
      <i name="origin">
        <i name="x" value="24"/>
        <i name="y" value="42"/>
      </i>
      <i name="lt">
        <i name="x" value="-6"/>
        <i name="y" value="-69"/>
      </i>
      <i name="rb">
        <i name="x" value="28"/>
        <i name="y" value="-29"/>
      </i>
      <i name="delay" value="180"/>
      <i name="image" value="5000039.angry.0.png"/>
    </i>
    <i name="1">
      <i name="origin">
        <i name="x" value="24"/>
        <i name="y" value="44"/>
      </i>
      <i name="lt">
        <i name="x" value="-5"/>
        <i name="y" value="-62"/>
      </i>
      <i name="rb">
        <i name="x" value="29"/>
        <i name="y" value="-27"/>
      </i>
      <i name="delay" value="180"/>
      <i name="image" value="5000039.angry.1.png"/>
    </i>
    <i name="2">
      <i name="origin">
        <i name="x" value="24"/>
        <i name="y" value="41"/>
      </i>
      <i name="lt">
        <i name="x" value="-20"/>
        <i name="y" value="-73"/>
      </i>
      <i name="rb">
        <i name="x" value="13"/>
        <i name="y" value="-20"/>
      </i>
      <i name="delay" value="180"/>
      <i name="image" value="5000039.angry.2.png"/>
    </i>
    <i name="3">
      <i name="origin">
        <i name="x" value="24"/>
        <i name="y" value="40"/>
      </i>
      <i name="lt">
        <i name="x" value="-6"/>
        <i name="y" value="-69"/>
      </i>
      <i name="rb">
        <i name="x" value="28"/>
        <i name="y" value="-29"/>
      </i>
      <i name="delay" value="180"/>
      <i name="image" value="5000039.angry.3.png"/>
    </i>
  </i>
  <i name="hang">
    <i name="0">
      <i name="origin">
        <i name="x" value="19"/>
        <i name="y" value="64"/>
      </i>
      <i name="lt">
        <i name="x" value="-11"/>
        <i name="y" value="-65"/>
      </i>
      <i name="rb">
        <i name="x" value="11"/>
        <i name="y" value="-46"/>
      </i>
      <i name="image" value="5000039.hang.0.png"/>
    </i>
  </i>
  <i name="cry">
    <i name="0">
      <i name="origin">
        <i name="x" value="19"/>
        <i name="y" value="38"/>
      </i>
      <i name="lt">
        <i name="x" value="-5"/>
        <i name="y" value="-67"/>
      </i>
      <i name="rb">
        <i name="x" value="26"/>
        <i name="y" value="-25"/>
      </i>
      <i name="delay" value="4000"/>
      <i name="image" value="5000039.cry.0.png"/>
    </i>
  </i>
  <i name="sleep">
    <i name="0">
      <i name="origin">
        <i name="x" value="2"/>
        <i name="y" value="34"/>
      </i>
      <i name="lt">
        <i name="x" value="17"/>
        <i name="y" value="-25"/>
      </i>
      <i name="rb">
        <i name="x" value="45"/>
        <i name="y" value="0"/>
      </i>
      <i name="delay" value="240"/>
      <i name="image" value="5000039.sleep.0.png"/>
    </i>
    <i name="1">
      <i name="pointer" value="5000039/sleep/0"/>
    </i>
    <i name="2">
      <i name="pointer" value="5000039/sleep/0"/>
    </i>
    <i name="3">
      <i name="pointer" value="5000039/sleep/0"/>
    </i>
    <i name="4">
      <i name="pointer" value="5000039/sleep/0"/>
    </i>
    <i name="5">
      <i name="pointer" value="5000039/sleep/0"/>
    </i>
    <i name="6">
      <i name="pointer" value="5000039/sleep/0"/>
    </i>
    <i name="7">
      <i name="pointer" value="5000039/sleep/0"/>
    </i>
    <i name="8">
      <i name="pointer" value="5000039/sleep/0"/>
    </i>
  </i>
  <i name="dung">
    <i name="0">
      <i name="origin">
        <i name="x" value="25"/>
        <i name="y" value="37"/>
      </i>
      <i name="lt">
        <i name="x" value="-5"/>
        <i name="y" value="-65"/>
      </i>
      <i name="rb">
        <i name="x" value="27"/>
        <i name="y" value="-24"/>
      </i>
      <i name="delay" value="3000"/>
      <i name="image" value="5000039.dung.0.png"/>
    </i>
  </i>
  <i name="eat">
    <i name="0">
      <i name="origin">
        <i name="x" value="19"/>
        <i name="y" value="38"/>
      </i>
      <i name="lt">
        <i name="x" value="-5"/>
        <i name="y" value="-67"/>
      </i>
      <i name="rb">
        <i name="x" value="26"/>
        <i name="y" value="-25"/>
      </i>
      <i name="delay" value="240"/>
      <i name="image" value="5000039.eat.0.png"/>
    </i>
    <i name="1">
      <i name="origin">
        <i name="x" value="19"/>
        <i name="y" value="39"/>
      </i>
      <i name="lt">
        <i name="x" value="-5"/>
        <i name="y" value="-67"/>
      </i>
      <i name="rb">
        <i name="x" value="26"/>
        <i name="y" value="-25"/>
      </i>
      <i name="delay" value="240"/>
      <i name="image" value="5000039.eat.1.png"/>
    </i>
    <i name="2">
      <i name="pointer" value="5000039/eat/0"/>
    </i>
    <i name="3">
      <i name="pointer" value="5000039/eat/1"/>
    </i>
  </i>
  <i name="fly">
    <i name="0">
      <i name="origin">
        <i name="x" value="26"/>
        <i name="y" value="38"/>
      </i>
      <i name="lt">
        <i name="x" value="-11"/>
        <i name="y" value="-77"/>
      </i>
      <i name="rb">
        <i name="x" value="21"/>
        <i name="y" value="-37"/>
      </i>
      <i name="delay" value="240"/>
      <i name="image" value="5000039.fly.0.png"/>
    </i>
    <i name="1">
      <i name="origin">
        <i name="x" value="24"/>
        <i name="y" value="37"/>
      </i>
      <i name="lt">
        <i name="x" value="-11"/>
        <i name="y" value="-77"/>
      </i>
      <i name="rb">
        <i name="x" value="21"/>
        <i name="y" value="-37"/>
      </i>
      <i name="delay" value="240"/>
      <i name="image" value="5000039.fly.1.png"/>
    </i>
    <i name="2">
      <i name="origin">
        <i name="x" value="26"/>
        <i name="y" value="38"/>
      </i>
      <i name="lt">
        <i name="x" value="-11"/>
        <i name="y" value="-77"/>
      </i>
      <i name="rb">
        <i name="x" value="21"/>
        <i name="y" value="-37"/>
      </i>
      <i name="delay" value="240"/>
      <i name="image" value="5000039.fly.2.png"/>
    </i>
    <i name="3">
      <i name="origin">
        <i name="x" value="24"/>
        <i name="y" value="36"/>
      </i>
      <i name="lt">
        <i name="x" value="-11"/>
        <i name="y" value="-77"/>
      </i>
      <i name="rb">
        <i name="x" value="21"/>
        <i name="y" value="-37"/>
      </i>
      <i name="delay" value="240"/>
      <i name="image" value="5000039.fly.3.png"/>
    </i>
  </i>
  <i name="love">
    <i name="0">
      <i name="origin">
        <i name="x" value="23"/>
        <i name="y" value="37"/>
      </i>
      <i name="lt">
        <i name="x" value="-5"/>
        <i name="y" value="-67"/>
      </i>
      <i name="rb">
        <i name="x" value="26"/>
        <i name="y" value="-25"/>
      </i>
      <i name="delay" value="180"/>
      <i name="image" value="5000039.love.0.png"/>
    </i>
    <i name="1">
      <i name="origin">
        <i name="x" value="23"/>
        <i name="y" value="37"/>
      </i>
      <i name="lt">
        <i name="x" value="-5"/>
        <i name="y" value="-67"/>
      </i>
      <i name="rb">
        <i name="x" value="26"/>
        <i name="y" value="-25"/>
      </i>
      <i name="delay" value="180"/>
      <i name="image" value="5000039.love.1.png"/>
    </i>
  </i>
  <i name="love2">
    <i name="0">
      <i name="origin">
        <i name="x" value="24"/>
        <i name="y" value="42"/>
      </i>
      <i name="lt">
        <i name="x" value="-16"/>
        <i name="y" value="-67"/>
      </i>
      <i name="rb">
        <i name="x" value="26"/>
        <i name="y" value="-24"/>
      </i>
      <i name="delay" value="240"/>
      <i name="image" value="5000039.love2.0.png"/>
    </i>
    <i name="1">
      <i name="origin">
        <i name="x" value="26"/>
        <i name="y" value="43"/>
      </i>
      <i name="lt">
        <i name="x" value="-16"/>
        <i name="y" value="-67"/>
      </i>
      <i name="rb">
        <i name="x" value="26"/>
        <i name="y" value="-24"/>
      </i>
      <i name="delay" value="240"/>
      <i name="image" value="5000039.love2.1.png"/>
    </i>
    <i name="2">
      <i name="origin">
        <i name="x" value="26"/>
        <i name="y" value="43"/>
      </i>
      <i name="lt">
        <i name="x" value="-16"/>
        <i name="y" value="-67"/>
      </i>
      <i name="rb">
        <i name="x" value="26"/>
        <i name="y" value="-24"/>
      </i>
      <i name="delay" value="240"/>
      <i name="image" value="5000039.love2.2.png"/>
    </i>
    <i name="3">
      <i name="origin">
        <i name="x" value="24"/>
        <i name="y" value="42"/>
      </i>
      <i name="lt">
        <i name="x" value="-16"/>
        <i name="y" value="-67"/>
      </i>
      <i name="rb">
        <i name="x" value="26"/>
        <i name="y" value="-24"/>
      </i>
      <i name="delay" value="240"/>
      <i name="image" value="5000039.love2.3.png"/>
    </i>
    <i name="4">
      <i name="origin">
        <i name="x" value="23"/>
        <i name="y" value="43"/>
      </i>
      <i name="lt">
        <i name="x" value="-16"/>
        <i name="y" value="-67"/>
      </i>
      <i name="rb">
        <i name="x" value="26"/>
        <i name="y" value="-24"/>
      </i>
      <i name="delay" value="240"/>
      <i name="image" value="5000039.love2.4.png"/>
    </i>
    <i name="5">
      <i name="origin">
        <i name="x" value="23"/>
        <i name="y" value="43"/>
      </i>
      <i name="lt">
        <i name="x" value="-16"/>
        <i name="y" value="-67"/>
      </i>
      <i name="rb">
        <i name="x" value="26"/>
        <i name="y" value="-24"/>
      </i>
      <i name="delay" value="240"/>
      <i name="image" value="5000039.love2.5.png"/>
    </i>
  </i>
  <i name="stunned">
    <i name="0">
      <i name="origin">
        <i name="x" value="22"/>
        <i name="y" value="37"/>
      </i>
      <i name="lt">
        <i name="x" value="-5"/>
        <i name="y" value="-67"/>
      </i>
      <i name="rb">
        <i name="x" value="26"/>
        <i name="y" value="-25"/>
      </i>
      <i name="delay" value="120"/>
      <i name="image" value="5000039.stunned.0.png"/>
    </i>
    <i name="1">
      <i name="origin">
        <i name="x" value="22"/>
        <i name="y" value="37"/>
      </i>
      <i name="lt">
        <i name="x" value="-5"/>
        <i name="y" value="-67"/>
      </i>
      <i name="rb">
        <i name="x" value="26"/>
        <i name="y" value="-25"/>
      </i>
      <i name="delay" value="120"/>
      <i name="image" value="5000039.stunned.1.png"/>
    </i>
  </i>
  <i name="ignore">
    <i name="0">
      <i name="origin">
        <i name="x" value="16"/>
        <i name="y" value="34"/>
      </i>
      <i name="lt">
        <i name="x" value="-5"/>
        <i name="y" value="-65"/>
      </i>
      <i name="rb">
        <i name="x" value="27"/>
        <i name="y" value="-24"/>
      </i>
      <i name="delay" value="3000"/>
      <i name="image" value="5000039.ignore.0.png"/>
    </i>
  </i>
  <i name="melong">
    <i name="0">
      <i name="origin">
        <i name="x" value="23"/>
        <i name="y" value="37"/>
      </i>
      <i name="lt">
        <i name="x" value="-5"/>
        <i name="y" value="-67"/>
      </i>
      <i name="rb">
        <i name="x" value="26"/>
        <i name="y" value="-25"/>
      </i>
      <i name="delay" value="3000"/>
      <i name="image" value="5000039.melong.0.png"/>
    </i>
  </i>
  </i>
