<i>
  <s name="default0">
    <f name="default">
      <p name="default0"  origin_x="28" origin_y="21" brow_x="-5" brow_y="-1" z="cap" image="default0.default.png"/>
    </f>
  </s>
  <s name="default1">
    <f name="default">
      <p name="default1"  origin_x="28" origin_y="21" brow_x="-5" brow_y="-1" z="cap" image="default1.default.png"/>
    </f>
  </s>
  <s name="backDefault">
    <f name="default">
      <p name="backDefault"  origin_x="28" origin_y="21" brow_x="-3" brow_y="-1" z="backCap" image="backDefault.default.png"/>
    </f>
  </s>
  <s name="walk1">
    <f name="0">
      <p name="walk1"  origin_x="28" origin_y="21" brow_x="-5" brow_y="-1" z="cap" image="walk1.0.default.png"/>
    </f>
    <f name="1">
      <p name="pointer"  pointer="default0/default"/>
    </f>
    <f name="2">
      <p name="pointer"  pointer="default0/default"/>
    </f>
    <f name="3">
      <p name="pointer"  pointer="default0/default"/>
    </f>
  </s>
  <s name="walk2">
    <f name="0">
      <p name="pointer"  pointer="default0/default"/>
    </f>
    <f name="1">
      <p name="pointer"  pointer="default0/default"/>
    </f>
    <f name="2">
      <p name="pointer"  pointer="default0/default"/>
    </f>
    <f name="3">
      <p name="pointer"  pointer="default0/default"/>
    </f>
  </s>
  <s name="stand1">
    <f name="0">
      <p name="pointer"  pointer="default0/default"/>
    </f>
    <f name="1">
      <p name="pointer"  pointer="default0/default"/>
    </f>
    <f name="2">
      <p name="pointer"  pointer="default0/default"/>
    </f>
  </s>
  <s name="stand2">
    <f name="0">
      <p name="pointer"  pointer="default0/default"/>
    </f>
    <f name="1">
      <p name="pointer"  pointer="default0/default"/>
    </f>
    <f name="2">
      <p name="pointer"  pointer="default0/default"/>
    </f>
  </s>
  <s name="alert">
    <f name="0">
      <p name="alert"  origin_x="28" origin_y="21" brow_x="-5" brow_y="-1" z="cap" image="alert.0.default.png"/>
    </f>
    <f name="1">
      <p name="pointer"  pointer="alert/0/default"/>
    </f>
    <f name="2">
      <p name="pointer"  pointer="alert/0/default"/>
    </f>
  </s>
  <s name="swingO1">
    <f name="0">
      <p name="swingO1"  origin_x="28" origin_y="21" brow_x="-5" brow_y="-1" z="cap" image="swingO1.0.default.png"/>
    </f>
    <f name="1">
      <p name="swingO1"  origin_x="28" origin_y="21" brow_x="-5" brow_y="-1" z="cap" image="swingO1.1.default.png"/>
    </f>
    <f name="2">
      <p name="swingO1"  origin_x="28" origin_y="21" brow_x="-5" brow_y="-1" z="cap" image="swingO1.2.default.png"/>
    </f>
  </s>
  <s name="swingO2">
    <f name="0">
      <p name="pointer"  pointer="swingO1/0/default"/>
    </f>
    <f name="1">
      <p name="pointer"  pointer="swingO1/1/default"/>
    </f>
    <f name="2">
      <p name="pointer"  pointer="swingO1/2/default"/>
    </f>
  </s>
  <s name="swingO3">
    <f name="0">
      <p name="pointer"  pointer="swingO1/0/default"/>
    </f>
    <f name="1">
      <p name="pointer"  pointer="swingO1/1/default"/>
    </f>
    <f name="2">
      <p name="pointer"  pointer="swingO1/2/default"/>
    </f>
  </s>
  <s name="swingOF">
    <f name="0">
      <p name="swingOF"  origin_x="28" origin_y="21" brow_x="-6" brow_y="-1" z="cap" image="swingOF.0.default.png"/>
    </f>
    <f name="1">
      <p name="pointer"  pointer="backDefault/default"/>
    </f>
    <f name="2">
      <p name="swingOF"  origin_x="28" origin_y="21" brow_x="-5" brow_y="-1" z="cap" image="swingOF.2.default.png"/>
    </f>
    <f name="3">
      <p name="swingOF"  origin_x="28" origin_y="21" brow_x="-5" brow_y="-1" z="cap" image="swingOF.3.default.png"/>
    </f>
  </s>
  <s name="swingT1">
    <f name="0">
      <p name="pointer"  pointer="swingO1/0/default"/>
    </f>
    <f name="1">
      <p name="pointer"  pointer="swingO1/1/default"/>
    </f>
    <f name="2">
      <p name="pointer"  pointer="swingO1/2/default"/>
    </f>
  </s>
  <s name="swingT2">
    <f name="0">
      <p name="pointer"  pointer="swingO1/0/default"/>
    </f>
    <f name="1">
      <p name="pointer"  pointer="swingO1/1/default"/>
    </f>
    <f name="2">
      <p name="pointer"  pointer="swingO1/2/default"/>
    </f>
  </s>
  <s name="swingT3">
    <f name="0">
      <p name="pointer"  pointer="swingO1/0/default"/>
    </f>
    <f name="1">
      <p name="pointer"  pointer="swingO1/1/default"/>
    </f>
    <f name="2">
      <p name="pointer"  pointer="swingO1/2/default"/>
    </f>
  </s>
  <s name="swingTF">
    <f name="0">
      <p name="pointer"  pointer="backDefault/default"/>
    </f>
    <f name="1">
      <p name="pointer"  pointer="swingOF/0/default"/>
    </f>
    <f name="2">
      <p name="pointer"  pointer="swingOF/0/default"/>
    </f>
    <f name="3">
      <p name="pointer"  pointer="swingOF/3/default"/>
    </f>
  </s>
  <s name="swingP1">
    <f name="0">
      <p name="pointer"  pointer="swingO1/0/default"/>
    </f>
    <f name="1">
      <p name="pointer"  pointer="swingO1/1/default"/>
    </f>
    <f name="2">
      <p name="pointer"  pointer="swingO1/2/default"/>
    </f>
  </s>
  <s name="swingP2">
    <f name="0">
      <p name="pointer"  pointer="swingO1/0/default"/>
    </f>
    <f name="1">
      <p name="pointer"  pointer="swingO1/1/default"/>
    </f>
    <f name="2">
      <p name="pointer"  pointer="swingO1/2/default"/>
    </f>
  </s>
  <s name="swingPF">
    <f name="0">
      <p name="pointer"  pointer="swingOF/0/default"/>
    </f>
    <f name="1">
      <p name="pointer"  pointer="swingOF/0/default"/>
    </f>
    <f name="2">
      <p name="pointer"  pointer="swingOF/0/default"/>
    </f>
    <f name="3">
      <p name="pointer"  pointer="swingOF/3/default"/>
    </f>
  </s>
  <s name="stabO1">
    <f name="0">
      <p name="stabO1"  origin_x="28" origin_y="21" brow_x="-5" brow_y="-1" z="cap" image="stabO1.0.default.png"/>
    </f>
    <f name="1">
      <p name="stabO1"  origin_x="28" origin_y="21" brow_x="-5" brow_y="-1" z="cap" image="stabO1.1.default.png"/>
    </f>
  </s>
  <s name="stabO2">
    <f name="0">
      <p name="pointer"  pointer="stabO1/0/default"/>
    </f>
    <f name="1">
      <p name="pointer"  pointer="stabO1/1/default"/>
    </f>
  </s>
  <s name="stabOF">
    <f name="0">
      <p name="pointer"  pointer="swingO1/0/default"/>
    </f>
    <f name="1">
      <p name="pointer"  pointer="swingO1/1/default"/>
    </f>
    <f name="2">
      <p name="pointer"  pointer="swingO1/2/default"/>
    </f>
  </s>
  <s name="stabT1">
    <f name="0">
      <p name="pointer"  pointer="swingO1/0/default"/>
    </f>
    <f name="1">
      <p name="pointer"  pointer="swingO1/1/default"/>
    </f>
    <f name="2">
      <p name="pointer"  pointer="swingO1/2/default"/>
    </f>
  </s>
  <s name="stabT2">
    <f name="0">
      <p name="pointer"  pointer="swingO1/0/default"/>
    </f>
    <f name="1">
      <p name="pointer"  pointer="swingO1/1/default"/>
    </f>
    <f name="2">
      <p name="pointer"  pointer="swingO1/2/default"/>
    </f>
  </s>
  <s name="stabTF">
    <f name="0">
      <p name="pointer"  pointer="stabO1/0/default"/>
    </f>
    <f name="1">
      <p name="pointer"  pointer="stabO1/0/default"/>
    </f>
    <f name="2">
      <p name="pointer"  pointer="stabO1/0/default"/>
    </f>
    <f name="3">
      <p name="pointer"  pointer="stabO1/1/default"/>
    </f>
  </s>
  <s name="shoot1">
    <f name="0">
      <p name="pointer"  pointer="stabO1/0/default"/>
    </f>
    <f name="1">
      <p name="pointer"  pointer="stabO1/0/default"/>
    </f>
    <f name="2">
      <p name="pointer"  pointer="stabO1/1/default"/>
    </f>
  </s>
  <s name="shoot2">
    <f name="0">
      <p name="pointer"  pointer="stabO1/0/default"/>
    </f>
    <f name="1">
      <p name="pointer"  pointer="stabO1/0/default"/>
    </f>
    <f name="2">
      <p name="pointer"  pointer="stabO1/0/default"/>
    </f>
    <f name="3">
      <p name="pointer"  pointer="stabO1/0/default"/>
    </f>
    <f name="4">
      <p name="pointer"  pointer="stabO1/1/default"/>
    </f>
  </s>
  <s name="shootF">
    <f name="0">
      <p name="pointer"  pointer="stabO1/0/default"/>
    </f>
    <f name="1">
      <p name="pointer"  pointer="stabO1/1/default"/>
    </f>
    <f name="2">
      <p name="pointer"  pointer="stabO1/1/default"/>
    </f>
  </s>
  <s name="proneStab">
    <f name="0">
      <p name="proneStab"  origin_x="28" origin_y="21" brow_x="-5" brow_y="-1" z="cap" image="proneStab.0.default.png"/>
    </f>
    <f name="1">
      <p name="pointer"  pointer="proneStab/0/default"/>
    </f>
  </s>
  <s name="prone">
    <f name="0">
      <p name="pointer"  pointer="default0/default"/>
    </f>
  </s>
  <s name="heal">
    <f name="0">
      <p name="pointer"  pointer="default0/default"/>
    </f>
    <f name="1">
      <p name="pointer"  pointer="default0/default"/>
    </f>
    <f name="2">
      <p name="pointer"  pointer="default0/default"/>
    </f>
  </s>
  <s name="fly">
    <f name="0">
      <p name="fly"  origin_x="28" origin_y="21" brow_x="-5" brow_y="-1" z="cap" image="fly.0.default.png"/>
    </f>
    <f name="1">
      <p name="pointer"  pointer="fly/0/default"/>
    </f>
  </s>
  <s name="jump">
    <f name="0">
      <p name="jump"  origin_x="28" origin_y="21" brow_x="-5" brow_y="-1" z="cap" image="jump.0.default.png"/>
    </f>
  </s>
  <s name="sit">
    <f name="0">
      <p name="sit"  origin_x="28" origin_y="21" brow_x="-5" brow_y="-1" z="cap" image="sit.0.default.png"/>
    </f>
  </s>
  <s name="ladder">
    <f name="0">
      <p name="pointer"  pointer="backDefault/default"/>
    </f>
    <f name="1">
      <p name="pointer"  pointer="ladder/0/default"/>
    </f>
  </s>
  <s name="rope">
    <f name="0">
      <p name="pointer"  pointer="backDefault/default"/>
    </f>
    <f name="1">
      <p name="pointer"  pointer="backDefault/default"/>
    </f>
  </s>
</i>
