  <i name="05021021">
  <i name="info">
    <i name="icon">
      <i name="origin">
        <i name="x" value="-2"/>
        <i name="y" value="30"/>
      </i>
      <i name="image" value="05021021.info.icon.png"/>
    </i>
    <i name="iconRaw">
      <i name="origin">
        <i name="x" value="-2"/>
        <i name="y" value="30"/>
      </i>
      <i name="image" value="05021021.info.iconRaw.png"/>
    </i>
    <i name="cash" value="1"/>
  </i>
  <i name="bullet">
    <i name="0">
      <i name="origin">
        <i name="x" value="9"/>
        <i name="y" value="9"/>
      </i>
      <i name="image" value="05021021.bullet.0.png"/>
    </i>
    <i name="1">
      <i name="origin">
        <i name="x" value="9"/>
        <i name="y" value="9"/>
      </i>
      <i name="image" value="05021021.bullet.1.png"/>
    </i>
    <i name="2">
      <i name="origin">
        <i name="x" value="9"/>
        <i name="y" value="9"/>
      </i>
      <i name="image" value="05021021.bullet.2.png"/>
    </i>
    <i name="3">
      <i name="origin">
        <i name="x" value="9"/>
        <i name="y" value="9"/>
      </i>
      <i name="image" value="05021021.bullet.3.png"/>
    </i>
  </i>
  <i name="hit">
    <i name="0">
      <i name="origin">
        <i name="x" value="53"/>
        <i name="y" value="47"/>
      </i>
      <i name="delay" value="120"/>
      <i name="image" value="05021021.hit.0.png"/>
    </i>
    <i name="1">
      <i name="origin">
        <i name="x" value="57"/>
        <i name="y" value="59"/>
      </i>
      <i name="delay" value="120"/>
      <i name="image" value="05021021.hit.1.png"/>
    </i>
    <i name="2">
      <i name="origin">
        <i name="x" value="62"/>
        <i name="y" value="60"/>
      </i>
      <i name="delay" value="120"/>
      <i name="image" value="05021021.hit.2.png"/>
    </i>
    <i name="3">
      <i name="origin">
        <i name="x" value="65"/>
        <i name="y" value="60"/>
      </i>
      <i name="delay" value="120"/>
      <i name="image" value="05021021.hit.3.png"/>
    </i>
    <i name="4">
      <i name="origin">
        <i name="x" value="41"/>
        <i name="y" value="33"/>
      </i>
      <i name="delay" value="120"/>
      <i name="image" value="05021021.hit.4.png"/>
    </i>
    <i name="5">
      <i name="origin">
        <i name="x" value="45"/>
        <i name="y" value="36"/>
      </i>
      <i name="delay" value="120"/>
      <i name="image" value="05021021.hit.5.png"/>
    </i>
    <i name="6">
      <i name="origin">
        <i name="x" value="47"/>
        <i name="y" value="38"/>
      </i>
      <i name="delay" value="120"/>
      <i name="image" value="05021021.hit.6.png"/>
    </i>
  </i>
  </i>
