  <i name="1311003">
  <i name="swingP1">
    <i name="2">
      <i name="0">
        <i name="origin">
          <i name="x" value="255"/>
          <i name="y" value="128"/>
        </i>
        <i name="delay" value="200"/>
        <i name="a1" value="64"/>
        <i name="image" value="1311003.afterimage.spear.swingP1.2.0.png"/>
      </i>
    </i>
  </i>
  <i name="swingP2">
    <i name="2">
      <i name="0">
        <i name="origin">
          <i name="x" value="231"/>
          <i name="y" value="130"/>
        </i>
        <i name="delay" value="200"/>
        <i name="a1" value="64"/>
        <i name="image" value="1311003.afterimage.spear.swingP2.2.0.png"/>
      </i>
    </i>
  </i>
  <i name="effect">
    <i name="0">
      <i name="origin">
        <i name="x" value="58"/>
        <i name="y" value="84"/>
      </i>
      <i name="delay" value="200"/>
      <i name="a0" value="212"/>
      <i name="a1" value="64"/>
      <i name="z0" value="100"/>
      <i name="z1" value="200"/>
      <i name="image" value="1311003.effect.0.png"/>
    </i>
  </i>
  <i name="effect0">
    <i name="0">
      <i name="origin">
        <i name="x" value="0"/>
        <i name="y" value="0"/>
      </i>
      <i name="delay" value="200"/>
      <i name="a0" value="0"/>
      <i name="image" value="1311003.effect0.0.png"/>
    </i>
    <i name="1">
      <i name="origin">
        <i name="x" value="84"/>
        <i name="y" value="110"/>
      </i>
      <i name="delay" value="200"/>
      <i name="a0" value="212"/>
      <i name="a1" value="64"/>
      <i name="z0" value="100"/>
      <i name="z1" value="200"/>
      <i name="image" value="1311003.effect0.1.png"/>
    </i>
  </i>
  <i name="hit">
    <i name="0">
      <i name="0">
        <i name="origin">
          <i name="x" value="42"/>
          <i name="y" value="129"/>
        </i>
        <i name="delay" value="100"/>
        <i name="image" value="1311003.hit.0.0.png"/>
      </i>
      <i name="1">
        <i name="origin">
          <i name="x" value="40"/>
          <i name="y" value="223"/>
        </i>
        <i name="delay" value="100"/>
        <i name="image" value="1311003.hit.0.1.png"/>
      </i>
      <i name="2">
        <i name="origin">
          <i name="x" value="68"/>
          <i name="y" value="48"/>
        </i>
        <i name="delay" value="100"/>
        <i name="image" value="1311003.hit.0.2.png"/>
      </i>
      <i name="3">
        <i name="origin">
          <i name="x" value="82"/>
          <i name="y" value="66"/>
        </i>
        <i name="delay" value="100"/>
        <i name="image" value="1311003.hit.0.3.png"/>
      </i>
      <i name="4">
        <i name="origin">
          <i name="x" value="84"/>
          <i name="y" value="88"/>
        </i>
        <i name="delay" value="100"/>
        <i name="image" value="1311003.hit.0.4.png"/>
      </i>
      <i name="5">
        <i name="origin">
          <i name="x" value="83"/>
          <i name="y" value="83"/>
        </i>
        <i name="delay" value="100"/>
        <i name="image" value="1311003.hit.0.5.png"/>
      </i>
      <i name="6">
        <i name="origin">
          <i name="x" value="88"/>
          <i name="y" value="83"/>
        </i>
        <i name="delay" value="100"/>
        <i name="image" value="1311003.hit.0.6.png"/>
      </i>
      <i name="7">
        <i name="origin">
          <i name="x" value="86"/>
          <i name="y" value="86"/>
        </i>
        <i name="delay" value="100"/>
        <i name="image" value="1311003.hit.0.7.png"/>
      </i>
    </i>
  </i>
  </i>
