  <i name="2101003">
  <i name="effect">
    <i name="0">
      <i name="origin">
        <i name="x" value="41"/>
        <i name="y" value="52"/>
      </i>
      <i name="delay" value="90"/>
      <i name="image" value="2101003.effect.0.png"/>
    </i>
    <i name="1">
      <i name="origin">
        <i name="x" value="42"/>
        <i name="y" value="70"/>
      </i>
      <i name="delay" value="90"/>
      <i name="image" value="2101003.effect.1.png"/>
    </i>
    <i name="2">
      <i name="origin">
        <i name="x" value="42"/>
        <i name="y" value="70"/>
      </i>
      <i name="delay" value="90"/>
      <i name="image" value="2101003.effect.2.png"/>
    </i>
    <i name="3">
      <i name="origin">
        <i name="x" value="42"/>
        <i name="y" value="70"/>
      </i>
      <i name="delay" value="90"/>
      <i name="image" value="2101003.effect.3.png"/>
    </i>
    <i name="4">
      <i name="origin">
        <i name="x" value="42"/>
        <i name="y" value="70"/>
      </i>
      <i name="delay" value="90"/>
      <i name="image" value="2101003.effect.4.png"/>
    </i>
    <i name="5">
      <i name="origin">
        <i name="x" value="42"/>
        <i name="y" value="70"/>
      </i>
      <i name="delay" value="90"/>
      <i name="image" value="2101003.effect.5.png"/>
    </i>
    <i name="6">
      <i name="origin">
        <i name="x" value="42"/>
        <i name="y" value="70"/>
      </i>
      <i name="delay" value="90"/>
      <i name="image" value="2101003.effect.6.png"/>
    </i>
    <i name="7">
      <i name="origin">
        <i name="x" value="40"/>
        <i name="y" value="68"/>
      </i>
      <i name="delay" value="90"/>
      <i name="image" value="2101003.effect.7.png"/>
    </i>
  </i>
  <i name="mob">
    <i name="0">
      <i name="origin">
        <i name="x" value="24"/>
        <i name="y" value="19"/>
      </i>
      <i name="delay" value="100"/>
      <i name="image" value="2101003.mob.0.png"/>
    </i>
    <i name="1">
      <i name="origin">
        <i name="x" value="23"/>
        <i name="y" value="19"/>
      </i>
      <i name="delay" value="100"/>
      <i name="image" value="2101003.mob.1.png"/>
    </i>
    <i name="2">
      <i name="origin">
        <i name="x" value="22"/>
        <i name="y" value="19"/>
      </i>
      <i name="delay" value="100"/>
      <i name="image" value="2101003.mob.2.png"/>
    </i>
    <i name="3">
      <i name="origin">
        <i name="x" value="22"/>
        <i name="y" value="18"/>
      </i>
      <i name="delay" value="100"/>
      <i name="image" value="2101003.mob.3.png"/>
    </i>
    <i name="4">
      <i name="origin">
        <i name="x" value="20"/>
        <i name="y" value="17"/>
      </i>
      <i name="delay" value="100"/>
      <i name="image" value="2101003.mob.4.png"/>
    </i>
  </i>
  </i>
