  <i name="1111008">
  <i name="effect">
    <i name="0">
      <i name="origin">
        <i name="x" value="12"/>
        <i name="y" value="71"/>
      </i>
      <i name="delay" value="88"/>
      <i name="image" value="1111008.effect.0.png"/>
    </i>
    <i name="1">
      <i name="origin">
        <i name="x" value="14"/>
        <i name="y" value="72"/>
      </i>
      <i name="delay" value="88"/>
      <i name="image" value="1111008.effect.1.png"/>
    </i>
    <i name="2">
      <i name="origin">
        <i name="x" value="83"/>
        <i name="y" value="124"/>
      </i>
      <i name="delay" value="88"/>
      <i name="image" value="1111008.effect.2.png"/>
    </i>
    <i name="3">
      <i name="origin">
        <i name="x" value="92"/>
        <i name="y" value="127"/>
      </i>
      <i name="delay" value="88"/>
      <i name="image" value="1111008.effect.3.png"/>
    </i>
    <i name="4">
      <i name="origin">
        <i name="x" value="85"/>
        <i name="y" value="137"/>
      </i>
      <i name="delay" value="88"/>
      <i name="image" value="1111008.effect.4.png"/>
    </i>
    <i name="5">
      <i name="origin">
        <i name="x" value="91"/>
        <i name="y" value="133"/>
      </i>
      <i name="delay" value="88"/>
      <i name="image" value="1111008.effect.5.png"/>
    </i>
    <i name="6">
      <i name="origin">
        <i name="x" value="71"/>
        <i name="y" value="135"/>
      </i>
      <i name="delay" value="88"/>
      <i name="image" value="1111008.effect.6.png"/>
    </i>
    <i name="7">
      <i name="origin">
        <i name="x" value="86"/>
        <i name="y" value="145"/>
      </i>
      <i name="delay" value="88"/>
      <i name="image" value="1111008.effect.7.png"/>
    </i>
    <i name="8">
      <i name="origin">
        <i name="x" value="85"/>
        <i name="y" value="147"/>
      </i>
      <i name="delay" value="88"/>
      <i name="image" value="1111008.effect.8.png"/>
    </i>
    <i name="9">
      <i name="origin">
        <i name="x" value="85"/>
        <i name="y" value="148"/>
      </i>
      <i name="delay" value="88"/>
      <i name="image" value="1111008.effect.9.png"/>
    </i>
    <i name="10">
      <i name="origin">
        <i name="x" value="84"/>
        <i name="y" value="140"/>
      </i>
      <i name="delay" value="88"/>
      <i name="image" value="1111008.effect.10.png"/>
    </i>
    <i name="11">
      <i name="origin">
        <i name="x" value="84"/>
        <i name="y" value="138"/>
      </i>
      <i name="delay" value="88"/>
      <i name="image" value="1111008.effect.11.png"/>
    </i>
    <i name="12">
      <i name="origin">
        <i name="x" value="82"/>
        <i name="y" value="145"/>
      </i>
      <i name="delay" value="88"/>
      <i name="image" value="1111008.effect.12.png"/>
    </i>
    <i name="13">
      <i name="origin">
        <i name="x" value="85"/>
        <i name="y" value="146"/>
      </i>
      <i name="delay" value="88"/>
      <i name="image" value="1111008.effect.13.png"/>
    </i>
    <i name="14">
      <i name="origin">
        <i name="x" value="83"/>
        <i name="y" value="147"/>
      </i>
      <i name="delay" value="88"/>
      <i name="image" value="1111008.effect.14.png"/>
    </i>
    <i name="15">
      <i name="origin">
        <i name="x" value="84"/>
        <i name="y" value="149"/>
      </i>
      <i name="delay" value="88"/>
      <i name="image" value="1111008.effect.15.png"/>
    </i>
    <i name="16">
      <i name="origin">
        <i name="x" value="83"/>
        <i name="y" value="149"/>
      </i>
      <i name="delay" value="88"/>
      <i name="image" value="1111008.effect.16.png"/>
    </i>
    <i name="z" value="-1"/>
  </i>
  <i name="hit">
    <i name="0">
      <i name="0">
        <i name="origin">
          <i name="x" value="29"/>
          <i name="y" value="34"/>
        </i>
        <i name="delay" value="120"/>
        <i name="image" value="1111008.hit.0.0.png"/>
      </i>
      <i name="1">
        <i name="origin">
          <i name="x" value="31"/>
          <i name="y" value="31"/>
        </i>
        <i name="delay" value="120"/>
        <i name="image" value="1111008.hit.0.1.png"/>
      </i>
    </i>
  </i>
  <i name="mob">
    <i name="0">
      <i name="origin">
        <i name="x" value="33"/>
        <i name="y" value="9"/>
      </i>
      <i name="delay" value="100"/>
      <i name="image" value="1111008.mob.0.png"/>
    </i>
    <i name="1">
      <i name="origin">
        <i name="x" value="29"/>
        <i name="y" value="9"/>
      </i>
      <i name="delay" value="100"/>
      <i name="image" value="1111008.mob.1.png"/>
    </i>
    <i name="2">
      <i name="origin">
        <i name="x" value="28"/>
        <i name="y" value="9"/>
      </i>
      <i name="delay" value="100"/>
      <i name="image" value="1111008.mob.2.png"/>
    </i>
    <i name="pos" value="2"/>
    <i name="repeat" value="1"/>
  </i>
  </i>
