  <i name="2001002">
  <i name="effect">
    <i name="0">
      <i name="origin">
        <i name="x" value="16"/>
        <i name="y" value="118"/>
      </i>
      <i name="z" value="0"/>
      <i name="delay" value="100"/>
      <i name="image" value="2001002.effect.0.png"/>
    </i>
    <i name="1">
      <i name="origin">
        <i name="x" value="16"/>
        <i name="y" value="124"/>
      </i>
      <i name="z" value="0"/>
      <i name="delay" value="100"/>
      <i name="image" value="2001002.effect.1.png"/>
    </i>
    <i name="2">
      <i name="origin">
        <i name="x" value="21"/>
        <i name="y" value="120"/>
      </i>
      <i name="z" value="0"/>
      <i name="delay" value="100"/>
      <i name="image" value="2001002.effect.2.png"/>
    </i>
    <i name="3">
      <i name="origin">
        <i name="x" value="26"/>
        <i name="y" value="124"/>
      </i>
      <i name="z" value="0"/>
      <i name="delay" value="100"/>
      <i name="image" value="2001002.effect.3.png"/>
    </i>
    <i name="4">
      <i name="origin">
        <i name="x" value="25"/>
        <i name="y" value="118"/>
      </i>
      <i name="z" value="0"/>
      <i name="delay" value="100"/>
      <i name="image" value="2001002.effect.4.png"/>
    </i>
    <i name="5">
      <i name="origin">
        <i name="x" value="27"/>
        <i name="y" value="122"/>
      </i>
      <i name="z" value="0"/>
      <i name="delay" value="100"/>
      <i name="image" value="2001002.effect.5.png"/>
    </i>
    <i name="6">
      <i name="origin">
        <i name="x" value="27"/>
        <i name="y" value="116"/>
      </i>
      <i name="z" value="0"/>
      <i name="delay" value="100"/>
      <i name="image" value="2001002.effect.6.png"/>
    </i>
    <i name="7">
      <i name="origin">
        <i name="x" value="30"/>
        <i name="y" value="122"/>
      </i>
      <i name="z" value="0"/>
      <i name="delay" value="100"/>
      <i name="image" value="2001002.effect.7.png"/>
    </i>
    <i name="8">
      <i name="origin">
        <i name="x" value="28"/>
        <i name="y" value="118"/>
      </i>
      <i name="z" value="0"/>
      <i name="delay" value="100"/>
      <i name="image" value="2001002.effect.8.png"/>
    </i>
    <i name="9">
      <i name="origin">
        <i name="x" value="25"/>
        <i name="y" value="124"/>
      </i>
      <i name="z" value="0"/>
      <i name="delay" value="100"/>
      <i name="image" value="2001002.effect.9.png"/>
    </i>
    <i name="10">
      <i name="origin">
        <i name="x" value="24"/>
        <i name="y" value="120"/>
      </i>
      <i name="z" value="0"/>
      <i name="delay" value="100"/>
      <i name="image" value="2001002.effect.10.png"/>
    </i>
    <i name="11">
      <i name="origin">
        <i name="x" value="24"/>
        <i name="y" value="124"/>
      </i>
      <i name="z" value="1"/>
      <i name="delay" value="100"/>
      <i name="a0" value="255"/>
      <i name="a1" value="0"/>
      <i name="image" value="2001002.effect.11.png"/>
    </i>
  </i>
  </i>
