  <i name="4201004">
  <i name="effect">
    <i name="0">
      <i name="origin">
        <i name="x" value="23"/>
        <i name="y" value="63"/>
      </i>
      <i name="delay" value="100"/>
      <i name="image" value="4201004.effect.0.png"/>
    </i>
    <i name="1">
      <i name="origin">
        <i name="x" value="17"/>
        <i name="y" value="65"/>
      </i>
      <i name="delay" value="110"/>
      <i name="image" value="4201004.effect.1.png"/>
    </i>
    <i name="2">
      <i name="origin">
        <i name="x" value="9"/>
        <i name="y" value="65"/>
      </i>
      <i name="delay" value="120"/>
      <i name="image" value="4201004.effect.2.png"/>
    </i>
    <i name="3">
      <i name="origin">
        <i name="x" value="-20"/>
        <i name="y" value="65"/>
      </i>
      <i name="delay" value="130"/>
      <i name="image" value="4201004.effect.3.png"/>
    </i>
  </i>
  <i name="effect0">
    <i name="0">
      <i name="origin">
        <i name="x" value="26"/>
        <i name="y" value="63"/>
      </i>
      <i name="delay" value="100"/>
      <i name="image" value="4201004.effect0.0.png"/>
    </i>
    <i name="1">
      <i name="origin">
        <i name="x" value="47"/>
        <i name="y" value="59"/>
      </i>
      <i name="delay" value="200"/>
      <i name="image" value="4201004.effect0.1.png"/>
    </i>
    <i name="2">
      <i name="origin">
        <i name="x" value="120"/>
        <i name="y" value="59"/>
      </i>
      <i name="delay" value="100"/>
      <i name="image" value="4201004.effect0.2.png"/>
    </i>
    <i name="3">
      <i name="origin">
        <i name="x" value="188"/>
        <i name="y" value="58"/>
      </i>
      <i name="delay" value="200"/>
      <i name="image" value="4201004.effect0.3.png"/>
    </i>
    <i name="4">
      <i name="origin">
        <i name="x" value="186"/>
        <i name="y" value="58"/>
      </i>
      <i name="delay" value="100"/>
      <i name="image" value="4201004.effect0.4.png"/>
    </i>
  </i>
  </i>
