  <i name="5000030">
  <i name="stand0">
    <i name="0">
      <i name="origin">
        <i name="x" value="26"/>
        <i name="y" value="82"/>
      </i>
      <i name="image" value="5000030.stand0.0.png"/>
    </i>
    <i name="1">
      <i name="origin">
        <i name="x" value="26"/>
        <i name="y" value="83"/>
      </i>
      <i name="image" value="5000030.stand0.1.png"/>
    </i>
    <i name="2">
      <i name="origin">
        <i name="x" value="27"/>
        <i name="y" value="84"/>
      </i>
      <i name="image" value="5000030.stand0.2.png"/>
    </i>
    <i name="3">
      <i name="origin">
        <i name="x" value="28"/>
        <i name="y" value="84"/>
      </i>
      <i name="image" value="5000030.stand0.3.png"/>
    </i>
    <i name="4">
      <i name="origin">
        <i name="x" value="27"/>
        <i name="y" value="83"/>
      </i>
      <i name="image" value="5000030.stand0.4.png"/>
    </i>
  </i>
  <i name="stand1">
    <i name="0">
      <i name="pointer" value="5000030/stand0/0"/>
    </i>
    <i name="1">
      <i name="pointer" value="5000030/stand0/1"/>
    </i>
    <i name="2">
      <i name="pointer" value="5000030/stand0/2"/>
    </i>
    <i name="3">
      <i name="pointer" value="5000030/stand0/3"/>
    </i>
    <i name="4">
      <i name="pointer" value="5000030/stand0/4"/>
    </i>
    <i name="5">
      <i name="pointer" value="5000030/stand0/0"/>
    </i>
    <i name="6">
      <i name="pointer" value="5000030/stand0/1"/>
    </i>
    <i name="7">
      <i name="pointer" value="5000030/stand0/2"/>
    </i>
    <i name="8">
      <i name="pointer" value="5000030/stand0/3"/>
    </i>
    <i name="9">
      <i name="pointer" value="5000030/stand0/4"/>
    </i>
  </i>
  <i name="hungry">
    <i name="0">
      <i name="pointer" value="5000030/stand0/0"/>
    </i>
    <i name="1">
      <i name="pointer" value="5000030/stand0/1"/>
    </i>
    <i name="2">
      <i name="pointer" value="5000030/stand0/2"/>
    </i>
    <i name="3">
      <i name="pointer" value="5000030/stand0/3"/>
    </i>
    <i name="4">
      <i name="origin">
        <i name="x" value="26"/>
        <i name="y" value="72"/>
      </i>
      <i name="image" value="5000030.hungry.4.png"/>
    </i>
  </i>
  <i name="move">
    <i name="0">
      <i name="pointer" value="5000030/stand0/0"/>
    </i>
    <i name="1">
      <i name="pointer" value="5000030/stand0/1"/>
    </i>
    <i name="2">
      <i name="pointer" value="5000030/stand0/2"/>
    </i>
    <i name="3">
      <i name="pointer" value="5000030/stand0/3"/>
    </i>
    <i name="4">
      <i name="pointer" value="5000030/stand0/4"/>
    </i>
  </i>
  <i name="jump">
    <i name="0">
      <i name="origin">
        <i name="x" value="29"/>
        <i name="y" value="86"/>
      </i>
      <i name="image" value="5000030.jump.0.png"/>
    </i>
  </i>
  <i name="sit">
    <i name="0">
      <i name="origin">
        <i name="x" value="26"/>
        <i name="y" value="59"/>
      </i>
      <i name="image" value="5000030.sit.0.png"/>
    </i>
    <i name="1">
      <i name="pointer" value="5000030/sit/0"/>
    </i>
    <i name="2">
      <i name="pointer" value="5000030/sit/0"/>
    </i>
    <i name="3">
      <i name="pointer" value="5000030/sit/0"/>
    </i>
    <i name="4">
      <i name="pointer" value="5000030/sit/0"/>
    </i>
    <i name="5">
      <i name="pointer" value="5000030/sit/0"/>
    </i>
  </i>
  <i name="chat">
    <i name="0">
      <i name="pointer" value="5000030/stand0/0"/>
    </i>
    <i name="1">
      <i name="pointer" value="5000030/stand0/1"/>
    </i>
    <i name="2">
      <i name="origin">
        <i name="x" value="27"/>
        <i name="y" value="85"/>
      </i>
      <i name="image" value="5000030.chat.2.png"/>
    </i>
    <i name="3">
      <i name="origin">
        <i name="x" value="28"/>
        <i name="y" value="85"/>
      </i>
      <i name="image" value="5000030.chat.3.png"/>
    </i>
    <i name="4">
      <i name="origin">
        <i name="x" value="27"/>
        <i name="y" value="84"/>
      </i>
      <i name="image" value="5000030.chat.4.png"/>
    </i>
    <i name="5">
      <i name="pointer" value="5000030/chat/0"/>
    </i>
    <i name="6">
      <i name="pointer" value="5000030/chat/1"/>
    </i>
    <i name="7">
      <i name="pointer" value="5000030/chat/2"/>
    </i>
    <i name="8">
      <i name="pointer" value="5000030/chat/3"/>
    </i>
    <i name="9">
      <i name="pointer" value="5000030/chat/4"/>
    </i>
    <i name="10">
      <i name="pointer" value="5000030/chat/0"/>
    </i>
    <i name="11">
      <i name="pointer" value="5000030/chat/1"/>
    </i>
    <i name="12">
      <i name="pointer" value="5000030/chat/2"/>
    </i>
    <i name="13">
      <i name="pointer" value="5000030/chat/3"/>
    </i>
    <i name="14">
      <i name="pointer" value="5000030/chat/4"/>
    </i>
  </i>
  <i name="angry">
    <i name="0">
      <i name="origin">
        <i name="x" value="25"/>
        <i name="y" value="78"/>
      </i>
      <i name="image" value="5000030.angry.0.png"/>
    </i>
    <i name="1">
      <i name="origin">
        <i name="x" value="25"/>
        <i name="y" value="79"/>
      </i>
      <i name="image" value="5000030.angry.1.png"/>
    </i>
    <i name="2">
      <i name="origin">
        <i name="x" value="22"/>
        <i name="y" value="82"/>
      </i>
      <i name="image" value="5000030.angry.2.png"/>
    </i>
    <i name="3">
      <i name="origin">
        <i name="x" value="24"/>
        <i name="y" value="82"/>
      </i>
      <i name="image" value="5000030.angry.3.png"/>
    </i>
    <i name="4">
      <i name="origin">
        <i name="x" value="24"/>
        <i name="y" value="83"/>
      </i>
      <i name="image" value="5000030.angry.4.png"/>
    </i>
    <i name="5">
      <i name="origin">
        <i name="x" value="26"/>
        <i name="y" value="79"/>
      </i>
      <i name="image" value="5000030.angry.5.png"/>
    </i>
    <i name="6">
      <i name="pointer" value="5000030/angry/0"/>
    </i>
    <i name="7">
      <i name="pointer" value="5000030/angry/1"/>
    </i>
    <i name="8">
      <i name="pointer" value="5000030/angry/2"/>
    </i>
    <i name="9">
      <i name="pointer" value="5000030/angry/3"/>
    </i>
    <i name="10">
      <i name="pointer" value="5000030/angry/4"/>
    </i>
    <i name="11">
      <i name="pointer" value="5000030/angry/5"/>
    </i>
    <i name="12">
      <i name="pointer" value="5000030/angry/0"/>
    </i>
    <i name="13">
      <i name="pointer" value="5000030/angry/1"/>
    </i>
    <i name="14">
      <i name="pointer" value="5000030/angry/2"/>
    </i>
    <i name="15">
      <i name="pointer" value="5000030/angry/3"/>
    </i>
    <i name="16">
      <i name="pointer" value="5000030/angry/4"/>
    </i>
    <i name="17">
      <i name="pointer" value="5000030/angry/5"/>
    </i>
  </i>
  <i name="hang">
    <i name="0">
      <i name="origin">
        <i name="x" value="51"/>
        <i name="y" value="63"/>
      </i>
      <i name="image" value="5000030.hang.0.png"/>
    </i>
  </i>
  <i name="nothing">
    <i name="0">
      <i name="pointer" value="5000030/stand0/0"/>
    </i>
    <i name="1">
      <i name="pointer" value="5000030/stand0/1"/>
    </i>
    <i name="2">
      <i name="pointer" value="5000030/stand0/2"/>
    </i>
    <i name="3">
      <i name="pointer" value="5000030/stand0/3"/>
    </i>
    <i name="4">
      <i name="origin">
        <i name="x" value="27"/>
        <i name="y" value="83"/>
      </i>
      <i name="image" value="5000030.nothing.4.png"/>
    </i>
    <i name="5">
      <i name="pointer" value="5000030/nothing/0"/>
    </i>
    <i name="6">
      <i name="pointer" value="5000030/nothing/1"/>
    </i>
    <i name="7">
      <i name="pointer" value="5000030/nothing/2"/>
    </i>
    <i name="8">
      <i name="pointer" value="5000030/nothing/3"/>
    </i>
    <i name="9">
      <i name="pointer" value="5000030/nothing/4"/>
    </i>
    <i name="10">
      <i name="pointer" value="5000030/nothing/0"/>
    </i>
    <i name="11">
      <i name="pointer" value="5000030/nothing/1"/>
    </i>
    <i name="12">
      <i name="pointer" value="5000030/nothing/2"/>
    </i>
    <i name="13">
      <i name="pointer" value="5000030/nothing/3"/>
    </i>
    <i name="14">
      <i name="pointer" value="5000030/nothing/4"/>
    </i>
  </i>
  <i name="bewildered">
    <i name="0">
      <i name="origin">
        <i name="x" value="26"/>
        <i name="y" value="82"/>
      </i>
      <i name="image" value="5000030.bewildered.0.png"/>
    </i>
    <i name="1">
      <i name="origin">
        <i name="x" value="26"/>
        <i name="y" value="83"/>
      </i>
      <i name="image" value="5000030.bewildered.1.png"/>
    </i>
    <i name="2">
      <i name="origin">
        <i name="x" value="27"/>
        <i name="y" value="84"/>
      </i>
      <i name="image" value="5000030.bewildered.2.png"/>
    </i>
    <i name="3">
      <i name="origin">
        <i name="x" value="28"/>
        <i name="y" value="84"/>
      </i>
      <i name="image" value="5000030.bewildered.3.png"/>
    </i>
    <i name="4">
      <i name="origin">
        <i name="x" value="27"/>
        <i name="y" value="83"/>
      </i>
      <i name="image" value="5000030.bewildered.4.png"/>
    </i>
    <i name="5">
      <i name="pointer" value="5000030/bewildered/0"/>
    </i>
    <i name="6">
      <i name="pointer" value="5000030/bewildered/1"/>
    </i>
    <i name="7">
      <i name="pointer" value="5000030/bewildered/2"/>
    </i>
    <i name="8">
      <i name="pointer" value="5000030/bewildered/3"/>
    </i>
    <i name="9">
      <i name="pointer" value="5000030/bewildered/4"/>
    </i>
    <i name="10">
      <i name="pointer" value="5000030/bewildered/0"/>
    </i>
    <i name="11">
      <i name="pointer" value="5000030/bewildered/1"/>
    </i>
    <i name="12">
      <i name="pointer" value="5000030/bewildered/2"/>
    </i>
    <i name="13">
      <i name="pointer" value="5000030/bewildered/3"/>
    </i>
    <i name="14">
      <i name="pointer" value="5000030/bewildered/4"/>
    </i>
  </i>
  <i name="cry">
    <i name="0">
      <i name="origin">
        <i name="x" value="26"/>
        <i name="y" value="81"/>
      </i>
      <i name="image" value="5000030.cry.0.png"/>
    </i>
    <i name="1">
      <i name="origin">
        <i name="x" value="26"/>
        <i name="y" value="82"/>
      </i>
      <i name="image" value="5000030.cry.1.png"/>
    </i>
    <i name="2">
      <i name="origin">
        <i name="x" value="27"/>
        <i name="y" value="83"/>
      </i>
      <i name="image" value="5000030.cry.2.png"/>
    </i>
    <i name="3">
      <i name="origin">
        <i name="x" value="28"/>
        <i name="y" value="83"/>
      </i>
      <i name="image" value="5000030.cry.3.png"/>
    </i>
    <i name="4">
      <i name="origin">
        <i name="x" value="27"/>
        <i name="y" value="82"/>
      </i>
      <i name="image" value="5000030.cry.4.png"/>
    </i>
    <i name="5">
      <i name="pointer" value="5000030/cry/0"/>
    </i>
    <i name="6">
      <i name="pointer" value="5000030/cry/1"/>
    </i>
    <i name="7">
      <i name="pointer" value="5000030/cry/2"/>
    </i>
    <i name="8">
      <i name="pointer" value="5000030/cry/3"/>
    </i>
    <i name="9">
      <i name="pointer" value="5000030/cry/4"/>
    </i>
    <i name="10">
      <i name="pointer" value="5000030/cry/0"/>
    </i>
    <i name="11">
      <i name="pointer" value="5000030/cry/1"/>
    </i>
    <i name="12">
      <i name="pointer" value="5000030/cry/2"/>
    </i>
    <i name="13">
      <i name="pointer" value="5000030/cry/3"/>
    </i>
    <i name="14">
      <i name="pointer" value="5000030/cry/4"/>
    </i>
  </i>
  <i name="eat">
    <i name="0">
      <i name="pointer" value="5000030/stand0/0"/>
    </i>
    <i name="1">
      <i name="pointer" value="5000030/stand0/1"/>
    </i>
    <i name="2">
      <i name="pointer" value="5000030/stand0/2"/>
    </i>
    <i name="3">
      <i name="pointer" value="5000030/stand0/3"/>
    </i>
    <i name="4">
      <i name="pointer" value="5000030/stand0/4"/>
    </i>
    <i name="5">
      <i name="pointer" value="5000030/eat/0"/>
    </i>
    <i name="6">
      <i name="pointer" value="5000030/eat/1"/>
    </i>
    <i name="7">
      <i name="pointer" value="5000030/eat/2"/>
    </i>
    <i name="8">
      <i name="pointer" value="5000030/eat/3"/>
    </i>
    <i name="9">
      <i name="pointer" value="5000030/eat/4"/>
    </i>
    <i name="10">
      <i name="pointer" value="5000030/eat/0"/>
    </i>
    <i name="11">
      <i name="pointer" value="5000030/eat/1"/>
    </i>
    <i name="12">
      <i name="pointer" value="5000030/eat/2"/>
    </i>
    <i name="13">
      <i name="pointer" value="5000030/eat/3"/>
    </i>
    <i name="14">
      <i name="pointer" value="5000030/eat/4"/>
    </i>
  </i>
  <i name="love">
    <i name="0">
      <i name="origin">
        <i name="x" value="26"/>
        <i name="y" value="82"/>
      </i>
      <i name="image" value="5000030.love.0.png"/>
    </i>
    <i name="1">
      <i name="origin">
        <i name="x" value="26"/>
        <i name="y" value="83"/>
      </i>
      <i name="image" value="5000030.love.1.png"/>
    </i>
    <i name="2">
      <i name="origin">
        <i name="x" value="27"/>
        <i name="y" value="84"/>
      </i>
      <i name="image" value="5000030.love.2.png"/>
    </i>
    <i name="3">
      <i name="origin">
        <i name="x" value="28"/>
        <i name="y" value="84"/>
      </i>
      <i name="image" value="5000030.love.3.png"/>
    </i>
    <i name="4">
      <i name="origin">
        <i name="x" value="27"/>
        <i name="y" value="83"/>
      </i>
      <i name="image" value="5000030.love.4.png"/>
    </i>
    <i name="5">
      <i name="pointer" value="5000030/love/0"/>
    </i>
    <i name="6">
      <i name="pointer" value="5000030/love/1"/>
    </i>
    <i name="7">
      <i name="pointer" value="5000030/love/2"/>
    </i>
    <i name="8">
      <i name="pointer" value="5000030/love/3"/>
    </i>
    <i name="9">
      <i name="pointer" value="5000030/love/4"/>
    </i>
    <i name="10">
      <i name="pointer" value="5000030/love/0"/>
    </i>
    <i name="11">
      <i name="pointer" value="5000030/love/1"/>
    </i>
    <i name="12">
      <i name="pointer" value="5000030/love/2"/>
    </i>
    <i name="13">
      <i name="pointer" value="5000030/love/3"/>
    </i>
    <i name="14">
      <i name="pointer" value="5000030/love/4"/>
    </i>
  </i>
  <i name="sleep">
    <i name="0">
      <i name="origin">
        <i name="x" value="19"/>
        <i name="y" value="43"/>
      </i>
      <i name="image" value="5000030.sleep.0.png"/>
    </i>
    <i name="1">
      <i name="pointer" value="5000030/sleep/0"/>
    </i>
    <i name="2">
      <i name="origin">
        <i name="x" value="19"/>
        <i name="y" value="43"/>
      </i>
      <i name="image" value="5000030.sleep.2.png"/>
    </i>
    <i name="3">
      <i name="origin">
        <i name="x" value="19"/>
        <i name="y" value="43"/>
      </i>
      <i name="image" value="5000030.sleep.3.png"/>
    </i>
    <i name="4">
      <i name="pointer" value="5000030/sleep/3"/>
    </i>
    <i name="5">
      <i name="pointer" value="5000030/sleep/1"/>
    </i>
    <i name="6">
      <i name="pointer" value="5000030/sleep/2"/>
    </i>
    <i name="7">
      <i name="pointer" value="5000030/sleep/3"/>
    </i>
    <i name="8">
      <i name="pointer" value="5000030/sleep/4"/>
    </i>
    <i name="9">
      <i name="pointer" value="5000030/sleep/1"/>
    </i>
    <i name="10">
      <i name="pointer" value="5000030/sleep/2"/>
    </i>
    <i name="11">
      <i name="pointer" value="5000030/sleep/3"/>
    </i>
    <i name="12">
      <i name="pointer" value="5000030/sleep/4"/>
    </i>
    <i name="13">
      <i name="origin">
        <i name="x" value="19"/>
        <i name="y" value="43"/>
      </i>
      <i name="image" value="5000030.sleep.13.png"/>
    </i>
  </i>
  <i name="change">
    <i name="0">
      <i name="origin">
        <i name="x" value="24"/>
        <i name="y" value="83"/>
      </i>
      <i name="image" value="5000030.change.0.png"/>
    </i>
    <i name="1">
      <i name="origin">
        <i name="x" value="24"/>
        <i name="y" value="84"/>
      </i>
      <i name="image" value="5000030.change.1.png"/>
    </i>
    <i name="2">
      <i name="origin">
        <i name="x" value="26"/>
        <i name="y" value="86"/>
      </i>
      <i name="image" value="5000030.change.2.png"/>
    </i>
    <i name="3">
      <i name="origin">
        <i name="x" value="27"/>
        <i name="y" value="87"/>
      </i>
      <i name="image" value="5000030.change.3.png"/>
    </i>
    <i name="4">
      <i name="origin">
        <i name="x" value="51"/>
        <i name="y" value="63"/>
      </i>
      <i name="image" value="5000030.change.4.png"/>
    </i>
    <i name="5">
      <i name="origin">
        <i name="x" value="51"/>
        <i name="y" value="63"/>
      </i>
      <i name="image" value="5000030.change.5.png"/>
    </i>
    <i name="6">
      <i name="origin">
        <i name="x" value="51"/>
        <i name="y" value="63"/>
      </i>
      <i name="image" value="5000030.change.6.png"/>
    </i>
    <i name="7">
      <i name="origin">
        <i name="x" value="51"/>
        <i name="y" value="63"/>
      </i>
      <i name="image" value="5000030.change.7.png"/>
    </i>
    <i name="8">
      <i name="origin">
        <i name="x" value="51"/>
        <i name="y" value="63"/>
      </i>
      <i name="image" value="5000030.change.8.png"/>
    </i>
    <i name="9">
      <i name="origin">
        <i name="x" value="51"/>
        <i name="y" value="63"/>
      </i>
      <i name="image" value="5000030.change.9.png"/>
    </i>
    <i name="10">
      <i name="origin">
        <i name="x" value="51"/>
        <i name="y" value="63"/>
      </i>
      <i name="image" value="5000030.change.10.png"/>
    </i>
    <i name="11">
      <i name="origin">
        <i name="x" value="51"/>
        <i name="y" value="63"/>
      </i>
      <i name="image" value="5000030.change.11.png"/>
    </i>
    <i name="12">
      <i name="origin">
        <i name="x" value="51"/>
        <i name="y" value="63"/>
      </i>
      <i name="image" value="5000030.change.12.png"/>
    </i>
    <i name="13">
      <i name="origin">
        <i name="x" value="51"/>
        <i name="y" value="63"/>
      </i>
      <i name="image" value="5000030.change.13.png"/>
    </i>
    <i name="14">
      <i name="origin">
        <i name="x" value="51"/>
        <i name="y" value="63"/>
      </i>
      <i name="image" value="5000030.change.14.png"/>
    </i>
    <i name="15">
      <i name="origin">
        <i name="x" value="51"/>
        <i name="y" value="63"/>
      </i>
      <i name="image" value="5000030.change.15.png"/>
    </i>
    <i name="16">
      <i name="origin">
        <i name="x" value="51"/>
        <i name="y" value="63"/>
      </i>
      <i name="image" value="5000030.change.16.png"/>
    </i>
    <i name="17">
      <i name="origin">
        <i name="x" value="51"/>
        <i name="y" value="63"/>
      </i>
      <i name="image" value="5000030.change.17.png"/>
    </i>
    <i name="18">
      <i name="origin">
        <i name="x" value="51"/>
        <i name="y" value="63"/>
      </i>
      <i name="image" value="5000030.change.18.png"/>
    </i>
    <i name="19">
      <i name="origin">
        <i name="x" value="51"/>
        <i name="y" value="63"/>
      </i>
      <i name="image" value="5000030.change.19.png"/>
    </i>
    <i name="20">
      <i name="origin">
        <i name="x" value="51"/>
        <i name="y" value="63"/>
      </i>
      <i name="image" value="5000030.change.20.png"/>
    </i>
    <i name="21">
      <i name="origin">
        <i name="x" value="51"/>
        <i name="y" value="63"/>
      </i>
      <i name="image" value="5000030.change.21.png"/>
    </i>
    <i name="22">
      <i name="origin">
        <i name="x" value="51"/>
        <i name="y" value="63"/>
      </i>
      <i name="image" value="5000030.change.22.png"/>
    </i>
    <i name="23">
      <i name="origin">
        <i name="x" value="51"/>
        <i name="y" value="63"/>
      </i>
      <i name="image" value="5000030.change.23.png"/>
    </i>
    <i name="24">
      <i name="origin">
        <i name="x" value="25"/>
        <i name="y" value="84"/>
      </i>
      <i name="image" value="5000030.change.24.png"/>
    </i>
  </i>
  <i name="dung">
    <i name="0">
      <i name="origin">
        <i name="x" value="29"/>
        <i name="y" value="84"/>
      </i>
      <i name="image" value="5000030.dung.0.png"/>
    </i>
  </i>
  <i name="fly">
    <i name="0">
      <i name="pointer" value="5000030/stand0/1"/>
    </i>
    <i name="1">
      <i name="pointer" value="5000030/stand0/2"/>
    </i>
  </i>
  </i>
