<i>
<s name="walk1"><f name="0" ><p name="40"  origin_x="79" origin_y="12" hand_x="0" hand_y="-1" z="weapon" image="40.walk1.0.weapon.png"/></f><f name="1" ><p name="40"  origin_x="75" origin_y="25" hand_x="0" hand_y="0" z="weapon" image="40.walk1.1.weapon.png"/></f><f name="2" ><p name="pointer"  pointer="40/walk1/0/weapon"/></f><f name="3" ><p name="40"  origin_x="77" origin_y="12" hand_x="0" hand_y="0" z="weapon" image="40.walk1.3.weapon.png"/></f></s>
<s name="walk2"><f name="0" ><p name="40"  origin_x="11" origin_y="62" hand_x="4" hand_y="-1" z="weaponOverArm" image="40.walk2.0.weapon.png"/></f><f name="1" ><p name="40"  origin_x="12" origin_y="61" hand_x="3" hand_y="0" z="weaponOverArm" image="40.walk2.1.weapon.png"/></f><f name="2" ><p name="pointer"  pointer="40/walk2/0/weapon"/></f><f name="3" ><p name="40"  origin_x="10" origin_y="63" hand_x="5" hand_y="0" z="weaponOverArm" image="40.walk2.3.weapon.png"/></f></s>
<s name="stand2"><f name="0" ><p name="40"  origin_x="19" origin_y="59" hand_x="0" hand_y="0" z="weaponOverArm" image="40.stand2.0.weapon.png"/></f><f name="1" ><p name="40"  origin_x="19" origin_y="59" hand_x="0" hand_y="0" z="weaponOverArm" image="40.stand2.1.weapon.png"/></f><f name="2" ><p name="40"  origin_x="19" origin_y="59" hand_x="0" hand_y="0" z="weaponOverArm" image="40.stand2.2.weapon.png"/></f></s>
<s name="alert"><f name="0" ><p name="40"  origin_x="78" origin_y="12" hand_x="0" hand_y="0" handMove_x="-14" handMove_y="-6" z="weaponBelowArm" image="40.alert.0.weapon.png"/></f><f name="1" ><p name="40"  origin_x="77" origin_y="11" hand_x="0" hand_y="0" handMove_x="-15" handMove_y="-6" z="weaponBelowArm" image="40.alert.1.weapon.png"/></f><f name="2" ><p name="40"  origin_x="78" origin_y="10" hand_x="0" hand_y="0" handMove_x="-18" handMove_y="-3" z="weaponBelowArm" image="40.alert.2.weapon.png"/></f></s>
<s name="swingT1"><f name="0" ><p name="40"  origin_x="15" origin_y="26" navel_x="-9" navel_y="23" z="weaponBelowArm" image="40.swingT1.0.weapon.png"/></f><f name="1" ><p name="40"  origin_x="9" origin_y="75" navel_x="19" navel_y="12" z="weaponBelowArm" image="40.swingT1.1.weapon.png"/></f><f name="2" ><p name="40"  origin_x="76" origin_y="11" navel_x="16" navel_y="-12" z="weaponBelowBody" image="40.swingT1.2.weapon.png"/></f></s>
<s name="swingT2"><f name="0" ><p name="40"  origin_x="16" origin_y="46" navel_x="-8" navel_y="44" z="weaponBelowBody" image="40.swingT2.0.weapon.png"/></f><f name="1" ><p name="40"  origin_x="25" origin_y="77" navel_x="15" navel_y="5" z="weaponOverBody" image="40.swingT2.1.weapon.png"/></f><f name="2" ><p name="40"  origin_x="76" origin_y="10" navel_x="-5" navel_y="-6" z="weaponOverBody" image="40.swingT2.2.weapon.png"/></f></s>
<s name="swingT3"><f name="0" ><p name="40"  origin_x="16" origin_y="10" navel_x="-8" navel_y="-3" z="weaponOverBody" image="40.swingT3.0.weapon.png"/></f><f name="1" ><p name="40"  origin_x="17" origin_y="11" navel_x="-12" navel_y="-4" z="weaponOverBody" image="40.swingT3.1.weapon.png"/></f><f name="2" ><p name="40"  origin_x="23" origin_y="71" navel_x="11" navel_y="16" z="weaponBelowBody" image="40.swingT3.2.weapon.png"/></f></s>
<s name="swingTF"><f name="0" ><p name="40"  origin_x="12" origin_y="48" navel_x="1" navel_y="51" z="backWeapon" image="40.swingTF.0.weapon.png"/></f><f name="1" ><p name="40"  origin_x="13" origin_y="76" navel_x="-11" navel_y="14" z="weaponBelowBody" image="40.swingTF.1.weapon.png"/></f><f name="2" ><p name="40"  origin_x="14" origin_y="57" navel_x="3" navel_y="30" z="weaponBelowArm" image="40.swingTF.2.weapon.png"/></f><f name="3" ><p name="40"  origin_x="76" origin_y="11" navel_x="18" navel_y="-10" z="weaponBelowBody" image="40.swingTF.3.weapon.png"/></f></s>
<s name="stabO1"><f name="0" ><p name="40"  origin_x="79" origin_y="10" navel_x="-14" navel_y="-3" z="weapon" image="40.stabO1.0.weapon.png"/></f><f name="1" ><p name="40"  origin_x="79" origin_y="10" navel_x="26" navel_y="7" z="weapon" image="40.stabO1.1.weapon.png"/></f></s>
<s name="stabO2"><f name="0" ><p name="40"  origin_x="80" origin_y="9" navel_x="-11" navel_y="12" z="weaponBelowArm" image="40.stabO2.0.weapon.png"/></f><f name="1" ><p name="40"  origin_x="79" origin_y="9" navel_x="23" navel_y="7" z="weapon" image="40.stabO2.1.weapon.png"/></f></s>
<s name="stabOF"><f name="0" ><p name="40"  origin_x="79" origin_y="11" navel_x="-7" navel_y="1" z="weaponBelowArm" image="40.stabOF.0.weapon.png"/></f><f name="1" ><p name="40"  origin_x="45" origin_y="15" navel_x="23" navel_y="-6" z="weaponBelowArm" image="40.stabOF.1.weapon.png"/></f><f name="2" ><p name="40"  origin_x="84" origin_y="22" navel_x="23" navel_y="-6" z="weapon" image="40.stabOF.2.weapon.png"/></f></s>
<s name="proneStab"><f name="0" ><p name="40"  origin_x="80" origin_y="10" navel_x="9" navel_y="2" z="weaponBelowArm" image="40.proneStab.0.weapon.png"/></f><f name="1" ><p name="40"  origin_x="79" origin_y="10" navel_x="25" navel_y="1" z="weaponBelowArm" image="40.proneStab.1.weapon.png"/></f></s>
<s name="prone"><f name="0" ><p name="pointer"  pointer="40/proneStab/0/weapon"/></f></s>
<s name="fly"><f name="0" ><p name="40"  origin_x="14" origin_y="55" navel_x="-3" navel_y="9" z="weaponOverArm" image="40.fly.0.weapon.png"/></f><f name="1" ><p name="pointer"  pointer="40/fly/0/weapon"/></f></s>
<s name="jump"><f name="0" ><p name="40"  origin_x="14" origin_y="55" navel_x="-4" navel_y="8" z="weaponOverArm" image="40.jump.0.weapon.png"/></f></s>
</i>
