  <i name="4121009">
  <i name="effect">
    <i name="0">
      <i name="origin">
        <i name="x" value="80"/>
        <i name="y" value="77"/>
      </i>
      <i name="delay" value="60"/>
      <i name="image" value="4121009.effect.0.png"/>
    </i>
    <i name="1">
      <i name="origin">
        <i name="x" value="72"/>
        <i name="y" value="107"/>
      </i>
      <i name="delay" value="60"/>
      <i name="image" value="4121009.effect.1.png"/>
    </i>
    <i name="2">
      <i name="origin">
        <i name="x" value="77"/>
        <i name="y" value="147"/>
      </i>
      <i name="delay" value="60"/>
      <i name="image" value="4121009.effect.2.png"/>
    </i>
    <i name="3">
      <i name="origin">
        <i name="x" value="72"/>
        <i name="y" value="136"/>
      </i>
      <i name="delay" value="60"/>
      <i name="image" value="4121009.effect.3.png"/>
    </i>
    <i name="4">
      <i name="origin">
        <i name="x" value="73"/>
        <i name="y" value="113"/>
      </i>
      <i name="delay" value="60"/>
      <i name="image" value="4121009.effect.4.png"/>
    </i>
    <i name="5">
      <i name="origin">
        <i name="x" value="86"/>
        <i name="y" value="115"/>
      </i>
      <i name="delay" value="60"/>
      <i name="image" value="4121009.effect.5.png"/>
    </i>
    <i name="6">
      <i name="origin">
        <i name="x" value="97"/>
        <i name="y" value="123"/>
      </i>
      <i name="delay" value="60"/>
      <i name="image" value="4121009.effect.6.png"/>
    </i>
    <i name="7">
      <i name="origin">
        <i name="x" value="107"/>
        <i name="y" value="123"/>
      </i>
      <i name="delay" value="60"/>
      <i name="image" value="4121009.effect.7.png"/>
    </i>
    <i name="8">
      <i name="origin">
        <i name="x" value="111"/>
        <i name="y" value="127"/>
      </i>
      <i name="delay" value="60"/>
      <i name="image" value="4121009.effect.8.png"/>
    </i>
    <i name="9">
      <i name="origin">
        <i name="x" value="113"/>
        <i name="y" value="131"/>
      </i>
      <i name="delay" value="60"/>
      <i name="image" value="4121009.effect.9.png"/>
    </i>
    <i name="10">
      <i name="origin">
        <i name="x" value="81"/>
        <i name="y" value="-1"/>
      </i>
      <i name="delay" value="60"/>
      <i name="image" value="4121009.effect.10.png"/>
    </i>
  </i>
  </i>
