  <i name="05021017">
  <i name="info">
    <i name="icon">
      <i name="origin">
        <i name="x" value="3"/>
        <i name="y" value="32"/>
      </i>
      <i name="image" value="05021017.info.icon.png"/>
    </i>
    <i name="iconRaw">
      <i name="origin">
        <i name="x" value="3"/>
        <i name="y" value="32"/>
      </i>
      <i name="image" value="05021017.info.iconRaw.png"/>
    </i>
    <i name="cash" value="1"/>
  </i>
  <i name="bullet">
    <i name="0">
      <i name="origin">
        <i name="x" value="57"/>
        <i name="y" value="30"/>
      </i>
      <i name="image" value="05021017.bullet.0.png"/>
    </i>
    <i name="1">
      <i name="origin">
        <i name="x" value="93"/>
        <i name="y" value="28"/>
      </i>
      <i name="image" value="05021017.bullet.1.png"/>
    </i>
    <i name="2">
      <i name="origin">
        <i name="x" value="122"/>
        <i name="y" value="27"/>
      </i>
      <i name="image" value="05021017.bullet.2.png"/>
    </i>
    <i name="3">
      <i name="origin">
        <i name="x" value="191"/>
        <i name="y" value="30"/>
      </i>
      <i name="image" value="05021017.bullet.3.png"/>
    </i>
    <i name="4">
      <i name="origin">
        <i name="x" value="251"/>
        <i name="y" value="28"/>
      </i>
      <i name="image" value="05021017.bullet.4.png"/>
    </i>
    <i name="5">
      <i name="origin">
        <i name="x" value="319"/>
        <i name="y" value="28"/>
      </i>
      <i name="image" value="05021017.bullet.5.png"/>
    </i>
  </i>
  <i name="hit">
    <i name="0">
      <i name="origin">
        <i name="x" value="35"/>
        <i name="y" value="46"/>
      </i>
      <i name="delay" value="110"/>
      <i name="image" value="05021017.hit.0.png"/>
    </i>
    <i name="1">
      <i name="origin">
        <i name="x" value="69"/>
        <i name="y" value="32"/>
      </i>
      <i name="delay" value="110"/>
      <i name="image" value="05021017.hit.1.png"/>
    </i>
    <i name="2">
      <i name="origin">
        <i name="x" value="71"/>
        <i name="y" value="43"/>
      </i>
      <i name="delay" value="110"/>
      <i name="image" value="05021017.hit.2.png"/>
    </i>
    <i name="3">
      <i name="origin">
        <i name="x" value="67"/>
        <i name="y" value="63"/>
      </i>
      <i name="delay" value="110"/>
      <i name="image" value="05021017.hit.3.png"/>
    </i>
    <i name="4">
      <i name="origin">
        <i name="x" value="81"/>
        <i name="y" value="63"/>
      </i>
      <i name="delay" value="110"/>
      <i name="image" value="05021017.hit.4.png"/>
    </i>
    <i name="5">
      <i name="origin">
        <i name="x" value="81"/>
        <i name="y" value="62"/>
      </i>
      <i name="delay" value="110"/>
      <i name="image" value="05021017.hit.5.png"/>
    </i>
    <i name="6">
      <i name="origin">
        <i name="x" value="79"/>
        <i name="y" value="60"/>
      </i>
      <i name="delay" value="110"/>
      <i name="image" value="05021017.hit.6.png"/>
    </i>
  </i>
  </i>
