  <i name="4211005">
  <i name="action">
    <i name="0" value="alert4"/>
  </i>
  <i name="effect">
    <i name="0">
      <i name="origin">
        <i name="x" value="59"/>
        <i name="y" value="40"/>
      </i>
      <i name="delay" value="53"/>
      <i name="image" value="4211005.effect.0.png"/>
    </i>
    <i name="1">
      <i name="origin">
        <i name="x" value="55"/>
        <i name="y" value="75"/>
      </i>
      <i name="delay" value="53"/>
      <i name="image" value="4211005.effect.1.png"/>
    </i>
    <i name="2">
      <i name="origin">
        <i name="x" value="47"/>
        <i name="y" value="79"/>
      </i>
      <i name="delay" value="53"/>
      <i name="image" value="4211005.effect.2.png"/>
    </i>
    <i name="3">
      <i name="origin">
        <i name="x" value="55"/>
        <i name="y" value="77"/>
      </i>
      <i name="delay" value="53"/>
      <i name="image" value="4211005.effect.3.png"/>
    </i>
    <i name="4">
      <i name="origin">
        <i name="x" value="59"/>
        <i name="y" value="79"/>
      </i>
      <i name="delay" value="53"/>
      <i name="image" value="4211005.effect.4.png"/>
    </i>
    <i name="5">
      <i name="origin">
        <i name="x" value="57"/>
        <i name="y" value="77"/>
      </i>
      <i name="delay" value="53"/>
      <i name="image" value="4211005.effect.5.png"/>
    </i>
    <i name="6">
      <i name="origin">
        <i name="x" value="65"/>
        <i name="y" value="85"/>
      </i>
      <i name="delay" value="53"/>
      <i name="image" value="4211005.effect.6.png"/>
    </i>
    <i name="7">
      <i name="origin">
        <i name="x" value="65"/>
        <i name="y" value="85"/>
      </i>
      <i name="delay" value="53"/>
      <i name="image" value="4211005.effect.7.png"/>
    </i>
    <i name="8">
      <i name="origin">
        <i name="x" value="64"/>
        <i name="y" value="84"/>
      </i>
      <i name="delay" value="53"/>
      <i name="image" value="4211005.effect.8.png"/>
    </i>
    <i name="9">
      <i name="origin">
        <i name="x" value="64"/>
        <i name="y" value="84"/>
      </i>
      <i name="delay" value="53"/>
      <i name="image" value="4211005.effect.9.png"/>
    </i>
    <i name="10">
      <i name="origin">
        <i name="x" value="64"/>
        <i name="y" value="84"/>
      </i>
      <i name="delay" value="53"/>
      <i name="image" value="4211005.effect.10.png"/>
    </i>
    <i name="11">
      <i name="origin">
        <i name="x" value="63"/>
        <i name="y" value="83"/>
      </i>
      <i name="delay" value="53"/>
      <i name="image" value="4211005.effect.11.png"/>
    </i>
    <i name="12">
      <i name="origin">
        <i name="x" value="62"/>
        <i name="y" value="82"/>
      </i>
      <i name="delay" value="53"/>
      <i name="image" value="4211005.effect.12.png"/>
    </i>
    <i name="13">
      <i name="origin">
        <i name="x" value="53"/>
        <i name="y" value="72"/>
      </i>
      <i name="delay" value="53"/>
      <i name="image" value="4211005.effect.13.png"/>
    </i>
    <i name="14">
      <i name="origin">
        <i name="x" value="67"/>
        <i name="y" value="85"/>
      </i>
      <i name="delay" value="53"/>
      <i name="image" value="4211005.effect.14.png"/>
    </i>
    <i name="15">
      <i name="origin">
        <i name="x" value="82"/>
        <i name="y" value="99"/>
      </i>
      <i name="delay" value="53"/>
      <i name="image" value="4211005.effect.15.png"/>
    </i>
    <i name="16">
      <i name="origin">
        <i name="x" value="55"/>
        <i name="y" value="54"/>
      </i>
      <i name="delay" value="53"/>
      <i name="image" value="4211005.effect.16.png"/>
    </i>
  </i>
  <i name="special">
    <i name="0">
      <i name="origin">
        <i name="x" value="45"/>
        <i name="y" value="45"/>
      </i>
      <i name="delay" value="150"/>
      <i name="image" value="4211005.special.0.png"/>
    </i>
    <i name="1">
      <i name="origin">
        <i name="x" value="54"/>
        <i name="y" value="68"/>
      </i>
      <i name="delay" value="150"/>
      <i name="image" value="4211005.special.1.png"/>
    </i>
    <i name="2">
      <i name="origin">
        <i name="x" value="71"/>
        <i name="y" value="57"/>
      </i>
      <i name="delay" value="150"/>
      <i name="image" value="4211005.special.2.png"/>
    </i>
  </i>
  </i>
