<i>
<s name="walk1"><f name="0" ><p name="walk1"  origin_x="40" origin_y="66" navel_x="0" navel_y="0" z="backWing" image="walk1.0.cape.png"/></f><f name="1" ><p name="walk1"  origin_x="40" origin_y="63" navel_x="0" navel_y="0" z="backWing" image="walk1.1.cape.png"/></f><f name="2" ><p name="walk1"  origin_x="40" origin_y="65" navel_x="0" navel_y="0" z="backWing" image="walk1.2.cape.png"/></f><f name="3" ><p name="walk1"  origin_x="41" origin_y="65" navel_x="0" navel_y="0" z="backWing" image="walk1.3.cape.png"/></f></s>
<s name="walk2"><f name="0" ><p name="walk2"  origin_x="40" origin_y="66" navel_x="0" navel_y="0" z="backWing" image="walk2.0.cape.png"/></f><f name="1" ><p name="walk2"  origin_x="40" origin_y="63" navel_x="0" navel_y="0" z="backWing" image="walk2.1.cape.png"/></f><f name="2" ><p name="walk2"  origin_x="40" origin_y="65" navel_x="0" navel_y="0" z="backWing" image="walk2.2.cape.png"/></f><f name="3" ><p name="walk2"  origin_x="41" origin_y="65" navel_x="0" navel_y="0" z="backWing" image="walk2.3.cape.png"/></f></s>
<s name="stand1"><f name="0" ><p name="stand1"  origin_x="38" origin_y="66" navel_x="0" navel_y="0" z="backWing" image="stand1.0.cape.png"/></f><f name="1" ><p name="stand1"  origin_x="39" origin_y="68" navel_x="0" navel_y="0" z="backWing" image="stand1.1.cape.png"/></f><f name="2" ><p name="stand1"  origin_x="40" origin_y="68" navel_x="0" navel_y="0" z="backWing" image="stand1.2.cape.png"/></f></s>
<s name="stand2"><f name="0" ><p name="stand2"  origin_x="38" origin_y="66" navel_x="0" navel_y="0" z="backWing" image="stand2.0.cape.png"/></f><f name="1" ><p name="stand2"  origin_x="39" origin_y="68" navel_x="0" navel_y="0" z="backWing" image="stand2.1.cape.png"/></f><f name="2" ><p name="stand2"  origin_x="40" origin_y="68" navel_x="0" navel_y="0" z="backWing" image="stand2.2.cape.png"/></f></s>
<s name="alert"><f name="0" ><p name="alert"  origin_x="43" origin_y="66" navel_x="0" navel_y="0" z="backWing" image="alert.0.cape.png"/></f><f name="1" ><p name="alert"  origin_x="43" origin_y="66" navel_x="0" navel_y="0" z="backWing" image="alert.1.cape.png"/></f><f name="2" ><p name="alert"  origin_x="44" origin_y="67" navel_x="0" navel_y="0" z="backWing" image="alert.2.cape.png"/></f></s>
<s name="swingO1"><f name="0" ><p name="swingO1"  origin_x="45" origin_y="84" navel_x="0" navel_y="0" z="capeOverHead" image="swingO1.0.cape.png"/></f><f name="1" ><p name="swingO1"  origin_x="43" origin_y="79" navel_x="0" navel_y="0" z="capeOverHead" image="swingO1.1.cape.png"/></f><f name="2" ><p name="swingO1"  origin_x="43" origin_y="74" navel_x="0" navel_y="0" z="backWing" image="swingO1.2.cape.png"/></f></s>
<s name="swingO2"><f name="0" ><p name="swingO2"  origin_x="45" origin_y="74" navel_x="0" navel_y="0" z="backWing" image="swingO2.0.cape.png"/></f><f name="1" ><p name="swingO2"  origin_x="51" origin_y="65" navel_x="0" navel_y="0" z="backWing" image="swingO2.1.cape.png"/></f><f name="2" ><p name="swingO2"  origin_x="57" origin_y="73" navel_x="0" navel_y="0" z="backWing" image="swingO2.2.cape.png"/></f></s>
<s name="swingO3"><f name="0" ><p name="swingO3"  origin_x="53" origin_y="70" navel_x="0" navel_y="0" z="backWing" image="swingO3.0.cape.png"/></f><f name="1" ><p name="swingO3"  origin_x="46" origin_y="68" navel_x="0" navel_y="0" z="capeOverHead" image="swingO3.1.cape.png"/></f><f name="2" ><p name="swingO3"  origin_x="43" origin_y="72" navel_x="0" navel_y="0" z="capeOverHead" image="swingO3.2.cape.png"/></f></s>
<s name="swingOF"><f name="0" ><p name="swingOF"  origin_x="49" origin_y="71" navel_x="0" navel_y="0" z="backWing" image="swingOF.0.cape.png"/></f><f name="1" ><p name="swingOF"  origin_x="35" origin_y="64" navel_x="0" navel_y="0" z="capeOverHead" image="swingOF.1.cape.png"/></f><f name="2" ><p name="swingOF"  origin_x="43" origin_y="79" navel_x="0" navel_y="0" z="capeOverHead" image="swingOF.2.cape.png"/></f><f name="3" ><p name="swingOF"  origin_x="49" origin_y="69" navel_x="0" navel_y="0" z="backWing" image="swingOF.3.cape.png"/></f></s>
<s name="swingT1"><f name="0" ><p name="swingT1"  origin_x="20" origin_y="84" navel_x="0" navel_y="0" z="backWing" image="swingT1.0.cape.png"/></f><f name="1" ><p name="swingT1"  origin_x="54" origin_y="75" navel_x="0" navel_y="0" z="backWing" image="swingT1.1.cape.png"/></f><f name="2" ><p name="swingT1"  origin_x="54" origin_y="66" navel_x="0" navel_y="0" z="backWing" image="swingT1.2.cape.png"/></f></s>
<s name="swingT2"><f name="0" ><p name="swingT2"  origin_x="31" origin_y="84" navel_x="0" navel_y="0" z="capeOverHead" image="swingT2.0.cape.png"/></f><f name="1" ><p name="swingT2"  origin_x="37" origin_y="68" navel_x="0" navel_y="0" z="backWing" image="swingT2.1.cape.png"/></f><f name="2" ><p name="swingT2"  origin_x="48" origin_y="70" navel_x="0" navel_y="0" z="backWing" image="swingT2.2.cape.png"/></f></s>
<s name="swingT3"><f name="0" ><p name="swingT3"  origin_x="32" origin_y="73" navel_x="0" navel_y="0" z="backWing" image="swingT3.0.cape.png"/></f><f name="1" ><p name="swingT3"  origin_x="43" origin_y="66" navel_x="0" navel_y="0" z="backWing" image="swingT3.1.cape.png"/></f><f name="2" ><p name="swingT3"  origin_x="53" origin_y="69" navel_x="0" navel_y="0" z="capeOverHead" image="swingT3.2.cape.png"/></f></s>
<s name="swingTF"><f name="0" ><p name="swingTF"  origin_x="39" origin_y="64" navel_x="0" navel_y="0" z="capeOverHead" image="swingTF.0.cape.png"/></f><f name="1" ><p name="swingTF"  origin_x="33" origin_y="72" navel_x="0" navel_y="0" z="backWing" image="swingTF.1.cape.png"/></f><f name="2" ><p name="swingTF"  origin_x="36" origin_y="79" navel_x="0" navel_y="0" z="backWing" image="swingTF.2.cape.png"/></f><f name="3" ><p name="swingTF"  origin_x="57" origin_y="67" navel_x="0" navel_y="0" z="backWing" image="swingTF.3.cape.png"/></f></s>
<s name="swingP1"><f name="0" ><p name="swingP1"  origin_x="21" origin_y="85" navel_x="0" navel_y="0" z="backWing" image="swingP1.0.cape.png"/></f><f name="1" ><p name="swingP1"  origin_x="54" origin_y="76" navel_x="0" navel_y="0" z="backWing" image="swingP1.1.cape.png"/></f><f name="2" ><p name="swingP1"  origin_x="54" origin_y="67" navel_x="0" navel_y="0" z="backWing" image="swingP1.2.cape.png"/></f></s>
<s name="swingP2"><f name="0" ><p name="swingP2"  origin_x="30" origin_y="82" navel_x="0" navel_y="0" z="capeOverHead" image="swingP2.0.cape.png"/></f><f name="1" ><p name="swingP2"  origin_x="38" origin_y="68" navel_x="0" navel_y="0" z="backWing" image="swingP2.1.cape.png"/></f><f name="2" ><p name="swingP2"  origin_x="48" origin_y="70" navel_x="0" navel_y="0" z="backWing" image="swingP2.2.cape.png"/></f></s>
<s name="swingPF"><f name="0" ><p name="swingPF"  origin_x="36" origin_y="68" navel_x="0" navel_y="0" z="backWing" image="swingPF.0.cape.png"/></f><f name="1" ><p name="swingPF"  origin_x="40" origin_y="68" navel_x="0" navel_y="0" z="backWing" image="swingPF.1.cape.png"/></f><f name="2" ><p name="swingPF"  origin_x="32" origin_y="88" navel_x="0" navel_y="0" z="backWing" image="swingPF.2.cape.png"/></f><f name="3" ><p name="swingPF"  origin_x="56" origin_y="67" navel_x="0" navel_y="0" z="capeOverHead" image="swingPF.3.cape.png"/></f></s>
<s name="stabO1"><f name="0" ><p name="stabO1"  origin_x="40" origin_y="69" navel_x="0" navel_y="0" z="backWing" image="stabO1.0.cape.png"/></f><f name="1" ><p name="stabO1"  origin_x="55" origin_y="75" navel_x="0" navel_y="0" z="capeOverHead" image="stabO1.1.cape.png"/></f></s>
<s name="stabO2"><f name="0" ><p name="stabO2"  origin_x="41" origin_y="67" navel_x="0" navel_y="0" z="backWing" image="stabO2.0.cape.png"/></f><f name="1" ><p name="stabO2"  origin_x="56" origin_y="73" navel_x="0" navel_y="0" z="capeOverHead" image="stabO2.1.cape.png"/></f></s>
<s name="stabOF"><f name="0" ><p name="stabOF"  origin_x="42" origin_y="70" navel_x="0" navel_y="0" z="backWing" image="stabOF.0.cape.png"/></f><f name="1" ><p name="stabOF"  origin_x="50" origin_y="69" navel_x="0" navel_y="0" z="backWing" image="stabOF.1.cape.png"/></f><f name="2" ><p name="stabOF"  origin_x="51" origin_y="73" navel_x="0" navel_y="0" z="backWing" image="stabOF.2.cape.png"/></f></s>
<s name="stabT1"><f name="0" ><p name="stabT1"  origin_x="49" origin_y="66" navel_x="0" navel_y="0" z="backWing" image="stabT1.0.cape.png"/></f><f name="1" ><p name="stabT1"  origin_x="49" origin_y="63" navel_x="0" navel_y="0" z="backWing" image="stabT1.1.cape.png"/></f><f name="2" ><p name="stabT1"  origin_x="51" origin_y="67" navel_x="0" navel_y="0" z="backWing" image="stabT1.2.cape.png"/></f></s>
<s name="stabT2"><f name="0" ><p name="stabT2"  origin_x="47" origin_y="68" navel_x="0" navel_y="0" z="backWing" image="stabT2.0.cape.png"/></f><f name="1" ><p name="stabT2"  origin_x="53" origin_y="66" navel_x="0" navel_y="0" z="backWing" image="stabT2.1.cape.png"/></f><f name="2" ><p name="stabT2"  origin_x="54" origin_y="68" navel_x="0" navel_y="0" z="backWing" image="stabT2.2.cape.png"/></f></s>
<s name="stabTF"><f name="0" ><p name="pointer"  pointer="swingPF/0/cape"/></f><f name="1" ><p name="pointer"  pointer="swingPF/1/cape"/></f><f name="2" ><p name="stabTF"  origin_x="45" origin_y="45" navel_x="-8" navel_y="24" z="backWing" image="stabTF.2.cape.png"/></f><f name="3" ><p name="stabTF"  origin_x="40" origin_y="38" navel_x="12" navel_y="28" z="backWing" image="stabTF.3.cape.png"/></f></s>
<s name="shoot1"><f name="0" ><p name="shoot1"  origin_x="41" origin_y="70" navel_x="0" navel_y="0" z="backWing" image="shoot1.0.cape.png"/></f><f name="1" ><p name="shoot1"  origin_x="41" origin_y="68" navel_x="0" navel_y="0" z="backWing" image="shoot1.1.cape.png"/></f><f name="2" ><p name="pointer"  pointer="shoot1/1/cape"/></f></s>
<s name="shoot2"><f name="0" ><p name="shoot2"  origin_x="39" origin_y="70" navel_x="0" navel_y="0" z="backWing" image="shoot2.0.cape.png"/></f><f name="1" ><p name="shoot2"  origin_x="39" origin_y="71" navel_x="0" navel_y="0" z="backWing" image="shoot2.1.cape.png"/></f><f name="2" ><p name="pointer"  pointer="shoot2/0/cape"/></f><f name="3" ><p name="pointer"  pointer="shoot2/0/cape"/></f><f name="4" ><p name="shoot2"  origin_x="39" origin_y="68" navel_x="0" navel_y="0" z="backWing" image="shoot2.4.cape.png"/></f></s>
<s name="shootF"><f name="0" ><p name="shootF"  origin_x="47" origin_y="69" navel_x="0" navel_y="0" z="backWing" image="shootF.0.cape.png"/></f><f name="1" ><p name="shootF"  origin_x="44" origin_y="68" navel_x="0" navel_y="0" z="backWing" image="shootF.1.cape.png"/></f><f name="2" ><p name="pointer"  pointer="shootF/1/cape"/></f></s>
<s name="proneStab"><f name="0" ><p name="proneStab"  origin_x="58" origin_y="65" navel_x="0" navel_y="0" z="cape" image="proneStab.0.cape.png"/></f><f name="1" ><p name="proneStab"  origin_x="58" origin_y="67" navel_x="0" navel_y="0" z="cape" image="proneStab.1.cape.png"/></f></s>
<s name="prone"><f name="0" ><p name="pointer"  pointer="proneStab/0/cape"/></f></s>
<s name="heal"><f name="0" ><p name="pointer"  pointer="alert/1/cape"/></f><f name="1" ><p name="pointer"  pointer="swingO2/1/cape"/></f><f name="2" ><p name="pointer"  pointer="swingO2/0/cape"/></f></s>
<s name="fly"><f name="0" ><p name="fly"  origin_x="44" origin_y="74" navel_x="0" navel_y="0" z="backWing" image="fly.0.cape.png"/></f><f name="1" ><p name="fly"  origin_x="44" origin_y="73" navel_x="0" navel_y="0" z="backWing" image="fly.1.cape.png"/></f></s>
<s name="jump"><f name="0" ><p name="jump"  origin_x="48" origin_y="73" navel_x="0" navel_y="0" z="backWing" image="jump.0.cape.png"/></f></s>
<s name="sit"><f name="0" ><p name="sit"  origin_x="41" origin_y="67" navel_x="0" navel_y="0" z="backWing" image="sit.0.cape.png"/></f></s>
<s name="ladder"><f name="0" ><p name="ladder"  origin_x="42" origin_y="71" navel_x="0" navel_y="0" z="weaponOverGlove" image="ladder.0.cape.png"/></f><f name="1" ><p name="ladder"  origin_x="43" origin_y="67" navel_x="0" navel_y="0" z="weaponOverGlove" image="ladder.1.cape.png"/></f></s>
<s name="rope"><f name="0" ><p name="rope"  origin_x="40" origin_y="69" navel_x="0" navel_y="0" z="weaponOverGlove" image="rope.0.cape.png"/></f><f name="1" ><p name="rope"  origin_x="42" origin_y="70" navel_x="0" navel_y="0" z="weaponOverGlove" image="rope.1.cape.png"/></f></s>
</i>
