  <i name="2301004">
  <i name="effect">
    <i name="0">
      <i name="origin">
        <i name="x" value="29"/>
        <i name="y" value="14"/>
      </i>
      <i name="delay" value="90"/>
      <i name="image" value="2301004.effect.0.png"/>
    </i>
    <i name="1">
      <i name="origin">
        <i name="x" value="35"/>
        <i name="y" value="18"/>
      </i>
      <i name="delay" value="100"/>
      <i name="image" value="2301004.effect.1.png"/>
    </i>
    <i name="2">
      <i name="origin">
        <i name="x" value="38"/>
        <i name="y" value="25"/>
      </i>
      <i name="delay" value="110"/>
      <i name="image" value="2301004.effect.2.png"/>
    </i>
    <i name="3">
      <i name="origin">
        <i name="x" value="35"/>
        <i name="y" value="29"/>
      </i>
      <i name="delay" value="120"/>
      <i name="image" value="2301004.effect.3.png"/>
    </i>
    <i name="4">
      <i name="origin">
        <i name="x" value="42"/>
        <i name="y" value="326"/>
      </i>
      <i name="delay" value="80"/>
      <i name="image" value="2301004.effect.4.png"/>
    </i>
    <i name="5">
      <i name="origin">
        <i name="x" value="43"/>
        <i name="y" value="328"/>
      </i>
      <i name="delay" value="80"/>
      <i name="image" value="2301004.effect.5.png"/>
    </i>
    <i name="6">
      <i name="origin">
        <i name="x" value="46"/>
        <i name="y" value="326"/>
      </i>
      <i name="delay" value="80"/>
      <i name="image" value="2301004.effect.6.png"/>
    </i>
    <i name="7">
      <i name="origin">
        <i name="x" value="42"/>
        <i name="y" value="366"/>
      </i>
      <i name="delay" value="80"/>
      <i name="image" value="2301004.effect.7.png"/>
    </i>
    <i name="8">
      <i name="origin">
        <i name="x" value="38"/>
        <i name="y" value="354"/>
      </i>
      <i name="delay" value="80"/>
      <i name="image" value="2301004.effect.8.png"/>
    </i>
    <i name="9">
      <i name="origin">
        <i name="x" value="38"/>
        <i name="y" value="349"/>
      </i>
      <i name="delay" value="80"/>
      <i name="image" value="2301004.effect.9.png"/>
    </i>
    <i name="10">
      <i name="origin">
        <i name="x" value="37"/>
        <i name="y" value="326"/>
      </i>
      <i name="delay" value="300"/>
      <i name="a0" value="255"/>
      <i name="a1" value="0"/>
      <i name="image" value="2301004.effect.10.png"/>
    </i>
  </i>
  <i name="affected">
    <i name="0">
      <i name="origin">
        <i name="x" value="45"/>
        <i name="y" value="130"/>
      </i>
      <i name="delay" value="80"/>
      <i name="image" value="2301004.affected.0.png"/>
    </i>
    <i name="1">
      <i name="origin">
        <i name="x" value="47"/>
        <i name="y" value="125"/>
      </i>
      <i name="delay" value="80"/>
      <i name="image" value="2301004.affected.1.png"/>
    </i>
    <i name="2">
      <i name="origin">
        <i name="x" value="45"/>
        <i name="y" value="130"/>
      </i>
      <i name="delay" value="80"/>
      <i name="image" value="2301004.affected.2.png"/>
    </i>
    <i name="3">
      <i name="origin">
        <i name="x" value="47"/>
        <i name="y" value="125"/>
      </i>
      <i name="delay" value="80"/>
      <i name="image" value="2301004.affected.3.png"/>
    </i>
    <i name="4">
      <i name="origin">
        <i name="x" value="45"/>
        <i name="y" value="129"/>
      </i>
      <i name="delay" value="80"/>
      <i name="image" value="2301004.affected.4.png"/>
    </i>
    <i name="5">
      <i name="origin">
        <i name="x" value="47"/>
        <i name="y" value="123"/>
      </i>
      <i name="delay" value="80"/>
      <i name="image" value="2301004.affected.5.png"/>
    </i>
    <i name="6">
      <i name="origin">
        <i name="x" value="47"/>
        <i name="y" value="123"/>
      </i>
      <i name="delay" value="50"/>
      <i name="image" value="2301004.affected.6.png"/>
    </i>
    <i name="7">
      <i name="origin">
        <i name="x" value="45"/>
        <i name="y" value="127"/>
      </i>
      <i name="delay" value="60"/>
      <i name="image" value="2301004.affected.7.png"/>
    </i>
    <i name="8">
      <i name="origin">
        <i name="x" value="45"/>
        <i name="y" value="127"/>
      </i>
      <i name="delay" value="80"/>
      <i name="image" value="2301004.affected.8.png"/>
    </i>
    <i name="9">
      <i name="origin">
        <i name="x" value="47"/>
        <i name="y" value="121"/>
      </i>
      <i name="delay" value="80"/>
      <i name="image" value="2301004.affected.9.png"/>
    </i>
    <i name="10">
      <i name="origin">
        <i name="x" value="47"/>
        <i name="y" value="121"/>
      </i>
      <i name="delay" value="300"/>
      <i name="a0" value="255"/>
      <i name="a1" value="0"/>
      <i name="image" value="2301004.affected.10.png"/>
    </i>
  </i>
  </i>
