<i>
<s name="info"><f name="icon" ><p name="info"  image="info.icon.png"/></f><f name="iconRaw" ><p name="info"  origin_x="0" origin_y="23" image="info.iconRaw.png"/></f><f name="iconD" ><p name="info"  origin_x="0" origin_y="29" image="info.iconD.png"/></f><f name="iconRawD" ><p name="info"  origin_x="0" origin_y="29" image="info.iconRawD.png"/></f></s>
<s name="stand0"><f name="0" delay="120" ><p name="stand0"  origin_x="24" origin_y="30" lt_x="-19" lt_y="-30" rb_x="29" rb_y="0" image="stand0.0.png"/></f><f name="1" delay="60" ><p name="stand0"  origin_x="24" origin_y="30" lt_x="-19" lt_y="-30" rb_x="25" rb_y="0" image="stand0.1.png"/></f><f name="2" delay="120" ><p name="stand0"  origin_x="24" origin_y="30" lt_x="-19" lt_y="-30" rb_x="30" rb_y="0" image="stand0.2.png"/></f></s>
<s name="stand1"><f name="0" delay="120" ><p name="stand1"  origin_x="24" origin_y="29" lt_x="-19" lt_y="-29" rb_x="29" rb_y="0" image="stand1.0.png"/></f><f name="1" delay="60" ><p name="stand1"  origin_x="24" origin_y="30" lt_x="-19" lt_y="-30" rb_x="29" rb_y="0" image="stand1.1.png"/></f><f name="2" delay="120" ><p name="stand1"  origin_x="24" origin_y="31" lt_x="-19" lt_y="-31" rb_x="25" rb_y="0" image="stand1.2.png"/></f></s>
<s name="hungry"><f name="0" delay="1200" ><p name="hungry"  origin_x="26" origin_y="29" lt_x="-22" lt_y="-29" rb_x="24" rb_y="0" image="hungry.0.png"/></f></s>
<s name="move"><f name="0" delay="120" ><p name="move"  origin_x="24" origin_y="31" lt_x="-24" lt_y="-31" rb_x="23" rb_y="0" image="move.0.png"/></f><f name="1" delay="100" ><p name="move"  origin_x="24" origin_y="29" lt_x="-24" lt_y="-29" rb_x="24" rb_y="0" image="move.1.png"/></f><f name="2" delay="120" ><p name="move"  origin_x="25" origin_y="28" lt_x="-25" lt_y="-28" rb_x="25" rb_y="0" image="move.2.png"/></f></s>
<s name="jump"><f name="0" ><p name="jump"  origin_x="24" origin_y="27" lt_x="-24" lt_y="-27" rb_x="24" rb_y="0" image="jump.0.png"/></f></s>
<s name="rest0"><f name="0" delay="70" ><p name="rest0"  origin_x="24" origin_y="31" lt_x="-22" lt_y="-31" rb_x="23" rb_y="0" image="rest0.0.png"/></f><f name="1" delay="70" ><p name="rest0"  origin_x="24" origin_y="31" lt_x="-22" lt_y="-31" rb_x="23" rb_y="0" image="rest0.1.png"/></f><f name="2" delay="70" ><p name="rest0"  origin_x="24" origin_y="31" lt_x="-22" lt_y="-31" rb_x="22" rb_y="0" image="rest0.2.png"/></f></s>
<s name="chat"><f name="0" delay="3000" ><p name="chat"  origin_x="24" origin_y="30" lt_x="-24" lt_y="-30" rb_x="24" rb_y="0" image="chat.0.png"/></f></s>
<s name="angry"><f name="0" delay="150" ><p name="angry"  origin_x="24" origin_y="26" lt_x="-24" lt_y="-26" rb_x="23" rb_y="0" image="angry.0.png"/></f><f name="1" delay="200" ><p name="angry"  origin_x="24" origin_y="26" lt_x="-24" lt_y="-26" rb_x="23" rb_y="0" image="angry.1.png"/></f><f name="2" ><p name="pointer"  pointer="angry/0"/></f><f name="3" ><p name="pointer"  pointer="angry/1"/></f><f name="4" ><p name="pointer"  pointer="angry/0"/></f><f name="5" ><p name="pointer"  pointer="angry/1"/></f><f name="6" ><p name="pointer"  pointer="angry/0"/></f><f name="7" ><p name="pointer"  pointer="angry/1"/></f><f name="8" ><p name="pointer"  pointer="angry/0"/></f><f name="9" ><p name="pointer"  pointer="angry/1"/></f><f name="10" ><p name="pointer"  pointer="angry/0"/></f><f name="11" ><p name="pointer"  pointer="angry/1"/></f><f name="12" ><p name="pointer"  pointer="angry/0"/></f><f name="13" ><p name="pointer"  pointer="angry/1"/></f><f name="14" ><p name="pointer"  pointer="angry/0"/></f><f name="15" ><p name="pointer"  pointer="angry/1"/></f></s>
<s name="hang"><f name="0" ><p name="hang"  origin_x="18" origin_y="56" lt_x="-20" lt_y="-56" rb_x="16" rb_y="-11" image="hang.0.png"/></f></s>
<s name="rise"><f name="0" delay="1000" ><p name="rise"  origin_x="19" origin_y="43" lt_x="-19" lt_y="-43" rb_x="19" rb_y="0" image="rise.0.png"/></f><f name="1" delay="100" ><p name="rise"  origin_x="19" origin_y="43" lt_x="-19" lt_y="-43" rb_x="18" rb_y="0" image="rise.1.png"/></f><f name="2" delay="150" ><p name="rise"  origin_x="19" origin_y="43" lt_x="-19" lt_y="-43" rb_x="19" rb_y="0" image="rise.2.png"/></f><f name="3" ><p name="pointer"  pointer="rise/1"/></f><f name="4" ><p name="pointer"  pointer="rise/0"/></f></s>
<s name="prone"><f name="0" delay="3000" ><p name="prone"  origin_x="24" origin_y="28" lt_x="-24" lt_y="-28" rb_x="24" rb_y="0" image="prone.0.png"/></f></s>
<s name="cry"><f name="0" delay="200" ><p name="cry"  origin_x="24" origin_y="31" lt_x="-22" lt_y="-31" rb_x="22" rb_y="0" image="cry.0.png"/></f><f name="1" delay="200" ><p name="cry"  origin_x="24" origin_y="31" lt_x="-22" lt_y="-31" rb_x="22" rb_y="0" image="cry.1.png"/></f><f name="2" ><p name="pointer"  pointer="cry/0"/></f><f name="3" ><p name="pointer"  pointer="cry/1"/></f><f name="4" ><p name="pointer"  pointer="cry/0"/></f><f name="5" ><p name="pointer"  pointer="cry/1"/></f><f name="6" ><p name="pointer"  pointer="cry/0"/></f><f name="7" ><p name="pointer"  pointer="cry/1"/></f><f name="8" ><p name="pointer"  pointer="cry/0"/></f><f name="9" ><p name="pointer"  pointer="cry/1"/></f><f name="10" ><p name="pointer"  pointer="cry/0"/></f><f name="11" ><p name="pointer"  pointer="cry/1"/></f><f name="12" ><p name="pointer"  pointer="cry/0"/></f><f name="13" ><p name="pointer"  pointer="cry/1"/></f></s>
<s name="nap"><f name="0" delay="1300" ><p name="nap"  origin_x="29" origin_y="21" lt_x="-25" lt_y="-21" rb_x="26" rb_y="4" image="nap.0.png"/></f><f name="1" delay="80" ><p name="nap"  origin_x="29" origin_y="21" lt_x="-25" lt_y="-21" rb_x="26" rb_y="4" image="nap.1.png"/></f><f name="2" delay="100" ><p name="nap"  origin_x="29" origin_y="21" lt_x="-25" lt_y="-21" rb_x="26" rb_y="4" image="nap.2.png"/></f><f name="3" ><p name="pointer"  pointer="nap/0"/></f><f name="4" ><p name="pointer"  pointer="nap/1"/></f><f name="5" ><p name="pointer"  pointer="nap/2"/></f></s>
<s name="dung"><f name="0" delay="150" ><p name="dung"  origin_x="24" origin_y="29" lt_x="-27" lt_y="-29" rb_x="21" rb_y="0" image="dung.0.png"/></f><f name="1" delay="150" ><p name="dung"  origin_x="24" origin_y="29" lt_x="-27" lt_y="-29" rb_x="21" rb_y="0" image="dung.1.png"/></f><f name="2" ><p name="pointer"  pointer="dung/0"/></f><f name="3" ><p name="pointer"  pointer="dung/1"/></f><f name="4" ><p name="pointer"  pointer="dung/0"/></f><f name="5" ><p name="pointer"  pointer="dung/1"/></f><f name="6" ><p name="pointer"  pointer="dung/0"/></f><f name="7" ><p name="pointer"  pointer="dung/1"/></f><f name="8" ><p name="pointer"  pointer="dung/0"/></f><f name="9" ><p name="pointer"  pointer="dung/1"/></f><f name="10" ><p name="pointer"  pointer="dung/0"/></f><f name="11" ><p name="pointer"  pointer="dung/1"/></f><f name="12" ><p name="pointer"  pointer="dung/0"/></f><f name="13" ><p name="pointer"  pointer="dung/1"/></f><f name="14" ><p name="pointer"  pointer="dung/0"/></f><f name="15" ><p name="pointer"  pointer="dung/1"/></f><f name="16" ><p name="pointer"  pointer="dung/0"/></f><f name="17" ><p name="pointer"  pointer="dung/1"/></f><f name="18" ><p name="pointer"  pointer="dung/0"/></f><f name="19" ><p name="pointer"  pointer="dung/1"/></f></s>
<s name="tedious"><f name="0" delay="1000" ><p name="tedious"  origin_x="24" origin_y="31" lt_x="-24" lt_y="-31" rb_x="20" rb_y="0" image="tedious.0.png"/></f><f name="1" delay="150" ><p name="tedious"  origin_x="24" origin_y="31" lt_x="-24" lt_y="-31" rb_x="20" rb_y="0" image="tedious.1.png"/></f><f name="2" delay="150" ><p name="tedious"  origin_x="24" origin_y="31" lt_x="-24" lt_y="-31" rb_x="20" rb_y="0" image="tedious.2.png"/></f><f name="3" ><p name="pointer"  pointer="tedious/1"/></f><f name="4" ><p name="pointer"  pointer="tedious/2"/></f><f name="5" ><p name="pointer"  pointer="tedious/1"/></f><f name="6" ><p name="pointer"  pointer="tedious/2"/></f><f name="7" ><p name="pointer"  pointer="tedious/0"/></f></s>
<s name="fly"><f name="0" delay="250" ><p name="fly"  origin_x="25" origin_y="27" lt_x="-19" lt_y="-29" rb_x="29" rb_y="0" image="fly.0.png"/></f><f name="1" delay="250" ><p name="fly"  origin_x="27" origin_y="28" lt_x="-19" lt_y="-30" rb_x="29" rb_y="0" image="fly.1.png"/></f></s>
</i>
