<i name="5000002">
<i name="stand0">
<i name="0">
<i name="origin">
<i name="x" value="13"/>
<i name="y" value="43"/>
</i>
<i name="image" value="5000002.stand0.0.png"/>
</i>
<i name="1">
<i name="pointer" value="5000002/stand0/0"/>
</i>
<i name="2">
<i name="pointer" value="5000002/stand0/0"/>
</i>
</i>
<i name="stand1">
<i name="0">
<i name="origin">
<i name="x" value="13"/>
<i name="y" value="43"/>
</i>
<i name="image" value="5000002.stand1.0.png"/>
</i>
<i name="1">
<i name="pointer" value="5000002/stand1/0"/>
</i>
<i name="2">
<i name="pointer" value="5000002/stand1/0"/>
</i>
</i>
<i name="hungry">
<i name="0">
<i name="origin">
<i name="x" value="13"/>
<i name="y" value="41"/>
</i>
<i name="image" value="5000002.hungry.0.png"/>
</i>
</i>
<i name="move">
<i name="0">
<i name="origin">
<i name="x" value="13"/>
<i name="y" value="43"/>
</i>
<i name="image" value="5000002.move.0.png"/>
</i>
<i name="1">
<i name="origin">
<i name="x" value="13"/>
<i name="y" value="43"/>
</i>
<i name="image" value="5000002.move.1.png"/>
</i>
<i name="2">
<i name="origin">
<i name="x" value="13"/>
<i name="y" value="51"/>
</i>
<i name="image" value="5000002.move.2.png"/>
</i>
<i name="3">
<i name="origin">
<i name="x" value="13"/>
<i name="y" value="44"/>
</i>
<i name="image" value="5000002.move.3.png"/>
</i>
</i>
<i name="jump">
<i name="0">
<i name="origin">
<i name="x" value="13"/>
<i name="y" value="43"/>
</i>
<i name="image" value="5000002.jump.0.png"/>
</i>
</i>
<i name="rest0">
<i name="0">
<i name="origin">
<i name="x" value="14"/>
<i name="y" value="41"/>
</i>
<i name="image" value="5000002.rest0.0.png"/>
</i>
<i name="1">
<i name="pointer" value="5000002/rest0/0"/>
</i>
<i name="2">
<i name="pointer" value="5000002/rest0/0"/>
</i>
</i>
<i name="chat">
<i name="0">
<i name="origin">
<i name="x" value="13"/>
<i name="y" value="43"/>
</i>
<i name="image" value="5000002.chat.0.png"/>
</i>
<i name="1">
<i name="pointer" value="5000002/chat/0"/>
</i>
<i name="2">
<i name="pointer" value="5000002/chat/0"/>
</i>
<i name="3">
<i name="pointer" value="5000002/chat/0"/>
</i>
<i name="4">
<i name="pointer" value="5000002/chat/0"/>
</i>
<i name="5">
<i name="pointer" value="5000002/chat/0"/>
</i>
<i name="6">
<i name="pointer" value="5000002/chat/0"/>
</i>
<i name="7">
<i name="pointer" value="5000002/chat/0"/>
</i>
<i name="8">
<i name="pointer" value="5000002/chat/0"/>
</i>
<i name="9">
<i name="pointer" value="5000002/chat/0"/>
</i>
<i name="10">
<i name="pointer" value="5000002/chat/0"/>
</i>
<i name="11">
<i name="pointer" value="5000002/chat/0"/>
</i>
<i name="12">
<i name="pointer" value="5000002/chat/0"/>
</i>
<i name="13">
<i name="pointer" value="5000002/chat/0"/>
</i>
<i name="14">
<i name="pointer" value="5000002/chat/0"/>
</i>
<i name="15">
<i name="pointer" value="5000002/chat/0"/>
</i>
</i>
<i name="angry">
<i name="0">
<i name="origin">
<i name="x" value="13"/>
<i name="y" value="44"/>
</i>
<i name="image" value="5000002.angry.0.png"/>
</i>
<i name="1">
<i name="pointer" value="5000002/angry/0"/>
</i>
<i name="2">
<i name="pointer" value="5000002/angry/0"/>
</i>
<i name="3">
<i name="pointer" value="5000002/angry/0"/>
</i>
<i name="4">
<i name="pointer" value="5000002/angry/0"/>
</i>
<i name="5">
<i name="pointer" value="5000002/angry/0"/>
</i>
<i name="6">
<i name="pointer" value="5000002/angry/0"/>
</i>
<i name="7">
<i name="pointer" value="5000002/angry/0"/>
</i>
<i name="8">
<i name="pointer" value="5000002/angry/0"/>
</i>
<i name="9">
<i name="pointer" value="5000002/angry/0"/>
</i>
<i name="10">
<i name="pointer" value="5000002/angry/0"/>
</i>
<i name="11">
<i name="pointer" value="5000002/angry/0"/>
</i>
<i name="12">
<i name="pointer" value="5000002/angry/0"/>
</i>
<i name="13">
<i name="pointer" value="5000002/angry/0"/>
</i>
<i name="14">
<i name="pointer" value="5000002/angry/0"/>
</i>
<i name="15">
<i name="pointer" value="5000002/angry/0"/>
</i>
</i>
<i name="hang">
<i name="0">
<i name="origin">
<i name="x" value="12"/>
<i name="y" value="60"/>
</i>
<i name="image" value="5000002.hang.0.png"/>
</i>
</i>
<i name="hug">
<i name="0">
<i name="origin">
<i name="x" value="8"/>
<i name="y" value="50"/>
</i>
<i name="image" value="5000002.hug.0.png"/>
</i>
</i>
<i name="rise">
<i name="0">
<i name="origin">
<i name="x" value="6"/>
<i name="y" value="49"/>
</i>
<i name="image" value="5000002.rise.0.png"/>
</i>
</i>
<i name="dung">
<i name="0">
<i name="origin">
<i name="x" value="15"/>
<i name="y" value="43"/>
</i>
<i name="image" value="5000002.dung.0.png"/>
</i>
</i>
<i name="cry">
<i name="0">
<i name="origin">
<i name="x" value="13"/>
<i name="y" value="41"/>
</i>
<i name="image" value="5000002.cry.0.png"/>
</i>
</i>
<i name="nap">
<i name="0">
<i name="origin">
<i name="x" value="13"/>
<i name="y" value="39"/>
</i>
<i name="image" value="5000002.nap.0.png"/>
</i>
<i name="1">
<i name="pointer" value="5000002/nap/0"/>
</i>
<i name="2">
<i name="pointer" value="5000002/nap/0"/>
</i>
<i name="3">
<i name="pointer" value="5000002/nap/0"/>
</i>
<i name="4">
<i name="pointer" value="5000002/nap/0"/>
</i>
<i name="5">
<i name="pointer" value="5000002/nap/0"/>
</i>
<i name="6">
<i name="pointer" value="5000002/nap/0"/>
</i>
<i name="7">
<i name="pointer" value="5000002/nap/0"/>
</i>
<i name="8">
<i name="pointer" value="5000002/nap/0"/>
</i>
</i>
<i name="prone">
<i name="0">
<i name="origin">
<i name="x" value="16"/>
<i name="y" value="36"/>
</i>
<i name="image" value="5000002.prone.0.png"/>
</i>
<i name="1">
<i name="pointer" value="5000002/prone/0"/>
</i>
<i name="2">
<i name="pointer" value="5000002/prone/0"/>
</i>
<i name="3">
<i name="pointer" value="5000002/prone/0"/>
</i>
<i name="4">
<i name="pointer" value="5000002/prone/0"/>
</i>
<i name="5">
<i name="pointer" value="5000002/prone/0"/>
</i>
<i name="6">
<i name="pointer" value="5000002/prone/0"/>
</i>
<i name="7">
<i name="pointer" value="5000002/prone/0"/>
</i>
<i name="8">
<i name="pointer" value="5000002/prone/0"/>
</i>
</i>
<i name="donno">
<i name="0">
<i name="origin">
<i name="x" value="13"/>
<i name="y" value="43"/>
</i>
<i name="image" value="5000002.donno.0.png"/>
</i>
<i name="1">
<i name="origin">
<i name="x" value="13"/>
<i name="y" value="42"/>
</i>
<i name="image" value="5000002.donno.1.png"/>
</i>
<i name="2">
<i name="origin">
<i name="x" value="13"/>
<i name="y" value="41"/>
</i>
<i name="image" value="5000002.donno.2.png"/>
</i>
<i name="3">
<i name="pointer" value="5000002/donno/0"/>
</i>
<i name="4">
<i name="pointer" value="5000002/donno/1"/>
</i>
<i name="5">
<i name="pointer" value="5000002/donno/2"/>
</i>
</i>
<i name="complain">
<i name="0">
<i name="origin">
<i name="x" value="5"/>
<i name="y" value="49"/>
</i>
<i name="image" value="5000002.complain.0.png"/>
</i>
<i name="1">
<i name="origin">
<i name="x" value="4"/>
<i name="y" value="49"/>
</i>
<i name="image" value="5000002.complain.1.png"/>
</i>
<i name="2">
<i name="origin">
<i name="x" value="6"/>
<i name="y" value="49"/>
</i>
<i name="image" value="5000002.complain.2.png"/>
</i>
<i name="3">
<i name="pointer" value="5000002/complain/1"/>
</i>
<i name="4">
<i name="pointer" value="5000002/complain/2"/>
</i>
<i name="5">
<i name="pointer" value="5000002/complain/1"/>
</i>
<i name="6">
<i name="pointer" value="5000002/complain/2"/>
</i>
<i name="7">
<i name="pointer" value="5000002/complain/0"/>
</i>
<i name="8">
<i name="pointer" value="5000002/complain/1"/>
</i>
<i name="9">
<i name="pointer" value="5000002/complain/2"/>
</i>
<i name="10">
<i name="pointer" value="5000002/complain/1"/>
</i>
<i name="11">
<i name="pointer" value="5000002/complain/2"/>
</i>
<i name="12">
<i name="pointer" value="5000002/complain/1"/>
</i>
<i name="13">
<i name="pointer" value="5000002/complain/2"/>
</i>
</i>
<i name="fly">
<i name="0">
<i name="origin">
<i name="x" value="14"/>
<i name="y" value="44"/>
</i>
<i name="image" value="5000002.fly.0.png"/>
</i>
<i name="1">
<i name="origin">
<i name="x" value="15"/>
<i name="y" value="45"/>
</i>
<i name="image" value="5000002.fly.1.png"/>
</i>
</i>
</i>