  <i name="4121004">
  <i name="effect">
    <i name="0">
      <i name="origin">
        <i name="x" value="43"/>
        <i name="y" value="49"/>
      </i>
      <i name="delay" value="90"/>
      <i name="image" value="4121004.effect.0.png"/>
    </i>
    <i name="1">
      <i name="origin">
        <i name="x" value="73"/>
        <i name="y" value="50"/>
      </i>
      <i name="delay" value="90"/>
      <i name="image" value="4121004.effect.1.png"/>
    </i>
    <i name="2">
      <i name="origin">
        <i name="x" value="97"/>
        <i name="y" value="56"/>
      </i>
      <i name="delay" value="90"/>
      <i name="image" value="4121004.effect.2.png"/>
    </i>
    <i name="3">
      <i name="origin">
        <i name="x" value="117"/>
        <i name="y" value="65"/>
      </i>
      <i name="delay" value="90"/>
      <i name="image" value="4121004.effect.3.png"/>
    </i>
    <i name="4">
      <i name="origin">
        <i name="x" value="132"/>
        <i name="y" value="66"/>
      </i>
      <i name="delay" value="90"/>
      <i name="image" value="4121004.effect.4.png"/>
    </i>
    <i name="5">
      <i name="origin">
        <i name="x" value="137"/>
        <i name="y" value="68"/>
      </i>
      <i name="delay" value="90"/>
      <i name="image" value="4121004.effect.5.png"/>
    </i>
    <i name="6">
      <i name="origin">
        <i name="x" value="143"/>
        <i name="y" value="68"/>
      </i>
      <i name="delay" value="90"/>
      <i name="image" value="4121004.effect.6.png"/>
    </i>
    <i name="7">
      <i name="origin">
        <i name="x" value="139"/>
        <i name="y" value="53"/>
      </i>
      <i name="delay" value="90"/>
      <i name="image" value="4121004.effect.7.png"/>
    </i>
    <i name="8">
      <i name="origin">
        <i name="x" value="139"/>
        <i name="y" value="54"/>
      </i>
      <i name="delay" value="90"/>
      <i name="image" value="4121004.effect.8.png"/>
    </i>
    <i name="9">
      <i name="origin">
        <i name="x" value="139"/>
        <i name="y" value="55"/>
      </i>
      <i name="delay" value="90"/>
      <i name="image" value="4121004.effect.9.png"/>
    </i>
    <i name="10">
      <i name="origin">
        <i name="x" value="139"/>
        <i name="y" value="56"/>
      </i>
      <i name="delay" value="90"/>
      <i name="image" value="4121004.effect.10.png"/>
    </i>
    <i name="11">
      <i name="origin">
        <i name="x" value="139"/>
        <i name="y" value="55"/>
      </i>
      <i name="delay" value="90"/>
      <i name="image" value="4121004.effect.11.png"/>
    </i>
    <i name="12">
      <i name="origin">
        <i name="x" value="139"/>
        <i name="y" value="55"/>
      </i>
      <i name="delay" value="90"/>
      <i name="image" value="4121004.effect.12.png"/>
    </i>
    <i name="13">
      <i name="origin">
        <i name="x" value="139"/>
        <i name="y" value="55"/>
      </i>
      <i name="delay" value="90"/>
      <i name="image" value="4121004.effect.13.png"/>
    </i>
    <i name="14">
      <i name="origin">
        <i name="x" value="144"/>
        <i name="y" value="54"/>
      </i>
      <i name="delay" value="90"/>
      <i name="image" value="4121004.effect.14.png"/>
    </i>
    <i name="15">
      <i name="origin">
        <i name="x" value="146"/>
        <i name="y" value="81"/>
      </i>
      <i name="delay" value="90"/>
      <i name="image" value="4121004.effect.15.png"/>
    </i>
    <i name="16">
      <i name="origin">
        <i name="x" value="146"/>
        <i name="y" value="90"/>
      </i>
      <i name="delay" value="90"/>
      <i name="image" value="4121004.effect.16.png"/>
    </i>
    <i name="17">
      <i name="origin">
        <i name="x" value="142"/>
        <i name="y" value="100"/>
      </i>
      <i name="delay" value="90"/>
      <i name="image" value="4121004.effect.17.png"/>
    </i>
    <i name="18">
      <i name="origin">
        <i name="x" value="140"/>
        <i name="y" value="109"/>
      </i>
      <i name="delay" value="90"/>
      <i name="image" value="4121004.effect.18.png"/>
    </i>
  </i>
  <i name="mob">
    <i name="0">
      <i name="origin">
        <i name="x" value="36"/>
        <i name="y" value="53"/>
      </i>
      <i name="delay" value="60"/>
      <i name="image" value="4121004.mob.0.png"/>
    </i>
  </i>
  <i name="mob0">
    <i name="0">
      <i name="origin">
        <i name="x" value="18"/>
        <i name="y" value="72"/>
      </i>
      <i name="delay" value="80"/>
      <i name="image" value="4121004.mob0.0.png"/>
    </i>
    <i name="1">
      <i name="origin">
        <i name="x" value="17"/>
        <i name="y" value="66"/>
      </i>
      <i name="delay" value="80"/>
      <i name="image" value="4121004.mob0.1.png"/>
    </i>
    <i name="2">
      <i name="origin">
        <i name="x" value="27"/>
        <i name="y" value="57"/>
      </i>
      <i name="delay" value="80"/>
      <i name="image" value="4121004.mob0.2.png"/>
    </i>
    <i name="3">
      <i name="origin">
        <i name="x" value="35"/>
        <i name="y" value="51"/>
      </i>
      <i name="delay" value="80"/>
      <i name="image" value="4121004.mob0.3.png"/>
    </i>
    <i name="4">
      <i name="origin">
        <i name="x" value="41"/>
        <i name="y" value="47"/>
      </i>
      <i name="delay" value="80"/>
      <i name="image" value="4121004.mob0.4.png"/>
    </i>
    <i name="5">
      <i name="origin">
        <i name="x" value="46"/>
        <i name="y" value="42"/>
      </i>
      <i name="delay" value="80"/>
      <i name="image" value="4121004.mob0.5.png"/>
    </i>
    <i name="6">
      <i name="origin">
        <i name="x" value="96"/>
        <i name="y" value="72"/>
      </i>
      <i name="delay" value="80"/>
      <i name="image" value="4121004.mob0.6.png"/>
    </i>
    <i name="7">
      <i name="origin">
        <i name="x" value="84"/>
        <i name="y" value="67"/>
      </i>
      <i name="delay" value="80"/>
      <i name="image" value="4121004.mob0.7.png"/>
    </i>
    <i name="8">
      <i name="origin">
        <i name="x" value="74"/>
        <i name="y" value="57"/>
      </i>
      <i name="delay" value="80"/>
      <i name="image" value="4121004.mob0.8.png"/>
    </i>
    <i name="9">
      <i name="origin">
        <i name="x" value="66"/>
        <i name="y" value="49"/>
      </i>
      <i name="delay" value="80"/>
      <i name="image" value="4121004.mob0.9.png"/>
    </i>
    <i name="10">
      <i name="origin">
        <i name="x" value="60"/>
        <i name="y" value="44"/>
      </i>
      <i name="delay" value="80"/>
      <i name="image" value="4121004.mob0.10.png"/>
    </i>
    <i name="11">
      <i name="origin">
        <i name="x" value="55"/>
        <i name="y" value="43"/>
      </i>
      <i name="delay" value="80"/>
      <i name="image" value="4121004.mob0.11.png"/>
    </i>
    <i name="12">
      <i name="origin">
        <i name="x" value="40"/>
        <i name="y" value="29"/>
      </i>
      <i name="delay" value="80"/>
      <i name="image" value="4121004.mob0.12.png"/>
    </i>
  </i>
  </i>
