<i name="5000011">
<i name="stand0">
<i name="0">
<i name="origin">
<i name="x" value="18"/>
<i name="y" value="51"/>
</i>
<i name="image" value="5000011.stand0.0.png"/>
</i>
<i name="1">
<i name="pointer" value="5000011/stand0/0"/>
</i>
<i name="2">
<i name="pointer" value="5000011/stand0/0"/>
</i>
<i name="3">
<i name="pointer" value="5000011/stand0/0"/>
</i>
</i>
<i name="stand1">
<i name="0">
<i name="origin">
<i name="x" value="18"/>
<i name="y" value="51"/>
</i>
<i name="image" value="5000011.stand1.0.png"/>
</i>
<i name="1">
<i name="pointer" value="5000011/stand1/0"/>
</i>
<i name="2">
<i name="pointer" value="5000011/stand1/0"/>
</i>
<i name="3">
<i name="pointer" value="5000011/stand1/0"/>
</i>
<i name="4">
<i name="pointer" value="5000011/stand1/0"/>
</i>
<i name="5">
<i name="pointer" value="5000011/stand1/0"/>
</i>
<i name="6">
<i name="pointer" value="5000011/stand1/0"/>
</i>
<i name="7">
<i name="pointer" value="5000011/stand1/0"/>
</i>
<i name="8">
<i name="pointer" value="5000011/stand1/0"/>
</i>
<i name="9">
<i name="pointer" value="5000011/stand1/0"/>
</i>
</i>
<i name="scratch">
<i name="0">
<i name="pointer" value="5000011/stand0/0"/>
</i>
<i name="1">
<i name="origin">
<i name="x" value="17"/>
<i name="y" value="50"/>
</i>
<i name="image" value="5000011.scratch.1.png"/>
</i>
<i name="2">
<i name="origin">
<i name="x" value="18"/>
<i name="y" value="50"/>
</i>
<i name="image" value="5000011.scratch.2.png"/>
</i>
<i name="3">
<i name="pointer" value="5000011/scratch/1"/>
</i>
<i name="4">
<i name="pointer" value="5000011/scratch/2"/>
</i>
<i name="5">
<i name="pointer" value="5000011/stand0/0"/>
</i>
</i>
<i name="move">
<i name="0">
<i name="origin">
<i name="x" value="21"/>
<i name="y" value="50"/>
</i>
<i name="image" value="5000011.move.0.png"/>
</i>
<i name="1">
<i name="origin">
<i name="x" value="19"/>
<i name="y" value="47"/>
</i>
<i name="image" value="5000011.move.1.png"/>
</i>
<i name="2">
<i name="origin">
<i name="x" value="20"/>
<i name="y" value="51"/>
</i>
<i name="image" value="5000011.move.2.png"/>
</i>
</i>
<i name="jump">
<i name="0">
<i name="origin">
<i name="x" value="22"/>
<i name="y" value="51"/>
</i>
<i name="image" value="5000011.jump.0.png"/>
</i>
</i>
<i name="hungry">
<i name="0">
<i name="origin">
<i name="x" value="20"/>
<i name="y" value="49"/>
</i>
<i name="image" value="5000011.hungry.0.png"/>
</i>
</i>
<i name="angry">
<i name="0">
<i name="origin">
<i name="x" value="22"/>
<i name="y" value="49"/>
</i>
<i name="image" value="5000011.angry.0.png"/>
</i>
</i>
<i name="chat">
<i name="0">
<i name="origin">
<i name="x" value="18"/>
<i name="y" value="51"/>
</i>
<i name="image" value="5000011.chat.0.png"/>
</i>
</i>
<i name="hang">
<i name="0">
<i name="origin">
<i name="x" value="14"/>
<i name="y" value="77"/>
</i>
<i name="image" value="5000011.hang.0.png"/>
</i>
</i>
<i name="rise">
<i name="0">
<i name="origin">
<i name="x" value="21"/>
<i name="y" value="49"/>
</i>
<i name="image" value="5000011.rise.0.png"/>
</i>
</i>
<i name="sit">
<i name="0">
<i name="origin">
<i name="x" value="18"/>
<i name="y" value="51"/>
</i>
<i name="image" value="5000011.sit.0.png"/>
</i>
</i>
<i name="dung">
<i name="0">
<i name="origin">
<i name="x" value="22"/>
<i name="y" value="49"/>
</i>
<i name="image" value="5000011.dung.0.png"/>
</i>
</i>
<i name="cry">
<i name="0">
<i name="origin">
<i name="x" value="20"/>
<i name="y" value="49"/>
</i>
<i name="image" value="5000011.cry.0.png"/>
</i>
<i name="1">
<i name="pointer" value="5000011/cry/0"/>
</i>
<i name="2">
<i name="pointer" value="5000011/cry/0"/>
</i>
<i name="3">
<i name="pointer" value="5000011/cry/0"/>
</i>
<i name="4">
<i name="pointer" value="5000011/cry/0"/>
</i>
<i name="5">
<i name="pointer" value="5000011/cry/0"/>
</i>
<i name="6">
<i name="pointer" value="5000011/cry/0"/>
</i>
<i name="7">
<i name="pointer" value="5000011/cry/0"/>
</i>
</i>
<i name="melong">
<i name="0">
<i name="origin">
<i name="x" value="19"/>
<i name="y" value="50"/>
</i>
<i name="image" value="5000011.melong.0.png"/>
</i>
</i>
<i name="sulk">
<i name="0">
<i name="origin">
<i name="x" value="10"/>
<i name="y" value="49"/>
</i>
<i name="image" value="5000011.sulk.0.png"/>
</i>
</i>
<i name="love">
<i name="0">
<i name="origin">
<i name="x" value="17"/>
<i name="y" value="53"/>
</i>
<i name="image" value="5000011.love.0.png"/>
</i>
<i name="1">
<i name="pointer" value="5000011/love/0"/>
</i>
<i name="2">
<i name="pointer" value="5000011/love/0"/>
</i>
<i name="3">
<i name="pointer" value="5000011/love/0"/>
</i>
<i name="4">
<i name="pointer" value="5000011/love/0"/>
</i>
<i name="5">
<i name="pointer" value="5000011/love/0"/>
</i>
<i name="6">
<i name="pointer" value="5000011/love/0"/>
</i>
<i name="7">
<i name="pointer" value="5000011/love/0"/>
</i>
<i name="8">
<i name="pointer" value="5000011/love/0"/>
</i>
<i name="9">
<i name="pointer" value="5000011/love/0"/>
</i>
<i name="10">
<i name="pointer" value="5000011/love/0"/>
</i>
<i name="11">
<i name="pointer" value="5000011/love/0"/>
</i>
<i name="12">
<i name="pointer" value="5000011/love/0"/>
</i>
<i name="13">
<i name="pointer" value="5000011/love/0"/>
</i>
</i>
<i name="play">
<i name="0">
<i name="origin">
<i name="x" value="21"/>
<i name="y" value="50"/>
</i>
<i name="image" value="5000011.play.0.png"/>
</i>
<i name="1">
<i name="origin">
<i name="x" value="20"/>
<i name="y" value="49"/>
</i>
<i name="image" value="5000011.play.1.png"/>
</i>
<i name="2">
<i name="pointer" value="5000011/play/0"/>
</i>
<i name="3">
<i name="pointer" value="5000011/play/1"/>
</i>
<i name="4">
<i name="pointer" value="5000011/play/0"/>
</i>
</i>
<i name="sleep">
<i name="0">
<i name="origin">
<i name="x" value="23"/>
<i name="y" value="46"/>
</i>
<i name="image" value="5000011.sleep.0.png"/>
</i>
<i name="1">
<i name="pointer" value="5000011/sleep/0"/>
</i>
<i name="2">
<i name="pointer" value="5000011/sleep/0"/>
</i>
<i name="3">
<i name="pointer" value="5000011/sleep/0"/>
</i>
<i name="4">
<i name="pointer" value="5000011/sleep/0"/>
</i>
</i>
<i name="eat">
<i name="0">
<i name="origin">
<i name="x" value="18"/>
<i name="y" value="51"/>
</i>
<i name="image" value="5000011.eat.0.png"/>
</i>
<i name="1">
<i name="origin">
<i name="x" value="18"/>
<i name="y" value="51"/>
</i>
<i name="image" value="5000011.eat.1.png"/>
</i>
<i name="2">
<i name="pointer" value="5000011/eat/0"/>
</i>
<i name="3">
<i name="pointer" value="5000011/eat/1"/>
</i>
</i>
<i name="rest0">
<i name="0">
<i name="origin">
<i name="x" value="18"/>
<i name="y" value="51"/>
</i>
<i name="image" value="5000011.rest0.0.png"/>
</i>
<i name="1">
<i name="pointer" value="5000011/rest0/0"/>
</i>
<i name="2">
<i name="pointer" value="5000011/rest0/0"/>
</i>
<i name="3">
<i name="pointer" value="5000011/rest0/0"/>
</i>
<i name="4">
<i name="pointer" value="5000011/rest0/0"/>
</i>
<i name="5">
<i name="pointer" value="5000011/rest0/0"/>
</i>
<i name="6">
<i name="pointer" value="5000011/rest0/0"/>
</i>
<i name="7">
<i name="pointer" value="5000011/rest0/0"/>
</i>
<i name="8">
<i name="pointer" value="5000011/rest0/0"/>
</i>
<i name="9">
<i name="pointer" value="5000011/rest0/0"/>
</i>
</i>
<i name="fly">
<i name="0">
<i name="origin">
<i name="x" value="21"/>
<i name="y" value="50"/>
</i>
<i name="image" value="5000011.fly.0.png"/>
</i>
<i name="1">
<i name="origin">
<i name="x" value="20"/>
<i name="y" value="49"/>
</i>
<i name="image" value="5000011.fly.1.png"/>
</i>
</i>
</i>