<i name="5000001">
<i name="stand0">
<i name="0">
<i name="origin">
<i name="x" value="18"/>
<i name="y" value="48"/>
</i>
<i name="image" value="5000001.stand0.0.png"/>
</i>
<i name="1">
<i name="pointer" value="5000001/stand0/0"/>
</i>
<i name="2">
<i name="pointer" value="5000001/stand0/0"/>
</i>
</i>
<i name="stand1">
<i name="0">
<i name="origin">
<i name="x" value="18"/>
<i name="y" value="47"/>
</i>
<i name="image" value="5000001.stand1.0.png"/>
</i>
<i name="1">
<i name="origin">
<i name="x" value="18"/>
<i name="y" value="48"/>
</i>
<i name="image" value="5000001.stand1.1.png"/>
</i>
<i name="2">
<i name="origin">
<i name="x" value="18"/>
<i name="y" value="49"/>
</i>
<i name="image" value="5000001.stand1.2.png"/>
</i>
</i>
<i name="hungry">
<i name="0">
<i name="origin">
<i name="x" value="20"/>
<i name="y" value="47"/>
</i>
<i name="image" value="5000001.hungry.0.png"/>
</i>
</i>
<i name="move">
<i name="0">
<i name="origin">
<i name="x" value="18"/>
<i name="y" value="49"/>
</i>
<i name="image" value="5000001.move.0.png"/>
</i>
<i name="1">
<i name="origin">
<i name="x" value="18"/>
<i name="y" value="47"/>
</i>
<i name="image" value="5000001.move.1.png"/>
</i>
<i name="2">
<i name="origin">
<i name="x" value="19"/>
<i name="y" value="46"/>
</i>
<i name="image" value="5000001.move.2.png"/>
</i>
</i>
<i name="jump">
<i name="0">
<i name="origin">
<i name="x" value="18"/>
<i name="y" value="45"/>
</i>
<i name="image" value="5000001.jump.0.png"/>
</i>
</i>
<i name="rest0">
<i name="0">
<i name="origin">
<i name="x" value="18"/>
<i name="y" value="49"/>
</i>
<i name="image" value="5000001.rest0.0.png"/>
</i>
<i name="1">
<i name="pointer" value="5000001/rest0/0"/>
</i>
<i name="2">
<i name="pointer" value="5000001/rest0/0"/>
</i>
</i>
<i name="chat">
<i name="0">
<i name="origin">
<i name="x" value="18"/>
<i name="y" value="48"/>
</i>
<i name="image" value="5000001.chat.0.png"/>
</i>
</i>
<i name="angry">
<i name="0">
<i name="origin">
<i name="x" value="18"/>
<i name="y" value="44"/>
</i>
<i name="image" value="5000001.angry.0.png"/>
</i>
<i name="1">
<i name="pointer" value="5000001/angry/0"/>
</i>
<i name="2">
<i name="pointer" value="5000001/angry/0"/>
</i>
<i name="3">
<i name="pointer" value="5000001/angry/0"/>
</i>
<i name="4">
<i name="pointer" value="5000001/angry/0"/>
</i>
<i name="5">
<i name="pointer" value="5000001/angry/0"/>
</i>
<i name="6">
<i name="pointer" value="5000001/angry/0"/>
</i>
<i name="7">
<i name="pointer" value="5000001/angry/0"/>
</i>
<i name="8">
<i name="pointer" value="5000001/angry/0"/>
</i>
<i name="9">
<i name="pointer" value="5000001/angry/0"/>
</i>
<i name="10">
<i name="pointer" value="5000001/angry/0"/>
</i>
<i name="11">
<i name="pointer" value="5000001/angry/0"/>
</i>
<i name="12">
<i name="pointer" value="5000001/angry/0"/>
</i>
<i name="13">
<i name="pointer" value="5000001/angry/0"/>
</i>
<i name="14">
<i name="pointer" value="5000001/angry/0"/>
</i>
<i name="15">
<i name="pointer" value="5000001/angry/0"/>
</i>
</i>
<i name="rise">
<i name="0">
<i name="origin">
<i name="x" value="13"/>
<i name="y" value="61"/>
</i>
<i name="image" value="5000001.rise.0.png"/>
</i>
<i name="1">
<i name="pointer" value="5000001/rise/0"/>
</i>
<i name="2">
<i name="pointer" value="5000001/rise/0"/>
</i>
<i name="3">
<i name="pointer" value="5000001/rise/0"/>
</i>
<i name="4">
<i name="pointer" value="5000001/rise/0"/>
</i>
</i>
<i name="prone">
<i name="0">
<i name="origin">
<i name="x" value="18"/>
<i name="y" value="46"/>
</i>
<i name="image" value="5000001.prone.0.png"/>
</i>
</i>
<i name="cry">
<i name="0">
<i name="origin">
<i name="x" value="18"/>
<i name="y" value="49"/>
</i>
<i name="image" value="5000001.cry.0.png"/>
</i>
<i name="1">
<i name="pointer" value="5000001/cry/0"/>
</i>
<i name="2">
<i name="pointer" value="5000001/cry/0"/>
</i>
<i name="3">
<i name="pointer" value="5000001/cry/0"/>
</i>
<i name="4">
<i name="pointer" value="5000001/cry/0"/>
</i>
<i name="5">
<i name="pointer" value="5000001/cry/0"/>
</i>
<i name="6">
<i name="pointer" value="5000001/cry/0"/>
</i>
<i name="7">
<i name="pointer" value="5000001/cry/0"/>
</i>
<i name="8">
<i name="pointer" value="5000001/cry/0"/>
</i>
<i name="9">
<i name="pointer" value="5000001/cry/0"/>
</i>
<i name="10">
<i name="pointer" value="5000001/cry/0"/>
</i>
<i name="11">
<i name="pointer" value="5000001/cry/0"/>
</i>
<i name="12">
<i name="pointer" value="5000001/cry/0"/>
</i>
<i name="13">
<i name="pointer" value="5000001/cry/0"/>
</i>
</i>
<i name="nap">
<i name="0">
<i name="origin">
<i name="x" value="23"/>
<i name="y" value="39"/>
</i>
<i name="image" value="5000001.nap.0.png"/>
</i>
<i name="1">
<i name="pointer" value="5000001/nap/0"/>
</i>
<i name="2">
<i name="pointer" value="5000001/nap/0"/>
</i>
<i name="3">
<i name="pointer" value="5000001/nap/0"/>
</i>
<i name="4">
<i name="pointer" value="5000001/nap/0"/>
</i>
<i name="5">
<i name="pointer" value="5000001/nap/0"/>
</i>
</i>
<i name="dung">
<i name="0">
<i name="origin">
<i name="x" value="18"/>
<i name="y" value="47"/>
</i>
<i name="image" value="5000001.dung.0.png"/>
</i>
<i name="1">
<i name="pointer" value="5000001/dung/0"/>
</i>
<i name="2">
<i name="pointer" value="5000001/dung/0"/>
</i>
<i name="3">
<i name="pointer" value="5000001/dung/0"/>
</i>
<i name="4">
<i name="pointer" value="5000001/dung/0"/>
</i>
<i name="5">
<i name="pointer" value="5000001/dung/0"/>
</i>
<i name="6">
<i name="pointer" value="5000001/dung/0"/>
</i>
<i name="7">
<i name="pointer" value="5000001/dung/0"/>
</i>
<i name="8">
<i name="pointer" value="5000001/dung/0"/>
</i>
<i name="9">
<i name="pointer" value="5000001/dung/0"/>
</i>
<i name="10">
<i name="pointer" value="5000001/dung/0"/>
</i>
<i name="11">
<i name="pointer" value="5000001/dung/0"/>
</i>
<i name="12">
<i name="pointer" value="5000001/dung/0"/>
</i>
<i name="13">
<i name="pointer" value="5000001/dung/0"/>
</i>
<i name="14">
<i name="pointer" value="5000001/dung/0"/>
</i>
<i name="15">
<i name="pointer" value="5000001/dung/0"/>
</i>
<i name="16">
<i name="pointer" value="5000001/dung/0"/>
</i>
<i name="17">
<i name="pointer" value="5000001/dung/0"/>
</i>
<i name="18">
<i name="pointer" value="5000001/dung/0"/>
</i>
<i name="19">
<i name="pointer" value="5000001/dung/0"/>
</i>
</i>
<i name="tedious">
<i name="0">
<i name="origin">
<i name="x" value="18"/>
<i name="y" value="49"/>
</i>
<i name="image" value="5000001.tedious.0.png"/>
</i>
<i name="1">
<i name="origin">
<i name="x" value="18"/>
<i name="y" value="48"/>
</i>
<i name="image" value="5000001.tedious.1.png"/>
</i>
<i name="2">
<i name="origin">
<i name="x" value="18"/>
<i name="y" value="48"/>
</i>
<i name="image" value="5000001.tedious.2.png"/>
</i>
<i name="3">
<i name="pointer" value="5000001/tedious/1"/>
</i>
<i name="4">
<i name="pointer" value="5000001/tedious/2"/>
</i>
<i name="5">
<i name="pointer" value="5000001/tedious/1"/>
</i>
<i name="6">
<i name="pointer" value="5000001/tedious/2"/>
</i>
<i name="7">
<i name="pointer" value="5000001/tedious/0"/>
</i>
</i>
<i name="hang">
<i name="0">
<i name="origin">
<i name="x" value="16"/>
<i name="y" value="72"/>
</i>
<i name="image" value="5000001.hang.0.png"/>
</i>
</i>
<i name="fly">
<i name="0">
<i name="origin">
<i name="x" value="19"/>
<i name="y" value="45"/>
</i>
<i name="image" value="5000001.fly.0.png"/>
</i>
<i name="1">
<i name="origin">
<i name="x" value="21"/>
<i name="y" value="46"/>
</i>
<i name="image" value="5000001.fly.1.png"/>
</i>
</i>
</i>