<i>
<s name="walk1"><f name="0" ><p name="weapon"  origin_x="29" origin_y="9" hand_x="13" hand_y="1" z="weapon" image="37.walk1.0.weapon.png"/></f><f name="1" ><p name="weapon"  origin_x="28" origin_y="13" hand_x="11" hand_y="7" z="weapon" image="37.walk1.1.weapon.png"/></f><f name="2" ><p name="weapon"  origin_x="29" origin_y="9" hand_x="13" hand_y="2" z="weapon" image="37.walk1.2.weapon.png"/></f><f name="3" ><p name="weapon"  origin_x="28" origin_y="14" hand_x="13" hand_y="-4" z="weapon" image="37.walk1.3.weapon.png"/></f></s>
<s name="stand1"><f name="0" ><p name="weapon"  origin_x="28" origin_y="14" hand_x="10" hand_y="-5" z="weapon" image="37.stand1.0.weapon.png"/></f><f name="1" ><p name="weapon"  pointer="37/stand1/0/weapon"/></f><f name="2" ><p name="weapon"  pointer="37/stand1/0/weapon"/></f></s>
<s name="alert"><f name="0" ><p name="weapon"  origin_x="28" origin_y="13" hand_x="13" hand_y="7" z="weaponOverHand" image="37.alert.0.weapon.png"/></f><f name="1" ><p name="weapon"  origin_x="28" origin_y="13" hand_x="12" hand_y="6" z="weaponOverHand" image="37.alert.1.weapon.png"/></f><f name="2" ><p name="weapon"  origin_x="28" origin_y="13" hand_x="13" hand_y="5" z="weaponOverHand" image="37.alert.2.weapon.png"/></f></s>
<s name="swingO1"><f name="0" ><p name="weapon"  origin_x="23" origin_y="22" navel_x="-6" navel_y="13" z="weaponBelowBody" image="37.swingO1.0.weapon.png"/></f><f name="1" ><p name="weapon"  origin_x="28" origin_y="14" navel_x="-8" navel_y="-4" z="weaponBelowBody" image="37.swingO1.1.weapon.png"/></f><f name="2" ><p name="weapon"  origin_x="23" origin_y="22" navel_x="-29" navel_y="29" z="weapon" image="37.swingO1.2.weapon.png"/></f></s>
<s name="swingO2"><f name="0" ><p name="weapon"  origin_x="23" origin_y="22" navel_x="8" navel_y="24" z="weaponBelowBody" image="37.swingO2.0.weapon.png"/></f><f name="1" ><p name="weapon"  origin_x="14" origin_y="28" navel_x="14" navel_y="24" z="weaponBelowBody" image="37.swingO2.1.weapon.png"/></f><f name="2" ><p name="weapon"  origin_x="14" origin_y="28" navel_x="-25" navel_y="-17" z="weapon" image="37.swingO2.2.weapon.png"/></f></s>
<s name="swingO3"><f name="0" ><p name="weapon"  origin_x="14" origin_y="28" navel_x="-25" navel_y="25" z="weapon" image="37.swingO3.0.weapon.png"/></f><f name="1" ><p name="weapon"  origin_x="29" origin_y="9" navel_x="35" navel_y="3" z="weaponOverBody" image="37.swingO3.1.weapon.png"/></f><f name="2" ><p name="weapon"  origin_x="29" origin_y="9" navel_x="-19" navel_y="1" z="weaponBelowBody" image="37.swingO3.2.weapon.png"/></f></s>
<s name="stabO1"><f name="0" ><p name="weapon"  origin_x="29" origin_y="9" navel_x="-2" navel_y="-2" z="weapon" image="37.stabO1.0.weapon.png"/></f><f name="1" ><p name="weapon"  origin_x="28" origin_y="13" navel_x="38" navel_y="13" z="weapon" image="37.stabO1.1.weapon.png"/></f></s>
<s name="stabOF"><f name="0" ><p name="37"  origin_x="28" origin_y="14" navel_x="3" navel_y="-3" z="weapon" image="37.stabOF.0.weapon.png"/></f><f name="1" ><p name="37"  origin_x="29" origin_y="9" navel_x="-1" navel_y="-2" z="weapon" image="37.stabOF.1.weapon.png"/></f><f name="2" ><p name="37"  origin_x="29" origin_y="9" navel_x="40" navel_y="7" z="weapon" image="37.stabOF.2.weapon.png"/></f></s>
<s name="stabO2"><f name="0" ><p name="weapon"  origin_x="29" origin_y="9" navel_x="0" navel_y="11" z="weaponBelowArm" image="37.stabO2.0.weapon.png"/></f><f name="1" ><p name="weapon"  origin_x="28" origin_y="13" navel_x="36" navel_y="12" z="weapon" image="37.stabO2.1.weapon.png"/></f></s>
<s name="shoot1"><f name="0" ><p name="weapon"  origin_x="9" origin_y="29" hand_x="13" hand_y="6" z="weaponOverHand" image="37.shoot1.0.weapon.png"/></f><f name="1" ><p name="weapon"  origin_x="9" origin_y="29" hand_x="27" hand_y="6" z="weaponOverHand" image="37.shoot1.1.weapon.png"/></f><f name="2" ><p name="weapon"  pointer="37/shoot1/1/weapon"/></f></s>
<s name="shootF"><f name="0" ><p name="weapon"  origin_x="9" origin_y="29" hand_x="13" hand_y="6" z="weaponOverHand" image="37.shootF.0.weapon.png"/></f><f name="1" ><p name="weapon"  origin_x="9" origin_y="29" hand_x="27" hand_y="6" z="weaponOverHand" image="37.shootF.1.weapon.png"/></f><f name="2" ><p name="weapon"  pointer="37/shootF/1/weapon"/></f></s>
<s name="proneStab"><f name="0" ><p name="weapon"  origin_x="29" origin_y="9" navel_x="20" navel_y="1" z="weaponBelowArm" image="37.proneStab.0.weapon.png"/></f><f name="1" ><p name="weapon"  origin_x="29" origin_y="9" navel_x="37" navel_y="1" z="weaponBelowArm" image="37.proneStab.1.weapon.png"/></f></s>
<s name="prone"><f name="0" ><p name="weapon"  pointer="37/proneStab/0/weapon"/></f></s>
<s name="heal"><f name="0" ><p name="weapon"  pointer="37/alert/1/weapon"/></f><f name="1" ><p name="weapon"  pointer="37/swingO2/1/weapon"/></f><f name="2" ><p name="weapon"  pointer="37/swingO2/0/weapon"/></f></s>
<s name="fly"><f name="0" ><p name="weapon"  origin_x="13" origin_y="28" navel_x="-7" navel_y="18" z="weaponOverArm" image="37.fly.0.weapon.png"/></f><f name="1" ><p name="weapon"  pointer="37/fly/0/weapon"/></f></s>
<s name="jump"><f name="0" ><p name="weapon"  origin_x="13" origin_y="28" navel_x="-8" navel_y="17" z="weaponOverArm" image="37.jump.0.weapon.png"/></f></s>
</i>
