<i>
<s name="info"><f name="icon" ><p name="info"  image="info.icon.png"/></f><f name="iconRaw" ><p name="info"  origin_x="0" origin_y="34" image="info.iconRaw.png"/></f><p name="reqJob" v="0"/></s>
<s name="walk1"><f name="0" ><p name="37"  origin_x="25" origin_y="7" hand_x="19" hand_y="3" z="weapon" image="37.walk1.0.weapon.png"/></f><f name="1" ><p name="37"  origin_x="25" origin_y="7" hand_x="15" hand_y="17" z="weapon" image="37.walk1.1.weapon.png"/></f><f name="2" ><p name="pointer"  pointer="37/walk1/0/weapon"/></f><f name="3" ><p name="37"  origin_x="25" origin_y="7" hand_x="20" hand_y="-2" z="weapon" image="37.walk1.3.weapon.png"/></f><f name="image*" ><p name="pointer" /></f></s>
<s name="stand1"><f name="0" ><p name="37"  origin_x="25" origin_y="7" hand_x="19" hand_y="-4" z="weapon" image="37.stand1.0.weapon.png"/></f><f name="1" ><p name="pointer"  pointer="37/stand1/0/weapon"/></f><f name="2" ><p name="pointer"  pointer="37/stand1/0/weapon"/></f><f name="image*" ><p name="pointer" /></f></s>
<s name="alert"><f name="0" ><p name="37"  origin_x="23" origin_y="10" hand_x="22" hand_y="14" z="weaponOverHand" image="37.alert.0.weapon.png"/></f><f name="1" ><p name="37"  origin_x="23" origin_y="10" hand_x="21" hand_y="13" z="weaponOverHand" image="37.alert.1.weapon.png"/></f><f name="2" ><p name="37"  origin_x="23" origin_y="10" hand_x="22" hand_y="12" z="weaponOverHand" image="37.alert.2.weapon.png"/></f><f name="image*" ><p name="pointer" /></f></s>
<s name="swingO1"><f name="0" ><p name="37"  origin_x="11" origin_y="5" navel_x="5" navel_y="8" z="weaponBelowBody" image="37.swingO1.0.weapon.png"/></f><f name="1" ><p name="37"  origin_x="11" origin_y="5" navel_x="3" navel_y="0" z="weaponBelowBody" image="37.swingO1.1.weapon.png"/></f><f name="2" ><p name="37"  origin_x="11" origin_y="5" navel_x="-26" navel_y="55" z="weapon" image="37.swingO1.2.weapon.png"/></f><f name="image*" ><p name="pointer" /></f></s>
<s name="swingO2"><f name="0" ><p name="37"  origin_x="12" origin_y="5" navel_x="14" navel_y="54" z="weaponBelowBody" image="37.swingO2.0.weapon.png"/></f><f name="1" ><p name="37"  origin_x="12" origin_y="5" navel_x="27" navel_y="50" z="weaponBelowBody" image="37.swingO2.1.weapon.png"/></f><f name="2" ><p name="37"  origin_x="12" origin_y="5" navel_x="-26" navel_y="1" z="weapon" image="37.swingO2.2.weapon.png"/></f><f name="image*" ><p name="pointer" /></f></s>
<s name="swingO3"><f name="0" ><p name="37"  origin_x="12" origin_y="5" navel_x="-27" navel_y="48" z="weapon" image="37.swingO3.0.weapon.png"/></f><f name="1" ><p name="37"  origin_x="12" origin_y="5" navel_x="48" navel_y="21" z="weaponOverBody" image="37.swingO3.1.weapon.png"/></f><f name="2" ><p name="37"  origin_x="12" origin_y="5" navel_x="7" navel_y="7" z="weaponBelowBody" image="37.swingO3.2.weapon.png"/></f><f name="image*" ><p name="pointer" /></f></s>
<s name="stabO1"><f name="0" ><p name="37"  origin_x="12" origin_y="5" navel_x="18" navel_y="2" z="weapon" image="37.stabO1.0.weapon.png"/></f><f name="1" ><p name="37"  origin_x="12" origin_y="5" navel_x="54" navel_y="18" z="weapon" image="37.stabO1.1.weapon.png"/></f><f name="image*" ><p name="pointer" /></f></s>
<s name="stabO2"><f name="0" ><p name="37"  origin_x="12" origin_y="5" navel_x="17" navel_y="28" z="weaponBelowArm" image="37.stabO2.0.weapon.png"/></f><f name="1" ><p name="37"  origin_x="12" origin_y="5" navel_x="52" navel_y="18" z="weapon" image="37.stabO2.1.weapon.png"/></f><f name="image*" ><p name="pointer" /></f></s>
<s name="shoot1"><f name="0" ><p name="37"  origin_x="23" origin_y="10" hand_x="-1" hand_y="31" z="weaponOverHand" image="37.shoot1.0.weapon.png"/></f><f name="1" ><p name="37"  origin_x="23" origin_y="10" hand_x="13" hand_y="31" z="weaponOverHand" image="37.shoot1.1.weapon.png"/></f><f name="2" ><p name="pointer"  pointer="37/shoot1/1/weapon"/></f><f name="image*" ><p name="pointer" /></f></s>
<s name="shootF"><f name="0" ><p name="37"  origin_x="23" origin_y="10" hand_x="2" hand_y="34" z="weaponOverHand" image="37.shootF.0.weapon.png"/></f><f name="1" ><p name="37"  origin_x="23" origin_y="10" hand_x="19" hand_y="36" z="weaponOverHand" image="37.shootF.1.weapon.png"/></f><f name="2" ><p name="pointer"  pointer="37/shootF/1/weapon"/></f><f name="image*" ><p name="pointer" /></f></s>
<s name="proneStab"><f name="0" ><p name="37"  origin_x="5" origin_y="3" navel_x="47" navel_y="8" z="weaponBelowArm" image="37.proneStab.0.weapon.png"/></f><f name="1" ><p name="37"  origin_x="5" origin_y="3" navel_x="64" navel_y="8" z="weaponBelowArm" image="37.proneStab.1.weapon.png"/></f><f name="image*" ><p name="pointer" /></f></s>
<s name="prone"><f name="0" ><p name="pointer"  pointer="37/proneStab/0/weapon"/></f><f name="image*" ><p name="pointer" /></f></s>
<s name="heal"><f name="0" ><p name="pointer"  pointer="37/alert/1/weapon"/></f><f name="1" ><p name="pointer"  pointer="37/swingO2/1/weapon"/></f><f name="2" ><p name="pointer"  pointer="37/swingO2/0/weapon"/></f><f name="image*" ><p name="pointer" /></f></s>
<s name="fly"><f name="0" ><p name="37"  origin_x="13" origin_y="5" navel_x="-13" navel_y="45" z="weaponOverArm" image="37.fly.0.weapon.png"/></f><f name="1" ><p name="pointer"  pointer="37/fly/0/weapon"/></f><f name="image*" ><p name="pointer" /></f></s>
<s name="jump"><f name="0" ><p name="37"  origin_x="13" origin_y="5" navel_x="-14" navel_y="44" z="weaponOverArm" image="37.jump.0.weapon.png"/></f><f name="image*" ><p name="pointer" /></f></s>
</i>
