  <i name="2321002">
  <i name="effect">
    <i name="0">
      <i name="origin">
        <i name="x" value="8"/>
        <i name="y" value="134"/>
      </i>
      <i name="delay" value="60"/>
      <i name="image" value="2321002.effect.0.png"/>
    </i>
    <i name="1">
      <i name="origin">
        <i name="x" value="111"/>
        <i name="y" value="136"/>
      </i>
      <i name="delay" value="60"/>
      <i name="image" value="2321002.effect.1.png"/>
    </i>
    <i name="2">
      <i name="origin">
        <i name="x" value="107"/>
        <i name="y" value="136"/>
      </i>
      <i name="delay" value="60"/>
      <i name="image" value="2321002.effect.2.png"/>
    </i>
    <i name="3">
      <i name="origin">
        <i name="x" value="103"/>
        <i name="y" value="136"/>
      </i>
      <i name="delay" value="60"/>
      <i name="image" value="2321002.effect.3.png"/>
    </i>
    <i name="4">
      <i name="origin">
        <i name="x" value="98"/>
        <i name="y" value="136"/>
      </i>
      <i name="delay" value="60"/>
      <i name="image" value="2321002.effect.4.png"/>
    </i>
    <i name="5">
      <i name="origin">
        <i name="x" value="98"/>
        <i name="y" value="136"/>
      </i>
      <i name="delay" value="60"/>
      <i name="image" value="2321002.effect.5.png"/>
    </i>
    <i name="6">
      <i name="origin">
        <i name="x" value="97"/>
        <i name="y" value="136"/>
      </i>
      <i name="delay" value="60"/>
      <i name="image" value="2321002.effect.6.png"/>
    </i>
    <i name="7">
      <i name="origin">
        <i name="x" value="96"/>
        <i name="y" value="135"/>
      </i>
      <i name="delay" value="60"/>
      <i name="image" value="2321002.effect.7.png"/>
    </i>
    <i name="8">
      <i name="origin">
        <i name="x" value="95"/>
        <i name="y" value="135"/>
      </i>
      <i name="delay" value="60"/>
      <i name="image" value="2321002.effect.8.png"/>
    </i>
    <i name="9">
      <i name="origin">
        <i name="x" value="94"/>
        <i name="y" value="134"/>
      </i>
      <i name="delay" value="60"/>
      <i name="image" value="2321002.effect.9.png"/>
    </i>
    <i name="10">
      <i name="origin">
        <i name="x" value="94"/>
        <i name="y" value="133"/>
      </i>
      <i name="delay" value="60"/>
      <i name="image" value="2321002.effect.10.png"/>
    </i>
    <i name="11">
      <i name="origin">
        <i name="x" value="93"/>
        <i name="y" value="132"/>
      </i>
      <i name="delay" value="60"/>
      <i name="image" value="2321002.effect.11.png"/>
    </i>
    <i name="12">
      <i name="origin">
        <i name="x" value="92"/>
        <i name="y" value="131"/>
      </i>
      <i name="delay" value="60"/>
      <i name="image" value="2321002.effect.12.png"/>
    </i>
    <i name="13">
      <i name="origin">
        <i name="x" value="90"/>
        <i name="y" value="131"/>
      </i>
      <i name="delay" value="60"/>
      <i name="image" value="2321002.effect.13.png"/>
    </i>
    <i name="14">
      <i name="origin">
        <i name="x" value="87"/>
        <i name="y" value="129"/>
      </i>
      <i name="delay" value="60"/>
      <i name="image" value="2321002.effect.14.png"/>
    </i>
    <i name="15">
      <i name="origin">
        <i name="x" value="68"/>
        <i name="y" value="127"/>
      </i>
      <i name="delay" value="60"/>
      <i name="image" value="2321002.effect.15.png"/>
    </i>
    <i name="16">
      <i name="origin">
        <i name="x" value="68"/>
        <i name="y" value="125"/>
      </i>
      <i name="delay" value="60"/>
      <i name="image" value="2321002.effect.16.png"/>
    </i>
    <i name="17">
      <i name="origin">
        <i name="x" value="64"/>
        <i name="y" value="103"/>
      </i>
      <i name="delay" value="60"/>
      <i name="image" value="2321002.effect.17.png"/>
    </i>
    <i name="18">
      <i name="origin">
        <i name="x" value="65"/>
        <i name="y" value="103"/>
      </i>
      <i name="delay" value="60"/>
      <i name="image" value="2321002.effect.18.png"/>
    </i>
    <i name="19">
      <i name="origin">
        <i name="x" value="34"/>
        <i name="y" value="75"/>
      </i>
      <i name="delay" value="60"/>
      <i name="image" value="2321002.effect.19.png"/>
    </i>
    <i name="20">
      <i name="origin">
        <i name="x" value="31"/>
        <i name="y" value="73"/>
      </i>
      <i name="delay" value="60"/>
      <i name="image" value="2321002.effect.20.png"/>
    </i>
  </i>
  <i name="special">
    <i name="0">
      <i name="origin">
        <i name="x" value="22"/>
        <i name="y" value="59"/>
      </i>
      <i name="delay" value="90"/>
      <i name="image" value="2321002.special.0.png"/>
    </i>
    <i name="1">
      <i name="origin">
        <i name="x" value="47"/>
        <i name="y" value="80"/>
      </i>
      <i name="delay" value="90"/>
      <i name="image" value="2321002.special.1.png"/>
    </i>
    <i name="2">
      <i name="origin">
        <i name="x" value="54"/>
        <i name="y" value="82"/>
      </i>
      <i name="delay" value="90"/>
      <i name="image" value="2321002.special.2.png"/>
    </i>
    <i name="3">
      <i name="origin">
        <i name="x" value="59"/>
        <i name="y" value="83"/>
      </i>
      <i name="delay" value="90"/>
      <i name="image" value="2321002.special.3.png"/>
    </i>
    <i name="4">
      <i name="origin">
        <i name="x" value="61"/>
        <i name="y" value="84"/>
      </i>
      <i name="delay" value="90"/>
      <i name="image" value="2321002.special.4.png"/>
    </i>
    <i name="5">
      <i name="origin">
        <i name="x" value="60"/>
        <i name="y" value="86"/>
      </i>
      <i name="delay" value="90"/>
      <i name="image" value="2321002.special.5.png"/>
    </i>
  </i>
  </i>
