<i>
<s name="walk1"><f name="0" ><p name="walk1"  origin_x="33" origin_y="-2" navel_x="0" navel_y="-6" z="shoesOverPants" image="walk1.0.shoes.png"/></f><f name="1" ><p name="walk1"  origin_x="25" origin_y="-10" navel_x="0" navel_y="0" z="shoesOverPants" image="walk1.1.shoes.png"/></f><f name="2" ><p name="walk1"  origin_x="16" origin_y="-9" navel_x="0" navel_y="0" z="shoesOverPants" image="walk1.2.shoes.png"/></f><f name="3" ><p name="walk1"  origin_x="32" origin_y="0" navel_x="0" navel_y="0" z="shoesOverPants" image="walk1.3.shoes.png"/></f></s>
<s name="walk2"><f name="0" ><p name="pointer"  pointer="walk1/0/shoes"/></f><f name="1" ><p name="pointer"  pointer="walk1/1/shoes"/></f><f name="2" ><p name="pointer"  pointer="walk1/2/shoes"/></f><f name="3" ><p name="pointer"  pointer="walk1/3/shoes"/></f></s>
<s name="stand1"><f name="0" ><p name="stand1"  origin_x="23" origin_y="-9" navel_x="0" navel_y="0" z="shoesOverPants" image="stand1.0.shoes.png"/></f><f name="1" ><p name="stand1"  origin_x="24" origin_y="-8" navel_x="0" navel_y="0" z="shoesOverPants" image="stand1.1.shoes.png"/></f><f name="2" ><p name="stand1"  origin_x="25" origin_y="-9" navel_x="0" navel_y="0" z="shoesOverPants" image="stand1.2.shoes.png"/></f></s>
<s name="stand2"><f name="0" ><p name="pointer"  pointer="stand1/0/shoes"/></f><f name="1" ><p name="pointer"  pointer="stand1/1/shoes"/></f><f name="2" ><p name="pointer"  pointer="stand1/2/shoes"/></f></s>
<s name="alert"><f name="0" ><p name="alert"  origin_x="29" origin_y="-6" navel_x="0" navel_y="0" z="shoesOverPants" image="alert.0.shoes.png"/></f><f name="1" ><p name="alert"  origin_x="29" origin_y="-7" navel_x="0" navel_y="0" z="shoesOverPants" image="alert.1.shoes.png"/></f><f name="2" ><p name="alert"  origin_x="29" origin_y="-8" navel_x="0" navel_y="0" z="shoesOverPants" image="alert.2.shoes.png"/></f></s>
<s name="swingO1"><f name="0" ><p name="swingO1"  origin_x="10" origin_y="-6" navel_x="0" navel_y="0" z="shoesOverPants" image="swingO1.0.shoes.png"/></f><f name="1" ><p name="swingO1"  origin_x="29" origin_y="-1" navel_x="0" navel_y="0" z="shoesOverPants" image="swingO1.1.shoes.png"/></f><f name="2" ><p name="swingO1"  origin_x="32" origin_y="-2" navel_x="0" navel_y="0" z="shoesOverPants" image="swingO1.2.shoes.png"/></f></s>
<s name="swingO2"><f name="0" ><p name="swingO2"  origin_x="27" origin_y="-8" navel_x="0" navel_y="0" z="shoesOverPants" image="swingO2.0.shoes.png"/></f><f name="1" ><p name="swingO2"  origin_x="26" origin_y="-6" navel_x="-1" navel_y="0" z="shoesOverPants" image="swingO2.1.shoes.png"/></f><f name="2" ><p name="swingO2"  origin_x="22" origin_y="-1" navel_x="0" navel_y="0" z="shoesOverPants" image="swingO2.2.shoes.png"/></f></s>
<s name="swingO3"><f name="0" ><p name="swingO3"  origin_x="24" origin_y="-4" navel_x="0" navel_y="0" z="shoesOverPants" image="swingO3.0.shoes.png"/></f><f name="1" ><p name="swingO3"  origin_x="35" origin_y="3" navel_x="0" navel_y="0" z="shoesOverPants" image="swingO3.1.shoes.png"/></f><f name="2" ><p name="swingO3"  origin_x="32" origin_y="-1" navel_x="0" navel_y="0" z="shoesOverPants" image="swingO3.2.shoes.png"/></f></s>
<s name="swingOF"><f name="0" ><p name="swingOF"  origin_x="33" origin_y="5" navel_x="0" navel_y="0" z="shoesOverPants" image="swingOF.0.shoes.png"/></f><f name="1" ><p name="swingOF"  origin_x="32" origin_y="25" navel_x="0" navel_y="0" z="shoesOverPants" image="swingOF.1.shoes.png"/></f><f name="2" ><p name="swingOF"  origin_x="38" origin_y="8" navel_x="0" navel_y="0" z="shoesOverPants" image="swingOF.2.shoes.png"/></f><f name="3" ><p name="swingOF"  origin_x="73" origin_y="19" navel_x="0" navel_y="0" z="shoesOverPants" image="swingOF.3.shoes.png"/></f></s>
<s name="swingT1"><f name="0" ><p name="swingT1"  origin_x="29" origin_y="-9" navel_x="0" navel_y="0" z="shoesOverPants" image="swingT1.0.shoes.png"/></f><f name="1" ><p name="swingT1"  origin_x="39" origin_y="-6" navel_x="0" navel_y="0" z="shoesOverPants" image="swingT1.1.shoes.png"/></f><f name="2" ><p name="swingT1"  origin_x="43" origin_y="8" navel_x="-17" navel_y="-10" z="shoesOverPants" image="swingT1.2.shoes.png"/></f></s>
<s name="swingT2"><f name="0" ><p name="swingT2"  origin_x="23" origin_y="8" navel_x="0" navel_y="0" z="shoesOverPants" image="swingT2.0.shoes.png"/></f><f name="1" ><p name="swingT2"  origin_x="42" origin_y="19" navel_x="0" navel_y="0" z="shoesOverPants" image="swingT2.1.shoes.png"/></f><f name="2" ><p name="swingT2"  origin_x="27" origin_y="3" navel_x="0" navel_y="0" z="shoesOverPants" image="swingT2.2.shoes.png"/></f></s>
<s name="swingT3"><f name="0" ><p name="swingT3"  origin_x="24" origin_y="-5" navel_x="0" navel_y="0" z="shoesOverPants" image="swingT3.0.shoes.png"/></f><f name="1" ><p name="swingT3"  origin_x="24" origin_y="6" navel_x="0" navel_y="0" z="shoesOverPants" image="swingT3.1.shoes.png"/></f><f name="2" ><p name="swingT3"  origin_x="28" origin_y="-2" navel_x="0" navel_y="0" z="shoesOverPants" image="swingT3.2.shoes.png"/></f></s>
<s name="swingTF"><f name="0" ><p name="swingTF"  origin_x="41" origin_y="-9" navel_x="-1" navel_y="0" z="shoesOverPants" image="swingTF.0.shoes.png"/></f><f name="1" ><p name="swingTF"  origin_x="44" origin_y="-7" navel_x="0" navel_y="0" z="shoesOverPants" image="swingTF.1.shoes.png"/></f><f name="2" ><p name="swingTF"  origin_x="32" origin_y="-6" navel_x="0" navel_y="0" z="shoesOverPants" image="swingTF.2.shoes.png"/></f><f name="3" ><p name="swingTF"  origin_x="22" origin_y="0" navel_x="0" navel_y="0" z="shoesOverPants" image="swingTF.3.shoes.png"/></f></s>
<s name="swingP1"><f name="0" ><p name="swingP1"  origin_x="31" origin_y="-8" navel_x="0" navel_y="0" z="shoesOverPants" image="swingP1.0.shoes.png"/></f><f name="1" ><p name="swingP1"  origin_x="40" origin_y="-5" navel_x="0" navel_y="0" z="shoesOverPants" image="swingP1.1.shoes.png"/></f><f name="2" ><p name="swingP1"  origin_x="27" origin_y="-1" navel_x="0" navel_y="0" z="shoesOverPants" image="swingP1.2.shoes.png"/></f></s>
<s name="swingP2"><f name="0" ><p name="swingP2"  origin_x="22" origin_y="2" navel_x="0" navel_y="0" z="shoesOverPants" image="swingP2.0.shoes.png"/></f><f name="1" ><p name="swingP2"  origin_x="38" origin_y="16" navel_x="0" navel_y="0" z="shoesOverPants" image="swingP2.1.shoes.png"/></f><f name="2" ><p name="swingP2"  origin_x="51" origin_y="-1" navel_x="0" navel_y="0" z="shoesOverPants" image="swingP2.2.shoes.png"/></f></s>
<s name="swingPF"><f name="0" ><p name="swingPF"  origin_x="30" origin_y="9" navel_x="0" navel_y="0" z="shoesOverPants" image="swingPF.0.shoes.png"/></f><f name="1" ><p name="swingPF"  origin_x="32" origin_y="38" navel_x="0" navel_y="0" z="shoesOverPants" image="swingPF.1.shoes.png"/></f><f name="2" ><p name="swingPF"  origin_x="41" origin_y="6" navel_x="0" navel_y="0" z="shoesOverPants" image="swingPF.2.shoes.png"/></f><f name="3" ><p name="swingPF"  origin_x="74" origin_y="17" navel_x="0" navel_y="0" z="shoesOverPants" image="swingPF.3.shoes.png"/></f></s>
<s name="stabO1"><f name="0" ><p name="stabO1"  origin_x="36" origin_y="-4" navel_x="0" navel_y="-1" z="shoesOverPants" image="stabO1.0.shoes.png"/></f><f name="1" ><p name="stabO1"  origin_x="43" origin_y="-2" navel_x="0" navel_y="0" z="shoesOverPants" image="stabO1.1.shoes.png"/></f></s>
<s name="stabO2"><f name="0" ><p name="stabO2"  origin_x="26" origin_y="-7" navel_x="0" navel_y="-1" z="shoesOverPants" image="stabO2.0.shoes.png"/></f><f name="1" ><p name="stabO2"  origin_x="33" origin_y="-3" navel_x="0" navel_y="0" z="shoesOverPants" image="stabO2.1.shoes.png"/></f></s>
<s name="stabOF"><f name="0" ><p name="stabOF"  origin_x="32" origin_y="0" navel_x="0" navel_y="0" z="shoesOverPants" image="stabOF.0.shoes.png"/></f><f name="1" ><p name="stabOF"  origin_x="48" origin_y="6" navel_x="0" navel_y="0" z="shoesOverPants" image="stabOF.1.shoes.png"/></f><f name="2" ><p name="stabOF"  origin_x="49" origin_y="-1" navel_x="0" navel_y="0" z="shoesOverPants" image="stabOF.2.shoes.png"/></f></s>
<s name="stabT1"><f name="0" ><p name="stabT1"  origin_x="27" origin_y="-7" navel_x="0" navel_y="-1" z="shoesOverPants" image="stabT1.0.shoes.png"/></f><f name="1" ><p name="stabT1"  origin_x="43" origin_y="0" navel_x="0" navel_y="0" z="shoesOverPants" image="stabT1.1.shoes.png"/></f><f name="2" ><p name="stabT1"  origin_x="37" origin_y="-2" navel_x="0" navel_y="0" z="shoesOverPants" image="stabT1.2.shoes.png"/></f></s>
<s name="stabT2"><f name="0" ><p name="stabT2"  origin_x="25" origin_y="-6" navel_x="0" navel_y="0" z="shoesOverPants" image="stabT2.0.shoes.png"/></f><f name="1" ><p name="stabT2"  origin_x="47" origin_y="2" navel_x="0" navel_y="0" z="shoesOverPants" image="stabT2.1.shoes.png"/></f><f name="2" ><p name="stabT2"  origin_x="40" origin_y="-2" navel_x="0" navel_y="0" z="shoesOverPants" image="stabT2.2.shoes.png"/></f></s>
<s name="stabTF"><f name="0" ><p name="pointer"  pointer="swingPF/0/shoes"/></f><f name="1" ><p name="pointer"  pointer="swingPF/1/shoes"/></f><f name="2" ><p name="stabTF"  origin_x="18" origin_y="18" navel_x="9" navel_y="-12" z="shoesOverPants" image="stabTF.2.shoes.png"/></f><f name="3" ><p name="pointer"  pointer="stabT1/2/shoes"/></f></s>
<s name="shoot1"><f name="0" ><p name="shoot1"  origin_x="29" origin_y="-8" navel_x="0" navel_y="0" z="shoesOverPants" image="shoot1.0.shoes.png"/></f><f name="1" ><p name="pointer"  pointer="shoot1/0/shoes"/></f><f name="2" ><p name="pointer"  pointer="shoot1/0/shoes"/></f></s>
<s name="shoot2"><f name="0" ><p name="shoot2"  origin_x="29" origin_y="-7" navel_x="0" navel_y="0" z="shoesOverPants" image="shoot2.0.shoes.png"/></f><f name="1" ><p name="pointer"  pointer="shoot2/0/shoes"/></f><f name="2" ><p name="pointer"  pointer="shoot2/0/shoes"/></f><f name="3" ><p name="pointer"  pointer="shoot2/0/shoes"/></f><f name="4" ><p name="pointer"  pointer="shoot2/0/shoes"/></f></s>
<s name="shootF"><f name="0" ><p name="shootF"  origin_x="32" origin_y="-8" navel_x="0" navel_y="0" z="shoesOverPants" image="shootF.0.shoes.png"/></f><f name="1" ><p name="shootF"  origin_x="31" origin_y="-3" navel_x="0" navel_y="0" z="shoesOverPants" image="shootF.1.shoes.png"/></f><f name="2" ><p name="pointer"  pointer="shootF/1/shoes"/></f></s>
<s name="proneStab"><f name="0" ><p name="proneStab"  origin_x="-11" origin_y="10" navel_x="0" navel_y="0" z="shoesOverPants" image="proneStab.0.shoes.png"/></f><f name="1" ><p name="pointer"  pointer="proneStab/0/shoes"/></f></s>
<s name="prone"><f name="0" ><p name="pointer"  pointer="proneStab/0/shoes"/></f></s>
<s name="heal"><f name="0" ><p name="pointer"  pointer="alert/1/shoes"/></f><f name="1" ><p name="pointer"  pointer="swingO2/1/shoes"/></f><f name="2" ><p name="pointer"  pointer="swingO2/0/shoes"/></f></s>
<s name="fly"><f name="0" ><p name="fly"  origin_x="13" origin_y="-5" navel_x="0" navel_y="0" z="shoesOverPants" image="fly.0.shoes.png"/></f><f name="1" ><p name="fly"  origin_x="15" origin_y="-9" navel_x="0" navel_y="0" z="shoesOverPants" image="fly.1.shoes.png"/></f></s>
<s name="jump"><f name="0" ><p name="jump"  origin_x="36" origin_y="7" navel_x="0" navel_y="0" z="shoesOverPants" image="jump.0.shoes.png"/></f></s>
<s name="sit"><f name="0" ><p name="sit"  origin_x="33" origin_y="-3" navel_x="0" navel_y="0" z="shoesOverPants" image="sit.0.shoes.png"/></f></s>
<s name="ladder"><f name="0" ><p name="ladder"  origin_x="8" origin_y="-9" navel_x="0" navel_y="-1" z="backShoes" image="ladder.0.shoes.png"/></f><f name="1" ><p name="ladder"  origin_x="8" origin_y="-8" navel_x="0" navel_y="-1" z="backShoes" image="ladder.1.shoes.png"/></f></s>
<s name="rope"><f name="0" ><p name="rope"  origin_x="7" origin_y="-13" navel_x="0" navel_y="-1" z="backShoes" image="rope.0.shoes.png"/></f><f name="1" ><p name="rope"  origin_x="8" origin_y="-8" navel_x="0" navel_y="0" z="backShoes" image="rope.1.shoes.png"/></f></s>
</i>
