  <i name="5000042">
  <i name="stand0">
    <i name="0">
      <i name="origin">
        <i name="x" value="10"/>
        <i name="y" value="38"/>
      </i>
      <i name="image" value="5000042.stand0.0.png"/>
    </i>
    <i name="1">
      <i name="origin">
        <i name="x" value="9"/>
        <i name="y" value="37"/>
      </i>
      <i name="image" value="5000042.stand0.1.png"/>
    </i>
    <i name="2">
      <i name="origin">
        <i name="x" value="8"/>
        <i name="y" value="38"/>
      </i>
      <i name="image" value="5000042.stand0.2.png"/>
    </i>
    <i name="3">
      <i name="origin">
        <i name="x" value="9"/>
        <i name="y" value="37"/>
      </i>
      <i name="image" value="5000042.stand0.3.png"/>
    </i>
  </i>
  <i name="stand1">
    <i name="0">
      <i name="origin">
        <i name="x" value="10"/>
        <i name="y" value="38"/>
      </i>
      <i name="image" value="5000042.stand1.0.png"/>
    </i>
    <i name="1">
      <i name="origin">
        <i name="x" value="10"/>
        <i name="y" value="37"/>
      </i>
      <i name="image" value="5000042.stand1.1.png"/>
    </i>
    <i name="2">
      <i name="origin">
        <i name="x" value="10"/>
        <i name="y" value="36"/>
      </i>
      <i name="image" value="5000042.stand1.2.png"/>
    </i>
    <i name="3">
      <i name="origin">
        <i name="x" value="10"/>
        <i name="y" value="38"/>
      </i>
      <i name="image" value="5000042.stand1.3.png"/>
    </i>
    <i name="4">
      <i name="origin">
        <i name="x" value="10"/>
        <i name="y" value="39"/>
      </i>
      <i name="image" value="5000042.stand1.4.png"/>
    </i>
  </i>
  <i name="hungry">
    <i name="0">
      <i name="origin">
        <i name="x" value="8"/>
        <i name="y" value="38"/>
      </i>
      <i name="image" value="5000042.hungry.0.png"/>
    </i>
    <i name="1">
      <i name="origin">
        <i name="x" value="7"/>
        <i name="y" value="38"/>
      </i>
      <i name="image" value="5000042.hungry.1.png"/>
    </i>
    <i name="2">
      <i name="origin">
        <i name="x" value="6"/>
        <i name="y" value="38"/>
      </i>
      <i name="image" value="5000042.hungry.2.png"/>
    </i>
    <i name="3">
      <i name="origin">
        <i name="x" value="7"/>
        <i name="y" value="38"/>
      </i>
      <i name="image" value="5000042.hungry.3.png"/>
    </i>
    <i name="4">
      <i name="origin">
        <i name="x" value="8"/>
        <i name="y" value="38"/>
      </i>
      <i name="image" value="5000042.hungry.4.png"/>
    </i>
    <i name="5">
      <i name="origin">
        <i name="x" value="9"/>
        <i name="y" value="38"/>
      </i>
      <i name="image" value="5000042.hungry.5.png"/>
    </i>
    <i name="6">
      <i name="origin">
        <i name="x" value="10"/>
        <i name="y" value="38"/>
      </i>
      <i name="image" value="5000042.hungry.6.png"/>
    </i>
    <i name="7">
      <i name="origin">
        <i name="x" value="9"/>
        <i name="y" value="38"/>
      </i>
      <i name="image" value="5000042.hungry.7.png"/>
    </i>
  </i>
  <i name="move">
    <i name="0">
      <i name="origin">
        <i name="x" value="10"/>
        <i name="y" value="38"/>
      </i>
      <i name="image" value="5000042.move.0.png"/>
    </i>
    <i name="1">
      <i name="origin">
        <i name="x" value="10"/>
        <i name="y" value="37"/>
      </i>
      <i name="image" value="5000042.move.1.png"/>
    </i>
    <i name="2">
      <i name="origin">
        <i name="x" value="10"/>
        <i name="y" value="44"/>
      </i>
      <i name="image" value="5000042.move.2.png"/>
    </i>
    <i name="3">
      <i name="origin">
        <i name="x" value="10"/>
        <i name="y" value="47"/>
      </i>
      <i name="image" value="5000042.move.3.png"/>
    </i>
    <i name="4">
      <i name="origin">
        <i name="x" value="10"/>
        <i name="y" value="49"/>
      </i>
      <i name="image" value="5000042.move.4.png"/>
    </i>
    <i name="5">
      <i name="origin">
        <i name="x" value="10"/>
        <i name="y" value="45"/>
      </i>
      <i name="image" value="5000042.move.5.png"/>
    </i>
  </i>
  <i name="jump">
    <i name="0">
      <i name="origin">
        <i name="x" value="12"/>
        <i name="y" value="45"/>
      </i>
      <i name="image" value="5000042.jump.0.png"/>
    </i>
  </i>
  <i name="sit">
    <i name="0">
      <i name="origin">
        <i name="x" value="-8"/>
        <i name="y" value="18"/>
      </i>
      <i name="image" value="5000042.sit.0.png"/>
    </i>
    <i name="1">
      <i name="origin">
        <i name="x" value="-8"/>
        <i name="y" value="18"/>
      </i>
      <i name="image" value="5000042.sit.1.png"/>
    </i>
    <i name="2">
      <i name="origin">
        <i name="x" value="-8"/>
        <i name="y" value="18"/>
      </i>
      <i name="image" value="5000042.sit.2.png"/>
    </i>
    <i name="3">
      <i name="origin">
        <i name="x" value="-8"/>
        <i name="y" value="18"/>
      </i>
      <i name="image" value="5000042.sit.3.png"/>
    </i>
    <i name="4">
      <i name="pointer" value="5000042/sit/0"/>
    </i>
    <i name="5">
      <i name="pointer" value="5000042/sit/1"/>
    </i>
    <i name="6">
      <i name="pointer" value="5000042/sit/2"/>
    </i>
    <i name="7">
      <i name="pointer" value="5000042/sit/3"/>
    </i>
  </i>
  <i name="chat">
    <i name="0">
      <i name="origin">
        <i name="x" value="10"/>
        <i name="y" value="38"/>
      </i>
      <i name="image" value="5000042.chat.0.png"/>
    </i>
    <i name="1">
      <i name="origin">
        <i name="x" value="9"/>
        <i name="y" value="39"/>
      </i>
      <i name="image" value="5000042.chat.1.png"/>
    </i>
    <i name="2">
      <i name="origin">
        <i name="x" value="8"/>
        <i name="y" value="38"/>
      </i>
      <i name="image" value="5000042.chat.2.png"/>
    </i>
    <i name="3">
      <i name="origin">
        <i name="x" value="9"/>
        <i name="y" value="39"/>
      </i>
      <i name="image" value="5000042.chat.3.png"/>
    </i>
    <i name="4">
      <i name="origin">
        <i name="x" value="10"/>
        <i name="y" value="38"/>
      </i>
      <i name="image" value="5000042.chat.4.png"/>
    </i>
    <i name="5">
      <i name="origin">
        <i name="x" value="11"/>
        <i name="y" value="40"/>
      </i>
      <i name="image" value="5000042.chat.5.png"/>
    </i>
    <i name="6">
      <i name="origin">
        <i name="x" value="12"/>
        <i name="y" value="39"/>
      </i>
      <i name="image" value="5000042.chat.6.png"/>
    </i>
    <i name="7">
      <i name="origin">
        <i name="x" value="11"/>
        <i name="y" value="40"/>
      </i>
      <i name="image" value="5000042.chat.7.png"/>
    </i>
    <i name="8">
      <i name="pointer" value="5000042/chat/0"/>
    </i>
    <i name="9">
      <i name="pointer" value="5000042/chat/1"/>
    </i>
    <i name="10">
      <i name="pointer" value="5000042/chat/2"/>
    </i>
    <i name="11">
      <i name="pointer" value="5000042/chat/3"/>
    </i>
    <i name="12">
      <i name="pointer" value="5000042/chat/4"/>
    </i>
    <i name="13">
      <i name="pointer" value="5000042/chat/5"/>
    </i>
    <i name="14">
      <i name="pointer" value="5000042/chat/6"/>
    </i>
    <i name="15">
      <i name="pointer" value="5000042/chat/7"/>
    </i>
  </i>
  <i name="angry">
    <i name="0">
      <i name="origin">
        <i name="x" value="10"/>
        <i name="y" value="38"/>
      </i>
      <i name="image" value="5000042.angry.0.png"/>
    </i>
    <i name="1">
      <i name="origin">
        <i name="x" value="11"/>
        <i name="y" value="41"/>
      </i>
      <i name="image" value="5000042.angry.1.png"/>
    </i>
    <i name="2">
      <i name="origin">
        <i name="x" value="15"/>
        <i name="y" value="53"/>
      </i>
      <i name="image" value="5000042.angry.2.png"/>
    </i>
    <i name="3">
      <i name="origin">
        <i name="x" value="16"/>
        <i name="y" value="63"/>
      </i>
      <i name="image" value="5000042.angry.3.png"/>
    </i>
    <i name="4">
      <i name="origin">
        <i name="x" value="0"/>
        <i name="y" value="0"/>
      </i>
      <i name="image" value="5000042.angry.4.png"/>
    </i>
    <i name="5">
      <i name="origin">
        <i name="x" value="0"/>
        <i name="y" value="0"/>
      </i>
      <i name="image" value="5000042.angry.5.png"/>
    </i>
    <i name="6">
      <i name="origin">
        <i name="x" value="0"/>
        <i name="y" value="0"/>
      </i>
      <i name="image" value="5000042.angry.6.png"/>
    </i>
    <i name="7">
      <i name="origin">
        <i name="x" value="0"/>
        <i name="y" value="0"/>
      </i>
      <i name="image" value="5000042.angry.7.png"/>
    </i>
    <i name="8">
      <i name="origin">
        <i name="x" value="0"/>
        <i name="y" value="0"/>
      </i>
      <i name="image" value="5000042.angry.8.png"/>
    </i>
    <i name="9">
      <i name="origin">
        <i name="x" value="0"/>
        <i name="y" value="0"/>
      </i>
      <i name="image" value="5000042.angry.9.png"/>
    </i>
    <i name="10">
      <i name="origin">
        <i name="x" value="0"/>
        <i name="y" value="0"/>
      </i>
      <i name="image" value="5000042.angry.10.png"/>
    </i>
    <i name="11">
      <i name="origin">
        <i name="x" value="0"/>
        <i name="y" value="0"/>
      </i>
      <i name="image" value="5000042.angry.11.png"/>
    </i>
    <i name="12">
      <i name="origin">
        <i name="x" value="0"/>
        <i name="y" value="0"/>
      </i>
      <i name="image" value="5000042.angry.12.png"/>
    </i>
    <i name="13">
      <i name="origin">
        <i name="x" value="0"/>
        <i name="y" value="0"/>
      </i>
      <i name="image" value="5000042.angry.13.png"/>
    </i>
    <i name="14">
      <i name="origin">
        <i name="x" value="0"/>
        <i name="y" value="0"/>
      </i>
      <i name="image" value="5000042.angry.14.png"/>
    </i>
    <i name="15">
      <i name="origin">
        <i name="x" value="16"/>
        <i name="y" value="67"/>
      </i>
      <i name="image" value="5000042.angry.15.png"/>
    </i>
    <i name="16">
      <i name="origin">
        <i name="x" value="16"/>
        <i name="y" value="56"/>
      </i>
      <i name="image" value="5000042.angry.16.png"/>
    </i>
    <i name="17">
      <i name="origin">
        <i name="x" value="12"/>
        <i name="y" value="40"/>
      </i>
      <i name="image" value="5000042.angry.17.png"/>
    </i>
  </i>
  <i name="hang">
    <i name="0">
      <i name="origin">
        <i name="x" value="16"/>
        <i name="y" value="43"/>
      </i>
      <i name="image" value="5000042.hang.0.png"/>
    </i>
  </i>
  <i name="cry">
    <i name="0">
      <i name="origin">
        <i name="x" value="8"/>
        <i name="y" value="38"/>
      </i>
      <i name="image" value="5000042.cry.0.png"/>
    </i>
    <i name="1">
      <i name="pointer" value="5000042/cry/0"/>
    </i>
    <i name="2">
      <i name="origin">
        <i name="x" value="7"/>
        <i name="y" value="39"/>
      </i>
      <i name="image" value="5000042.cry.2.png"/>
    </i>
    <i name="3">
      <i name="origin">
        <i name="x" value="8"/>
        <i name="y" value="38"/>
      </i>
      <i name="image" value="5000042.cry.3.png"/>
    </i>
    <i name="4">
      <i name="origin">
        <i name="x" value="7"/>
        <i name="y" value="39"/>
      </i>
      <i name="image" value="5000042.cry.4.png"/>
    </i>
    <i name="5">
      <i name="origin">
        <i name="x" value="8"/>
        <i name="y" value="38"/>
      </i>
      <i name="image" value="5000042.cry.5.png"/>
    </i>
    <i name="6">
      <i name="origin">
        <i name="x" value="7"/>
        <i name="y" value="39"/>
      </i>
      <i name="image" value="5000042.cry.6.png"/>
    </i>
    <i name="7">
      <i name="pointer" value="5000042/cry/1"/>
    </i>
    <i name="8">
      <i name="pointer" value="5000042/cry/2"/>
    </i>
    <i name="9">
      <i name="pointer" value="5000042/cry/3"/>
    </i>
    <i name="10">
      <i name="pointer" value="5000042/cry/4"/>
    </i>
    <i name="11">
      <i name="pointer" value="5000042/cry/5"/>
    </i>
    <i name="12">
      <i name="pointer" value="5000042/cry/6"/>
    </i>
  </i>
  <i name="sleep">
    <i name="0">
      <i name="origin">
        <i name="x" value="8"/>
        <i name="y" value="35"/>
      </i>
      <i name="image" value="5000042.sleep.0.png"/>
    </i>
    <i name="1">
      <i name="origin">
        <i name="x" value="8"/>
        <i name="y" value="36"/>
      </i>
      <i name="image" value="5000042.sleep.1.png"/>
    </i>
    <i name="2">
      <i name="origin">
        <i name="x" value="8"/>
        <i name="y" value="37"/>
      </i>
      <i name="image" value="5000042.sleep.2.png"/>
    </i>
    <i name="3">
      <i name="origin">
        <i name="x" value="8"/>
        <i name="y" value="37"/>
      </i>
      <i name="image" value="5000042.sleep.3.png"/>
    </i>
    <i name="4">
      <i name="origin">
        <i name="x" value="8"/>
        <i name="y" value="37"/>
      </i>
      <i name="image" value="5000042.sleep.4.png"/>
    </i>
    <i name="5">
      <i name="origin">
        <i name="x" value="8"/>
        <i name="y" value="36"/>
      </i>
      <i name="image" value="5000042.sleep.5.png"/>
    </i>
    <i name="6">
      <i name="pointer" value="5000042/sleep/0"/>
    </i>
    <i name="7">
      <i name="pointer" value="5000042/sleep/1"/>
    </i>
    <i name="8">
      <i name="pointer" value="5000042/sleep/2"/>
    </i>
    <i name="9">
      <i name="pointer" value="5000042/sleep/3"/>
    </i>
    <i name="10">
      <i name="pointer" value="5000042/sleep/4"/>
    </i>
    <i name="11">
      <i name="pointer" value="5000042/sleep/5"/>
    </i>
  </i>
  <i name="eat">
    <i name="0">
      <i name="origin">
        <i name="x" value="10"/>
        <i name="y" value="38"/>
      </i>
      <i name="image" value="5000042.eat.0.png"/>
    </i>
    <i name="1">
      <i name="origin">
        <i name="x" value="10"/>
        <i name="y" value="37"/>
      </i>
      <i name="image" value="5000042.eat.1.png"/>
    </i>
    <i name="2">
      <i name="pointer" value="5000042/eat/0"/>
    </i>
    <i name="3">
      <i name="pointer" value="5000042/eat/1"/>
    </i>
    <i name="4">
      <i name="pointer" value="5000042/eat/0"/>
    </i>
    <i name="5">
      <i name="pointer" value="5000042/eat/1"/>
    </i>
  </i>
  <i name="fly">
    <i name="0">
      <i name="origin">
        <i name="x" value="10"/>
        <i name="y" value="38"/>
      </i>
      <i name="image" value="5000042.fly.0.png"/>
    </i>
    <i name="1">
      <i name="origin">
        <i name="x" value="10"/>
        <i name="y" value="38"/>
      </i>
      <i name="image" value="5000042.fly.1.png"/>
    </i>
    <i name="2">
      <i name="origin">
        <i name="x" value="10"/>
        <i name="y" value="36"/>
      </i>
      <i name="image" value="5000042.fly.2.png"/>
    </i>
    <i name="3">
      <i name="origin">
        <i name="x" value="12"/>
        <i name="y" value="40"/>
      </i>
      <i name="image" value="5000042.fly.3.png"/>
    </i>
  </i>
  <i name="love">
    <i name="0">
      <i name="origin">
        <i name="x" value="10"/>
        <i name="y" value="37"/>
      </i>
      <i name="image" value="5000042.love.0.png"/>
    </i>
    <i name="1">
      <i name="origin">
        <i name="x" value="10"/>
        <i name="y" value="43"/>
      </i>
      <i name="image" value="5000042.love.1.png"/>
    </i>
    <i name="2">
      <i name="origin">
        <i name="x" value="10"/>
        <i name="y" value="47"/>
      </i>
      <i name="image" value="5000042.love.2.png"/>
    </i>
    <i name="3">
      <i name="origin">
        <i name="x" value="10"/>
        <i name="y" value="45"/>
      </i>
      <i name="image" value="5000042.love.3.png"/>
    </i>
    <i name="4">
      <i name="pointer" value="5000042/love/0"/>
    </i>
    <i name="5">
      <i name="pointer" value="5000042/love/1"/>
    </i>
    <i name="6">
      <i name="pointer" value="5000042/love/2"/>
    </i>
    <i name="7">
      <i name="pointer" value="5000042/love/3"/>
    </i>
    <i name="8">
      <i name="pointer" value="5000042/love/0"/>
    </i>
    <i name="9">
      <i name="pointer" value="5000042/love/1"/>
    </i>
    <i name="10">
      <i name="pointer" value="5000042/love/2"/>
    </i>
    <i name="11">
      <i name="pointer" value="5000042/love/3"/>
    </i>
    <i name="12">
      <i name="pointer" value="5000042/love/0"/>
    </i>
    <i name="13">
      <i name="pointer" value="5000042/love/1"/>
    </i>
    <i name="14">
      <i name="pointer" value="5000042/love/2"/>
    </i>
    <i name="15">
      <i name="pointer" value="5000042/love/3"/>
    </i>
  </i>
  <i name="merong">
    <i name="0">
      <i name="origin">
        <i name="x" value="10"/>
        <i name="y" value="38"/>
      </i>
      <i name="image" value="5000042.merong.0.png"/>
    </i>
    <i name="1">
      <i name="origin">
        <i name="x" value="10"/>
        <i name="y" value="40"/>
      </i>
      <i name="image" value="5000042.merong.1.png"/>
    </i>
    <i name="2">
      <i name="origin">
        <i name="x" value="10"/>
        <i name="y" value="42"/>
      </i>
      <i name="image" value="5000042.merong.2.png"/>
    </i>
    <i name="3">
      <i name="origin">
        <i name="x" value="10"/>
        <i name="y" value="41"/>
      </i>
      <i name="image" value="5000042.merong.3.png"/>
    </i>
    <i name="4">
      <i name="origin">
        <i name="x" value="10"/>
        <i name="y" value="37"/>
      </i>
      <i name="image" value="5000042.merong.4.png"/>
    </i>
    <i name="5">
      <i name="origin">
        <i name="x" value="10"/>
        <i name="y" value="36"/>
      </i>
      <i name="image" value="5000042.merong.5.png"/>
    </i>
    <i name="6">
      <i name="origin">
        <i name="x" value="10"/>
        <i name="y" value="37"/>
      </i>
      <i name="image" value="5000042.merong.6.png"/>
    </i>
  </i>
  <i name="what">
    <i name="0">
      <i name="origin">
        <i name="x" value="10"/>
        <i name="y" value="38"/>
      </i>
      <i name="image" value="5000042.what.0.png"/>
    </i>
    <i name="1">
      <i name="origin">
        <i name="x" value="10"/>
        <i name="y" value="38"/>
      </i>
      <i name="image" value="5000042.what.1.png"/>
    </i>
    <i name="2">
      <i name="origin">
        <i name="x" value="10"/>
        <i name="y" value="38"/>
      </i>
      <i name="image" value="5000042.what.2.png"/>
    </i>
    <i name="3">
      <i name="origin">
        <i name="x" value="10"/>
        <i name="y" value="38"/>
      </i>
      <i name="image" value="5000042.what.3.png"/>
    </i>
    <i name="4">
      <i name="pointer" value="5000042/what/2"/>
    </i>
    <i name="5">
      <i name="pointer" value="5000042/what/1"/>
    </i>
    <i name="6">
      <i name="pointer" value="5000042/what/0"/>
    </i>
    <i name="7">
      <i name="pointer" value="5000042/what/1"/>
    </i>
    <i name="8">
      <i name="pointer" value="5000042/what/2"/>
    </i>
    <i name="9">
      <i name="pointer" value="5000042/what/3"/>
    </i>
  </i>
  <i name="stunned">
    <i name="0">
      <i name="origin">
        <i name="x" value="8"/>
        <i name="y" value="38"/>
      </i>
      <i name="image" value="5000042.stunned.0.png"/>
    </i>
    <i name="1">
      <i name="origin">
        <i name="x" value="8"/>
        <i name="y" value="37"/>
      </i>
      <i name="image" value="5000042.stunned.1.png"/>
    </i>
    <i name="2">
      <i name="origin">
        <i name="x" value="8"/>
        <i name="y" value="38"/>
      </i>
      <i name="image" value="5000042.stunned.2.png"/>
    </i>
    <i name="3">
      <i name="origin">
        <i name="x" value="8"/>
        <i name="y" value="37"/>
      </i>
      <i name="image" value="5000042.stunned.3.png"/>
    </i>
    <i name="4">
      <i name="pointer" value="5000042/stunned/0"/>
    </i>
    <i name="5">
      <i name="pointer" value="5000042/stunned/1"/>
    </i>
    <i name="6">
      <i name="pointer" value="5000042/stunned/2"/>
    </i>
    <i name="7">
      <i name="pointer" value="5000042/stunned/3"/>
    </i>
    <i name="8">
      <i name="pointer" value="5000042/stunned/4"/>
    </i>
    <i name="9">
      <i name="pointer" value="5000042/stunned/1"/>
    </i>
    <i name="10">
      <i name="pointer" value="5000042/stunned/2"/>
    </i>
    <i name="11">
      <i name="pointer" value="5000042/stunned/3"/>
    </i>
  </i>
  <i name="change">
    <i name="0">
      <i name="origin">
        <i name="x" value="10"/>
        <i name="y" value="38"/>
      </i>
      <i name="image" value="5000042.change.0.png"/>
    </i>
    <i name="1">
      <i name="origin">
        <i name="x" value="10"/>
        <i name="y" value="37"/>
      </i>
      <i name="image" value="5000042.change.1.png"/>
    </i>
    <i name="2">
      <i name="origin">
        <i name="x" value="10"/>
        <i name="y" value="36"/>
      </i>
      <i name="image" value="5000042.change.2.png"/>
    </i>
    <i name="3">
      <i name="origin">
        <i name="x" value="10"/>
        <i name="y" value="47"/>
      </i>
      <i name="image" value="5000042.change.3.png"/>
    </i>
    <i name="4">
      <i name="origin">
        <i name="x" value="10"/>
        <i name="y" value="66"/>
      </i>
      <i name="image" value="5000042.change.4.png"/>
    </i>
    <i name="5">
      <i name="origin">
        <i name="x" value="11"/>
        <i name="y" value="74"/>
      </i>
      <i name="image" value="5000042.change.5.png"/>
    </i>
    <i name="6">
      <i name="origin">
        <i name="x" value="12"/>
        <i name="y" value="67"/>
      </i>
      <i name="image" value="5000042.change.6.png"/>
    </i>
    <i name="7">
      <i name="origin">
        <i name="x" value="0"/>
        <i name="y" value="0"/>
      </i>
      <i name="image" value="5000042.change.7.png"/>
    </i>
    <i name="8">
      <i name="origin">
        <i name="x" value="0"/>
        <i name="y" value="0"/>
      </i>
      <i name="image" value="5000042.change.8.png"/>
    </i>
    <i name="9">
      <i name="origin">
        <i name="x" value="0"/>
        <i name="y" value="0"/>
      </i>
      <i name="image" value="5000042.change.9.png"/>
    </i>
    <i name="10">
      <i name="origin">
        <i name="x" value="0"/>
        <i name="y" value="0"/>
      </i>
      <i name="image" value="5000042.change.10.png"/>
    </i>
    <i name="11">
      <i name="origin">
        <i name="x" value="0"/>
        <i name="y" value="0"/>
      </i>
      <i name="image" value="5000042.change.11.png"/>
    </i>
    <i name="12">
      <i name="origin">
        <i name="x" value="0"/>
        <i name="y" value="0"/>
      </i>
      <i name="image" value="5000042.change.12.png"/>
    </i>
    <i name="13">
      <i name="origin">
        <i name="x" value="0"/>
        <i name="y" value="0"/>
      </i>
      <i name="image" value="5000042.change.13.png"/>
    </i>
    <i name="14">
      <i name="origin">
        <i name="x" value="0"/>
        <i name="y" value="0"/>
      </i>
      <i name="image" value="5000042.change.14.png"/>
    </i>
    <i name="15">
      <i name="origin">
        <i name="x" value="0"/>
        <i name="y" value="0"/>
      </i>
      <i name="image" value="5000042.change.15.png"/>
    </i>
    <i name="16">
      <i name="origin">
        <i name="x" value="0"/>
        <i name="y" value="0"/>
      </i>
      <i name="image" value="5000042.change.16.png"/>
    </i>
    <i name="17">
      <i name="origin">
        <i name="x" value="0"/>
        <i name="y" value="0"/>
      </i>
      <i name="image" value="5000042.change.17.png"/>
    </i>
    <i name="18">
      <i name="origin">
        <i name="x" value="0"/>
        <i name="y" value="0"/>
      </i>
      <i name="image" value="5000042.change.18.png"/>
    </i>
    <i name="19">
      <i name="origin">
        <i name="x" value="0"/>
        <i name="y" value="0"/>
      </i>
      <i name="image" value="5000042.change.19.png"/>
    </i>
    <i name="20">
      <i name="origin">
        <i name="x" value="0"/>
        <i name="y" value="0"/>
      </i>
      <i name="image" value="5000042.change.20.png"/>
    </i>
    <i name="21">
      <i name="origin">
        <i name="x" value="0"/>
        <i name="y" value="0"/>
      </i>
      <i name="image" value="5000042.change.21.png"/>
    </i>
    <i name="22">
      <i name="origin">
        <i name="x" value="0"/>
        <i name="y" value="0"/>
      </i>
      <i name="image" value="5000042.change.22.png"/>
    </i>
    <i name="23">
      <i name="origin">
        <i name="x" value="0"/>
        <i name="y" value="0"/>
      </i>
      <i name="image" value="5000042.change.23.png"/>
    </i>
    <i name="24">
      <i name="origin">
        <i name="x" value="0"/>
        <i name="y" value="0"/>
      </i>
      <i name="image" value="5000042.change.24.png"/>
    </i>
    <i name="25">
      <i name="origin">
        <i name="x" value="0"/>
        <i name="y" value="0"/>
      </i>
      <i name="image" value="5000042.change.25.png"/>
    </i>
    <i name="26">
      <i name="origin">
        <i name="x" value="14"/>
        <i name="y" value="67"/>
      </i>
      <i name="image" value="5000042.change.26.png"/>
    </i>
    <i name="27">
      <i name="origin">
        <i name="x" value="12"/>
        <i name="y" value="75"/>
      </i>
      <i name="image" value="5000042.change.27.png"/>
    </i>
    <i name="28">
      <i name="origin">
        <i name="x" value="10"/>
        <i name="y" value="65"/>
      </i>
      <i name="image" value="5000042.change.28.png"/>
    </i>
    <i name="29">
      <i name="origin">
        <i name="x" value="10"/>
        <i name="y" value="37"/>
      </i>
      <i name="image" value="5000042.change.29.png"/>
    </i>
  </i>
  <i name="dung">
    <i name="0">
      <i name="origin">
        <i name="x" value="11"/>
        <i name="y" value="36"/>
      </i>
      <i name="image" value="5000042.dung.0.png"/>
    </i>
    <i name="1">
      <i name="origin">
        <i name="x" value="11"/>
        <i name="y" value="35"/>
      </i>
      <i name="image" value="5000042.dung.1.png"/>
    </i>
    <i name="2">
      <i name="pointer" value="5000042/dung/0"/>
    </i>
    <i name="3">
      <i name="pointer" value="5000042/dung/1"/>
    </i>
    <i name="4">
      <i name="pointer" value="5000042/dung/0"/>
    </i>
    <i name="5">
      <i name="pointer" value="5000042/dung/1"/>
    </i>
    <i name="6">
      <i name="pointer" value="5000042/dung/0"/>
    </i>
    <i name="7">
      <i name="pointer" value="5000042/dung/1"/>
    </i>
  </i>
  </i>
