  <i name="02070001">
  <i name="info">
    <i name="icon">
      <i name="origin">
        <i name="x" value="-3"/>
        <i name="y" value="29"/>
      </i>
      <i name="z" value="0"/>
      <i name="image" value="02070001.info.icon.png"/>
    </i>
    <i name="iconRaw">
      <i name="origin">
        <i name="x" value="-3"/>
        <i name="y" value="29"/>
      </i>
      <i name="z" value="0"/>
      <i name="image" value="02070001.info.iconRaw.png"/>
    </i>
    <i name="price" value="500"/>
    <i name="slotMax" value="500"/>
    <i name="unitPrice" value="0.4"/>
    <i name="incPAD" value="17"/>
    <i name="reqLevel" value="10"/>
  </i>
  <i name="bullet">
    <i name="0">
      <i name="origin">
        <i name="x" value="9"/>
        <i name="y" value="9"/>
      </i>
      <i name="z" value="0"/>
      <i name="delay" value="30"/>
      <i name="image" value="02070001.bullet.0.png"/>
    </i>
    <i name="1">
      <i name="origin">
        <i name="x" value="9"/>
        <i name="y" value="10"/>
      </i>
      <i name="z" value="0"/>
      <i name="delay" value="30"/>
      <i name="image" value="02070001.bullet.1.png"/>
    </i>
  </i>
  </i>
