  <i name="05010012">
  <i name="info">
    <i name="icon">
      <i name="origin">
        <i name="x" value="0"/>
        <i name="y" value="32"/>
      </i>
      <i name="image" value="05010012.info.icon.png"/>
    </i>
    <i name="iconRaw">
      <i name="origin">
        <i name="x" value="0"/>
        <i name="y" value="32"/>
      </i>
      <i name="image" value="05010012.info.iconRaw.png"/>
    </i>
    <i name="cash" value="1"/>
  </i>
  <i name="effect">
    <i name="default">
      <i name="0">
        <i name="origin">
          <i name="x" value="14"/>
          <i name="y" value="63"/>
        </i>
        <i name="delay" value="130"/>
        <i name="image" value="05010012.effect.default.0.png"/>
      </i>
      <i name="1">
        <i name="origin">
          <i name="x" value="10"/>
          <i name="y" value="65"/>
        </i>
        <i name="delay" value="130"/>
        <i name="image" value="05010012.effect.default.1.png"/>
      </i>
      <i name="2">
        <i name="origin">
          <i name="x" value="8"/>
          <i name="y" value="68"/>
        </i>
        <i name="image" value="05010012.effect.default.2.png"/>
      </i>
      <i name="3">
        <i name="origin">
          <i name="x" value="9"/>
          <i name="y" value="72"/>
        </i>
        <i name="delay" value="130"/>
        <i name="image" value="05010012.effect.default.3.png"/>
      </i>
      <i name="4">
        <i name="origin">
          <i name="x" value="12"/>
          <i name="y" value="77"/>
        </i>
        <i name="delay" value="130"/>
        <i name="image" value="05010012.effect.default.4.png"/>
      </i>
      <i name="5">
        <i name="origin">
          <i name="x" value="14"/>
          <i name="y" value="77"/>
        </i>
        <i name="delay" value="130"/>
        <i name="image" value="05010012.effect.default.5.png"/>
      </i>
      <i name="6">
        <i name="origin">
          <i name="x" value="6"/>
          <i name="y" value="62"/>
        </i>
        <i name="delay" value="130"/>
        <i name="image" value="05010012.effect.default.6.png"/>
      </i>
      <i name="7">
        <i name="origin">
          <i name="x" value="9"/>
          <i name="y" value="67"/>
        </i>
        <i name="delay" value="130"/>
        <i name="image" value="05010012.effect.default.7.png"/>
      </i>
      <i name="8">
        <i name="origin">
          <i name="x" value="12"/>
          <i name="y" value="71"/>
        </i>
        <i name="delay" value="130"/>
        <i name="image" value="05010012.effect.default.8.png"/>
      </i>
      <i name="9">
        <i name="origin">
          <i name="x" value="8"/>
          <i name="y" value="73"/>
        </i>
        <i name="delay" value="130"/>
        <i name="image" value="05010012.effect.default.9.png"/>
      </i>
      <i name="10">
        <i name="origin">
          <i name="x" value="12"/>
          <i name="y" value="76"/>
        </i>
        <i name="delay" value="130"/>
        <i name="image" value="05010012.effect.default.10.png"/>
      </i>
      <i name="11">
        <i name="origin">
          <i name="x" value="6"/>
          <i name="y" value="60"/>
        </i>
        <i name="delay" value="130"/>
        <i name="image" value="05010012.effect.default.11.png"/>
      </i>
      <i name="12">
        <i name="origin">
          <i name="x" value="11"/>
          <i name="y" value="63"/>
        </i>
        <i name="delay" value="130"/>
        <i name="image" value="05010012.effect.default.12.png"/>
      </i>
      <i name="13">
        <i name="origin">
          <i name="x" value="14"/>
          <i name="y" value="67"/>
        </i>
        <i name="delay" value="130"/>
        <i name="image" value="05010012.effect.default.13.png"/>
      </i>
      <i name="14">
        <i name="origin">
          <i name="x" value="15"/>
          <i name="y" value="70"/>
        </i>
        <i name="delay" value="130"/>
        <i name="image" value="05010012.effect.default.14.png"/>
      </i>
      <i name="pos" value="1"/>
      <i name="z" value="-1"/>
    </i>
  </i>
  </i>
