  <i name="5000029">
  <i name="stand0">
    <i name="0">
      <i name="origin">
        <i name="x" value="11"/>
        <i name="y" value="65"/>
      </i>
      <i name="image" value="5000029.stand0.0.png"/>
    </i>
    <i name="1">
      <i name="origin">
        <i name="x" value="11"/>
        <i name="y" value="66"/>
      </i>
      <i name="image" value="5000029.stand0.1.png"/>
    </i>
    <i name="2">
      <i name="origin">
        <i name="x" value="11"/>
        <i name="y" value="67"/>
      </i>
      <i name="image" value="5000029.stand0.2.png"/>
    </i>
    <i name="3">
      <i name="origin">
        <i name="x" value="11"/>
        <i name="y" value="66"/>
      </i>
      <i name="image" value="5000029.stand0.3.png"/>
    </i>
  </i>
  <i name="stand1">
    <i name="0">
      <i name="pointer" value="5000029/stand0/0"/>
    </i>
    <i name="1">
      <i name="pointer" value="5000029/stand0/1"/>
    </i>
    <i name="2">
      <i name="pointer" value="5000029/stand0/2"/>
    </i>
    <i name="3">
      <i name="pointer" value="5000029/stand0/3"/>
    </i>
    <i name="4">
      <i name="pointer" value="5000029/stand0/0"/>
    </i>
    <i name="5">
      <i name="pointer" value="5000029/stand0/1"/>
    </i>
    <i name="6">
      <i name="pointer" value="5000029/stand0/2"/>
    </i>
    <i name="7">
      <i name="pointer" value="5000029/stand0/3"/>
    </i>
  </i>
  <i name="jump">
    <i name="0">
      <i name="pointer" value="5000029/stand0/1"/>
    </i>
    <i name="1">
      <i name="pointer" value="5000029/stand0/1"/>
    </i>
    <i name="2">
      <i name="pointer" value="5000029/stand0/2"/>
    </i>
  </i>
  <i name="move">
    <i name="0">
      <i name="pointer" value="5000029/stand0/0"/>
    </i>
    <i name="1">
      <i name="pointer" value="5000029/stand0/1"/>
    </i>
    <i name="2">
      <i name="pointer" value="5000029/stand0/2"/>
    </i>
    <i name="3">
      <i name="pointer" value="5000029/stand0/3"/>
    </i>
  </i>
  <i name="hungry">
    <i name="0">
      <i name="origin">
        <i name="x" value="11"/>
        <i name="y" value="64"/>
      </i>
      <i name="image" value="5000029.hungry.0.png"/>
    </i>
    <i name="1">
      <i name="origin">
        <i name="x" value="11"/>
        <i name="y" value="65"/>
      </i>
      <i name="image" value="5000029.hungry.1.png"/>
    </i>
    <i name="2">
      <i name="origin">
        <i name="x" value="11"/>
        <i name="y" value="66"/>
      </i>
      <i name="image" value="5000029.hungry.2.png"/>
    </i>
    <i name="3">
      <i name="origin">
        <i name="x" value="11"/>
        <i name="y" value="65"/>
      </i>
      <i name="image" value="5000029.hungry.3.png"/>
    </i>
  </i>
  <i name="sit">
    <i name="0">
      <i name="origin">
        <i name="x" value="10"/>
        <i name="y" value="73"/>
      </i>
      <i name="image" value="5000029.sit.0.png"/>
    </i>
    <i name="1">
      <i name="pointer" value="5000029/sit/0"/>
    </i>
    <i name="2">
      <i name="pointer" value="5000029/sit/0"/>
    </i>
    <i name="3">
      <i name="pointer" value="5000029/sit/0"/>
    </i>
    <i name="4">
      <i name="pointer" value="5000029/sit/0"/>
    </i>
    <i name="5">
      <i name="pointer" value="5000029/sit/1"/>
    </i>
    <i name="6">
      <i name="pointer" value="5000029/sit/2"/>
    </i>
    <i name="7">
      <i name="pointer" value="5000029/sit/3"/>
    </i>
    <i name="8">
      <i name="pointer" value="5000029/sit/4"/>
    </i>
  </i>
  <i name="chat">
    <i name="0">
      <i name="pointer" value="5000029/stand0/0"/>
    </i>
    <i name="1">
      <i name="pointer" value="5000029/stand0/1"/>
    </i>
    <i name="2">
      <i name="pointer" value="5000029/stand0/2"/>
    </i>
    <i name="3">
      <i name="pointer" value="5000029/stand0/3"/>
    </i>
    <i name="4">
      <i name="pointer" value="5000029/chat/0"/>
    </i>
    <i name="5">
      <i name="pointer" value="5000029/chat/1"/>
    </i>
    <i name="6">
      <i name="pointer" value="5000029/chat/2"/>
    </i>
    <i name="7">
      <i name="pointer" value="5000029/chat/3"/>
    </i>
    <i name="8">
      <i name="pointer" value="5000029/chat/0"/>
    </i>
    <i name="9">
      <i name="pointer" value="5000029/chat/1"/>
    </i>
    <i name="10">
      <i name="pointer" value="5000029/chat/2"/>
    </i>
    <i name="11">
      <i name="pointer" value="5000029/chat/3"/>
    </i>
  </i>
  <i name="fly">
    <i name="0">
      <i name="pointer" value="5000029/stand0/0"/>
    </i>
    <i name="1">
      <i name="pointer" value="5000029/stand0/1"/>
    </i>
  </i>
  <i name="angry">
    <i name="0">
      <i name="origin">
        <i name="x" value="11"/>
        <i name="y" value="67"/>
      </i>
      <i name="image" value="5000029.angry.0.png"/>
    </i>
    <i name="1">
      <i name="origin">
        <i name="x" value="10"/>
        <i name="y" value="68"/>
      </i>
      <i name="image" value="5000029.angry.1.png"/>
    </i>
    <i name="2">
      <i name="origin">
        <i name="x" value="9"/>
        <i name="y" value="69"/>
      </i>
      <i name="image" value="5000029.angry.2.png"/>
    </i>
    <i name="3">
      <i name="origin">
        <i name="x" value="10"/>
        <i name="y" value="68"/>
      </i>
      <i name="image" value="5000029.angry.3.png"/>
    </i>
    <i name="4">
      <i name="pointer" value="5000029/angry/0"/>
    </i>
    <i name="5">
      <i name="pointer" value="5000029/angry/1"/>
    </i>
    <i name="6">
      <i name="pointer" value="5000029/angry/2"/>
    </i>
    <i name="7">
      <i name="pointer" value="5000029/angry/3"/>
    </i>
    <i name="8">
      <i name="pointer" value="5000029/angry/0"/>
    </i>
    <i name="9">
      <i name="pointer" value="5000029/angry/1"/>
    </i>
    <i name="10">
      <i name="pointer" value="5000029/angry/2"/>
    </i>
    <i name="11">
      <i name="pointer" value="5000029/angry/3"/>
    </i>
    <i name="12">
      <i name="pointer" value="5000029/angry/8"/>
    </i>
    <i name="13">
      <i name="pointer" value="5000029/angry/9"/>
    </i>
    <i name="14">
      <i name="pointer" value="5000029/angry/10"/>
    </i>
    <i name="15">
      <i name="pointer" value="5000029/angry/11"/>
    </i>
  </i>
  <i name="ignore">
    <i name="0">
      <i name="origin">
        <i name="x" value="11"/>
        <i name="y" value="65"/>
      </i>
      <i name="image" value="5000029.ignore.0.png"/>
    </i>
    <i name="1">
      <i name="origin">
        <i name="x" value="11"/>
        <i name="y" value="66"/>
      </i>
      <i name="image" value="5000029.ignore.1.png"/>
    </i>
    <i name="2">
      <i name="origin">
        <i name="x" value="11"/>
        <i name="y" value="67"/>
      </i>
      <i name="image" value="5000029.ignore.2.png"/>
    </i>
    <i name="3">
      <i name="origin">
        <i name="x" value="11"/>
        <i name="y" value="66"/>
      </i>
      <i name="image" value="5000029.ignore.3.png"/>
    </i>
    <i name="4">
      <i name="pointer" value="5000029/ignore/0"/>
    </i>
    <i name="5">
      <i name="pointer" value="5000029/ignore/1"/>
    </i>
    <i name="6">
      <i name="pointer" value="5000029/ignore/2"/>
    </i>
    <i name="7">
      <i name="pointer" value="5000029/ignore/3"/>
    </i>
    <i name="8">
      <i name="pointer" value="5000029/ignore/0"/>
    </i>
    <i name="9">
      <i name="pointer" value="5000029/ignore/1"/>
    </i>
    <i name="10">
      <i name="pointer" value="5000029/ignore/2"/>
    </i>
    <i name="11">
      <i name="pointer" value="5000029/ignore/3"/>
    </i>
  </i>
  <i name="hang">
    <i name="0">
      <i name="origin">
        <i name="x" value="12"/>
        <i name="y" value="72"/>
      </i>
      <i name="image" value="5000029.hang.0.png"/>
    </i>
  </i>
  <i name="bewildered">
    <i name="0">
      <i name="origin">
        <i name="x" value="10"/>
        <i name="y" value="66"/>
      </i>
      <i name="image" value="5000029.bewildered.0.png"/>
    </i>
    <i name="1">
      <i name="origin">
        <i name="x" value="10"/>
        <i name="y" value="67"/>
      </i>
      <i name="image" value="5000029.bewildered.1.png"/>
    </i>
    <i name="2">
      <i name="origin">
        <i name="x" value="10"/>
        <i name="y" value="68"/>
      </i>
      <i name="image" value="5000029.bewildered.2.png"/>
    </i>
    <i name="3">
      <i name="origin">
        <i name="x" value="10"/>
        <i name="y" value="67"/>
      </i>
      <i name="image" value="5000029.bewildered.3.png"/>
    </i>
    <i name="4">
      <i name="pointer" value="5000029/bewildered/0"/>
    </i>
    <i name="5">
      <i name="pointer" value="5000029/bewildered/1"/>
    </i>
    <i name="6">
      <i name="pointer" value="5000029/bewildered/2"/>
    </i>
    <i name="7">
      <i name="pointer" value="5000029/bewildered/3"/>
    </i>
    <i name="8">
      <i name="pointer" value="5000029/bewildered/0"/>
    </i>
    <i name="9">
      <i name="pointer" value="5000029/bewildered/1"/>
    </i>
    <i name="10">
      <i name="pointer" value="5000029/bewildered/2"/>
    </i>
    <i name="11">
      <i name="pointer" value="5000029/bewildered/3"/>
    </i>
  </i>
  <i name="cry">
    <i name="0">
      <i name="origin">
        <i name="x" value="9"/>
        <i name="y" value="71"/>
      </i>
      <i name="image" value="5000029.cry.0.png"/>
    </i>
    <i name="1">
      <i name="origin">
        <i name="x" value="9"/>
        <i name="y" value="72"/>
      </i>
      <i name="image" value="5000029.cry.1.png"/>
    </i>
    <i name="2">
      <i name="origin">
        <i name="x" value="9"/>
        <i name="y" value="73"/>
      </i>
      <i name="image" value="5000029.cry.2.png"/>
    </i>
    <i name="3">
      <i name="origin">
        <i name="x" value="9"/>
        <i name="y" value="72"/>
      </i>
      <i name="image" value="5000029.cry.3.png"/>
    </i>
    <i name="4">
      <i name="pointer" value="5000029/cry/0"/>
    </i>
    <i name="5">
      <i name="pointer" value="5000029/cry/1"/>
    </i>
    <i name="6">
      <i name="pointer" value="5000029/cry/2"/>
    </i>
    <i name="7">
      <i name="pointer" value="5000029/cry/3"/>
    </i>
    <i name="8">
      <i name="pointer" value="5000029/cry/0"/>
    </i>
    <i name="9">
      <i name="pointer" value="5000029/cry/1"/>
    </i>
    <i name="10">
      <i name="pointer" value="5000029/cry/2"/>
    </i>
    <i name="11">
      <i name="pointer" value="5000029/cry/3"/>
    </i>
  </i>
  <i name="turn">
    <i name="0">
      <i name="origin">
        <i name="x" value="20"/>
        <i name="y" value="65"/>
      </i>
      <i name="image" value="5000029.turn.0.png"/>
    </i>
    <i name="1">
      <i name="origin">
        <i name="x" value="29"/>
        <i name="y" value="66"/>
      </i>
      <i name="image" value="5000029.turn.1.png"/>
    </i>
    <i name="2">
      <i name="origin">
        <i name="x" value="40"/>
        <i name="y" value="65"/>
      </i>
      <i name="image" value="5000029.turn.2.png"/>
    </i>
    <i name="3">
      <i name="origin">
        <i name="x" value="48"/>
        <i name="y" value="65"/>
      </i>
      <i name="image" value="5000029.turn.3.png"/>
    </i>
    <i name="4">
      <i name="origin">
        <i name="x" value="48"/>
        <i name="y" value="65"/>
      </i>
      <i name="image" value="5000029.turn.4.png"/>
    </i>
    <i name="5">
      <i name="origin">
        <i name="x" value="36"/>
        <i name="y" value="65"/>
      </i>
      <i name="image" value="5000029.turn.5.png"/>
    </i>
    <i name="6">
      <i name="origin">
        <i name="x" value="23"/>
        <i name="y" value="65"/>
      </i>
      <i name="image" value="5000029.turn.6.png"/>
    </i>
    <i name="7">
      <i name="origin">
        <i name="x" value="10"/>
        <i name="y" value="65"/>
      </i>
      <i name="image" value="5000029.turn.7.png"/>
    </i>
    <i name="8">
      <i name="origin">
        <i name="x" value="-3"/>
        <i name="y" value="65"/>
      </i>
      <i name="image" value="5000029.turn.8.png"/>
    </i>
    <i name="9">
      <i name="origin">
        <i name="x" value="-20"/>
        <i name="y" value="64"/>
      </i>
      <i name="image" value="5000029.turn.9.png"/>
    </i>
    <i name="10">
      <i name="origin">
        <i name="x" value="-10"/>
        <i name="y" value="65"/>
      </i>
      <i name="image" value="5000029.turn.10.png"/>
    </i>
    <i name="11">
      <i name="origin">
        <i name="x" value="5"/>
        <i name="y" value="65"/>
      </i>
      <i name="image" value="5000029.turn.11.png"/>
    </i>
  </i>
  <i name="eat">
    <i name="0">
      <i name="origin">
        <i name="x" value="11"/>
        <i name="y" value="65"/>
      </i>
      <i name="image" value="5000029.eat.0.png"/>
    </i>
    <i name="1">
      <i name="origin">
        <i name="x" value="11"/>
        <i name="y" value="66"/>
      </i>
      <i name="image" value="5000029.eat.1.png"/>
    </i>
    <i name="2">
      <i name="origin">
        <i name="x" value="11"/>
        <i name="y" value="67"/>
      </i>
      <i name="image" value="5000029.eat.2.png"/>
    </i>
    <i name="3">
      <i name="origin">
        <i name="x" value="11"/>
        <i name="y" value="66"/>
      </i>
      <i name="image" value="5000029.eat.3.png"/>
    </i>
    <i name="4">
      <i name="pointer" value="5000029/eat/0"/>
    </i>
    <i name="5">
      <i name="pointer" value="5000029/eat/1"/>
    </i>
    <i name="6">
      <i name="pointer" value="5000029/eat/2"/>
    </i>
    <i name="7">
      <i name="pointer" value="5000029/eat/3"/>
    </i>
    <i name="8">
      <i name="pointer" value="5000029/eat/0"/>
    </i>
    <i name="9">
      <i name="pointer" value="5000029/eat/1"/>
    </i>
    <i name="10">
      <i name="pointer" value="5000029/eat/2"/>
    </i>
    <i name="11">
      <i name="pointer" value="5000029/eat/3"/>
    </i>
  </i>
  <i name="love">
    <i name="0">
      <i name="origin">
        <i name="x" value="11"/>
        <i name="y" value="64"/>
      </i>
      <i name="image" value="5000029.love.0.png"/>
    </i>
    <i name="1">
      <i name="origin">
        <i name="x" value="10"/>
        <i name="y" value="65"/>
      </i>
      <i name="image" value="5000029.love.1.png"/>
    </i>
    <i name="2">
      <i name="origin">
        <i name="x" value="9"/>
        <i name="y" value="66"/>
      </i>
      <i name="image" value="5000029.love.2.png"/>
    </i>
    <i name="3">
      <i name="origin">
        <i name="x" value="10"/>
        <i name="y" value="65"/>
      </i>
      <i name="image" value="5000029.love.3.png"/>
    </i>
    <i name="4">
      <i name="pointer" value="5000029/love/0"/>
    </i>
    <i name="5">
      <i name="pointer" value="5000029/love/1"/>
    </i>
    <i name="6">
      <i name="pointer" value="5000029/love/2"/>
    </i>
    <i name="7">
      <i name="pointer" value="5000029/love/3"/>
    </i>
    <i name="8">
      <i name="pointer" value="5000029/love/0"/>
    </i>
    <i name="9">
      <i name="pointer" value="5000029/love/1"/>
    </i>
    <i name="10">
      <i name="pointer" value="5000029/love/2"/>
    </i>
    <i name="11">
      <i name="pointer" value="5000029/love/3"/>
    </i>
    <i name="12">
      <i name="pointer" value="5000029/love/0"/>
    </i>
  </i>
  <i name="dung">
    <i name="0">
      <i name="origin">
        <i name="x" value="11"/>
        <i name="y" value="65"/>
      </i>
      <i name="image" value="5000029.dung.0.png"/>
    </i>
  </i>
  <i name="sleep">
    <i name="0">
      <i name="origin">
        <i name="x" value="8"/>
        <i name="y" value="70"/>
      </i>
      <i name="image" value="5000029.sleep.0.png"/>
    </i>
    <i name="1">
      <i name="origin">
        <i name="x" value="8"/>
        <i name="y" value="70"/>
      </i>
      <i name="image" value="5000029.sleep.1.png"/>
    </i>
    <i name="2">
      <i name="origin">
        <i name="x" value="8"/>
        <i name="y" value="71"/>
      </i>
      <i name="image" value="5000029.sleep.2.png"/>
    </i>
    <i name="3">
      <i name="origin">
        <i name="x" value="8"/>
        <i name="y" value="72"/>
      </i>
      <i name="image" value="5000029.sleep.3.png"/>
    </i>
    <i name="4">
      <i name="origin">
        <i name="x" value="8"/>
        <i name="y" value="71"/>
      </i>
      <i name="image" value="5000029.sleep.4.png"/>
    </i>
    <i name="5">
      <i name="pointer" value="5000029/sleep/0"/>
    </i>
    <i name="6">
      <i name="pointer" value="5000029/sleep/1"/>
    </i>
    <i name="7">
      <i name="pointer" value="5000029/sleep/2"/>
    </i>
    <i name="8">
      <i name="pointer" value="5000029/sleep/3"/>
    </i>
    <i name="9">
      <i name="pointer" value="5000029/sleep/4"/>
    </i>
    <i name="10">
      <i name="pointer" value="5000029/sleep/0"/>
    </i>
    <i name="11">
      <i name="pointer" value="5000029/sleep/1"/>
    </i>
    <i name="12">
      <i name="pointer" value="5000029/sleep/2"/>
    </i>
    <i name="13">
      <i name="pointer" value="5000029/sleep/3"/>
    </i>
    <i name="14">
      <i name="pointer" value="5000029/sleep/4"/>
    </i>
  </i>
  </i>
