  <i name="2201004">
  <i name="effect">
    <i name="0">
      <i name="origin">
        <i name="x" value="38"/>
        <i name="y" value="56"/>
      </i>
      <i name="delay" value="70"/>
      <i name="image" value="2201004.effect.0.png"/>
    </i>
    <i name="1">
      <i name="origin">
        <i name="x" value="32"/>
        <i name="y" value="53"/>
      </i>
      <i name="delay" value="70"/>
      <i name="image" value="2201004.effect.1.png"/>
    </i>
    <i name="2">
      <i name="origin">
        <i name="x" value="29"/>
        <i name="y" value="52"/>
      </i>
      <i name="delay" value="70"/>
      <i name="image" value="2201004.effect.2.png"/>
    </i>
    <i name="3">
      <i name="origin">
        <i name="x" value="28"/>
        <i name="y" value="51"/>
      </i>
      <i name="delay" value="70"/>
      <i name="image" value="2201004.effect.3.png"/>
    </i>
  </i>
  <i name="hit">
    <i name="0">
      <i name="0">
        <i name="origin">
          <i name="x" value="-9"/>
          <i name="y" value="127"/>
        </i>
        <i name="delay" value="100"/>
        <i name="image" value="2201004.hit.0.0.png"/>
      </i>
      <i name="1">
        <i name="origin">
          <i name="x" value="22"/>
          <i name="y" value="149"/>
        </i>
        <i name="delay" value="100"/>
        <i name="image" value="2201004.hit.0.1.png"/>
      </i>
      <i name="2">
        <i name="origin">
          <i name="x" value="22"/>
          <i name="y" value="149"/>
        </i>
        <i name="delay" value="70"/>
        <i name="image" value="2201004.hit.0.2.png"/>
      </i>
      <i name="3">
        <i name="origin">
          <i name="x" value="31"/>
          <i name="y" value="29"/>
        </i>
        <i name="delay" value="100"/>
        <i name="image" value="2201004.hit.0.3.png"/>
      </i>
      <i name="4">
        <i name="origin">
          <i name="x" value="31"/>
          <i name="y" value="29"/>
        </i>
        <i name="delay" value="100"/>
        <i name="image" value="2201004.hit.0.4.png"/>
      </i>
      <i name="5">
        <i name="origin">
          <i name="x" value="32"/>
          <i name="y" value="29"/>
        </i>
        <i name="delay" value="100"/>
        <i name="image" value="2201004.hit.0.5.png"/>
      </i>
    </i>
  </i>
  </i>
