  <i name="02070013">
  <i name="info">
    <i name="icon">
      <i name="origin">
        <i name="x" value="-4"/>
        <i name="y" value="18"/>
      </i>
      <i name="z" value="0"/>
      <i name="image" value="02070013.info.icon.png"/>
    </i>
    <i name="iconRaw">
      <i name="origin">
        <i name="x" value="-10"/>
        <i name="y" value="18"/>
      </i>
      <i name="z" value="0"/>
      <i name="image" value="02070013.info.iconRaw.png"/>
    </i>
    <i name="price" value="2500"/>
    <i name="slotMax" value="1000"/>
    <i name="unitPrice" value="1.0"/>
    <i name="incPAD" value="20"/>
  </i>
  <i name="bullet">
    <i name="0">
      <i name="origin">
        <i name="x" value="8"/>
        <i name="y" value="6"/>
      </i>
      <i name="image" value="02070013.bullet.0.png"/>
    </i>
    <i name="1">
      <i name="origin">
        <i name="x" value="9"/>
        <i name="y" value="7"/>
      </i>
      <i name="image" value="02070013.bullet.1.png"/>
    </i>
    <i name="2">
      <i name="origin">
        <i name="x" value="10"/>
        <i name="y" value="7"/>
      </i>
      <i name="image" value="02070013.bullet.2.png"/>
    </i>
    <i name="3">
      <i name="pointer" value="02070013/bullet/1"/>
    </i>
  </i>
  </i>
