<i>
<s name="info"><f name="icon" ><p name="info"  image="info.icon.png"/></f><f name="iconRaw" ><p name="info"  origin_x="-2" origin_y="30" image="info.iconRaw.png"/></f><p name="reqJob" v="0"/></s>
<s name="walk1"><f name="0" ><p name="lGlove"  origin_x="13" origin_y="3" navel_x="0" navel_y="0" z="gloveOverBody" image="walk1.0.lGlove.png"/><p name="lWrist"  origin_x="8" origin_y="4" navel_x="0" navel_y="0" z="gloveWristOverBody" image="walk1.0.lWrist.png"/><p name="rGlove"  origin_x="-9" origin_y="4" navel_x="0" navel_y="0" z="glove" image="walk1.0.rGlove.png"/><p name="rWrist"  origin_x="-10" origin_y="5" navel_x="0" navel_y="0" z="gloveWrist" image="walk1.0.rWrist.png"/></f><f name="1" ><p name="lGlove"  origin_x="9" origin_y="1" navel_x="0" navel_y="0" z="gloveOverBody" image="walk1.1.lGlove.png"/><p name="lWrist"  origin_x="6" origin_y="2" navel_x="0" navel_y="0" z="gloveWrist" image="walk1.1.lWrist.png"/><p name="rGlove"  origin_x="0" origin_y="0" navel_x="0" navel_y="0" z="glove" image="walk1.1.rGlove.png"/><p name="rWrist"  origin_x="-4" origin_y="1" navel_x="0" navel_y="0" z="gloveWrist" image="walk1.1.rWrist.png"/></f><f name="2" ><p name="lGlove"  origin_x="13" origin_y="3" navel_x="0" navel_y="0" z="gloveOverBody" image="walk1.2.lGlove.png"/><p name="lWrist"  origin_x="8" origin_y="4" navel_x="0" navel_y="0" z="gloveWristOverBody" image="walk1.2.lWrist.png"/><p name="rGlove"  pointer="walk1/0/rGlove"/><p name="rWrist"  pointer="walk1/0/rWrist"/></f><f name="3" ><p name="lGlove"  origin_x="15" origin_y="9" navel_x="0" navel_y="0" z="gloveOverBody" image="walk1.3.lGlove.png"/><p name="lWrist"  origin_x="12" origin_y="4" navel_x="0" navel_y="0" z="gloveWristOverBody" image="walk1.3.lWrist.png"/><p name="rGlove"  origin_x="-11" origin_y="7" navel_x="0" navel_y="0" z="glove" image="walk1.3.rGlove.png"/><p name="rWrist"  origin_x="-11" origin_y="8" navel_x="0" navel_y="0" z="gloveWrist" image="walk1.3.rWrist.png"/></f></s>
<s name="walk2"><f name="0" ><p name="lGlove"  origin_x="10" origin_y="1" navel_x="0" navel_y="0" z="gloveOverHair" image="walk2.0.lGlove.png"/><p name="lWrist"  origin_x="9" origin_y="2" navel_x="0" navel_y="0" z="gloveWristOverHair" image="walk2.0.lWrist.png"/><p name="rGlove"  origin_x="0" origin_y="6" navel_x="0" navel_y="0" z="gloveOverHair" image="walk2.0.rGlove.png"/><p name="rWrist"  origin_x="-4" origin_y="5" navel_x="0" navel_y="0" z="gloveWristOverHair" image="walk2.0.rWrist.png"/></f><f name="1" ><p name="lGlove"  origin_x="11" origin_y="1" navel_x="0" navel_y="0" z="gloveOverHair" image="walk2.1.lGlove.png"/><p name="lWrist"  origin_x="7" origin_y="2" navel_x="0" navel_y="0" z="gloveWristOverHair" image="walk2.1.lWrist.png"/><p name="rGlove"  origin_x="1" origin_y="5" navel_x="0" navel_y="0" z="gloveOverHair" image="walk2.1.rGlove.png"/><p name="rWrist"  origin_x="-3" origin_y="2" navel_x="0" navel_y="0" z="gloveWristOverHair" image="walk2.1.rWrist.png"/></f><f name="2" ><p name="lGlove"  pointer="walk2/0/lGlove"/><p name="lWrist"  pointer="walk2/0/lWrist"/><p name="rGlove"  pointer="walk2/0/rGlove"/><p name="rWrist"  pointer="walk2/0/rWrist"/></f><f name="3" ><p name="lGlove"  origin_x="9" origin_y="4" navel_x="0" navel_y="0" z="gloveOverHair" image="walk2.3.lGlove.png"/><p name="lWrist"  origin_x="9" origin_y="4" navel_x="0" navel_y="0" z="gloveWristOverHair" image="walk2.3.lWrist.png"/><p name="rGlove"  origin_x="-1" origin_y="7" navel_x="0" navel_y="0" z="gloveOverHair" image="walk2.3.rGlove.png"/><p name="rWrist"  origin_x="-5" origin_y="4" navel_x="0" navel_y="0" z="gloveWristOverHair" image="walk2.3.rWrist.png"/></f></s>
<s name="stand1"><f name="0" ><p name="lGlove"  origin_x="8" origin_y="-1" navel_x="0" navel_y="0" z="gloveOverBody" image="stand1.0.lGlove.png"/><p name="rGlove"  origin_x="-8" origin_y="0" navel_x="0" navel_y="0" z="glove" image="stand1.0.rGlove.png"/><p name="rWrist"  origin_x="-9" origin_y="2" navel_x="0" navel_y="0" z="gloveWrist" image="stand1.0.rWrist.png"/></f><f name="1" ><p name="lGlove"  origin_x="10" origin_y="1" navel_x="0" navel_y="0" z="gloveOverBody" image="stand1.1.lGlove.png"/><p name="lWrist"  origin_x="9" origin_y="2" navel_x="0" navel_y="0" z="gloveWristOverBody" image="stand1.1.lWrist.png"/><p name="rGlove"  origin_x="-8" origin_y="2" navel_x="0" navel_y="0" z="glove" image="stand1.1.rGlove.png"/><p name="rWrist"  origin_x="-9" origin_y="2" navel_x="0" navel_y="0" z="gloveWrist" image="stand1.1.rWrist.png"/></f><f name="2" ><p name="lGlove"  origin_x="12" origin_y="1" navel_x="0" navel_y="0" z="gloveOverBody" image="stand1.2.lGlove.png"/><p name="lWrist"  origin_x="11" origin_y="1" navel_x="0" navel_y="0" z="gloveWristOverBody" image="stand1.2.lWrist.png"/><p name="rGlove"  origin_x="-8" origin_y="1" navel_x="0" navel_y="0" z="glove" image="stand1.2.rGlove.png"/><p name="rWrist"  origin_x="-9" origin_y="2" navel_x="0" navel_y="0" z="gloveWrist" image="stand1.2.rWrist.png"/></f></s>
<s name="stand2"><f name="0" ><p name="lGlove"  origin_x="10" origin_y="5" navel_x="0" navel_y="0" z="gloveOverHair" image="stand2.0.lGlove.png"/><p name="lWrist"  origin_x="-7" origin_y="2" navel_x="0" navel_y="0" z="gloveWristOverHair" image="stand2.0.lWrist.png"/></f><f name="1" ><p name="lGlove"  origin_x="10" origin_y="6" navel_x="0" navel_y="0" z="gloveOverHair" image="stand2.1.lGlove.png"/><p name="lWrist"  origin_x="8" origin_y="3" navel_x="0" navel_y="0" z="gloveWristOverHair" image="stand2.1.lWrist.png"/></f><f name="2" ><p name="lGlove"  origin_x="10" origin_y="5" navel_x="0" navel_y="0" z="gloveOverHair" image="stand2.2.lGlove.png"/><p name="lWrist"  origin_x="10" origin_y="3" navel_x="0" navel_y="0" z="gloveWristOverHair" image="stand2.2.lWrist.png"/></f></s>
<s name="alert"><f name="0" ><p name="lGlove"  origin_x="12" origin_y="6" navel_x="0" navel_y="0" z="gloveBelowWeapon" image="alert.0.lGlove.png"/><p name="rGlove"  origin_x="0" origin_y="2" navel_x="0" navel_y="0" z="gloveOverHair" image="alert.0.rGlove.png"/><p name="lWrist"  origin_x="-6" origin_y="3" navel_x="0" navel_y="0" z="gloveWristOverHair" image="alert.0.lWrist.png"/></f><f name="1" ><p name="lGlove"  origin_x="12" origin_y="4" navel_x="0" navel_y="0" z="gloveBelowWeapon" image="alert.1.lGlove.png"/><p name="rGlove"  origin_x="0" origin_y="0" navel_x="0" navel_y="0" z="gloveOverHair" image="alert.1.rGlove.png"/><p name="lWrist"  origin_x="-5" origin_y="1" navel_x="0" navel_y="0" z="gloveWristOverHair" image="alert.1.lWrist.png"/></f><f name="2" ><p name="lGlove"  origin_x="12" origin_y="2" navel_x="0" navel_y="0" z="gloveBelowWeapon" image="alert.2.lGlove.png"/><p name="rGlove"  origin_x="0" origin_y="-2" navel_x="0" navel_y="0" z="gloveOverHair" image="alert.2.rGlove.png"/><p name="lWrist"  origin_x="10" origin_y="4" navel_x="0" navel_y="0" z="gloveWristOverHair" image="alert.2.lWrist.png"/></f></s>
<s name="swingO1"><f name="1" ><p name="lGlove"  origin_x="-8" origin_y="6" navel_x="0" navel_y="0" z="gloveOverBody" image="swingO1.1.lGlove.png"/><p name="rGlove"  origin_x="12" origin_y="7" navel_x="0" navel_y="0" z="gloveOverHair" image="swingO1.1.rGlove.png"/><p name="rWrist"  origin_x="12" origin_y="7" navel_x="0" navel_y="0" z="gloveWristOverHair" image="swingO1.1.rWrist.png"/></f><f name="2" ><p name="lGlove"  origin_x="9" origin_y="8" navel_x="0" navel_y="0" z="gloveOverBody" image="swingO1.2.lGlove.png"/><p name="rGlove"  origin_x="-10" origin_y="25" navel_x="0" navel_y="0" z="gloveOverHair" image="swingO1.2.rGlove.png"/><p name="rWrist"  origin_x="-9" origin_y="20" navel_x="0" navel_y="0" z="gloveWristOverHair" image="swingO1.2.rWrist.png"/></f></s>
<s name="swingO2"><f name="0" ><p name="lGlove"  origin_x="12" origin_y="3" navel_x="0" navel_y="0" z="gloveOverBody" image="swingO2.0.lGlove.png"/><p name="rGlove"  origin_x="22" origin_y="19" navel_x="0" navel_y="0" z="gloveBelowHead" image="swingO2.0.rGlove.png"/><p name="rWrist"  origin_x="17" origin_y="14" navel_x="0" navel_y="0" z="gloveWristBelowHead" image="swingO2.0.rWrist.png"/></f><f name="1" ><p name="lGlove"  origin_x="11" origin_y="13" navel_x="0" navel_y="0" z="gloveOverBody" image="swingO2.1.lGlove.png"/><p name="rGlove"  origin_x="25" origin_y="15" navel_x="0" navel_y="0" z="gloveBelowHead" image="swingO2.1.rGlove.png"/><p name="rWrist"  origin_x="20" origin_y="11" navel_x="0" navel_y="0" z="gloveWristBelowHead" image="swingO2.1.rWrist.png"/></f><f name="2" ><p name="lGlove"  origin_x="19" origin_y="14" navel_x="0" navel_y="0" z="gloveOverBody" image="swingO2.2.lGlove.png"/><p name="rGlove"  origin_x="-11" origin_y="6" navel_x="0" navel_y="0" z="glove" image="swingO2.2.rGlove.png"/><p name="rWrist"  origin_x="-11" origin_y="7" navel_x="0" navel_y="0" z="gloveWristOverHair" image="swingO2.2.rWrist.png"/></f></s>
<s name="swingO3"><f name="0" ><p name="lGlove"  origin_x="28" origin_y="9" navel_x="0" navel_y="0" z="gloveOverBody" image="swingO3.0.lGlove.png"/><p name="lWrist"  origin_x="20" origin_y="10" navel_x="0" navel_y="0" z="gloveWristOverBody" image="swingO3.0.lWrist.png"/><p name="rGlove"  origin_x="-11" origin_y="17" navel_x="0" navel_y="0" z="glove" image="swingO3.0.rGlove.png"/><p name="rWrist"  origin_x="-9" origin_y="12" navel_x="0" navel_y="0" z="gloveWrist" image="swingO3.0.rWrist.png"/></f><f name="1" ><p name="rGlove"  origin_x="23" origin_y="8" navel_x="0" navel_y="0" z="gloveBelowHead" image="swingO3.1.rGlove.png"/><p name="rWrist"  origin_x="16" origin_y="8" navel_x="0" navel_y="0" z="gloveWrist" image="swingO3.1.rWrist.png"/></f></s>
<s name="swingOF"><f name="0" ><p name="lGlove"  origin_x="15" origin_y="4" navel_x="0" navel_y="0" z="glove" image="swingOF.0.lGlove.png"/><p name="lWrist"  origin_x="16" origin_y="4" navel_x="0" navel_y="0" z="gloveWrist" image="swingOF.0.lWrist.png"/><p name="rGlove"  origin_x="-12" origin_y="13" navel_x="0" navel_y="0" z="gloveOverHair" image="swingOF.0.rGlove.png"/><p name="rWrist"  origin_x="-12" origin_y="14" navel_x="0" navel_y="0" z="gloveWristOverHair" image="swingOF.0.rWrist.png"/></f><f name="3" ><p name="lGlove"  origin_x="19" origin_y="-4" navel_x="0" navel_y="0" z="glove" image="swingOF.3.lGlove.png"/><p name="lWrist"  origin_x="16" origin_y="-4" navel_x="0" navel_y="0" z="gloveWrist" image="swingOF.3.lWrist.png"/><p name="rGlove"  origin_x="-11" origin_y="20" navel_x="0" navel_y="0" z="gloveOverBody" image="swingOF.3.rGlove.png"/><p name="rWrist"  origin_x="-10" origin_y="19" navel_x="0" navel_y="0" z="gloveWristOverBody" image="swingOF.3.rWrist.png"/></f></s>
<s name="swingT1"><f name="0" ><p name="lGlove"  origin_x="-1" origin_y="27" navel_x="0" navel_y="0" z="gloveOverHair" image="swingT1.0.lGlove.png"/><p name="lWrist"  origin_x="1" origin_y="21" navel_x="0" navel_y="0" z="gloveWristOverHair" image="swingT1.0.lWrist.png"/><p name="rGlove"  origin_x="-12" origin_y="30" navel_x="0" navel_y="0" z="gloveOverHair" image="swingT1.0.rGlove.png"/><p name="rWrist"  origin_x="-11" origin_y="24" navel_x="0" navel_y="0" z="gloveWristOverHair" image="swingT1.0.rWrist.png"/></f><f name="1" ><p name="lGlove"  origin_x="23" origin_y="16" navel_x="0" navel_y="0" z="gloveOverHair" image="swingT1.1.lGlove.png"/><p name="lWrist"  origin_x="20" origin_y="7" navel_x="0" navel_y="0" z="gloveWristOverHair" image="swingT1.1.lWrist.png"/><p name="rGlove"  origin_x="19" origin_y="25" navel_x="0" navel_y="0" z="gloveOverHair" image="swingT1.1.rGlove.png"/><p name="rWrist"  origin_x="14" origin_y="17" navel_x="0" navel_y="0" z="gloveWristOverHair" image="swingT1.1.rWrist.png"/></f><f name="2" ><p name="lGlove"  origin_x="12" origin_y="-6" navel_x="0" navel_y="0" z="gloveOverBody" image="swingT1.2.lGlove.png"/><p name="rGlove"  origin_x="20" origin_y="-4" navel_x="0" navel_y="0" z="glove" image="swingT1.2.rGlove.png"/><p name="rWrist"  origin_x="17" origin_y="-4" navel_x="0" navel_y="0" z="gloveWrist" image="swingT1.2.rWrist.png"/></f></s>
<s name="swingT2"><f name="1" ><p name="lGlove"  origin_x="21" origin_y="13" navel_x="0" navel_y="0" z="gloveOverBody" image="swingT2.1.lGlove.png"/><p name="rGlove"  origin_x="19" origin_y="9" navel_x="0" navel_y="0" z="glove" image="swingT2.1.rGlove.png"/><p name="rWrist"  origin_x="13" origin_y="7" navel_x="0" navel_y="0" z="gloveWrist" image="swingT2.1.rWrist.png"/></f><f name="2" ><p name="rGlove"  origin_x="0" origin_y="4" navel_x="0" navel_y="0" z="glove" image="swingT2.2.rGlove.png"/><p name="rWrist"  origin_x="0" origin_y="4" navel_x="0" navel_y="0" z="gloveWrist" image="swingT2.2.rWrist.png"/></f></s>
<s name="swingT3"><f name="0" ><p name="lGlove"  origin_x="-1" origin_y="3" navel_x="0" navel_y="0" z="glove" image="swingT3.0.lGlove.png"/><p name="lWrist"  origin_x="0" origin_y="5" navel_x="0" navel_y="0" z="gloveWrist" image="swingT3.0.lWrist.png"/><p name="rGlove"  origin_x="-7" origin_y="4" navel_x="0" navel_y="0" z="gloveOverBody" image="swingT3.0.rGlove.png"/><p name="rWrist"  origin_x="-8" origin_y="5" navel_x="0" navel_y="0" z="gloveWristOverBody" image="swingT3.0.rWrist.png"/></f><f name="1" ><p name="lGlove"  origin_x="4" origin_y="3" navel_x="0" navel_y="0" z="gloveBelowHead" image="swingT3.1.lGlove.png"/><p name="lWrist"  origin_x="5" origin_y="3" navel_x="0" navel_y="0" z="gloveWristBelowHead" image="swingT3.1.lWrist.png"/></f></s>
<s name="swingTF"><f name="1" ><p name="rWrist"  origin_x="-7" origin_y="13" navel_x="0" navel_y="0" z="gloveBelowHead" image="swingTF.1.rWrist.png"/><p name="rGlove"  origin_x="-6" origin_y="17" navel_x="0" navel_y="0" z="gloveBelowHead" image="swingTF.1.rGlove.png"/></f><f name="2" ><p name="rGlove"  origin_x="16" origin_y="34" navel_x="0" navel_y="0" z="gloveOverHair" image="swingTF.2.rGlove.png"/><p name="rWrist"  origin_x="14" origin_y="25" navel_x="0" navel_y="0" z="gloveWristOverHair" image="swingTF.2.rWrist.png"/></f><f name="3" ><p name="lGlove"  origin_x="17" origin_y="-1" navel_x="0" navel_y="0" z="gloveOverBody" image="swingTF.3.lGlove.png"/><p name="rGlove"  origin_x="22" origin_y="-2" navel_x="0" navel_y="0" z="gloveOverHair" image="swingTF.3.rGlove.png"/><p name="rWrist"  origin_x="19" origin_y="-2" navel_x="0" navel_y="0" z="gloveWristOverHair" image="swingTF.3.rWrist.png"/></f></s>
<s name="swingP1"><f name="0" ><p name="lGlove"  origin_x="4" origin_y="30" navel_x="0" navel_y="0" z="gloveOverHair" image="swingP1.0.lGlove.png"/><p name="lWrist"  origin_x="7" origin_y="23" navel_x="0" navel_y="0" z="gloveWristOverHair" image="swingP1.0.lWrist.png"/><p name="rGlove"  origin_x="-11" origin_y="32" navel_x="0" navel_y="0" z="gloveOverHair" image="swingP1.0.rGlove.png"/><p name="rWrist"  origin_x="-10" origin_y="26" navel_x="0" navel_y="0" z="gloveWristOverHair" image="swingP1.0.rWrist.png"/></f><f name="1" ><p name="lGlove"  origin_x="25" origin_y="12" navel_x="0" navel_y="0" z="gloveOverHair" image="swingP1.1.lGlove.png"/><p name="lWrist"  origin_x="18" origin_y="8" navel_x="0" navel_y="0" z="gloveWristOverHair" image="swingP1.1.lWrist.png"/><p name="rGlove"  origin_x="19" origin_y="26" navel_x="0" navel_y="0" z="gloveOverHair" image="swingP1.1.rGlove.png"/><p name="rWrist"  origin_x="13" origin_y="19" navel_x="0" navel_y="0" z="gloveWristOverHair" image="swingP1.1.rWrist.png"/></f><f name="2" ><p name="lGlove"  origin_x="12" origin_y="-3" navel_x="0" navel_y="0" z="gloveOverBody" image="swingP1.2.lGlove.png"/><p name="rGlove"  origin_x="20" origin_y="-3" navel_x="0" navel_y="0" z="glove" image="swingP1.2.rGlove.png"/><p name="rWrist"  origin_x="16" origin_y="-1" navel_x="0" navel_y="0" z="gloveWrist" image="swingP1.2.rWrist.png"/></f></s>
<s name="swingP2"><f name="0" ><p name="rGlove"  origin_x="22" origin_y="18" navel_x="0" navel_y="0" z="glove" image="swingP2.0.rGlove.png"/><p name="rWrist"  origin_x="19" origin_y="9" navel_x="0" navel_y="0" z="gloveWrist" image="swingP2.0.rWrist.png"/></f><f name="1" ><p name="rGlove"  origin_x="23" origin_y="7" navel_x="0" navel_y="0" z="glove" image="swingP2.1.rGlove.png"/><p name="rWrist"  origin_x="15" origin_y="4" navel_x="0" navel_y="0" z="gloveWrist" image="swingP2.1.rWrist.png"/></f><f name="2" ><p name="lGlove"  origin_x="0" origin_y="4" navel_x="0" navel_y="0" z="glove" image="swingP2.2.lGlove.png"/><p name="lWrist"  origin_x="0" origin_y="4" navel_x="0" navel_y="0" z="gloveWrist" image="swingP2.2.lWrist.png"/></f></s>
<s name="swingPF"><f name="0" ><p name="lGlove"  origin_x="23" origin_y="8" navel_x="0" navel_y="0" z="gloveOverHair" image="swingPF.0.lGlove.png"/><p name="lWrist"  origin_x="18" origin_y="9" navel_x="0" navel_y="0" z="gloveWristOverHair" image="swingPF.0.lWrist.png"/><p name="rGlove"  origin_x="-16" origin_y="11" navel_x="0" navel_y="0" z="glove" image="swingPF.0.rGlove.png"/><p name="rWrist"  origin_x="-17" origin_y="13" navel_x="0" navel_y="0" z="gloveWrist" image="swingPF.0.rWrist.png"/></f><f name="1" ><p name="lGlove"  origin_x="21" origin_y="5" navel_x="0" navel_y="0" z="gloveOverHair" image="swingPF.1.lGlove.png"/><p name="lWrist"  origin_x="16" origin_y="6" navel_x="0" navel_y="0" z="gloveWristOverHair" image="swingPF.1.lWrist.png"/><p name="rGlove"  origin_x="-15" origin_y="14" navel_x="0" navel_y="0" z="glove" image="swingPF.1.rGlove.png"/><p name="rWrist"  origin_x="-16" origin_y="15" navel_x="0" navel_y="0" z="gloveWrist" image="swingPF.1.rWrist.png"/></f><f name="2" ><p name="lGlove"  origin_x="5" origin_y="7" navel_x="5" navel_y="23" z="gloveOverHair" image="swingPF.2.lGlove.png"/><p name="lWrist"  origin_x="4" origin_y="3" navel_x="9" navel_y="19" z="gloveWristOverHair" image="swingPF.2.lWrist.png"/><p name="rGlove"  origin_x="-7" origin_y="32" navel_x="0" navel_y="0" z="gloveOverHair" image="swingPF.2.rGlove.png"/><p name="rWrist"  origin_x="-6" origin_y="25" navel_x="0" navel_y="0" z="gloveWristOverHair" image="swingPF.2.rWrist.png"/></f><f name="3" ><p name="lGlove"  origin_x="14" origin_y="-2" navel_x="0" navel_y="0" z="gloveOverBody" image="swingPF.3.lGlove.png"/><p name="lWrist"  origin_x="14" origin_y="-1" navel_x="0" navel_y="0" z="gloveWristOverBody" image="swingPF.3.lWrist.png"/><p name="rGlove"  origin_x="22" origin_y="-3" navel_x="0" navel_y="0" z="gloveOverHair" image="swingPF.3.rGlove.png"/><p name="rWrist"  origin_x="18" origin_y="-2" navel_x="0" navel_y="0" z="gloveWristOverHair" image="swingPF.3.rWrist.png"/></f></s>
<s name="stabO1"><f name="0" ><p name="lGlove"  origin_x="25" origin_y="9" navel_x="0" navel_y="0" z="gloveOverBody" image="stabO1.0.lGlove.png"/><p name="lWrist"  origin_x="18" origin_y="9" navel_x="0" navel_y="0" z="gloveWristOverBody" image="stabO1.0.lWrist.png"/><p name="rGlove"  origin_x="-10" origin_y="5" navel_x="0" navel_y="0" z="glove" image="stabO1.0.rGlove.png"/><p name="rWrist"  origin_x="-10" origin_y="5" navel_x="0" navel_y="0" z="gloveWrist" image="stabO1.0.rWrist.png"/></f><f name="1" ><p name="rGlove"  origin_x="30" origin_y="12" navel_x="0" navel_y="0" z="gloveOverHair" image="stabO1.1.rGlove.png"/><p name="rWrist"  origin_x="22" origin_y="11" navel_x="0" navel_y="0" z="gloveWristOverHair" image="stabO1.1.rWrist.png"/></f></s>
<s name="stabO2"><f name="0" ><p name="lGlove"  origin_x="25" origin_y="11" navel_x="0" navel_y="0" z="gloveOverBody" image="stabO2.0.lGlove.png"/><p name="lWrist"  origin_x="18" origin_y="12" navel_x="0" navel_y="0" z="gloveWristOverBody" image="stabO2.0.lWrist.png"/><p name="rGlove"  origin_x="-6" origin_y="16" navel_x="0" navel_y="0" z="gloveOverHair" image="stabO2.0.rGlove.png"/><p name="rWrist"  origin_x="-13" origin_y="12" navel_x="0" navel_y="0" z="gloveWristOverHair" image="stabO2.0.rWrist.png"/></f><f name="1" ><p name="rGlove"  origin_x="28" origin_y="11" navel_x="0" navel_y="0" z="gloveOverHair" image="stabO2.1.rGlove.png"/><p name="rWrist"  origin_x="21" origin_y="12" navel_x="0" navel_y="0" z="gloveWristOverHair" image="stabO2.1.rWrist.png"/></f></s>
<s name="stabOF"><f name="0" ><p name="lGlove"  origin_x="4" origin_y="6" navel_x="0" navel_y="0" z="gloveOverBody" image="stabOF.0.lGlove.png"/><p name="lWrist"  origin_x="5" origin_y="5" navel_x="0" navel_y="0" z="gloveWristOverBody" image="stabOF.0.lWrist.png"/><p name="rGlove"  origin_x="-3" origin_y="8" navel_x="0" navel_y="0" z="gloveBelowMailArm" image="stabOF.0.rGlove.png"/><p name="rWrist"  origin_x="-3" origin_y="8" navel_x="0" navel_y="0" z="gloveWristBelowMailArm" image="stabOF.0.rWrist.png"/></f><f name="1" ><p name="lGlove"  origin_x="35" origin_y="13" navel_x="0" navel_y="0" z="gloveOverBody" image="stabOF.1.lGlove.png"/><p name="lWrist"  origin_x="28" origin_y="11" navel_x="0" navel_y="0" z="gloveWristOverBody" image="stabOF.1.lWrist.png"/><p name="rGlove"  origin_x="-7" origin_y="5" navel_x="0" navel_y="0" z="gloveBelowMailArm" image="stabOF.1.rGlove.png"/><p name="rWrist"  origin_x="-6" origin_y="6" navel_x="0" navel_y="0" z="gloveOverHair" image="stabOF.1.rWrist.png"/></f><f name="2" ><p name="lGlove"  origin_x="5" origin_y="5" navel_x="20" navel_y="5" z="gloveOverBody" image="stabOF.2.lGlove.png"/><p name="lWrist"  origin_x="3" origin_y="3" navel_x="17" navel_y="3" z="gloveWristOverBody" image="stabOF.2.lWrist.png"/><p name="rGlove"  origin_x="32" origin_y="11" navel_x="0" navel_y="0" z="gloveOverHair" image="stabOF.2.rGlove.png"/><p name="rWrist"  origin_x="24" origin_y="11" navel_x="0" navel_y="0" z="gloveWristOverHair" image="stabOF.2.rWrist.png"/></f></s>
<s name="stabT1"><f name="0" ><p name="lGlove"  origin_x="8" origin_y="1" navel_x="0" navel_y="0" z="gloveOverHair" image="stabT1.0.lGlove.png"/><p name="lWrist"  origin_x="9" origin_y="2" navel_x="0" navel_y="0" z="gloveWristOverHair" image="stabT1.0.lWrist.png"/><p name="rGlove"  origin_x="-13" origin_y="10" navel_x="0" navel_y="0" z="glove" image="stabT1.0.rGlove.png"/><p name="rWrist"  origin_x="-12" origin_y="11" navel_x="0" navel_y="0" z="gloveWrist" image="stabT1.0.rWrist.png"/></f><f name="1" ><p name="lGlove"  origin_x="9" origin_y="0" navel_x="0" navel_y="0" z="gloveOverHair" image="stabT1.1.lGlove.png"/><p name="rGlove"  origin_x="-12" origin_y="4" navel_x="0" navel_y="0" z="glove" image="stabT1.1.rGlove.png"/><p name="rWrist"  origin_x="-13" origin_y="9" navel_x="0" navel_y="0" z="gloveWrist" image="stabT1.1.rWrist.png"/></f><f name="2" ><p name="lGlove"  origin_x="29" origin_y="8" navel_x="0" navel_y="0" z="gloveOverHair" image="stabT1.2.lGlove.png"/><p name="lWrist"  origin_x="21" origin_y="8" navel_x="0" navel_y="0" z="gloveWristOverHair" image="stabT1.2.lWrist.png"/><p name="rGlove"  origin_x="7" origin_y="9" navel_x="0" navel_y="0" z="gloveBelowHead" image="stabT1.2.rGlove.png"/><p name="rWrist"  origin_x="-1" origin_y="9" navel_x="0" navel_y="0" z="gloveWristBelowHead" image="stabT1.2.rWrist.png"/></f></s>
<s name="stabT2"><f name="0" ><p name="lGlove"  origin_x="16" origin_y="3" navel_x="0" navel_y="0" z="gloveOverHair" image="stabT2.0.lGlove.png"/><p name="lWrist"  origin_x="15" origin_y="4" navel_x="0" navel_y="0" z="gloveWristOverHair" image="stabT2.0.lWrist.png"/><p name="rGlove"  origin_x="-9" origin_y="10" navel_x="0" navel_y="0" z="gloveBelowHead" image="stabT2.0.rGlove.png"/><p name="rWrist"  origin_x="-12" origin_y="11" navel_x="0" navel_y="0" z="gloveWristBelowHead" image="stabT2.0.rWrist.png"/></f><f name="1" ><p name="lGlove"  origin_x="19" origin_y="2" navel_x="0" navel_y="0" z="gloveOverHair" image="stabT2.1.lGlove.png"/><p name="lWrist"  origin_x="11" origin_y="0" navel_x="0" navel_y="0" z="gloveWristOverHair" image="stabT2.1.lWrist.png"/><p name="rGlove"  origin_x="-7" origin_y="11" navel_x="0" navel_y="0" z="gloveBelowHead" image="stabT2.1.rGlove.png"/><p name="rWrist"  origin_x="-6" origin_y="13" navel_x="0" navel_y="0" z="gloveWristBelowHead" image="stabT2.1.rWrist.png"/></f><f name="2" ><p name="lGlove"  origin_x="30" origin_y="8" navel_x="0" navel_y="0" z="gloveOverHair" image="stabT2.2.lGlove.png"/><p name="lWrist"  origin_x="21" origin_y="6" navel_x="0" navel_y="0" z="gloveWristOverHair" image="stabT2.2.lWrist.png"/><p name="rGlove"  origin_x="-1" origin_y="4" navel_x="0" navel_y="0" z="gloveBelowHead" image="stabT2.2.rGlove.png"/><p name="rWrist"  origin_x="-7" origin_y="5" navel_x="0" navel_y="0" z="gloveWristBelowHead" image="stabT2.2.rWrist.png"/></f></s>
<s name="stabTF"><f name="0" ><p name="lGlove"  pointer="swingPF/0/lGlove"/><p name="lWrist"  pointer="swingPF/0/lWrist"/><p name="rGlove"  pointer="swingPF/0/rGlove"/><p name="rWrist"  pointer="swingPF/0/rWrist"/></f><f name="1" ><p name="lGlove"  pointer="swingPF/1/lGlove"/><p name="lWrist"  pointer="swingPF/1/lWrist"/><p name="rGlove"  pointer="swingPF/1/rGlove"/><p name="rWrist"  pointer="swingPF/1/rWrist"/></f><f name="2" ><p name="lGlove"  origin_x="6" origin_y="5" navel_x="-10" navel_y="2" z="gloveOverHair" image="stabTF.2.lGlove.png"/><p name="lWrist"  origin_x="3" origin_y="4" navel_x="-5" navel_y="2" z="gloveWristOverHair" image="stabTF.2.lWrist.png"/><p name="rGlove"  origin_x="6" origin_y="5" navel_x="-23" navel_y="11" z="gloveBelowHead" image="stabTF.2.rGlove.png"/><p name="rWrist"  origin_x="3" origin_y="4" navel_x="-19" navel_y="13" z="gloveWristBelowHead" image="stabTF.2.rWrist.png"/></f><f name="3" ><p name="lGlove"  pointer="stabT1/2/lGlove"/><p name="lWrist"  pointer="stabT1/2/lWrist"/><p name="rGlove"  pointer="stabT1/2/rGlove"/><p name="rWrist"  pointer="stabT1/2/rWrist"/></f></s>
<s name="shoot1"><f name="0" ><p name="lGlove"  origin_x="27" origin_y="12" navel_x="0" navel_y="0" z="gloveOverBody" image="shoot1.0.lGlove.png"/><p name="lWrist"  origin_x="20" origin_y="12" navel_x="0" navel_y="0" z="gloveWristOverBody" image="shoot1.0.lWrist.png"/><p name="rGlove"  origin_x="13" origin_y="16" navel_x="0" navel_y="0" z="gloveOverHair" image="shoot1.0.rGlove.png"/><p name="rWrist"  origin_x="5" origin_y="16" navel_x="0" navel_y="0" z="gloveWristOverHair" image="shoot1.0.rWrist.png"/></f><f name="1" ><p name="lGlove"  origin_x="27" origin_y="12" navel_x="0" navel_y="0" z="gloveOverBody" image="shoot1.1.lGlove.png"/><p name="lWrist"  origin_x="20" origin_y="12" navel_x="0" navel_y="0" z="gloveWristOverHair" image="shoot1.1.lWrist.png"/><p name="rGlove"  origin_x="-1" origin_y="16" navel_x="0" navel_y="0" z="gloveOverHair" image="shoot1.1.rGlove.png"/><p name="rWrist"  origin_x="-9" origin_y="15" navel_x="0" navel_y="0" z="gloveWristOverHair" image="shoot1.1.rWrist.png"/></f><f name="2" ><p name="lGlove"  pointer="shoot1/1/lGlove"/><p name="lWrist"  pointer="shoot1/1/lWrist"/><p name="rGlove"  pointer="shoot1/1/rGlove"/><p name="rWrist"  pointer="shoot1/1/rWrist"/></f></s>
<s name="shoot2"><f name="0" ><p name="lGlove"  origin_x="18" origin_y="10" navel_x="0" navel_y="0" z="gloveOverBody" image="shoot2.0.lGlove.png"/><p name="lWrist"  origin_x="11" origin_y="8" navel_x="0" navel_y="0" z="gloveWristOverBody" image="shoot2.0.lWrist.png"/><p name="rGlove"  origin_x="1" origin_y="10" navel_x="0" navel_y="0" z="gloveOverHair" image="shoot2.0.rGlove.png"/><p name="rWrist"  origin_x="-7" origin_y="9" navel_x="0" navel_y="0" z="gloveWristOverHair" image="shoot2.0.rWrist.png"/></f><f name="1" ><p name="lGlove"  pointer="shoot2/0/lGlove"/><p name="lWrist"  pointer="shoot2/0/lWrist"/><p name="rGlove"  origin_x="15" origin_y="17" navel_x="0" navel_y="0" z="gloveOverHair" image="shoot2.1.rGlove.png"/><p name="rWrist"  origin_x="7" origin_y="15" navel_x="0" navel_y="0" z="gloveWristOverHair" image="shoot2.1.rWrist.png"/></f><f name="2" ><p name="lGlove"  pointer="shoot2/0/lGlove"/><p name="lWrist"  pointer="shoot2/0/lWrist"/><p name="rGlove"  origin_x="2" origin_y="16" navel_x="0" navel_y="0" z="gloveOverHair" image="shoot2.2.rGlove.png"/><p name="rWrist"  origin_x="-6" origin_y="14" navel_x="0" navel_y="0" z="gloveWristOverHair" image="shoot2.2.rWrist.png"/></f><f name="3" ><p name="lGlove"  pointer="shoot2/0/lGlove"/><p name="lWrist"  pointer="shoot2/0/lWrist"/><p name="rGlove"  pointer="shoot2/0/rGlove"/><p name="rWrist"  pointer="shoot2/0/rWrist"/></f><f name="4" ><p name="lGlove"  origin_x="16" origin_y="10" navel_x="0" navel_y="0" z="gloveOverBody" image="shoot2.4.lGlove.png"/><p name="lWrist"  origin_x="9" origin_y="9" navel_x="0" navel_y="0" z="gloveWristOverBody" image="shoot2.4.lWrist.png"/><p name="rGlove"  origin_x="-1" origin_y="10" navel_x="0" navel_y="0" z="gloveOverHair" image="shoot2.4.rGlove.png"/><p name="rWrist"  origin_x="-9" origin_y="9" navel_x="0" navel_y="0" z="gloveWristOverHair" image="shoot2.4.rWrist.png"/></f></s>
<s name="shootF"><f name="0" ><p name="lGlove"  origin_x="29" origin_y="17" navel_x="0" navel_y="0" z="gloveOverBody" image="shootF.0.lGlove.png"/><p name="lWrist"  origin_x="22" origin_y="14" navel_x="0" navel_y="0" z="gloveWristOverBody" image="shootF.0.lWrist.png"/><p name="rGlove"  origin_x="12" origin_y="18" navel_x="0" navel_y="0" z="gloveOverHair" image="shootF.0.rGlove.png"/><p name="rWrist"  origin_x="4" origin_y="17" navel_x="0" navel_y="0" z="gloveWristOverHair" image="shootF.0.rWrist.png"/></f><f name="1" ><p name="lGlove"  origin_x="31" origin_y="17" navel_x="0" navel_y="0" z="gloveOverBody" image="shootF.1.lGlove.png"/><p name="lWrist"  origin_x="24" origin_y="15" navel_x="0" navel_y="0" z="gloveWristOverBody" image="shootF.1.lWrist.png"/><p name="rGlove"  origin_x="-2" origin_y="15" navel_x="0" navel_y="0" z="gloveBelowMailArm" image="shootF.1.rGlove.png"/><p name="rWrist"  origin_x="-5" origin_y="11" navel_x="0" navel_y="0" z="gloveWristBelowMailArm" image="shootF.1.rWrist.png"/></f><f name="2" ><p name="lGlove"  pointer="shootF/1/lGlove"/><p name="lWrist"  pointer="shootF/1/lWrist"/><p name="rGlove"  pointer="shootF/1/rGlove"/><p name="rWrist"  pointer="shootF/1/rWrist"/></f></s>
<s name="proneStab"><f name="0" ><p name="lGlove"  origin_x="40" origin_y="6" navel_x="0" navel_y="0" z="gloveOverBody" image="proneStab.0.lGlove.png"/><p name="lWrist"  origin_x="33" origin_y="4" navel_x="0" navel_y="0" z="gloveWristOverBody" image="proneStab.0.lWrist.png"/><p name="rGlove"  origin_x="14" origin_y="7" navel_x="0" navel_y="0" z="gloveOverHair" image="proneStab.0.rGlove.png"/><p name="rWrist"  origin_x="6" origin_y="4" navel_x="0" navel_y="0" z="gloveWristOverHair" image="proneStab.0.rWrist.png"/></f><f name="1" ><p name="lGlove"  pointer="proneStab/0/lGlove"/><p name="lWrist"  pointer="proneStab/0/lWrist"/><p name="rGlove"  origin_x="29" origin_y="6" navel_x="0" navel_y="0" z="gloveOverHair" image="proneStab.1.rGlove.png"/><p name="rWrist"  origin_x="21" origin_y="7" navel_x="0" navel_y="0" z="gloveWristOverHair" image="proneStab.1.rWrist.png"/></f></s>
<s name="prone"><f name="0" ><p name="lGlove"  pointer="proneStab/0/lGlove"/><p name="lWrist"  pointer="proneStab/0/lWrist"/><p name="rGlove"  pointer="proneStab/0/rGlove"/><p name="rWrist"  pointer="proneStab/0/rWrist"/></f></s>
<s name="heal"><f name="0" ><p name="lGlove"  pointer="alert/1/lGlove"/><p name="rGlove"  pointer="alert/1/rGlove"/><p name="rWrist"  pointer="alert/1/rWrist"/></f><f name="1" ><p name="lGlove"  pointer="swingO2/1/lGlove"/><p name="rGlove"  pointer="swingO2/1/rGlove"/><p name="rWrist"  pointer="swingO2/1/rWrist"/></f><f name="2" ><p name="lGlove"  pointer="swingO2/0/lGlove"/><p name="rGlove"  pointer="swingO2/0/rGlove"/><p name="rWrist"  pointer="swingO2/0/rWrist"/></f></s>
<s name="fly"><f name="0" ><p name="lGlove"  origin_x="12" origin_y="8" navel_x="0" navel_y="0" z="gloveOverHair" image="fly.0.lGlove.png"/><p name="rGlove"  origin_x="1" origin_y="13" navel_x="0" navel_y="0" z="gloveOverHair" image="fly.0.rGlove.png"/><p name="rWrist"  origin_x="-3" origin_y="9" navel_x="0" navel_y="0" z="gloveWristOverHair" image="fly.0.rWrist.png"/></f><f name="1" ><p name="lGlove"  pointer="fly/0/lGlove"/><p name="rGlove"  pointer="fly/0/rGlove"/><p name="rWrist"  pointer="fly/0/rWrist"/></f></s>
<s name="jump"><f name="0" ><p name="lGlove"  origin_x="11" origin_y="7" navel_x="0" navel_y="0" z="gloveOverHair" image="jump.0.lGlove.png"/><p name="rGlove"  origin_x="0" origin_y="12" navel_x="0" navel_y="0" z="gloveOverHair" image="jump.0.rGlove.png"/><p name="rWrist"  origin_x="-4" origin_y="8" navel_x="0" navel_y="0" z="gloveWristOverHair" image="jump.0.rWrist.png"/></f></s>
<s name="sit"><f name="0" ><p name="lGlove"  origin_x="9" origin_y="4" navel_x="0" navel_y="0" z="gloveOverBody" image="sit.0.lGlove.png"/><p name="rGlove"  origin_x="1" origin_y="3" navel_x="0" navel_y="0" z="glove" image="sit.0.rGlove.png"/><p name="rWrist"  origin_x="-3" origin_y="5" navel_x="0" navel_y="0" z="gloveWrist" image="sit.0.rWrist.png"/></f></s>
<s name="ladder"><f name="0" ><p name="rGlove"  origin_x="11" origin_y="9" navel_x="-1" navel_y="14" z="backGlove" image="ladder.0.rGlove.png"/><p name="rWrist"  origin_x="11" origin_y="7" navel_x="0" navel_y="10" z="backGloveWrist" image="ladder.0.rWrist.png"/></f><f name="1" ><p name="rGlove"  origin_x="11" origin_y="9" navel_x="1" navel_y="13" z="backGlove" image="ladder.1.rGlove.png"/><p name="rWrist"  origin_x="11" origin_y="7" navel_x="0" navel_y="9" z="backGloveWrist" image="ladder.1.rWrist.png"/></f></s>
<s name="rope"><f name="0" ><p name="rGlove"  origin_x="8" origin_y="19" navel_x="1" navel_y="0" z="backGlove" image="rope.0.rGlove.png"/><p name="rWrist"  origin_x="9" origin_y="19" navel_x="0" navel_y="0" z="backGloveWrist" image="rope.0.rWrist.png"/></f><f name="1" ><p name="rGlove"  origin_x="6" origin_y="12" navel_x="0" navel_y="0" z="backGlove" image="rope.1.rGlove.png"/><p name="rWrist"  origin_x="7" origin_y="12" navel_x="0" navel_y="0" z="backGloveWrist" image="rope.1.rWrist.png"/></f></s>
</i>
