<i>
<s name="walk1"><f name="0" ><p name="cape"  origin_x="14" origin_y="13" navel_x="0" navel_y="0" z="capeBelowBody" image="walk1.0.cape.png"/><p name="capeArm"  origin_x="4" origin_y="11" navel_x="0" navel_y="0" z="cape" image="walk1.0.capeArm.png"/></f><f name="1" ><p name="cape"  origin_x="14" origin_y="11" navel_x="0" navel_y="0" z="capeBelowBody" image="walk1.1.cape.png"/><p name="capeArm"  origin_x="3" origin_y="10" navel_x="0" navel_y="0" z="cape" image="walk1.1.capeArm.png"/></f><f name="2" ><p name="cape"  origin_x="14" origin_y="12" navel_x="0" navel_y="0" z="capeBelowBody" image="walk1.2.cape.png"/><p name="capeArm"  origin_x="4" origin_y="11" navel_x="0" navel_y="0" z="cape" image="walk1.2.capeArm.png"/></f><f name="3" ><p name="cape"  origin_x="14" origin_y="12" navel_x="0" navel_y="0" z="capeBelowBody" image="walk1.3.cape.png"/><p name="capeArm"  origin_x="4" origin_y="11" navel_x="0" navel_y="0" z="cape" image="walk1.3.capeArm.png"/></f></s>
<s name="walk2"><f name="0" ><p name="cape"  origin_x="14" origin_y="12" navel_x="0" navel_y="0" z="capeBelowBody" image="walk2.0.cape.png"/><p name="capeArm"  origin_x="3" origin_y="10" navel_x="0" navel_y="0" z="cape" image="walk2.0.capeArm.png"/></f><f name="1" ><p name="cape"  origin_x="14" origin_y="10" navel_x="0" navel_y="0" z="capeBelowBody" image="walk2.1.cape.png"/><p name="capeArm"  origin_x="2" origin_y="9" navel_x="0" navel_y="0" z="cape" image="walk2.1.capeArm.png"/></f><f name="2" ><p name="cape"  origin_x="14" origin_y="11" navel_x="0" navel_y="0" z="capeBelowBody" image="walk2.2.cape.png"/><p name="capeArm"  origin_x="3" origin_y="10" navel_x="0" navel_y="0" z="cape" image="walk2.2.capeArm.png"/></f><f name="3" ><p name="cape"  origin_x="14" origin_y="12" navel_x="0" navel_y="0" z="capeBelowBody" image="walk2.3.cape.png"/><p name="capeArm"  origin_x="3" origin_y="12" navel_x="0" navel_y="0" z="cape" image="walk2.3.capeArm.png"/></f></s>
<s name="stand1"><f name="0" ><p name="cape"  origin_x="10" origin_y="10" navel_x="0" navel_y="0" z="capeBelowBody" image="stand1.0.cape.png"/><p name="capeArm"  origin_x="2" origin_y="9" navel_x="0" navel_y="0" z="cape" image="stand1.0.capeArm.png"/></f><f name="1" ><p name="cape"  origin_x="12" origin_y="11" navel_x="0" navel_y="0" z="capeBelowBody" image="stand1.1.cape.png"/><p name="capeArm"  origin_x="3" origin_y="10" navel_x="0" navel_y="0" z="cape" image="stand1.1.capeArm.png"/></f><f name="2" ><p name="cape"  origin_x="14" origin_y="10" navel_x="0" navel_y="0" z="capeBelowBody" image="stand1.2.cape.png"/><p name="capeArm"  origin_x="4" origin_y="9" navel_x="0" navel_y="0" z="cape" image="stand1.2.capeArm.png"/></f></s>
<s name="stand2"><f name="0" ><p name="cape"  pointer="stand1/0/cape"/><p name="capeArm"  pointer="stand1/0/capeArm"/></f><f name="1" ><p name="cape"  pointer="stand1/1/cape"/><p name="capeArm"  pointer="stand1/1/capeArm"/></f><f name="2" ><p name="cape"  pointer="stand1/2/cape"/><p name="capeArm"  pointer="stand1/2/capeArm"/></f></s>
<s name="alert"><f name="0" ><p name="cape"  origin_x="15" origin_y="11" navel_x="0" navel_y="0" z="capeBelowBody" image="alert.0.cape.png"/><p name="capeArm"  origin_x="7" origin_y="9" navel_x="0" navel_y="0" z="gloveWristBelowMailArm" image="alert.0.capeArm.png"/></f><f name="1" ><p name="cape"  origin_x="15" origin_y="11" navel_x="0" navel_y="0" z="capeBelowBody" image="alert.1.cape.png"/><p name="capeArm"  origin_x="7" origin_y="9" navel_x="0" navel_y="0" z="gloveWristBelowMailArm" image="alert.1.capeArm.png"/></f><f name="2" ><p name="cape"  origin_x="15" origin_y="11" navel_x="0" navel_y="0" z="capeBelowBody" image="alert.2.cape.png"/><p name="capeArm"  origin_x="7" origin_y="9" navel_x="0" navel_y="0" z="gloveWristBelowMailArm" image="alert.2.capeArm.png"/></f></s>
<s name="swingO1"><f name="0" ><p name="swingO1"  origin_x="18" origin_y="15" navel_x="0" navel_y="0" z="capeOverHead" image="swingO1.0.cape.png"/></f><f name="1" ><p name="swingO1"  origin_x="9" origin_y="13" navel_x="0" navel_y="0" z="capeOverHead" image="swingO1.1.cape.png"/></f><f name="2" ><p name="cape"  origin_x="14" origin_y="19" navel_x="0" navel_y="0" z="capeBelowBody" image="swingO1.2.cape.png"/><p name="capeArm"  origin_x="1" origin_y="11" navel_x="0" navel_y="0" z="gloveWristBelowMailArm" image="swingO1.2.capeArm.png"/></f></s>
<s name="swingO2"><f name="0" ><p name="swingO2"  origin_x="1" origin_y="12" navel_x="0" navel_y="0" z="capeOverHead" image="swingO2.0.cape.png"/></f><f name="1" ><p name="swingO2"  origin_x="3" origin_y="15" navel_x="0" navel_y="0" z="capeOverHead" image="swingO2.1.cape.png"/></f><f name="2" ><p name="cape"  origin_x="16" origin_y="16" navel_x="0" navel_y="0" z="capeBelowBody" image="swingO2.2.cape.png"/><p name="capeArm"  origin_x="-1" origin_y="12" navel_x="0" navel_y="0" z="gloveWristBelowMailArm" image="swingO2.2.capeArm.png"/></f></s>
<s name="swingO3"><f name="0" ><p name="cape"  origin_x="15" origin_y="15" navel_x="0" navel_y="0" z="capeBelowBody" image="swingO3.0.cape.png"/><p name="capeArm"  origin_x="9" origin_y="12" navel_x="0" navel_y="0" z="cape" image="swingO3.0.capeArm.png"/></f><f name="1" ><p name="swingO3"  origin_x="10" origin_y="15" navel_x="0" navel_y="0" z="capeOverHead" image="swingO3.1.cape.png"/></f><f name="2" ><p name="swingO3"  origin_x="14" origin_y="15" navel_x="0" navel_y="0" z="capeOverHead" image="swingO3.2.cape.png"/></f></s>
<s name="swingOF"><f name="0" ><p name="cape"  origin_x="23" origin_y="18" navel_x="0" navel_y="0" z="capeBelowBody" image="swingOF.0.cape.png"/><p name="capeArm"  origin_x="7" origin_y="11" navel_x="0" navel_y="0" z="gloveWristBelowMailArm" image="swingOF.0.capeArm.png"/></f><f name="1" ><p name="swingOF"  origin_x="18" origin_y="15" navel_x="0" navel_y="0" z="capeOverHead" image="swingOF.1.cape.png"/></f><f name="2" ><p name="swingOF"  origin_x="8" origin_y="16" navel_x="0" navel_y="0" z="capeOverHead" image="swingOF.2.cape.png"/></f><f name="3" ><p name="cape"  origin_x="25" origin_y="25" navel_x="0" navel_y="0" z="capeBelowBody" image="swingOF.3.cape.png"/><p name="capeArm"  origin_x="12" origin_y="12" navel_x="0" navel_y="0" z="gloveWristBelowMailArm" image="swingOF.3.capeArm.png"/></f></s>
<s name="swingT1"><f name="0" ><p name="cape"  origin_x="5" origin_y="19" navel_x="0" navel_y="0" z="capeBelowBody" image="swingT1.0.cape.png"/><p name="capeArm"  origin_x="3" origin_y="12" navel_x="0" navel_y="0" z="gloveWristBelowMailArm" image="swingT1.0.capeArm.png"/></f><f name="1" ><p name="swingT1"  origin_x="6" origin_y="18" navel_x="0" navel_y="0" z="capeBelowBody" image="swingT1.1.cape.png"/></f><f name="2" ><p name="swingT1"  origin_x="5" origin_y="12" navel_x="0" navel_y="0" z="capeOverHead" image="swingT1.2.cape.png"/></f></s>
<s name="swingT2"><f name="0" ><p name="swingT2"  origin_x="2" origin_y="12" navel_x="0" navel_y="0" z="capeOverHead" image="swingT2.0.cape.png"/></f><f name="1" ><p name="cape"  origin_x="13" origin_y="14" navel_x="0" navel_y="0" z="capeBelowBody" image="swingT2.1.cape.png"/><p name="capeArm"  origin_x="3" origin_y="11" navel_x="0" navel_y="0" z="mailArmBelowHead" image="swingT2.1.capeArm.png"/></f><f name="2" ><p name="cape"  origin_x="20" origin_y="20" navel_x="0" navel_y="0" z="capeBelowBody" image="swingT2.2.cape.png"/><p name="capeArm"  origin_x="7" origin_y="11" navel_x="0" navel_y="0" z="mailArmBelowHead" image="swingT2.2.capeArm.png"/></f></s>
<s name="swingT3"><f name="0" ><p name="cape"  origin_x="22" origin_y="20" navel_x="0" navel_y="0" z="capeBelowBody" image="swingT3.0.cape.png"/><p name="capeArm"  origin_x="6" origin_y="12" navel_x="0" navel_y="0" z="mailArmBelowHead" image="swingT3.0.capeArm.png"/></f><f name="1" ><p name="cape"  origin_x="21" origin_y="21" navel_x="0" navel_y="0" z="capeBelowBody" image="swingT3.1.cape.png"/><p name="capeArm"  origin_x="8" origin_y="9" navel_x="0" navel_y="0" z="mailArmBelowHead" image="swingT3.1.capeArm.png"/></f><f name="2" ><p name="swingT3"  origin_x="8" origin_y="15" navel_x="0" navel_y="0" z="capeOverHead" image="swingT3.2.cape.png"/></f></s>
<s name="swingTF"><f name="0" ><p name="swingTF"  origin_x="24" origin_y="13" navel_x="0" navel_y="0" z="capeOverHead" image="swingTF.0.cape.png"/></f><f name="1" ><p name="cape"  origin_x="25" origin_y="14" navel_x="0" navel_y="0" z="capeBelowBody" image="swingTF.1.cape.png"/><p name="capeArm"  origin_x="11" origin_y="6" navel_x="0" navel_y="0" z="cape" image="swingTF.1.capeArm.png"/></f><f name="2" ><p name="cape"  origin_x="8" origin_y="16" navel_x="0" navel_y="0" z="capeBelowBody" image="swingTF.2.cape.png"/><p name="capeArm"  origin_x="7" origin_y="10" navel_x="0" navel_y="0" z="capeOverHead" image="swingTF.2.capeArm.png"/></f><f name="3" ><p name="swingTF"  origin_x="7" origin_y="14" navel_x="0" navel_y="0" z="capeOverHead" image="swingTF.3.cape.png"/></f></s>
<s name="swingP1"><f name="0" ><p name="cape"  origin_x="12" origin_y="13" navel_x="0" navel_y="0" z="capeBelowBody" image="swingP1.0.cape.png"/><p name="capeArm"  origin_x="4" origin_y="12" navel_x="0" navel_y="0" z="capeOverHead" image="swingP1.0.capeArm.png"/></f><f name="1" ><p name="cape"  origin_x="6" origin_y="16" navel_x="0" navel_y="0" z="capeBelowBody" image="swingP1.1.cape.png"/><p name="capeArm"  origin_x="5" origin_y="14" navel_x="0" navel_y="0" z="mailArmBelowHead" image="swingP1.1.capeArm.png"/></f><f name="2" ><p name="swingP1"  origin_x="7" origin_y="14" navel_x="0" navel_y="0" z="capeOverHead" image="swingP1.2.cape.png"/></f></s>
<s name="swingP2"><f name="0" ><p name="swingP2"  origin_x="3" origin_y="11" navel_x="0" navel_y="0" z="capeOverHead" image="swingP2.0.cape.png"/></f><f name="1" ><p name="cape"  origin_x="13" origin_y="14" navel_x="0" navel_y="0" z="capeBelowBody" image="swingP2.1.cape.png"/><p name="capeArm"  origin_x="2" origin_y="12" navel_x="0" navel_y="0" z="mailArmBelowHead" image="swingP2.1.capeArm.png"/></f><f name="2" ><p name="cape"  origin_x="19" origin_y="20" navel_x="0" navel_y="0" z="capeBelowBody" image="swingP2.2.cape.png"/><p name="capeArm"  origin_x="7" origin_y="11" navel_x="0" navel_y="0" z="mailChestTop" image="swingP2.2.capeArm.png"/></f></s>
<s name="swingPF"><f name="0" ><p name="cape"  origin_x="12" origin_y="17" navel_x="0" navel_y="0" z="capeBelowBody" image="swingPF.0.cape.png"/><p name="capeArm"  origin_x="5" origin_y="13" navel_x="0" navel_y="0" z="capeOverHead" image="swingPF.0.capeArm.png"/></f><f name="1" ><p name="cape"  origin_x="12" origin_y="16" navel_x="0" navel_y="0" z="capeBelowBody" image="swingPF.1.cape.png"/><p name="capeArm"  origin_x="5" origin_y="13" navel_x="0" navel_y="0" z="capeOverHead" image="swingPF.1.capeArm.png"/></f><f name="2" ><p name="cape"  origin_x="17" origin_y="16" navel_x="0" navel_y="0" z="capeBelowBody" image="swingPF.2.cape.png"/><p name="capeArm"  origin_x="9" origin_y="12" navel_x="0" navel_y="0" z="capeOverHead" image="swingPF.2.capeArm.png"/></f><f name="3" ><p name="swingPF"  origin_x="10" origin_y="17" navel_x="0" navel_y="0" z="capeOverHead" image="swingPF.3.cape.png"/></f></s>
<s name="stabO1"><f name="0" ><p name="cape"  origin_x="19" origin_y="13" navel_x="0" navel_y="0" z="capeBelowBody" image="stabO1.0.cape.png"/><p name="capeArm"  origin_x="7" origin_y="11" navel_x="0" navel_y="0" z="cape" image="stabO1.0.capeArm.png"/></f><f name="1" ><p name="stabO1"  origin_x="11" origin_y="16" navel_x="0" navel_y="0" z="capeOverHead" image="stabO1.1.cape.png"/></f></s>
<s name="stabO2"><f name="0" ><p name="cape"  origin_x="6" origin_y="19" navel_x="0" navel_y="0" z="capeBelowBody" image="stabO2.0.cape.png"/><p name="capeArm"  origin_x="5" origin_y="11" navel_x="0" navel_y="0" z="cape" image="stabO2.0.capeArm.png"/></f><f name="1" ><p name="stabO2"  origin_x="9" origin_y="15" navel_x="0" navel_y="0" z="capeOverHead" image="stabO2.1.cape.png"/></f></s>
<s name="stabOF"><f name="0" ><p name="cape"  origin_x="19" origin_y="19" navel_x="0" navel_y="0" z="capeBelowBody" image="stabOF.0.cape.png"/><p name="capeArm"  origin_x="12" origin_y="14" navel_x="0" navel_y="0" z="capeOverHead" image="stabOF.0.capeArm.png"/></f><f name="1" ><p name="cape"  origin_x="13" origin_y="20" navel_x="0" navel_y="0" z="capeBelowBody" image="stabOF.1.cape.png"/><p name="capeArm"  origin_x="12" origin_y="10" navel_x="0" navel_y="0" z="capeOverHead" image="stabOF.1.capeArm.png"/></f><f name="2" ><p name="stabOF"  origin_x="7" origin_y="14" navel_x="0" navel_y="0" z="capeOverHead" image="stabOF.2.cape.png"/></f></s>
<s name="stabT1"><f name="0" ><p name="cape"  origin_x="17" origin_y="20" navel_x="0" navel_y="0" z="capeBelowBody" image="stabT1.0.cape.png"/><p name="capeArm"  origin_x="7" origin_y="13" navel_x="0" navel_y="0" z="cape" image="stabT1.0.capeArm.png"/></f><f name="1" ><p name="cape"  origin_x="18" origin_y="21" navel_x="0" navel_y="0" z="capeBelowBody" image="stabT1.1.cape.png"/><p name="capeArm"  origin_x="7" origin_y="10" navel_x="0" navel_y="0" z="cape" image="stabT1.1.capeArm.png"/></f><f name="2" ><p name="cape"  origin_x="8" origin_y="20" navel_x="0" navel_y="0" z="capeBelowBody" image="stabT1.2.cape.png"/><p name="capeArm"  origin_x="-1" origin_y="11" navel_x="0" navel_y="0" z="mailChestTop" image="stabT1.2.capeArm.png"/></f></s>
<s name="stabT2"><f name="0" ><p name="cape"  origin_x="15" origin_y="19" navel_x="0" navel_y="0" z="capeBelowBody" image="stabT2.0.cape.png"/><p name="capeArm"  origin_x="7" origin_y="14" navel_x="0" navel_y="0" z="mailChestTop" image="stabT2.0.capeArm.png"/></f><f name="1" ><p name="cape"  origin_x="23" origin_y="24" navel_x="0" navel_y="0" z="capeBelowBody" image="stabT2.1.cape.png"/><p name="capeArm"  origin_x="13" origin_y="9" navel_x="0" navel_y="0" z="mailChestTop" image="stabT2.1.capeArm.png"/></f><f name="2" ><p name="cape"  origin_x="20" origin_y="21" navel_x="0" navel_y="0" z="capeBelowBody" image="stabT2.2.cape.png"/><p name="capeArm"  origin_x="9" origin_y="12" navel_x="0" navel_y="0" z="mailChestTop" image="stabT2.2.capeArm.png"/></f></s>
<s name="stabTF"><f name="0" ><p name="cape"  pointer="swingPF/0/cape"/><p name="capeArm"  pointer="swingPF/0/capeArm"/></f><f name="1" ><p name="cape"  pointer="swingPF/1/cape"/><p name="capeArm"  pointer="swingPF/1/capeArm"/></f><f name="2" ><p name="cape"  origin_x="22" origin_y="20" navel_x="0" navel_y="0" z="capeBelowBody" image="stabTF.2.cape.png"/><p name="capeArm"  origin_x="9" origin_y="13" navel_x="0" navel_y="0" z="mailChestTop" image="stabTF.2.capeArm.png"/></f><f name="3" ><p name="cape"  origin_x="16" origin_y="20" navel_x="0" navel_y="0" z="capeBelowBody" image="stabTF.3.cape.png"/><p name="capeArm"  origin_x="-1" origin_y="11" navel_x="0" navel_y="0" z="mailChestTop" image="stabTF.3.capeArm.png"/></f></s>
<s name="shoot1"><f name="0" ><p name="cape"  origin_x="13" origin_y="13" navel_x="0" navel_y="0" z="capeBelowBody" image="shoot1.0.cape.png"/><p name="capeArm"  origin_x="5" origin_y="11" navel_x="0" navel_y="0" z="mailChestTop" image="shoot1.0.capeArm.png"/></f><f name="1" ><p name="cape"  origin_x="13" origin_y="13" navel_x="0" navel_y="0" z="capeBelowBody" image="shoot1.1.cape.png"/><p name="capeArm"  origin_x="5" origin_y="11" navel_x="0" navel_y="0" z="mailChestTop" image="shoot1.1.capeArm.png"/></f><f name="2" ><p name="cape"  pointer="shoot1/1/cape"/><p name="capeArm"  pointer="shoot1/1/capeArm"/></f></s>
<s name="shoot2"><f name="0" ><p name="cape"  origin_x="12" origin_y="13" navel_x="0" navel_y="0" z="capeBelowBody" image="shoot2.0.cape.png"/><p name="capeArm"  origin_x="3" origin_y="12" navel_x="0" navel_y="0" z="mailChestTop" image="shoot2.0.capeArm.png"/></f><f name="1" ><p name="cape"  origin_x="12" origin_y="13" navel_x="0" navel_y="0" z="capeBelowBody" image="shoot2.1.cape.png"/><p name="capeArm"  origin_x="3" origin_y="10" navel_x="0" navel_y="0" z="mailChestTop" image="shoot2.1.capeArm.png"/></f><f name="2" ><p name="cape"  pointer="shoot2/0/cape"/><p name="capeArm"  origin_x="3" origin_y="10" navel_x="0" navel_y="0" z="mailChestTop" image="shoot2.2.capeArm.png"/></f><f name="3" ><p name="cape"  origin_x="12" origin_y="13" navel_x="0" navel_y="0" z="capeBelowBody" image="shoot2.3.cape.png"/><p name="capeArm"  origin_x="3" origin_y="12" navel_x="0" navel_y="0" z="mailChestTop" image="shoot2.3.capeArm.png"/></f><f name="4" ><p name="cape"  origin_x="12" origin_y="13" navel_x="0" navel_y="0" z="capeBelowBody" image="shoot2.4.cape.png"/><p name="capeArm"  origin_x="3" origin_y="12" navel_x="0" navel_y="0" z="mailChestTop" image="shoot2.4.capeArm.png"/></f></s>
<s name="shootF"><f name="0" ><p name="cape"  origin_x="21" origin_y="19" navel_x="0" navel_y="0" z="capeBelowBody" image="shootF.0.cape.png"/><p name="capeArm"  origin_x="9" origin_y="11" navel_x="0" navel_y="0" z="mailChestTop" image="shootF.0.capeArm.png"/></f><f name="1" ><p name="cape"  origin_x="23" origin_y="21" navel_x="0" navel_y="0" z="capeBelowBody" image="shootF.1.cape.png"/><p name="capeArm"  origin_x="11" origin_y="11" navel_x="0" navel_y="0" z="mailChestTop" image="shootF.1.capeArm.png"/></f><f name="2" ><p name="cape"  pointer="shootF/1/cape"/><p name="capeArm"  pointer="shootF/1/capeArm"/></f></s>
<s name="proneStab"><f name="0" ><p name="proneStab"  origin_x="27" origin_y="23" navel_x="0" navel_y="0" z="cape" image="proneStab.0.cape.png"/></f><f name="1" ><p name="proneStab"  origin_x="27" origin_y="23" navel_x="0" navel_y="0" z="cape" image="proneStab.1.cape.png"/></f></s>
<s name="prone"><f name="0" ><p name="pointer"  pointer="proneStab/0/cape"/></f></s>
<s name="heal"><f name="0" ><p name="cape"  pointer="alert/1/cape"/><p name="capeArm"  pointer="alert/1/capeArm"/></f><f name="1" ><p name="pointer"  pointer="swingO2/1/cape"/></f><f name="2" ><p name="pointer"  pointer="swingO2/0/cape"/></f></s>
<s name="fly"><f name="0" ><p name="cape"  origin_x="14" origin_y="14" navel_x="0" navel_y="0" z="capeBelowBody" image="fly.0.cape.png"/><p name="capeArm"  origin_x="5" origin_y="11" navel_x="0" navel_y="0" z="mailChestTop" image="fly.0.capeArm.png"/></f><f name="1" ><p name="cape"  pointer="fly/0/cape"/><p name="capeArm"  pointer="fly/0/capeArm"/></f></s>
<s name="jump"><f name="0" ><p name="cape"  origin_x="13" origin_y="13" navel_x="0" navel_y="0" z="capeBelowBody" image="jump.0.cape.png"/><p name="capeArm"  origin_x="4" origin_y="10" navel_x="0" navel_y="0" z="mailChestTop" image="jump.0.capeArm.png"/></f></s>
<s name="sit"><f name="0" ><p name="cape"  origin_x="9" origin_y="14" navel_x="0" navel_y="0" z="capeBelowBody" image="sit.0.cape.png"/><p name="capeArm"  origin_x="2" origin_y="10" navel_x="0" navel_y="0" z="gloveWristBelowMailArm" image="sit.0.capeArm.png"/></f></s>
<s name="ladder"><f name="0" ><p name="ladder"  origin_x="25" origin_y="11" navel_x="0" navel_y="0" z="backCape" image="ladder.0.cape.png"/></f><f name="1" ><p name="ladder"  origin_x="25" origin_y="11" navel_x="0" navel_y="0" z="backCape" image="ladder.1.cape.png"/></f></s>
<s name="rope"><f name="0" ><p name="rope"  origin_x="25" origin_y="11" navel_x="0" navel_y="0" z="backCape" image="rope.0.cape.png"/></f><f name="1" ><p name="rope"  origin_x="20" origin_y="12" navel_x="0" navel_y="0" z="backCape" image="rope.1.cape.png"/></f></s>
</i>
