  <i name="4221007">
  <i name="effect">
    <i name="0">
      <i name="origin">
        <i name="x" value="83"/>
        <i name="y" value="76"/>
      </i>
      <i name="delay" value="60"/>
      <i name="image" value="4221007.effect.0.png"/>
    </i>
    <i name="1">
      <i name="origin">
        <i name="x" value="74"/>
        <i name="y" value="78"/>
      </i>
      <i name="delay" value="60"/>
      <i name="image" value="4221007.effect.1.png"/>
    </i>
    <i name="2">
      <i name="origin">
        <i name="x" value="80"/>
        <i name="y" value="146"/>
      </i>
      <i name="delay" value="60"/>
      <i name="image" value="4221007.effect.2.png"/>
    </i>
    <i name="3">
      <i name="origin">
        <i name="x" value="71"/>
        <i name="y" value="135"/>
      </i>
      <i name="delay" value="60"/>
      <i name="image" value="4221007.effect.3.png"/>
    </i>
    <i name="4">
      <i name="origin">
        <i name="x" value="55"/>
        <i name="y" value="112"/>
      </i>
      <i name="delay" value="60"/>
      <i name="image" value="4221007.effect.4.png"/>
    </i>
    <i name="5">
      <i name="origin">
        <i name="x" value="293"/>
        <i name="y" value="98"/>
      </i>
      <i name="delay" value="60"/>
      <i name="image" value="4221007.effect.5.png"/>
    </i>
    <i name="6">
      <i name="origin">
        <i name="x" value="298"/>
        <i name="y" value="97"/>
      </i>
      <i name="delay" value="60"/>
      <i name="image" value="4221007.effect.6.png"/>
    </i>
    <i name="7">
      <i name="origin">
        <i name="x" value="316"/>
        <i name="y" value="101"/>
      </i>
      <i name="delay" value="60"/>
      <i name="image" value="4221007.effect.7.png"/>
    </i>
    <i name="8">
      <i name="origin">
        <i name="x" value="350"/>
        <i name="y" value="104"/>
      </i>
      <i name="delay" value="60"/>
      <i name="image" value="4221007.effect.8.png"/>
    </i>
    <i name="9">
      <i name="origin">
        <i name="x" value="334"/>
        <i name="y" value="105"/>
      </i>
      <i name="delay" value="60"/>
      <i name="image" value="4221007.effect.9.png"/>
    </i>
    <i name="10">
      <i name="origin">
        <i name="x" value="325"/>
        <i name="y" value="106"/>
      </i>
      <i name="delay" value="60"/>
      <i name="image" value="4221007.effect.10.png"/>
    </i>
    <i name="11">
      <i name="origin">
        <i name="x" value="333"/>
        <i name="y" value="109"/>
      </i>
      <i name="delay" value="60"/>
      <i name="image" value="4221007.effect.11.png"/>
    </i>
    <i name="12">
      <i name="origin">
        <i name="x" value="326"/>
        <i name="y" value="62"/>
      </i>
      <i name="delay" value="60"/>
      <i name="image" value="4221007.effect.12.png"/>
    </i>
    <i name="13">
      <i name="origin">
        <i name="x" value="297"/>
        <i name="y" value="61"/>
      </i>
      <i name="delay" value="60"/>
      <i name="image" value="4221007.effect.13.png"/>
    </i>
    <i name="14">
      <i name="origin">
        <i name="x" value="252"/>
        <i name="y" value="32"/>
      </i>
      <i name="delay" value="60"/>
      <i name="image" value="4221007.effect.14.png"/>
    </i>
  </i>
  <i name="mob">
    <i name="0">
      <i name="origin">
        <i name="x" value="33"/>
        <i name="y" value="9"/>
      </i>
      <i name="delay" value="100"/>
      <i name="image" value="4221007.mob.0.png"/>
    </i>
    <i name="1">
      <i name="origin">
        <i name="x" value="29"/>
        <i name="y" value="9"/>
      </i>
      <i name="delay" value="100"/>
      <i name="image" value="4221007.mob.1.png"/>
    </i>
    <i name="2">
      <i name="origin">
        <i name="x" value="28"/>
        <i name="y" value="9"/>
      </i>
      <i name="delay" value="100"/>
      <i name="image" value="4221007.mob.2.png"/>
    </i>
  </i>
  <i name="hit">
    <i name="0">
      <i name="0">
        <i name="origin">
          <i name="x" value="37"/>
          <i name="y" value="68"/>
        </i>
        <i name="delay" value="60"/>
        <i name="image" value="4221007.hit.0.0.png"/>
      </i>
      <i name="1">
        <i name="origin">
          <i name="x" value="34"/>
          <i name="y" value="59"/>
        </i>
        <i name="delay" value="60"/>
        <i name="image" value="4221007.hit.0.1.png"/>
      </i>
      <i name="2">
        <i name="origin">
          <i name="x" value="78"/>
          <i name="y" value="62"/>
        </i>
        <i name="delay" value="60"/>
        <i name="image" value="4221007.hit.0.2.png"/>
      </i>
      <i name="3">
        <i name="origin">
          <i name="x" value="83"/>
          <i name="y" value="65"/>
        </i>
        <i name="delay" value="60"/>
        <i name="image" value="4221007.hit.0.3.png"/>
      </i>
      <i name="4">
        <i name="origin">
          <i name="x" value="90"/>
          <i name="y" value="66"/>
        </i>
        <i name="delay" value="60"/>
        <i name="image" value="4221007.hit.0.4.png"/>
      </i>
    </i>
    <i name="1">
      <i name="0">
        <i name="pointer" value="4221007/hit/0/0"/>
      </i>
      <i name="1">
        <i name="pointer" value="4221007/hit/0/1"/>
      </i>
      <i name="2">
        <i name="pointer" value="4221007/hit/0/2"/>
      </i>
      <i name="3">
        <i name="pointer" value="4221007/hit/0/3"/>
      </i>
      <i name="4">
        <i name="pointer" value="4221007/hit/0/4"/>
      </i>
    </i>
  </i>
  </i>
