<i>
<s name="info"><f name="icon" ><p name="info"  image="info.icon.png"/></f><f name="iconRaw" ><p name="info"  origin_x="-2" origin_y="31" image="info.iconRaw.png"/></f><p name="reqJob" v="0"/></s>
<s name="walk1"><f name="0" ><p name="walk1"  origin_x="17" origin_y="4" navel_x="0" navel_y="0" z="shield" image="walk1.0.shield.png"/></f><f name="1" ><p name="walk1"  origin_x="14" origin_y="1" navel_x="0" navel_y="0" z="shield" image="walk1.1.shield.png"/></f><f name="2" ><p name="pointer"  pointer="walk1/0/shield"/></f><f name="3" ><p name="walk1"  origin_x="18" origin_y="11" navel_x="0" navel_y="0" z="shield" image="walk1.3.shield.png"/></f></s>
<s name="stand1"><f name="0" ><p name="stand1"  origin_x="13" origin_y="-2" navel_x="0" navel_y="0" z="shield" image="stand1.0.shield.png"/></f><f name="1" ><p name="stand1"  origin_x="15" origin_y="-1" navel_x="0" navel_y="0" z="shield" image="stand1.1.shield.png"/></f><f name="2" ><p name="stand1"  origin_x="17" origin_y="-2" navel_x="0" navel_y="0" z="shield" image="stand1.2.shield.png"/></f></s>
<s name="alert"><f name="0" ><p name="alert"  origin_x="28" origin_y="20" navel_x="0" navel_y="0" z="shieldOverHair" image="alert.0.shield.png"/></f><f name="1" ><p name="alert"  origin_x="29" origin_y="19" navel_x="0" navel_y="0" z="shieldOverHair" image="alert.1.shield.png"/></f><f name="2" ><p name="alert"  origin_x="29" origin_y="17" navel_x="0" navel_y="0" z="shieldOverHair" image="alert.2.shield.png"/></f></s>
<s name="swingO1"><f name="0" ><p name="swingO1"  origin_x="13" origin_y="24" navel_x="0" navel_y="0" z="shieldBelowBody" image="swingO1.0.shield.png"/></f><f name="1" ><p name="swingO1"  origin_x="7" origin_y="19" navel_x="0" navel_y="0" z="shieldBelowBody" image="swingO1.1.shield.png"/></f><f name="2" ><p name="swingO1"  origin_x="30" origin_y="21" navel_x="0" navel_y="0" z="shieldBelowBody" image="swingO1.2.shield.png"/></f></s>
<s name="swingO2"><f name="0" ><p name="swingO2"  origin_x="34" origin_y="17" navel_x="0" navel_y="0" z="shieldBelowBody" image="swingO2.0.shield.png"/></f><f name="1" ><p name="swingO2"  origin_x="33" origin_y="30" navel_x="0" navel_y="0" z="shieldBelowBody" image="swingO2.1.shield.png"/></f><f name="2" ><p name="swingO2"  origin_x="39" origin_y="29" navel_x="0" navel_y="0" z="shieldBelowBody" image="swingO2.2.shield.png"/></f></s>
<s name="swingO3"><f name="0" ><p name="swingO3"  origin_x="49" origin_y="22" navel_x="0" navel_y="0" z="shieldBelowBody" image="swingO3.0.shield.png"/></f><f name="1" ><p name="swingO3"  origin_x="20" origin_y="24" navel_x="0" navel_y="0" z="shieldBelowBody" image="swingO3.1.shield.png"/></f><f name="2" ><p name="swingO3"  origin_x="13" origin_y="23" navel_x="0" navel_y="0" z="shieldBelowBody" image="swingO3.2.shield.png"/></f></s>
<s name="swingOF"><f name="0" ><p name="swingOF"  origin_x="30" origin_y="17" navel_x="0" navel_y="0" z="shieldOverHair" image="swingOF.0.shield.png"/></f><f name="1" ><p name="swingOF"  origin_x="4" origin_y="21" navel_x="0" navel_y="0" z="backShieldBelowBody" image="swingOF.1.shield.png"/></f><f name="2" ><p name="swingOF"  origin_x="13" origin_y="27" navel_x="0" navel_y="0" z="shieldBelowBody" image="swingOF.2.shield.png"/></f><f name="3" ><p name="swingOF"  origin_x="40" origin_y="13" navel_x="0" navel_y="0" z="shieldBelowBody" image="swingOF.3.shield.png"/></f></s>
<s name="stabO1"><f name="0" ><p name="stabO1"  origin_x="42" origin_y="23" navel_x="0" navel_y="0" z="shieldOverHair" image="stabO1.0.shield.png"/></f><f name="1" ><p name="stabO1"  origin_x="14" origin_y="22" navel_x="0" navel_y="0" z="shieldBelowBody" image="stabO1.1.shield.png"/></f></s>
<s name="stabO2"><f name="0" ><p name="stabO2"  origin_x="47" origin_y="25" navel_x="0" navel_y="0" z="shieldBelowBody" image="stabO2.0.shield.png"/></f><f name="1" ><p name="stabO2"  origin_x="14" origin_y="21" navel_x="0" navel_y="0" z="shieldBelowBody" image="stabO2.1.shield.png"/></f></s>
<s name="stabOF"><f name="0" ><p name="stabOF"  origin_x="24" origin_y="18" navel_x="0" navel_y="0" z="shieldOverHair" image="stabOF.0.shield.png"/></f><f name="1" ><p name="stabOF"  origin_x="54" origin_y="27" navel_x="0" navel_y="0" z="shieldBelowBody" image="stabOF.1.shield.png"/></f><f name="2" ><p name="stabOF"  origin_x="45" origin_y="23" navel_x="0" navel_y="0" z="shieldBelowBody" image="stabOF.2.shield.png"/></f></s>
<s name="proneStab"><f name="0" ><p name="proneStab"  origin_x="63" origin_y="23" navel_x="0" navel_y="0" z="shieldBelowBody" image="proneStab.0.shield.png"/></f><f name="1" ><p name="pointer"  pointer="proneStab/0/shield"/></f></s>
<s name="prone"><f name="0" ><p name="pointer"  pointer="proneStab/0/shield"/></f></s>
<s name="heal"><f name="0" ><p name="pointer"  pointer="alert/1/shield"/></f><f name="1" ><p name="pointer"  pointer="swingO2/1/shield"/></f><f name="2" ><p name="pointer"  pointer="swingO2/0/shield"/></f></s>
<s name="fly"><f name="0" ><p name="fly"  origin_x="16" origin_y="9" navel_x="0" navel_y="0" z="shieldBelowBody" image="fly.0.shield.png"/></f><f name="1" ><p name="pointer"  pointer="fly/0/shield"/></f></s>
<s name="jump"><f name="0" ><p name="jump"  origin_x="33" origin_y="21" navel_x="0" navel_y="0" z="shieldBelowBody" image="jump.0.shield.png"/></f></s>
<s name="ladder"><f name="0" ><p name="ladder"  origin_x="25" origin_y="19" navel_x="0" navel_y="0" z="backShield" image="ladder.0.shield.png"/></f><f name="1" ><p name="ladder"  origin_x="23" origin_y="19" navel_x="0" navel_y="0" z="backShield" image="ladder.1.shield.png"/></f></s>
<s name="rope"><f name="0" ><p name="rope"  origin_x="25" origin_y="19" navel_x="-1" navel_y="0" z="backShield" image="rope.0.shield.png"/></f><f name="1" ><p name="rope"  origin_x="23" origin_y="21" navel_x="0" navel_y="0" z="backShield" image="rope.1.shield.png"/></f></s>
</i>
