  <i name="05010014">
  <i name="info">
    <i name="icon">
      <i name="origin">
        <i name="x" value="0"/>
        <i name="y" value="32"/>
      </i>
      <i name="image" value="05010014.info.icon.png"/>
    </i>
    <i name="iconRaw">
      <i name="origin">
        <i name="x" value="0"/>
        <i name="y" value="32"/>
      </i>
      <i name="image" value="05010014.info.iconRaw.png"/>
    </i>
    <i name="cash" value="1"/>
  </i>
  <i name="effect">
    <i name="default">
      <i name="0">
        <i name="origin">
          <i name="x" value="13"/>
          <i name="y" value="49"/>
        </i>
        <i name="delay" value="170"/>
        <i name="image" value="05010014.effect.default.0.png"/>
      </i>
      <i name="1">
        <i name="origin">
          <i name="x" value="12"/>
          <i name="y" value="48"/>
        </i>
        <i name="delay" value="170"/>
        <i name="image" value="05010014.effect.default.1.png"/>
      </i>
      <i name="2">
        <i name="origin">
          <i name="x" value="11"/>
          <i name="y" value="47"/>
        </i>
        <i name="delay" value="170"/>
        <i name="image" value="05010014.effect.default.2.png"/>
      </i>
      <i name="3">
        <i name="origin">
          <i name="x" value="12"/>
          <i name="y" value="48"/>
        </i>
        <i name="delay" value="170"/>
        <i name="image" value="05010014.effect.default.3.png"/>
      </i>
      <i name="4">
        <i name="pointer" value="05010014/effect/default/0"/>
      </i>
      <i name="5">
        <i name="pointer" value="05010014/effect/default/1"/>
      </i>
      <i name="6">
        <i name="pointer" value="05010014/effect/default/2"/>
      </i>
      <i name="7">
        <i name="pointer" value="05010014/effect/default/3"/>
      </i>
      <i name="8">
        <i name="pointer" value="05010014/effect/default/0"/>
      </i>
      <i name="9">
        <i name="pointer" value="05010014/effect/default/1"/>
      </i>
      <i name="10">
        <i name="pointer" value="05010014/effect/default/2"/>
      </i>
      <i name="11">
        <i name="pointer" value="05010014/effect/default/3"/>
      </i>
      <i name="12">
        <i name="pointer" value="05010014/effect/default/0"/>
      </i>
      <i name="13">
        <i name="pointer" value="05010014/effect/default/1"/>
      </i>
      <i name="14">
        <i name="pointer" value="05010014/effect/default/2"/>
      </i>
      <i name="15">
        <i name="pointer" value="05010014/effect/default/3"/>
      </i>
      <i name="16">
        <i name="pointer" value="05010014/effect/default/0"/>
      </i>
      <i name="17">
        <i name="pointer" value="05010014/effect/default/1"/>
      </i>
      <i name="18">
        <i name="pointer" value="05010014/effect/default/2"/>
      </i>
      <i name="19">
        <i name="pointer" value="05010014/effect/default/3"/>
      </i>
      <i name="20">
        <i name="pointer" value="05010014/effect/default/0"/>
      </i>
      <i name="21">
        <i name="pointer" value="05010014/effect/default/1"/>
      </i>
      <i name="22">
        <i name="pointer" value="05010014/effect/default/2"/>
      </i>
      <i name="23">
        <i name="pointer" value="05010014/effect/default/3"/>
      </i>
      <i name="24">
        <i name="pointer" value="05010014/effect/default/0"/>
      </i>
      <i name="25">
        <i name="pointer" value="05010014/effect/default/1"/>
      </i>
      <i name="26">
        <i name="pointer" value="05010014/effect/default/2"/>
      </i>
      <i name="27">
        <i name="pointer" value="05010014/effect/default/3"/>
      </i>
      <i name="28">
        <i name="pointer" value="05010014/effect/default/0"/>
      </i>
      <i name="29">
        <i name="pointer" value="05010014/effect/default/1"/>
      </i>
      <i name="30">
        <i name="pointer" value="05010014/effect/default/2"/>
      </i>
      <i name="31">
        <i name="origin">
          <i name="x" value="12"/>
          <i name="y" value="48"/>
        </i>
        <i name="delay" value="150"/>
        <i name="image" value="05010014.effect.default.31.png"/>
      </i>
      <i name="32">
        <i name="origin">
          <i name="x" value="12"/>
          <i name="y" value="48"/>
        </i>
        <i name="delay" value="70"/>
        <i name="image" value="05010014.effect.default.32.png"/>
      </i>
      <i name="33">
        <i name="origin">
          <i name="x" value="13"/>
          <i name="y" value="49"/>
        </i>
        <i name="delay" value="70"/>
        <i name="image" value="05010014.effect.default.33.png"/>
      </i>
      <i name="34">
        <i name="origin">
          <i name="x" value="13"/>
          <i name="y" value="49"/>
        </i>
        <i name="delay" value="200"/>
        <i name="image" value="05010014.effect.default.34.png"/>
      </i>
      <i name="35">
        <i name="origin">
          <i name="x" value="13"/>
          <i name="y" value="49"/>
        </i>
        <i name="delay" value="70"/>
        <i name="image" value="05010014.effect.default.35.png"/>
      </i>
      <i name="36">
        <i name="origin">
          <i name="x" value="13"/>
          <i name="y" value="49"/>
        </i>
        <i name="delay" value="70"/>
        <i name="image" value="05010014.effect.default.36.png"/>
      </i>
      <i name="37">
        <i name="pointer" value="05010014/effect/default/1"/>
      </i>
      <i name="38">
        <i name="pointer" value="05010014/effect/default/2"/>
      </i>
      <i name="39">
        <i name="pointer" value="05010014/effect/default/3"/>
      </i>
      <i name="pos" value="1"/>
      <i name="z" value="-1"/>
    </i>
  </i>
  </i>
