<i>
<s name="info"><f name="icon" ><p name="info"  image="info.icon.png"/></f><f name="iconRaw" ><p name="info"  origin_x="-1" origin_y="34" image="info.iconRaw.png"/></f><p name="reqJob" v="0"/></s>
<s name="walk1"><f name="0" ><p name="43"  origin_x="25" origin_y="7" hand_x="50" hand_y="10" z="weapon" image="43.walk1.0.weapon.png"/></f><f name="1" ><p name="43"  origin_x="25" origin_y="7" hand_x="49" hand_y="11" z="weapon" image="43.walk1.1.weapon.png"/></f><f name="2" ><p name="43"  origin_x="25" origin_y="7" hand_x="50" hand_y="11" z="weapon" image="43.walk1.2.weapon.png"/></f><f name="3" ><p name="43"  origin_x="25" origin_y="7" hand_x="51" hand_y="10" z="weapon" image="43.walk1.3.weapon.png"/></f></s>
<s name="stand2"><f name="0" ><p name="43"  origin_x="25" origin_y="7" hand_x="0" hand_y="43" z="weaponOverArm" image="43.stand2.0.weapon.png"/></f><f name="1" ><p name="43"  origin_x="25" origin_y="7" hand_x="1" hand_y="38" z="weaponOverArm" image="43.stand2.1.weapon.png"/></f><f name="2" ><p name="43"  origin_x="25" origin_y="7" hand_x="3" hand_y="33" z="weaponOverArm" image="43.stand2.2.weapon.png"/></f></s>
<s name="alert"><f name="0" ><p name="43"  origin_x="23" origin_y="10" hand_x="33" hand_y="40" z="weaponOverArm" image="43.alert.0.weapon.png"/></f><f name="1" ><p name="43"  origin_x="23" origin_y="10" hand_x="32" hand_y="39" z="weaponOverArm" image="43.alert.1.weapon.png"/></f><f name="2" ><p name="43"  origin_x="23" origin_y="10" hand_x="33" hand_y="38" z="weaponOverArm" image="43.alert.2.weapon.png"/></f></s>
<s name="swingT1"><f name="0" ><p name="40"  origin_x="11" origin_y="5" navel_x="-16" navel_y="51" z="weaponBelowArm" image="40.swingT1.0.weapon.png"/></f><f name="1" ><p name="40"  origin_x="11" origin_y="5" navel_x="11" navel_y="82" z="weaponBelowArm" image="40.swingT1.1.weapon.png"/></f><f name="2" ><p name="40"  origin_x="11" origin_y="5" navel_x="78" navel_y="-10" z="weaponBelowBody" image="40.swingT1.2.weapon.png"/></f></s>
<s name="swingT2"><f name="0" ><p name="43"  origin_x="11" origin_y="5" navel_x="-3" navel_y="67" z="weaponBelowBody" image="43.swingT2.0.weapon.png"/></f><f name="1" ><p name="43"  origin_x="11" origin_y="5" navel_x="32" navel_y="67" z="weaponBelowBody" image="43.swingT2.1.weapon.png"/></f><f name="2" ><p name="43"  origin_x="11" origin_y="5" navel_x="46" navel_y="0" z="weaponOverBody" image="43.swingT2.2.weapon.png"/></f></s>
<s name="swingT3"><f name="0" ><p name="40"  origin_x="11" origin_y="5" navel_x="-9" navel_y="8" z="weaponOverBody" image="40.swingT3.0.weapon.png"/></f><f name="1" ><p name="40"  origin_x="11" origin_y="5" navel_x="-8" navel_y="-3" z="weaponOverBody" image="40.swingT3.1.weapon.png"/></f><f name="2" ><p name="40"  origin_x="11" origin_y="5" navel_x="41" navel_y="80" z="weaponBelowBody" image="40.swingT3.2.weapon.png"/></f></s>
<s name="swingTF"><f name="0" ><p name="40"  origin_x="11" origin_y="5" navel_x="27" navel_y="78" z="backWeapon" image="40.swingTF.0.weapon.png"/></f><f name="1" ><p name="40"  origin_x="11" origin_y="5" navel_x="-9" navel_y="88" z="weaponBelowBody" image="40.swingTF.1.weapon.png"/></f><f name="2" ><p name="40"  origin_x="11" origin_y="5" navel_x="0" navel_y="91" z="weaponBelowArm" image="40.swingTF.2.weapon.png"/></f><f name="3" ><p name="40"  origin_x="11" origin_y="5" navel_x="77" navel_y="-6" z="weaponBelowBody" image="40.swingTF.3.weapon.png"/></f></s>
<s name="stabO1"><f name="0" ><p name="40"  origin_x="12" origin_y="5" navel_x="48" navel_y="10" z="weapon" image="40.stabO1.0.weapon.png"/></f><f name="1" ><p name="40"  origin_x="12" origin_y="5" navel_x="91" navel_y="20" z="weapon" image="40.stabO1.1.weapon.png"/></f></s>
<s name="stabO2"><f name="0" ><p name="40"  origin_x="12" origin_y="5" navel_x="55" navel_y="23" z="weaponBelowArm" image="40.stabO2.0.weapon.png"/></f><f name="1" ><p name="40"  origin_x="12" origin_y="5" navel_x="88" navel_y="18" z="weaponBelowArm" image="40.stabO2.1.weapon.png"/></f></s>
<s name="stabOF"><f name="0" ><p name="40"  origin_x="12" origin_y="5" navel_x="57" navel_y="14" z="weaponBelowArm" image="40.stabOF.0.weapon.png"/></f><f name="1" ><p name="40"  origin_x="12" origin_y="5" navel_x="53" navel_y="11" z="weaponBelowArm" image="40.stabOF.1.weapon.png"/></f><f name="2" ><p name="40"  origin_x="12" origin_y="5" navel_x="90" navel_y="18" z="weapon" image="40.stabOF.2.weapon.png"/></f></s>
<s name="proneStab"><f name="0" ><p name="43"  origin_x="5" origin_y="3" navel_x="79" navel_y="14" z="weaponBelowArm" image="43.proneStab.0.weapon.png"/></f><f name="1" ><p name="43"  origin_x="5" origin_y="3" navel_x="94" navel_y="14" z="weaponBelowArm" image="43.proneStab.1.weapon.png"/></f></s>
<s name="prone"><f name="0" ><p name="pointer"  pointer="43/proneStab/0/weapon"/></f></s>
<s name="fly"><f name="0" ><p name="43"  origin_x="13" origin_y="5" navel_x="14" navel_y="42" z="weaponOverArm" image="43.fly.0.weapon.png"/></f><f name="1" ><p name="pointer"  pointer="43/fly/0/weapon"/></f></s>
<s name="jump"><f name="0" ><p name="43"  origin_x="13" origin_y="5" navel_x="13" navel_y="41" z="weaponOverArm" image="43.jump.0.weapon.png"/></f></s>
<s name="sit"><f name="0" ><p name="43"  origin_x="13" origin_y="5" navel_x="-25" navel_y="70" z="weaponOverArm" image="43.sit.0.weapon.png"/></f></s>
<s name="walk2"><f name="0" ><p name="43"  origin_x="25" origin_y="7" hand_x="1" hand_y="39" z="weaponOverArm" image="43.walk2.0.weapon.png"/></f><f name="1" ><p name="43"  origin_x="25" origin_y="7" hand_x="0" hand_y="42" z="weaponOverArm" image="43.walk2.1.weapon.png"/></f><f name="2" ><p name="pointer"  pointer="43/walk2/0/weapon"/></f><f name="3" ><p name="43"  origin_x="25" origin_y="7" hand_x="1" hand_y="37" z="weaponOverArm" image="43.walk2.3.weapon.png"/></f></s>
<s name="stand1"><f name="0" ><p name="43"  origin_x="25" origin_y="7" hand_x="49" hand_y="9" z="weapon" image="43.stand1.0.weapon.png"/></f><f name="1" ><p name="43"  origin_x="25" origin_y="7" hand_x="49" hand_y="9" z="weapon" image="43.stand1.1.weapon.png"/></f><f name="2" ><p name="43"  origin_x="25" origin_y="7" hand_x="49" hand_y="9" z="weapon" image="43.stand1.2.weapon.png"/></f><f name="image*" ><p name="pointer" /></f></s>
<s name="swingP1"><f name="0" ><p name="43"  origin_x="12" origin_y="5" navel_x="-3" navel_y="50" z="weaponBelowArm" image="43.swingP1.0.weapon.png"/></f><f name="1" ><p name="43"  origin_x="12" origin_y="5" navel_x="12" navel_y="79" z="weaponBelowArm" image="43.swingP1.1.weapon.png"/></f><f name="2" ><p name="43"  origin_x="12" origin_y="5" navel_x="68" navel_y="-5" z="weaponBelowBody" image="43.swingP1.2.weapon.png"/></f><f name="image*" ><p name="pointer" /></f></s>
<s name="swingP2"><f name="0" ><p name="43"  origin_x="12" origin_y="5" navel_x="13" navel_y="70" z="weaponBelowBody" image="43.swingP2.0.weapon.png"/></f><f name="1" ><p name="43"  origin_x="12" origin_y="5" navel_x="11" navel_y="77" z="weaponBelowBody" image="43.swingP2.1.weapon.png"/></f><f name="2" ><p name="43"  origin_x="12" origin_y="5" navel_x="51" navel_y="-3" z="weaponOverBody" image="43.swingP2.2.weapon.png"/></f><f name="image*" ><p name="pointer" /></f></s>
<s name="swingPF"><f name="0" ><p name="43"  origin_x="12" origin_y="5" navel_x="47" navel_y="14" z="weapon" image="43.swingPF.0.weapon.png"/></f><f name="1" ><p name="43"  origin_x="12" origin_y="5" navel_x="45" navel_y="8" z="weapon" image="43.swingPF.1.weapon.png"/></f><f name="2" ><p name="43"  origin_x="12" origin_y="5" navel_x="2" navel_y="49" z="weaponBelowArm" image="43.swingPF.2.weapon.png"/></f><f name="3" ><p name="43"  origin_x="12" origin_y="5" navel_x="68" navel_y="-4" z="weaponBelowBody" image="43.swingPF.3.weapon.png"/></f><f name="image*" ><p name="pointer" /></f></s>
<s name="stabT1"><f name="0" ><p name="43"  origin_x="12" origin_y="5" navel_x="43" navel_y="4" z="weaponOverBody" image="43.stabT1.0.weapon.png"/></f><f name="1" ><p name="43"  origin_x="12" origin_y="5" navel_x="47" navel_y="3" z="weaponOverBody" image="43.stabT1.1.weapon.png"/></f><f name="2" ><p name="43"  origin_x="12" origin_y="5" navel_x="69" navel_y="14" z="weaponOverBody" image="43.stabT1.2.weapon.png"/></f><f name="image*" ><p name="pointer" /></f></s>
<s name="stabT2"><f name="0" ><p name="43"  origin_x="12" origin_y="5" navel_x="51" navel_y="4" z="weaponOverBody" image="43.stabT2.0.weapon.png"/></f><f name="1" ><p name="43"  origin_x="12" origin_y="5" navel_x="52" navel_y="5" z="weaponOverBody" image="43.stabT2.1.weapon.png"/></f><f name="2" ><p name="43"  origin_x="12" origin_y="5" navel_x="55" navel_y="21" z="weaponOverBody" image="43.stabT2.2.weapon.png"/></f><f name="image*" ><p name="pointer" /></f></s>
<s name="stabTF"><f name="0" ><p name="pointer"  pointer="43/swingPF/0/weapon"/></f><f name="1" ><p name="pointer"  pointer="43/swingPF/1/weapon"/></f><f name="2" ><p name="43"  origin_x="12" origin_y="5" navel_x="28" navel_y="13" z="weaponOverBody" image="43.stabTF.2.weapon.png"/></f><f name="3" ><p name="pointer"  pointer="43/stabT1/2/weapon"/></f><f name="image*" ><p name="pointer" /></f></s>
</i>
