<i>
<s name="info"><f name="icon" ><p name="info"  image="info.icon.png"/></f><f name="iconRaw" ><p name="info"  origin_x="0" origin_y="33" image="info.iconRaw.png"/></f><p name="reqJob" v="4"/></s>
<s name="walk2"><f name="0" ><p name="walk2"  origin_x="5" origin_y="5" navel_x="12" navel_y="18" z="weaponOverArm" image="walk2.0.weapon.png"/></f><f name="1" ><p name="walk2"  origin_x="13" origin_y="5" navel_x="5" navel_y="18" z="weaponOverArm" image="walk2.1.weapon.png"/></f><f name="2" ><p name="pointer"  pointer="walk2/0/weapon"/></f><f name="3" ><p name="walk2"  origin_x="11" origin_y="5" navel_x="5" navel_y="20" z="weaponOverArm" image="walk2.3.weapon.png"/></f></s>
<s name="stand2"><f name="0" ><p name="stand2"  origin_x="10" origin_y="5" navel_x="5" navel_y="17" z="weaponOverArm" image="stand2.0.weapon.png"/></f><f name="1" ><p name="stand2"  origin_x="10" origin_y="5" navel_x="5" navel_y="18" z="weaponOverArm" image="stand2.1.weapon.png"/></f><f name="2" ><p name="stand2"  origin_x="10" origin_y="5" navel_x="5" navel_y="17" z="weaponOverArm" image="stand2.2.weapon.png"/></f></s>
<s name="alert"><f name="0" ><p name="alert"  origin_x="12" origin_y="5" navel_x="23" navel_y="5" z="weaponBelowArm" image="alert.0.weapon.png"/></f><f name="1" ><p name="alert"  origin_x="12" origin_y="5" navel_x="23" navel_y="3" z="weaponBelowArm" image="alert.1.weapon.png"/></f><f name="2" ><p name="alert"  origin_x="12" origin_y="5" navel_x="23" navel_y="1" z="weaponBelowArm" image="alert.2.weapon.png"/></f></s>
<s name="swingT1"><f name="0" ><p name="swingT1"  origin_x="11" origin_y="5" navel_x="-18" navel_y="36" z="weapon" image="swingT1.0.weapon.png"/></f><f name="1" ><p name="swingT1"  origin_x="11" origin_y="5" navel_x="11" navel_y="56" z="weaponBelowArm" image="swingT1.1.weapon.png"/></f><f name="2" ><p name="swingT1"  origin_x="11" origin_y="5" navel_x="41" navel_y="-11" z="weapon" image="swingT1.2.weapon.png"/></f></s>
<s name="stabT1"><f name="0" ><p name="stabT1"  origin_x="12" origin_y="5" navel_x="9" navel_y="5" z="weaponOverBody" image="stabT1.0.weapon.png"/></f><f name="1" ><p name="stabT1"  origin_x="12" origin_y="5" navel_x="11" navel_y="4" z="weaponOverBody" image="stabT1.1.weapon.png"/></f><f name="2" ><p name="stabT1"  origin_x="12" origin_y="5" navel_x="32" navel_y="9" z="weaponOverBody" image="stabT1.2.weapon.png"/></f></s>
<s name="shoot2"><f name="0" ><p name="shoot2"  origin_x="13" origin_y="5" navel_x="20" navel_y="11" z="weapon" image="shoot2.0.weapon.png"/></f><f name="1" ><p name="pointer"  pointer="shoot2/0/weapon"/></f><f name="2" ><p name="pointer"  pointer="shoot2/0/weapon"/></f><f name="3" ><p name="pointer"  pointer="shoot2/0/weapon"/></f><f name="4" ><p name="shoot2"  origin_x="13" origin_y="5" navel_x="18" navel_y="11" z="weapon" image="shoot2.4.weapon.png"/></f></s>
<s name="proneStab"><f name="0" ><p name="proneStab"  origin_x="5" origin_y="3" navel_x="44" navel_y="9" z="weaponBelowArm" image="proneStab.0.weapon.png"/></f><f name="1" ><p name="proneStab"  origin_x="5" origin_y="3" navel_x="60" navel_y="9" z="weaponBelowArm" image="proneStab.1.weapon.png"/></f></s>
<s name="prone"><f name="0" ><p name="pointer"  pointer="proneStab/0/weapon"/></f></s>
<s name="fly"><f name="0" ><p name="fly"  origin_x="13" origin_y="5" navel_x="3" navel_y="24" z="weaponOverArm" image="fly.0.weapon.png"/></f><f name="1" ><p name="pointer"  pointer="fly/0/weapon"/></f></s>
<s name="jump"><f name="0" ><p name="jump"  origin_x="17" origin_y="6" navel_x="-2" navel_y="22" z="weaponOverArm" image="jump.0.weapon.png"/></f></s>
</i>
