<i>
<s name="walk1"><f name="0" ><p name="30"  origin_x="43" origin_y="49" hand_x="0" hand_y="-1" z="weapon" image="30.walk1.0.weapon.png"/></f><f name="1" ><p name="30"  origin_x="36" origin_y="41" hand_x="0" hand_y="0" z="weapon" image="30.walk1.1.weapon.png"/></f><f name="2" ><p name="30"  origin_x="43" origin_y="42" hand_x="0" hand_y="0" z="weapon" image="30.walk1.2.weapon.png"/></f><f name="3" ><p name="30"  origin_x="40" origin_y="42" hand_x="0" hand_y="0" z="weapon" image="30.walk1.3.weapon.png"/></f></s>
<s name="stand1"><f name="0" ><p name="30"  origin_x="38" origin_y="26" hand_x="0" hand_y="0" z="weapon" image="30.stand1.0.weapon.png"/></f><f name="1" ><p name="pointer"  pointer="30/stand1/0/weapon"/></f><f name="2" ><p name="pointer"  pointer="30/stand1/0/weapon"/></f></s>
<s name="alert"><f name="0" ><p name="30"  origin_x="40" origin_y="57" hand_x="0" hand_y="0" z="weaponOverArm" image="30.alert.0.weapon.png"/></f><f name="1" ><p name="30"  origin_x="39" origin_y="53" hand_x="0" hand_y="0" z="weaponOverArm" image="30.alert.1.weapon.png"/></f><f name="2" ><p name="30"  origin_x="40" origin_y="45" hand_x="0" hand_y="0" z="weaponOverArm" image="30.alert.2.weapon.png"/></f></s>
<s name="swingO1"><f name="0" ><p name="30"  origin_x="11" origin_y="48" navel_x="5" navel_y="0" z="weaponBelowBody" image="30.swingO1.0.weapon.png"/></f><f name="1" ><p name="30"  origin_x="8" origin_y="34" navel_x="8" navel_y="-1" z="weapon" image="30.swingO1.1.weapon.png"/></f><f name="2" ><p name="30"  origin_x="58" origin_y="53" navel_x="-19" navel_y="19" z="weapon" image="30.swingO1.2.weapon.png"/></f></s>
<s name="swingO2"><f name="0" ><p name="30"  origin_x="9" origin_y="33" navel_x="17" navel_y="16" z="weaponBelowBody" image="30.swingO2.0.weapon.png"/></f><f name="1" ><p name="30"  origin_x="10" origin_y="52" navel_x="21" navel_y="1" z="weaponBelowBody" image="30.swingO2.1.weapon.png"/></f><f name="2" ><p name="30"  origin_x="34" origin_y="7" navel_x="-19" navel_y="-1" z="weapon" image="30.swingO2.2.weapon.png"/></f></s>
<s name="swingO3"><f name="0" ><p name="30"  origin_x="10" origin_y="32" navel_x="-20" navel_y="13" z="weapon" image="30.swingO3.0.weapon.png"/></f><f name="1" ><p name="30"  origin_x="42" origin_y="12" navel_x="20" navel_y="3" z="weaponOverBody" image="30.swingO3.1.weapon.png"/></f><f name="2" ><p name="30"  origin_x="39" origin_y="60" navel_x="7" navel_y="1" z="weaponBelowBody" image="30.swingO3.2.weapon.png"/></f></s>
<s name="swingOF"><f name="0" ><p name="30"  origin_x="15" origin_y="24" navel_x="-21" navel_y="-9" z="weapon" image="30.swingOF.0.weapon.png"/></f><f name="1" ><p name="30"  origin_x="26" origin_y="24" navel_x="-14" navel_y="20" z="backWeapon" image="30.swingOF.1.weapon.png"/></f><f name="2" ><p name="30"  origin_x="26" origin_y="24" navel_x="-11" navel_y="30" z="weaponBelowBody" image="30.swingOF.2.weapon.png"/></f><f name="3" ><p name="30"  origin_x="12" origin_y="24" navel_x="-20" navel_y="15" z="weaponBelowBody" image="30.swingOF.3.weapon.png"/></f></s>
<s name="stabO1"><f name="0" ><p name="30"  origin_x="43" origin_y="17" navel_x="-14" navel_y="-3" z="weapon" image="30.stabO1.0.weapon.png"/></f><f name="1" ><p name="30"  origin_x="42" origin_y="22" navel_x="26" navel_y="7" z="weapon" image="30.stabO1.1.weapon.png"/></f></s>
<s name="stabO2"><f name="0" ><p name="30"  origin_x="43" origin_y="15" navel_x="-11" navel_y="12" z="weaponBelowArm" image="30.stabO2.0.weapon.png"/></f><f name="1" ><p name="30"  origin_x="43" origin_y="21" navel_x="23" navel_y="7" z="weapon" image="30.stabO2.1.weapon.png"/></f></s>
<s name="stabOF"><f name="0" ><p name="30"  origin_x="42" origin_y="22" navel_x="-7" navel_y="1" z="weapon" image="30.stabOF.0.weapon.png"/></f><f name="1" ><p name="30"  origin_x="9" origin_y="21" navel_x="23" navel_y="-6" z="weapon" image="30.stabOF.1.weapon.png"/></f><f name="2" ><p name="30"  origin_x="87" origin_y="34" navel_x="23" navel_y="-6" z="weapon" image="30.stabOF.2.weapon.png"/></f></s>
<s name="proneStab"><f name="0" ><p name="30"  origin_x="46" origin_y="25" navel_x="9" navel_y="2" z="weaponBelowArm" image="30.proneStab.0.weapon.png"/></f><f name="1" ><p name="30"  origin_x="41" origin_y="23" navel_x="25" navel_y="1" z="weaponBelowArm" image="30.proneStab.1.weapon.png"/></f></s>
<s name="prone"><f name="0" ><p name="pointer"  pointer="30/proneStab/0/weapon"/></f></s>
<s name="heal"><f name="0" ><p name="pointer"  pointer="30/alert/1/weapon"/></f><f name="1" ><p name="pointer"  pointer="30/swingO2/1/weapon"/></f><f name="2" ><p name="pointer"  pointer="30/swingO2/0/weapon"/></f></s>
<s name="fly"><f name="0" ><p name="30"  origin_x="5" origin_y="45" navel_x="-3" navel_y="9" z="weaponOverArm" image="30.fly.0.weapon.png"/></f><f name="1" ><p name="pointer"  pointer="30/fly/0/weapon"/></f></s>
<s name="jump"><f name="0" ><p name="30"  origin_x="5" origin_y="58" navel_x="-4" navel_y="8" z="weaponOverArm" image="30.jump.0.weapon.png"/></f></s>
<s name="shoot1"><f name="0" ><p name="38"  origin_x="24" origin_y="54" hand_x="0" hand_y="0" z="weaponBelowArm" image="38.shoot1.0.weapon.png"/></f><f name="1" ><p name="38"  origin_x="37" origin_y="61" hand_x="0" hand_y="0" z="weaponBelowArm" image="38.shoot1.1.weapon.png"/></f><f name="2" ><p name="pointer"  pointer="38/shoot1/1/weapon"/></f></s>
<s name="shootF"><f name="0" ><p name="38"  origin_x="26" origin_y="67" hand_x="0" hand_y="0" z="weaponBelowArm" image="38.shootF.0.weapon.png"/></f><f name="1" ><p name="38"  origin_x="43" origin_y="66" hand_x="0" hand_y="0" z="weaponBelowArm" image="38.shootF.1.weapon.png"/></f><f name="2" ><p name="pointer"  pointer="38/shootF/1/weapon"/></f></s>
</i>
