  <i name="3211002">
  <i name="summon">
    <i name="summoned">
      <i name="0">
        <i name="origin">
          <i name="x" value="3"/>
          <i name="y" value="69"/>
        </i>
        <i name="delay" value="90"/>
        <i name="image" value="3211002.summon.summoned.0.png"/>
      </i>
      <i name="1">
        <i name="origin">
          <i name="x" value="9"/>
          <i name="y" value="69"/>
        </i>
        <i name="delay" value="90"/>
        <i name="image" value="3211002.summon.summoned.1.png"/>
      </i>
      <i name="2">
        <i name="origin">
          <i name="x" value="27"/>
          <i name="y" value="71"/>
        </i>
        <i name="delay" value="90"/>
        <i name="image" value="3211002.summon.summoned.2.png"/>
      </i>
      <i name="3">
        <i name="origin">
          <i name="x" value="27"/>
          <i name="y" value="71"/>
        </i>
        <i name="delay" value="90"/>
        <i name="image" value="3211002.summon.summoned.3.png"/>
      </i>
      <i name="4">
        <i name="origin">
          <i name="x" value="27"/>
          <i name="y" value="71"/>
        </i>
        <i name="delay" value="90"/>
        <i name="image" value="3211002.summon.summoned.4.png"/>
      </i>
      <i name="5">
        <i name="origin">
          <i name="x" value="27"/>
          <i name="y" value="71"/>
        </i>
        <i name="delay" value="90"/>
        <i name="image" value="3211002.summon.summoned.5.png"/>
      </i>
      <i name="6">
        <i name="origin">
          <i name="x" value="27"/>
          <i name="y" value="71"/>
        </i>
        <i name="delay" value="90"/>
        <i name="image" value="3211002.summon.summoned.6.png"/>
      </i>
      <i name="7">
        <i name="origin">
          <i name="x" value="30"/>
          <i name="y" value="172"/>
        </i>
        <i name="delay" value="90"/>
        <i name="image" value="3211002.summon.summoned.7.png"/>
      </i>
      <i name="8">
        <i name="origin">
          <i name="x" value="42"/>
          <i name="y" value="121"/>
        </i>
        <i name="delay" value="90"/>
        <i name="image" value="3211002.summon.summoned.8.png"/>
      </i>
      <i name="9">
        <i name="origin">
          <i name="x" value="42"/>
          <i name="y" value="116"/>
        </i>
        <i name="delay" value="90"/>
        <i name="image" value="3211002.summon.summoned.9.png"/>
      </i>
      <i name="10">
        <i name="origin">
          <i name="x" value="35"/>
          <i name="y" value="96"/>
        </i>
        <i name="delay" value="90"/>
        <i name="image" value="3211002.summon.summoned.10.png"/>
      </i>
      <i name="11">
        <i name="origin">
          <i name="x" value="35"/>
          <i name="y" value="96"/>
        </i>
        <i name="delay" value="90"/>
        <i name="image" value="3211002.summon.summoned.11.png"/>
      </i>
    </i>
    <i name="stand">
      <i name="0">
        <i name="origin">
          <i name="x" value="35"/>
          <i name="y" value="96"/>
        </i>
        <i name="delay" value="500"/>
        <i name="lt">
          <i name="x" value="-32"/>
          <i name="y" value="-94"/>
        </i>
        <i name="rb">
          <i name="x" value="32"/>
          <i name="y" value="0"/>
        </i>
        <i name="image" value="3211002.summon.stand.0.png"/>
      </i>
      <i name="1">
        <i name="origin">
          <i name="x" value="35"/>
          <i name="y" value="96"/>
        </i>
        <i name="delay" value="150"/>
        <i name="lt">
          <i name="x" value="-32"/>
          <i name="y" value="-94"/>
        </i>
        <i name="rb">
          <i name="x" value="32"/>
          <i name="y" value="0"/>
        </i>
        <i name="image" value="3211002.summon.stand.1.png"/>
      </i>
      <i name="2">
        <i name="origin">
          <i name="x" value="35"/>
          <i name="y" value="96"/>
        </i>
        <i name="delay" value="150"/>
        <i name="lt">
          <i name="x" value="-32"/>
          <i name="y" value="-94"/>
        </i>
        <i name="rb">
          <i name="x" value="32"/>
          <i name="y" value="0"/>
        </i>
        <i name="image" value="3211002.summon.stand.2.png"/>
      </i>
      <i name="3">
        <i name="pointer" value="3211002/summon/stand/1"/>
      </i>
      <i name="4">
        <i name="pointer" value="3211002/summon/stand/0"/>
      </i>
      <i name="5">
        <i name="origin">
          <i name="x" value="35"/>
          <i name="y" value="96"/>
        </i>
        <i name="delay" value="150"/>
        <i name="lt">
          <i name="x" value="-32"/>
          <i name="y" value="-94"/>
        </i>
        <i name="rb">
          <i name="x" value="32"/>
          <i name="y" value="0"/>
        </i>
        <i name="image" value="3211002.summon.stand.5.png"/>
      </i>
      <i name="6">
        <i name="origin">
          <i name="x" value="35"/>
          <i name="y" value="96"/>
        </i>
        <i name="delay" value="100"/>
        <i name="lt">
          <i name="x" value="-32"/>
          <i name="y" value="-94"/>
        </i>
        <i name="rb">
          <i name="x" value="32"/>
          <i name="y" value="0"/>
        </i>
        <i name="image" value="3211002.summon.stand.6.png"/>
      </i>
      <i name="7">
        <i name="origin">
          <i name="x" value="35"/>
          <i name="y" value="96"/>
        </i>
        <i name="delay" value="500"/>
        <i name="lt">
          <i name="x" value="-32"/>
          <i name="y" value="-94"/>
        </i>
        <i name="rb">
          <i name="x" value="32"/>
          <i name="y" value="0"/>
        </i>
        <i name="image" value="3211002.summon.stand.7.png"/>
      </i>
      <i name="8">
        <i name="origin">
          <i name="x" value="35"/>
          <i name="y" value="96"/>
        </i>
        <i name="delay" value="500"/>
        <i name="lt">
          <i name="x" value="-32"/>
          <i name="y" value="-94"/>
        </i>
        <i name="rb">
          <i name="x" value="32"/>
          <i name="y" value="0"/>
        </i>
        <i name="image" value="3211002.summon.stand.8.png"/>
      </i>
    </i>
    <i name="hit">
      <i name="0">
        <i name="origin">
          <i name="x" value="35"/>
          <i name="y" value="96"/>
        </i>
        <i name="delay" value="150"/>
        <i name="image" value="3211002.summon.hit.0.png"/>
      </i>
      <i name="1">
        <i name="origin">
          <i name="x" value="43"/>
          <i name="y" value="101"/>
        </i>
        <i name="delay" value="150"/>
        <i name="image" value="3211002.summon.hit.1.png"/>
      </i>
      <i name="2">
        <i name="origin">
          <i name="x" value="40"/>
          <i name="y" value="97"/>
        </i>
        <i name="delay" value="150"/>
        <i name="image" value="3211002.summon.hit.2.png"/>
      </i>
      <i name="3">
        <i name="origin">
          <i name="x" value="37"/>
          <i name="y" value="98"/>
        </i>
        <i name="delay" value="150"/>
        <i name="image" value="3211002.summon.hit.3.png"/>
      </i>
    </i>
    <i name="die">
      <i name="0">
        <i name="origin">
          <i name="x" value="35"/>
          <i name="y" value="96"/>
        </i>
        <i name="delay" value="500"/>
        <i name="a0" value="255"/>
        <i name="a1" value="0"/>
        <i name="image" value="3211002.summon.die.0.png"/>
      </i>
    </i>
  </i>
  </i>
