<i>
<s name="info"><f name="icon" ><p name="info"  image="info.icon.png"/></f><f name="iconRaw" ><p name="info"  origin_x="-1" origin_y="28" image="info.iconRaw.png"/></f><f name="iconD" ><p name="info"  origin_x="-1" origin_y="34" image="info.iconD.png"/></f><f name="iconRawD" ><p name="info"  origin_x="-1" origin_y="34" image="info.iconRawD.png"/></f></s>
<s name="stand0"><f name="0" delay="250" ><p name="stand0"  origin_x="18" origin_y="37" lt_x="-20" lt_y="-33" rb_x="21" rb_y="0" image="stand0.0.png"/></f><f name="1" delay="120" ><p name="stand0"  origin_x="18" origin_y="37" lt_x="-20" lt_y="-33" rb_x="21" rb_y="0" image="stand0.1.png"/></f><f name="2" delay="120" ><p name="stand0"  origin_x="18" origin_y="37" lt_x="-20" lt_y="-33" rb_x="21" rb_y="0" image="stand0.2.png"/></f><f name="3" ><p name="pointer"  pointer="stand0/0"/></f></s>
<s name="stand1"><f name="0" delay="120" ><p name="stand1"  origin_x="18" origin_y="37" lt_x="-20" lt_y="-33" rb_x="21" rb_y="0" image="stand1.0.png"/></f><f name="1" delay="120" ><p name="stand1"  origin_x="18" origin_y="37" lt_x="-20" lt_y="-33" rb_x="21" rb_y="0" image="stand1.1.png"/></f><f name="2" delay="120" ><p name="stand1"  origin_x="18" origin_y="37" lt_x="-20" lt_y="-33" rb_x="21" rb_y="0" image="stand1.2.png"/></f><f name="3" ><p name="pointer"  pointer="stand1/1"/></f><f name="4" ><p name="pointer"  pointer="stand1/0"/></f><f name="5" delay="120" ><p name="stand1"  origin_x="18" origin_y="37" lt_x="-20" lt_y="-33" rb_x="21" rb_y="0" image="stand1.5.png"/></f><f name="6" delay="120" ><p name="stand1"  origin_x="18" origin_y="37" lt_x="-20" lt_y="-33" rb_x="21" rb_y="0" image="stand1.6.png"/></f><f name="7" delay="120" ><p name="stand1"  origin_x="18" origin_y="37" lt_x="-20" lt_y="-33" rb_x="21" rb_y="0" image="stand1.7.png"/></f><f name="8" ><p name="pointer"  pointer="stand1/6"/></f><f name="9" ><p name="pointer"  pointer="stand1/5"/></f></s>
<s name="rest0"><f name="0" delay="120" ><p name="rest0"  origin_x="18" origin_y="37" lt_x="-20" lt_y="-33" rb_x="21" rb_y="0" image="rest0.0.png"/></f><f name="1" delay="120" ><p name="rest0"  origin_x="18" origin_y="37" lt_x="-20" lt_y="-33" rb_x="21" rb_y="0" image="rest0.1.png"/></f><f name="2" delay="120" ><p name="rest0"  origin_x="18" origin_y="37" lt_x="-20" lt_y="-33" rb_x="21" rb_y="0" image="rest0.2.png"/></f><f name="3" ><p name="pointer"  pointer="rest0/1"/></f><f name="4" ><p name="pointer"  pointer="rest0/0"/></f><f name="5" delay="120" ><p name="rest0"  origin_x="18" origin_y="37" lt_x="-20" lt_y="-33" rb_x="21" rb_y="0" image="rest0.5.png"/></f><f name="6" delay="120" ><p name="rest0"  origin_x="18" origin_y="37" lt_x="-20" lt_y="-33" rb_x="21" rb_y="0" image="rest0.6.png"/></f><f name="7" delay="120" ><p name="rest0"  origin_x="18" origin_y="37" lt_x="-20" lt_y="-33" rb_x="21" rb_y="0" image="rest0.7.png"/></f><f name="8" ><p name="pointer"  pointer="rest0/6"/></f><f name="9" ><p name="pointer"  pointer="rest0/5"/></f></s>
<s name="scratch"><f name="0" delay="1200" ><p name="scratch"  origin_x="18" origin_y="37" lt_x="-20" lt_y="-33" rb_x="21" rb_y="0" image="scratch.0.png"/></f><f name="1" delay="120" ><p name="scratch"  origin_x="17" origin_y="36" lt_x="-20" lt_y="-33" rb_x="21" rb_y="0" image="scratch.1.png"/></f><f name="2" delay="120" ><p name="scratch"  origin_x="17" origin_y="35" lt_x="-20" lt_y="-33" rb_x="21" rb_y="0" image="scratch.2.png"/></f><f name="3" ><p name="pointer"  pointer="scratch/1"/></f><f name="4" ><p name="pointer"  pointer="scratch/2"/></f><f name="5" ><p name="pointer"  pointer="scratch/0"/></f></s>
<s name="move"><f name="0" delay="80" ><p name="move"  origin_x="21" origin_y="36" lt_x="-20" lt_y="-33" rb_x="21" rb_y="0" image="move.0.png"/></f><f name="1" delay="80" ><p name="move"  origin_x="19" origin_y="33" lt_x="-20" lt_y="-33" rb_x="21" rb_y="0" image="move.1.png"/></f><f name="2" delay="80" ><p name="move"  origin_x="20" origin_y="36" lt_x="-20" lt_y="-33" rb_x="21" rb_y="0" image="move.2.png"/></f></s>
<s name="jump"><f name="0" delay="100" ><p name="jump"  origin_x="22" origin_y="37" lt_x="-20" lt_y="-33" rb_x="21" rb_y="0" image="jump.0.png"/></f></s>
<s name="hungry"><f name="0" delay="2000" ><p name="hungry"  origin_x="20" origin_y="34" lt_x="-20" lt_y="-33" rb_x="21" rb_y="0" image="hungry.0.png"/></f></s>
<s name="angry"><f name="0" delay="4000" ><p name="angry"  origin_x="22" origin_y="37" lt_x="-19" lt_y="-31" rb_x="22" rb_y="0" image="angry.0.png"/></f></s>
<s name="chat"><f name="0" delay="2000" ><p name="chat"  origin_x="18" origin_y="37" lt_x="-20" lt_y="-33" rb_x="21" rb_y="0" image="chat.0.png"/></f></s>
<s name="hang"><f name="0" ><p name="hang"  origin_x="19" origin_y="62" lt_x="-18" lt_y="-58" rb_x="21" rb_y="-16" image="hang.0.png"/></f></s>
<s name="rise"><f name="0" delay="3000" ><p name="rise"  origin_x="20" origin_y="36" lt_x="-20" lt_y="-33" rb_x="21" rb_y="0" image="rise.0.png"/></f></s>
<s name="sit"><f name="0" delay="4000" ><p name="sit"  origin_x="18" origin_y="37" lt_x="-20" lt_y="-33" rb_x="21" rb_y="0" image="sit.0.png"/></f></s>
<s name="dung"><f name="0" delay="4000" ><p name="dung"  origin_x="22" origin_y="35" lt_x="-20" lt_y="-33" rb_x="21" rb_y="0" image="dung.0.png"/></f></s>
<s name="cry"><f name="0" delay="220" ><p name="cry"  origin_x="20" origin_y="34" lt_x="-20" lt_y="-33" rb_x="21" rb_y="0" image="cry.0.png"/></f><f name="1" delay="220" ><p name="cry"  origin_x="20" origin_y="34" lt_x="-20" lt_y="-33" rb_x="21" rb_y="0" image="cry.1.png"/></f><f name="2" ><p name="pointer"  pointer="cry/0"/></f><f name="3" ><p name="pointer"  pointer="cry/1"/></f><f name="4" ><p name="pointer"  pointer="cry/0"/></f><f name="5" ><p name="pointer"  pointer="cry/1"/></f><f name="6" ><p name="pointer"  pointer="cry/0"/></f><f name="7" ><p name="pointer"  pointer="cry/1"/></f></s>
<s name="melong"><f name="0" delay="4000" ><p name="melong"  origin_x="19" origin_y="36" lt_x="-20" lt_y="-33" rb_x="21" rb_y="0" image="melong.0.png"/></f></s>
<s name="sulk"><f name="0" delay="4000" ><p name="sulk"  origin_x="19" origin_y="35" lt_x="-19" lt_y="-32" rb_x="19" rb_y="1" image="sulk.0.png"/></f></s>
<s name="love"><f name="0" delay="100" ><p name="love"  origin_x="17" origin_y="39" lt_x="-16" lt_y="-36" rb_x="28" rb_y="0" image="love.0.png"/></f><f name="1" delay="100" ><p name="love"  origin_x="17" origin_y="39" lt_x="-16" lt_y="-36" rb_x="28" rb_y="0" image="love.1.png"/></f><f name="2" ><p name="pointer"  pointer="love/0"/></f><f name="3" ><p name="pointer"  pointer="love/1"/></f><f name="4" ><p name="pointer"  pointer="love/0"/></f><f name="5" ><p name="pointer"  pointer="love/1"/></f><f name="6" ><p name="pointer"  pointer="love/0"/></f><f name="7" ><p name="pointer"  pointer="love/1"/></f><f name="8" ><p name="pointer"  pointer="love/0"/></f><f name="9" ><p name="pointer"  pointer="love/1"/></f><f name="10" ><p name="pointer"  pointer="love/0"/></f><f name="11" ><p name="pointer"  pointer="love/1"/></f><f name="12" ><p name="pointer"  pointer="love/0"/></f><f name="13" ><p name="pointer"  pointer="love/1"/></f></s>
<s name="play"><f name="0" delay="240" ><p name="play"  origin_x="21" origin_y="36" lt_x="-20" lt_y="-33" rb_x="21" rb_y="0" image="play.0.png"/></f><f name="1" delay="240" ><p name="play"  origin_x="20" origin_y="35" lt_x="-20" lt_y="-33" rb_x="21" rb_y="0" image="play.1.png"/></f><f name="2" ><p name="pointer"  pointer="play/0"/></f><f name="3" ><p name="pointer"  pointer="play/1"/></f></s>
<s name="sleep"><f name="0" delay="1000" ><p name="sleep"  origin_x="21" origin_y="32" lt_x="-20" lt_y="-33" rb_x="21" rb_y="0" image="sleep.0.png"/></f><f name="1" delay="300" ><p name="sleep"  origin_x="21" origin_y="32" lt_x="-20" lt_y="-33" rb_x="21" rb_y="0" image="sleep.1.png"/></f><f name="2" delay="300" ><p name="sleep"  origin_x="21" origin_y="32" lt_x="-20" lt_y="-33" rb_x="21" rb_y="0" image="sleep.2.png"/></f><f name="3" delay="400" ><p name="sleep"  origin_x="22" origin_y="32" lt_x="-20" lt_y="-33" rb_x="21" rb_y="0" image="sleep.3.png"/></f><f name="4" ><p name="pointer"  pointer="sleep/0"/></f></s>
<s name="eat"><f name="0" delay="120" ><p name="eat"  origin_x="18" origin_y="37" lt_x="-20" lt_y="-33" rb_x="21" rb_y="0" image="eat.0.png"/></f><f name="1" delay="120" ><p name="eat"  origin_x="18" origin_y="37" lt_x="-20" lt_y="-33" rb_x="21" rb_y="0" image="eat.1.png"/></f><f name="2" ><p name="pointer"  pointer="eat/0"/></f><f name="3" ><p name="pointer"  pointer="eat/1"/></f></s>
<s name="fly"><f name="0" delay="200" ><p name="fly"  origin_x="21" origin_y="36" lt_x="-20" lt_y="-33" rb_x="21" rb_y="0" image="fly.0.png"/></f><f name="1" delay="200" ><p name="fly"  origin_x="20" origin_y="35" lt_x="-20" lt_y="-33" rb_x="21" rb_y="0" image="fly.1.png"/></f></s>
</i>
