<i>
<s name="info"><f name="icon" ><p name="info"  image="info.icon.png"/></f><f name="iconRaw" ><p name="info"  origin_x="1" origin_y="33" image="info.iconRaw.png"/></f><p name="reqJob" v="0"/></s>
<s name="walk1"><f name="0" ><p name="44"  origin_x="41" origin_y="14" hand_x="26" hand_y="1" z="weapon" image="44.walk1.0.weapon.png"/></f><f name="1" ><p name="44"  origin_x="41" origin_y="20" hand_x="25" hand_y="15" z="weapon" image="44.walk1.1.weapon.png"/></f><f name="2" ><p name="44"  origin_x="41" origin_y="14" hand_x="26" hand_y="2" z="weapon" image="44.walk1.2.weapon.png"/></f><f name="3" ><p name="44"  origin_x="41" origin_y="20" hand_x="26" hand_y="-12" z="weapon" image="44.walk1.3.weapon.png"/></f></s>
<s name="walk2"><f name="0" ><p name="44"  origin_x="16" origin_y="50" hand_x="4" hand_y="-1" z="weaponOverArm" image="44.walk2.0.weapon.png"/></f><f name="1" ><p name="44"  origin_x="17" origin_y="49" hand_x="3" hand_y="0" z="weaponOverArm" image="44.walk2.1.weapon.png"/></f><f name="2" ><p name="pointer"  pointer="44/walk2/0/weapon"/></f><f name="3" ><p name="44"  origin_x="15" origin_y="52" hand_x="5" hand_y="0" z="weaponOverArm" image="44.walk2.3.weapon.png"/></f></s>
<s name="stand1"><f name="0" ><p name="44"  origin_x="41" origin_y="20" hand_x="25" hand_y="-13" z="weapon" image="44.stand1.0.weapon.png"/></f><f name="1" ><p name="pointer"  pointer="44/stand1/0/weapon"/></f><f name="2" ><p name="pointer"  pointer="44/stand1/0/weapon"/></f></s>
<s name="stand2"><f name="0" ><p name="44"  origin_x="16" origin_y="48" hand_x="5" hand_y="0" z="weaponOverArm" image="44.stand2.0.weapon.png"/></f><f name="1" ><p name="44"  origin_x="15" origin_y="49" hand_x="5" hand_y="-1" z="weaponOverArm" image="44.stand2.1.weapon.png"/></f><f name="2" ><p name="44"  origin_x="15" origin_y="48" hand_x="5" hand_y="0" z="weaponOverArm" image="44.stand2.2.weapon.png"/></f></s>
<s name="alert"><f name="0" ><p name="44"  origin_x="63" origin_y="30" hand_x="6" hand_y="4" z="weaponOverArm" image="44.alert.0.weapon.png"/></f><f name="1" ><p name="44"  origin_x="63" origin_y="28" hand_x="5" hand_y="5" z="weaponOverArm" image="44.alert.1.weapon.png"/></f><f name="2" ><p name="44"  origin_x="63" origin_y="26" hand_x="6" hand_y="6" z="weaponOverArm" image="44.alert.2.weapon.png"/></f></s>
<s name="swingT2"><f name="0" ><p name="44"  origin_x="1" origin_y="76" navel_x="0" navel_y="0" z="weaponBelowBody" image="44.swingT2.0.weapon.png"/></f><f name="1" ><p name="44"  origin_x="49" origin_y="73" navel_x="0" navel_y="0" z="weaponBelowBody" image="44.swingT2.1.weapon.png"/></f><f name="2" ><p name="44"  origin_x="55" origin_y="4" navel_x="0" navel_y="0" z="weaponOverBody" image="44.swingT2.2.weapon.png"/></f></s>
<s name="swingP1"><f name="0" ><p name="44"  origin_x="14" origin_y="57" navel_x="0" navel_y="0" z="weaponBelowArm" image="44.swingP1.0.weapon.png"/></f><f name="1" ><p name="44"  origin_x="26" origin_y="74" navel_x="0" navel_y="0" z="weaponBelowArm" image="44.swingP1.1.weapon.png"/></f><f name="2" ><p name="44"  origin_x="76" origin_y="0" navel_x="0" navel_y="0" z="weaponBelowBody" image="44.swingP1.2.weapon.png"/></f></s>
<s name="swingP2"><f name="0" ><p name="44"  origin_x="23" origin_y="77" navel_x="0" navel_y="0" z="weaponBelowBody" image="44.swingP2.0.weapon.png"/></f><f name="1" ><p name="44"  origin_x="25" origin_y="71" navel_x="0" navel_y="0" z="weaponBelowBody" image="44.swingP2.1.weapon.png"/></f><f name="2" ><p name="44"  origin_x="54" origin_y="3" navel_x="0" navel_y="0" z="weaponOverBody" image="44.swingP2.2.weapon.png"/></f></s>
<s name="swingPF"><f name="0" ><p name="44"  origin_x="59" origin_y="17" navel_x="0" navel_y="0" z="weapon" image="44.swingPF.0.weapon.png"/></f><f name="1" ><p name="44"  origin_x="58" origin_y="12" navel_x="0" navel_y="0" z="weapon" image="44.swingPF.1.weapon.png"/></f><f name="2" ><p name="44"  origin_x="19" origin_y="57" navel_x="0" navel_y="0" z="weaponBelowArm" image="44.swingPF.2.weapon.png"/></f><f name="3" ><p name="44"  origin_x="80" origin_y="-1" navel_x="0" navel_y="0" z="weaponBelowBody" image="44.swingPF.3.weapon.png"/></f></s>
<s name="stabT1"><f name="0" ><p name="44"  origin_x="51" origin_y="10" navel_x="0" navel_y="0" z="weaponOverBody" image="44.stabT1.0.weapon.png"/></f><f name="1" ><p name="44"  origin_x="52" origin_y="8" navel_x="0" navel_y="0" z="weaponOverBody" image="44.stabT1.1.weapon.png"/></f><f name="2" ><p name="44"  origin_x="71" origin_y="12" navel_x="0" navel_y="0" z="weaponOverBody" image="44.stabT1.2.weapon.png"/></f></s>
<s name="stabT2"><f name="0" ><p name="44"  origin_x="56" origin_y="9" navel_x="0" navel_y="0" z="weaponOverBody" image="44.stabT2.0.weapon.png"/></f><f name="1" ><p name="44"  origin_x="57" origin_y="11" navel_x="0" navel_y="0" z="weaponOverBody" image="44.stabT2.1.weapon.png"/></f><f name="2" ><p name="44"  origin_x="66" origin_y="31" navel_x="0" navel_y="0" z="weaponOverBody" image="44.stabT2.2.weapon.png"/></f></s>
<s name="stabTF"><f name="0" ><p name="pointer"  pointer="44/swingPF/0/weapon"/></f><f name="1" ><p name="pointer"  pointer="44/swingPF/1/weapon"/></f><f name="2" ><p name="44"  origin_x="33" origin_y="33" navel_x="-1" navel_y="-11" z="weaponOverBody" image="44.stabTF.2.weapon.png"/></f><f name="3" ><p name="44"  origin_x="41" origin_y="14" navel_x="29" navel_y="4" z="weaponOverBody" image="44.stabTF.3.weapon.png"/></f></s>
<s name="proneStab"><f name="0" ><p name="44"  origin_x="78" origin_y="9" navel_x="0" navel_y="0" z="weaponBelowArm" image="44.proneStab.0.weapon.png"/></f><f name="1" ><p name="44"  origin_x="93" origin_y="10" navel_x="0" navel_y="0" z="weaponBelowArm" image="44.proneStab.1.weapon.png"/></f></s>
<s name="prone"><f name="0" ><p name="pointer"  pointer="44/proneStab/0/weapon"/></f></s>
<s name="fly"><f name="0" ><p name="44"  origin_x="17" origin_y="58" navel_x="0" navel_y="0" z="weaponOverArm" image="44.fly.0.weapon.png"/></f><f name="1" ><p name="pointer"  pointer="44/fly/0/weapon"/></f></s>
<s name="ladder"><f name="0" ><p name="44"  origin_x="33" origin_y="33" navel_x="-6" navel_y="8" z="weaponOverHand" image="44.ladder.0.weapon.png"/></f><f name="1" ><p name="44"  origin_x="33" origin_y="33" navel_x="-7" navel_y="8" z="weaponOverHand" image="44.ladder.1.weapon.png"/></f></s>
<s name="jump"><f name="0" ><p name="44"  origin_x="16" origin_y="57" navel_x="0" navel_y="0" z="weaponOverArm" image="44.jump.0.weapon.png"/></f></s>
<s name="rope"><f name="0" ><p name="44"  origin_x="33" origin_y="33" navel_x="-6" navel_y="8" z="weaponOverHand" image="44.rope.0.weapon.png"/></f><f name="1" ><p name="44"  origin_x="33" origin_y="33" navel_x="-8" navel_y="9" z="weaponOverHand" image="44.rope.1.weapon.png"/></f></s>
<s name="sit"><f name="0" ><p name="44"  origin_x="14" origin_y="41" hand_x="-29" hand_y="19" z="weaponOverArm" image="44.sit.0.weapon.png"/></f></s>
</i>
