<i name="5000000">
<i name="stand0">
<i name="0">
<i name="origin">
<i name="x" value="13"/>
<i name="y" value="51"/>
</i>
<i name="image" value="5000000.stand0.0.png"/>
</i>
<i name="1">
<i name="origin">
<i name="x" value="13"/>
<i name="y" value="51"/>
</i>
<i name="image" value="5000000.stand0.1.png"/>
</i>
<i name="2">
<i name="origin">
<i name="x" value="13"/>
<i name="y" value="51"/>
</i>
<i name="image" value="5000000.stand0.2.png"/>
</i>
</i>
<i name="stand1">
<i name="0">
<i name="origin">
<i name="x" value="13"/>
<i name="y" value="51"/>
</i>
<i name="image" value="5000000.stand1.0.png"/>
</i>
<i name="1">
<i name="origin">
<i name="x" value="13"/>
<i name="y" value="51"/>
</i>
<i name="image" value="5000000.stand1.1.png"/>
</i>
<i name="2">
<i name="origin">
<i name="x" value="13"/>
<i name="y" value="51"/>
</i>
<i name="image" value="5000000.stand1.2.png"/>
</i>
<i name="3">
<i name="pointer" value="5000000/stand1/0"/>
</i>
<i name="4">
<i name="pointer" value="5000000/stand1/1"/>
</i>
<i name="5">
<i name="pointer" value="5000000/stand1/2"/>
</i>
<i name="6">
<i name="pointer" value="5000000/stand1/0"/>
</i>
<i name="7">
<i name="pointer" value="5000000/stand1/1"/>
</i>
<i name="8">
<i name="pointer" value="5000000/stand1/2"/>
</i>
</i>
<i name="hungry">
<i name="0">
<i name="origin">
<i name="x" value="11"/>
<i name="y" value="48"/>
</i>
<i name="image" value="5000000.hungry.0.png"/>
</i>
<i name="1">
<i name="pointer" value="5000000/hungry/0"/>
</i>
<i name="2">
<i name="pointer" value="5000000/hungry/0"/>
</i>
</i>
<i name="move">
<i name="0">
<i name="origin">
<i name="x" value="13"/>
<i name="y" value="49"/>
</i>
<i name="image" value="5000000.move.0.png"/>
</i>
<i name="1">
<i name="origin">
<i name="x" value="13"/>
<i name="y" value="52"/>
</i>
<i name="image" value="5000000.move.1.png"/>
</i>
<i name="2">
<i name="origin">
<i name="x" value="14"/>
<i name="y" value="51"/>
</i>
<i name="image" value="5000000.move.2.png"/>
</i>
</i>
<i name="jump">
<i name="0">
<i name="origin">
<i name="x" value="13"/>
<i name="y" value="47"/>
</i>
<i name="image" value="5000000.jump.0.png"/>
</i>
</i>
<i name="rest0">
<i name="0">
<i name="origin">
<i name="x" value="14"/>
<i name="y" value="51"/>
</i>
<i name="image" value="5000000.rest0.0.png"/>
</i>
<i name="1">
<i name="pointer" value="5000000/rest0/0"/>
</i>
<i name="2">
<i name="pointer" value="5000000/rest0/0"/>
</i>
</i>
<i name="chat">
<i name="0">
<i name="origin">
<i name="x" value="13"/>
<i name="y" value="51"/>
</i>
<i name="image" value="5000000.chat.0.png"/>
</i>
</i>
<i name="angry">
<i name="0">
<i name="origin">
<i name="x" value="13"/>
<i name="y" value="52"/>
</i>
<i name="image" value="5000000.angry.0.png"/>
</i>
</i>
<i name="rise">
<i name="0">
<i name="origin">
<i name="x" value="14"/>
<i name="y" value="61"/>
</i>
<i name="image" value="5000000.rise.0.png"/>
</i>
</i>
<i name="poor">
<i name="0">
<i name="origin">
<i name="x" value="11"/>
<i name="y" value="48"/>
</i>
<i name="image" value="5000000.poor.0.png"/>
</i>
</i>
<i name="dung">
<i name="0">
<i name="origin">
<i name="x" value="15"/>
<i name="y" value="51"/>
</i>
<i name="image" value="5000000.dung.0.png"/>
</i>
</i>
<i name="stretch">
<i name="0">
<i name="origin">
<i name="x" value="13"/>
<i name="y" value="48"/>
</i>
<i name="image" value="5000000.stretch.0.png"/>
</i>
</i>
<i name="prone">
<i name="0">
<i name="origin">
<i name="x" value="16"/>
<i name="y" value="45"/>
</i>
<i name="image" value="5000000.prone.0.png"/>
</i>
</i>
<i name="alert">
<i name="0">
<i name="origin">
<i name="x" value="14"/>
<i name="y" value="46"/>
</i>
<i name="image" value="5000000.alert.0.png"/>
</i>
</i>
<i name="cry">
<i name="0">
<i name="origin">
<i name="x" value="14"/>
<i name="y" value="51"/>
</i>
<i name="image" value="5000000.cry.0.png"/>
</i>
</i>
<i name="hang">
<i name="0">
<i name="origin">
<i name="x" value="8"/>
<i name="y" value="72"/>
</i>
<i name="image" value="5000000.hang.0.png"/>
</i>
</i>
<i name="fly">
<i name="0">
<i name="origin">
<i name="x" value="13"/>
<i name="y" value="51"/>
</i>
<i name="image" value="5000000.fly.0.png"/>
</i>
<i name="1">
<i name="origin">
<i name="x" value="14"/>
<i name="y" value="51"/>
</i>
<i name="image" value="5000000.fly.1.png"/>
</i>
</i>
</i>