<i name="5000008">
<i name="stand0">
<i name="0">
<i name="origin">
<i name="x" value="21"/>
<i name="y" value="50"/>
</i>
<i name="image" value="5000008.stand0.0.png"/>
</i>
<i name="1">
<i name="pointer" value="5000008/stand0/0"/>
</i>
<i name="2">
<i name="pointer" value="5000008/stand0/0"/>
</i>
</i>
<i name="stand1">
<i name="0">
<i name="origin">
<i name="x" value="21"/>
<i name="y" value="50"/>
</i>
<i name="image" value="5000008.stand1.0.png"/>
</i>
<i name="1">
<i name="pointer" value="5000008/stand1/0"/>
</i>
<i name="2">
<i name="pointer" value="5000008/stand1/0"/>
</i>
<i name="3">
<i name="pointer" value="5000008/stand1/0"/>
</i>
<i name="4">
<i name="pointer" value="5000008/stand1/0"/>
</i>
</i>
<i name="rest0">
<i name="0">
<i name="origin">
<i name="x" value="19"/>
<i name="y" value="50"/>
</i>
<i name="image" value="5000008.rest0.0.png"/>
</i>
<i name="1">
<i name="pointer" value="5000008/rest0/0"/>
</i>
<i name="2">
<i name="pointer" value="5000008/rest0/0"/>
</i>
<i name="3">
<i name="pointer" value="5000008/rest0/0"/>
</i>
<i name="4">
<i name="pointer" value="5000008/rest0/0"/>
</i>
</i>
<i name="move">
<i name="0">
<i name="origin">
<i name="x" value="23"/>
<i name="y" value="50"/>
</i>
<i name="image" value="5000008.move.0.png"/>
</i>
<i name="1">
<i name="origin">
<i name="x" value="24"/>
<i name="y" value="49"/>
</i>
<i name="image" value="5000008.move.1.png"/>
</i>
<i name="2">
<i name="origin">
<i name="x" value="23"/>
<i name="y" value="51"/>
</i>
<i name="image" value="5000008.move.2.png"/>
</i>
</i>
<i name="jump">
<i name="0">
<i name="origin">
<i name="x" value="21"/>
<i name="y" value="49"/>
</i>
<i name="image" value="5000008.jump.0.png"/>
</i>
</i>
<i name="hungry">
<i name="0">
<i name="origin">
<i name="x" value="19"/>
<i name="y" value="49"/>
</i>
<i name="image" value="5000008.hungry.0.png"/>
</i>
</i>
<i name="angry">
<i name="0">
<i name="origin">
<i name="x" value="20"/>
<i name="y" value="48"/>
</i>
<i name="image" value="5000008.angry.0.png"/>
</i>
</i>
<i name="chat">
<i name="0">
<i name="origin">
<i name="x" value="21"/>
<i name="y" value="50"/>
</i>
<i name="image" value="5000008.chat.0.png"/>
</i>
<i name="1">
<i name="pointer" value="5000008/chat/0"/>
</i>
<i name="2">
<i name="pointer" value="5000008/chat/0"/>
</i>
<i name="3">
<i name="pointer" value="5000008/chat/0"/>
</i>
<i name="4">
<i name="pointer" value="5000008/chat/0"/>
</i>
<i name="5">
<i name="pointer" value="5000008/chat/0"/>
</i>
<i name="6">
<i name="pointer" value="5000008/chat/0"/>
</i>
<i name="7">
<i name="pointer" value="5000008/chat/0"/>
</i>
</i>
<i name="hang">
<i name="0">
<i name="origin">
<i name="x" value="15"/>
<i name="y" value="75"/>
</i>
<i name="image" value="5000008.hang.0.png"/>
</i>
</i>
<i name="rise">
<i name="0">
<i name="origin">
<i name="x" value="16"/>
<i name="y" value="61"/>
</i>
<i name="image" value="5000008.rise.0.png"/>
</i>
</i>
<i name="sit">
<i name="0">
<i name="origin">
<i name="x" value="12"/>
<i name="y" value="58"/>
</i>
<i name="image" value="5000008.sit.0.png"/>
</i>
</i>
<i name="dung">
<i name="0">
<i name="origin">
<i name="x" value="22"/>
<i name="y" value="50"/>
</i>
<i name="image" value="5000008.dung.0.png"/>
</i>
</i>
<i name="cry">
<i name="0">
<i name="origin">
<i name="x" value="19"/>
<i name="y" value="49"/>
</i>
<i name="image" value="5000008.cry.0.png"/>
</i>
</i>
<i name="melong">
<i name="0">
<i name="origin">
<i name="x" value="21"/>
<i name="y" value="49"/>
</i>
<i name="image" value="5000008.melong.0.png"/>
</i>
</i>
<i name="sulk">
<i name="0">
<i name="origin">
<i name="x" value="21"/>
<i name="y" value="43"/>
</i>
<i name="image" value="5000008.sulk.0.png"/>
</i>
</i>
<i name="love">
<i name="0">
<i name="origin">
<i name="x" value="19"/>
<i name="y" value="50"/>
</i>
<i name="image" value="5000008.love.0.png"/>
</i>
<i name="1">
<i name="pointer" value="5000008/love/0"/>
</i>
<i name="2">
<i name="pointer" value="5000008/love/0"/>
</i>
<i name="3">
<i name="pointer" value="5000008/love/0"/>
</i>
<i name="4">
<i name="pointer" value="5000008/love/0"/>
</i>
<i name="5">
<i name="pointer" value="5000008/love/0"/>
</i>
<i name="6">
<i name="pointer" value="5000008/love/0"/>
</i>
<i name="7">
<i name="pointer" value="5000008/love/0"/>
</i>
<i name="8">
<i name="pointer" value="5000008/love/0"/>
</i>
<i name="9">
<i name="pointer" value="5000008/love/0"/>
</i>
<i name="10">
<i name="pointer" value="5000008/love/0"/>
</i>
<i name="11">
<i name="pointer" value="5000008/love/0"/>
</i>
<i name="12">
<i name="pointer" value="5000008/love/0"/>
</i>
<i name="13">
<i name="pointer" value="5000008/love/0"/>
</i>
<i name="14">
<i name="pointer" value="5000008/love/0"/>
</i>
<i name="15">
<i name="pointer" value="5000008/love/0"/>
</i>
<i name="16">
<i name="pointer" value="5000008/love/0"/>
</i>
<i name="17">
<i name="pointer" value="5000008/love/0"/>
</i>
<i name="18">
<i name="pointer" value="5000008/love/0"/>
</i>
<i name="19">
<i name="pointer" value="5000008/love/0"/>
</i>
<i name="20">
<i name="pointer" value="5000008/love/0"/>
</i>
<i name="21">
<i name="pointer" value="5000008/love/0"/>
</i>
<i name="22">
<i name="pointer" value="5000008/love/0"/>
</i>
<i name="23">
<i name="pointer" value="5000008/love/0"/>
</i>
<i name="24">
<i name="pointer" value="5000008/love/0"/>
</i>
<i name="25">
<i name="pointer" value="5000008/love/0"/>
</i>
<i name="26">
<i name="pointer" value="5000008/love/0"/>
</i>
<i name="27">
<i name="pointer" value="5000008/love/0"/>
</i>
<i name="28">
<i name="pointer" value="5000008/love/0"/>
</i>
<i name="29">
<i name="pointer" value="5000008/love/0"/>
</i>
<i name="30">
<i name="pointer" value="5000008/love/0"/>
</i>
<i name="31">
<i name="pointer" value="5000008/love/0"/>
</i>
<i name="32">
<i name="pointer" value="5000008/love/0"/>
</i>
<i name="33">
<i name="pointer" value="5000008/love/0"/>
</i>
<i name="34">
<i name="pointer" value="5000008/love/0"/>
</i>
<i name="35">
<i name="pointer" value="5000008/love/0"/>
</i>
<i name="36">
<i name="pointer" value="5000008/love/0"/>
</i>
<i name="37">
<i name="pointer" value="5000008/love/0"/>
</i>
<i name="38">
<i name="pointer" value="5000008/love/0"/>
</i>
<i name="39">
<i name="pointer" value="5000008/love/0"/>
</i>
<i name="40">
<i name="pointer" value="5000008/love/0"/>
</i>
<i name="41">
<i name="pointer" value="5000008/love/0"/>
</i>
</i>
<i name="play">
<i name="0">
<i name="origin">
<i name="x" value="12"/>
<i name="y" value="57"/>
</i>
<i name="image" value="5000008.play.0.png"/>
</i>
<i name="1">
<i name="origin">
<i name="x" value="12"/>
<i name="y" value="58"/>
</i>
<i name="image" value="5000008.play.1.png"/>
</i>
<i name="2">
<i name="pointer" value="5000008/play/0"/>
</i>
<i name="3">
<i name="pointer" value="5000008/play/1"/>
</i>
<i name="4">
<i name="pointer" value="5000008/play/0"/>
</i>
<i name="5">
<i name="pointer" value="5000008/play/1"/>
</i>
<i name="6">
<i name="pointer" value="5000008/play/0"/>
</i>
<i name="7">
<i name="pointer" value="5000008/play/1"/>
</i>
<i name="8">
<i name="pointer" value="5000008/play/0"/>
</i>
<i name="9">
<i name="pointer" value="5000008/play/1"/>
</i>
<i name="10">
<i name="pointer" value="5000008/play/0"/>
</i>
<i name="11">
<i name="pointer" value="5000008/play/1"/>
</i>
<i name="12">
<i name="pointer" value="5000008/play/0"/>
</i>
<i name="13">
<i name="pointer" value="5000008/play/1"/>
</i>
</i>
<i name="sleep">
<i name="0">
<i name="origin">
<i name="x" value="23"/>
<i name="y" value="60"/>
</i>
<i name="image" value="5000008.sleep.0.png"/>
</i>
<i name="1">
<i name="pointer" value="5000008/sleep/0"/>
</i>
<i name="2">
<i name="pointer" value="5000008/sleep/0"/>
</i>
<i name="3">
<i name="pointer" value="5000008/sleep/0"/>
</i>
<i name="4">
<i name="pointer" value="5000008/sleep/0"/>
</i>
<i name="5">
<i name="pointer" value="5000008/sleep/0"/>
</i>
<i name="6">
<i name="pointer" value="5000008/sleep/0"/>
</i>
<i name="7">
<i name="pointer" value="5000008/sleep/0"/>
</i>
<i name="8">
<i name="pointer" value="5000008/sleep/0"/>
</i>
<i name="9">
<i name="pointer" value="5000008/sleep/0"/>
</i>
<i name="10">
<i name="pointer" value="5000008/sleep/0"/>
</i>
<i name="11">
<i name="pointer" value="5000008/sleep/0"/>
</i>
<i name="12">
<i name="pointer" value="5000008/sleep/0"/>
</i>
<i name="13">
<i name="pointer" value="5000008/sleep/0"/>
</i>
<i name="14">
<i name="pointer" value="5000008/sleep/0"/>
</i>
<i name="15">
<i name="pointer" value="5000008/sleep/0"/>
</i>
<i name="16">
<i name="pointer" value="5000008/sleep/0"/>
</i>
<i name="17">
<i name="pointer" value="5000008/sleep/0"/>
</i>
<i name="18">
<i name="pointer" value="5000008/sleep/0"/>
</i>
<i name="19">
<i name="pointer" value="5000008/sleep/0"/>
</i>
<i name="20">
<i name="pointer" value="5000008/sleep/0"/>
</i>
<i name="21">
<i name="pointer" value="5000008/sleep/0"/>
</i>
<i name="22">
<i name="pointer" value="5000008/sleep/0"/>
</i>
<i name="23">
<i name="pointer" value="5000008/sleep/0"/>
</i>
<i name="24">
<i name="pointer" value="5000008/sleep/0"/>
</i>
<i name="25">
<i name="pointer" value="5000008/sleep/0"/>
</i>
<i name="26">
<i name="pointer" value="5000008/sleep/0"/>
</i>
<i name="27">
<i name="pointer" value="5000008/sleep/0"/>
</i>
<i name="28">
<i name="pointer" value="5000008/sleep/0"/>
</i>
<i name="29">
<i name="pointer" value="5000008/sleep/0"/>
</i>
<i name="30">
<i name="pointer" value="5000008/sleep/0"/>
</i>
<i name="31">
<i name="pointer" value="5000008/sleep/0"/>
</i>
<i name="32">
<i name="pointer" value="5000008/sleep/0"/>
</i>
<i name="33">
<i name="pointer" value="5000008/sleep/0"/>
</i>
<i name="34">
<i name="pointer" value="5000008/sleep/0"/>
</i>
<i name="35">
<i name="pointer" value="5000008/sleep/0"/>
</i>
<i name="36">
<i name="pointer" value="5000008/sleep/0"/>
</i>
<i name="37">
<i name="pointer" value="5000008/sleep/0"/>
</i>
<i name="38">
<i name="pointer" value="5000008/sleep/0"/>
</i>
<i name="39">
<i name="pointer" value="5000008/sleep/0"/>
</i>
<i name="40">
<i name="pointer" value="5000008/sleep/0"/>
</i>
<i name="41">
<i name="pointer" value="5000008/sleep/0"/>
</i>
<i name="42">
<i name="pointer" value="5000008/sleep/0"/>
</i>
<i name="43">
<i name="pointer" value="5000008/sleep/0"/>
</i>
<i name="44">
<i name="pointer" value="5000008/sleep/0"/>
</i>
<i name="45">
<i name="pointer" value="5000008/sleep/0"/>
</i>
<i name="46">
<i name="pointer" value="5000008/sleep/0"/>
</i>
<i name="47">
<i name="pointer" value="5000008/sleep/0"/>
</i>
<i name="48">
<i name="pointer" value="5000008/sleep/0"/>
</i>
<i name="49">
<i name="pointer" value="5000008/sleep/0"/>
</i>
<i name="50">
<i name="pointer" value="5000008/sleep/0"/>
</i>
<i name="51">
<i name="pointer" value="5000008/sleep/0"/>
</i>
</i>
<i name="eat">
<i name="0">
<i name="origin">
<i name="x" value="11"/>
<i name="y" value="58"/>
</i>
<i name="image" value="5000008.eat.0.png"/>
</i>
<i name="1">
<i name="pointer" value="5000008/eat/0"/>
</i>
<i name="2">
<i name="pointer" value="5000008/eat/0"/>
</i>
<i name="3">
<i name="origin">
<i name="x" value="11"/>
<i name="y" value="57"/>
</i>
<i name="image" value="5000008.eat.3.png"/>
</i>
<i name="4">
<i name="pointer" value="5000008/eat/0"/>
</i>
<i name="5">
<i name="pointer" value="5000008/eat/0"/>
</i>
<i name="6">
<i name="pointer" value="5000008/eat/0"/>
</i>
<i name="7">
<i name="pointer" value="5000008/eat/0"/>
</i>
<i name="8">
<i name="pointer" value="5000008/eat/0"/>
</i>
<i name="9">
<i name="pointer" value="5000008/eat/0"/>
</i>
<i name="10">
<i name="pointer" value="5000008/eat/0"/>
</i>
<i name="11">
<i name="pointer" value="5000008/eat/0"/>
</i>
<i name="12">
<i name="pointer" value="5000008/eat/0"/>
</i>
<i name="13">
<i name="pointer" value="5000008/eat/0"/>
</i>
<i name="14">
<i name="pointer" value="5000008/eat/0"/>
</i>
<i name="15">
<i name="pointer" value="5000008/eat/3"/>
</i>
<i name="16">
<i name="pointer" value="5000008/eat/0"/>
</i>
<i name="17">
<i name="pointer" value="5000008/eat/0"/>
</i>
<i name="18">
<i name="pointer" value="5000008/eat/0"/>
</i>
<i name="19">
<i name="pointer" value="5000008/eat/0"/>
</i>
<i name="20">
<i name="pointer" value="5000008/eat/0"/>
</i>
<i name="21">
<i name="pointer" value="5000008/eat/0"/>
</i>
<i name="22">
<i name="pointer" value="5000008/eat/0"/>
</i>
<i name="23">
<i name="pointer" value="5000008/eat/0"/>
</i>
<i name="24">
<i name="pointer" value="5000008/eat/0"/>
</i>
<i name="25">
<i name="pointer" value="5000008/eat/0"/>
</i>
<i name="26">
<i name="pointer" value="5000008/eat/0"/>
</i>
<i name="27">
<i name="pointer" value="5000008/eat/3"/>
</i>
<i name="28">
<i name="pointer" value="5000008/eat/0"/>
</i>
<i name="29">
<i name="pointer" value="5000008/eat/0"/>
</i>
<i name="30">
<i name="pointer" value="5000008/eat/0"/>
</i>
<i name="31">
<i name="pointer" value="5000008/eat/0"/>
</i>
<i name="32">
<i name="pointer" value="5000008/eat/0"/>
</i>
<i name="33">
<i name="pointer" value="5000008/eat/0"/>
</i>
<i name="34">
<i name="pointer" value="5000008/eat/0"/>
</i>
<i name="35">
<i name="pointer" value="5000008/eat/0"/>
</i>
</i>
<i name="fly">
<i name="0">
<i name="origin">
<i name="x" value="20"/>
<i name="y" value="50"/>
</i>
<i name="image" value="5000008.fly.0.png"/>
</i>
<i name="1">
<i name="origin">
<i name="x" value="21"/>
<i name="y" value="51"/>
</i>
<i name="image" value="5000008.fly.1.png"/>
</i>
</i>
</i>