  <i name="4121006">
  <i name="effect">
    <i name="0">
      <i name="origin">
        <i name="x" value="47"/>
        <i name="y" value="194"/>
      </i>
      <i name="delay" value="60"/>
      <i name="image" value="4121006.effect.0.png"/>
    </i>
    <i name="1">
      <i name="origin">
        <i name="x" value="83"/>
        <i name="y" value="192"/>
      </i>
      <i name="delay" value="60"/>
      <i name="image" value="4121006.effect.1.png"/>
    </i>
    <i name="2">
      <i name="origin">
        <i name="x" value="85"/>
        <i name="y" value="192"/>
      </i>
      <i name="delay" value="60"/>
      <i name="image" value="4121006.effect.2.png"/>
    </i>
    <i name="3">
      <i name="origin">
        <i name="x" value="82"/>
        <i name="y" value="184"/>
      </i>
      <i name="delay" value="60"/>
      <i name="image" value="4121006.effect.3.png"/>
    </i>
    <i name="4">
      <i name="origin">
        <i name="x" value="79"/>
        <i name="y" value="177"/>
      </i>
      <i name="delay" value="60"/>
      <i name="image" value="4121006.effect.4.png"/>
    </i>
    <i name="5">
      <i name="origin">
        <i name="x" value="72"/>
        <i name="y" value="179"/>
      </i>
      <i name="delay" value="60"/>
      <i name="image" value="4121006.effect.5.png"/>
    </i>
    <i name="6">
      <i name="origin">
        <i name="x" value="62"/>
        <i name="y" value="194"/>
      </i>
      <i name="delay" value="60"/>
      <i name="image" value="4121006.effect.6.png"/>
    </i>
    <i name="7">
      <i name="origin">
        <i name="x" value="73"/>
        <i name="y" value="192"/>
      </i>
      <i name="delay" value="60"/>
      <i name="image" value="4121006.effect.7.png"/>
    </i>
    <i name="8">
      <i name="origin">
        <i name="x" value="73"/>
        <i name="y" value="185"/>
      </i>
      <i name="delay" value="60"/>
      <i name="image" value="4121006.effect.8.png"/>
    </i>
    <i name="9">
      <i name="origin">
        <i name="x" value="73"/>
        <i name="y" value="185"/>
      </i>
      <i name="delay" value="60"/>
      <i name="image" value="4121006.effect.9.png"/>
    </i>
    <i name="10">
      <i name="origin">
        <i name="x" value="73"/>
        <i name="y" value="183"/>
      </i>
      <i name="delay" value="60"/>
      <i name="image" value="4121006.effect.10.png"/>
    </i>
    <i name="11">
      <i name="origin">
        <i name="x" value="73"/>
        <i name="y" value="185"/>
      </i>
      <i name="delay" value="60"/>
      <i name="image" value="4121006.effect.11.png"/>
    </i>
    <i name="12">
      <i name="origin">
        <i name="x" value="46"/>
        <i name="y" value="154"/>
      </i>
      <i name="delay" value="60"/>
      <i name="image" value="4121006.effect.12.png"/>
    </i>
    <i name="13">
      <i name="origin">
        <i name="x" value="44"/>
        <i name="y" value="152"/>
      </i>
      <i name="delay" value="60"/>
      <i name="image" value="4121006.effect.13.png"/>
    </i>
    <i name="14">
      <i name="origin">
        <i name="x" value="40"/>
        <i name="y" value="148"/>
      </i>
      <i name="delay" value="60"/>
      <i name="image" value="4121006.effect.14.png"/>
    </i>
  </i>
  </i>
