  <i name="1101006">
  <i name="icon">
    <i name="origin">
      <i name="x" value="0"/>
      <i name="y" value="32"/>
    </i>
    <i name="z" value="0"/>
    <i name="image" value="1101006.icon.png"/>
  </i>
  <i name="iconMouseOver">
    <i name="origin">
      <i name="x" value="0"/>
      <i name="y" value="32"/>
    </i>
    <i name="z" value="0"/>
    <i name="image" value="1101006.iconMouseOver.png"/>
  </i>
  <i name="iconDisabled">
    <i name="origin">
      <i name="x" value="0"/>
      <i name="y" value="32"/>
    </i>
    <i name="z" value="0"/>
    <i name="image" value="1101006.iconDisabled.png"/>
  </i>
  <i name="action">
    <i name="0" value="alert2"/>
  </i>
  <i name="level">
    <i name="1">
      <i name="hs" value="h1"/>
      <i name="mpCon" value="12"/>
      <i name="time" value="8"/>
      <i name="pad" value="1"/>
      <i name="pdd" value="-1"/>
      <i name="lt">
        <i name="x" value="-250"/>
        <i name="y" value="-150"/>
      </i>
      <i name="rb">
        <i name="x" value="250"/>
        <i name="y" value="150"/>
      </i>
    </i>
    <i name="2">
      <i name="hs" value="h2"/>
      <i name="mpCon" value="12"/>
      <i name="time" value="16"/>
      <i name="pad" value="1"/>
      <i name="pdd" value="-1"/>
      <i name="lt">
        <i name="x" value="-250"/>
        <i name="y" value="-150"/>
      </i>
      <i name="rb">
        <i name="x" value="250"/>
        <i name="y" value="150"/>
      </i>
    </i>
    <i name="3">
      <i name="hs" value="h3"/>
      <i name="mpCon" value="12"/>
      <i name="time" value="24"/>
      <i name="pad" value="2"/>
      <i name="pdd" value="-2"/>
      <i name="lt">
        <i name="x" value="-250"/>
        <i name="y" value="-150"/>
      </i>
      <i name="rb">
        <i name="x" value="250"/>
        <i name="y" value="150"/>
      </i>
    </i>
    <i name="4">
      <i name="hs" value="h4"/>
      <i name="mpCon" value="12"/>
      <i name="time" value="32"/>
      <i name="pad" value="2"/>
      <i name="pdd" value="-2"/>
      <i name="lt">
        <i name="x" value="-250"/>
        <i name="y" value="-150"/>
      </i>
      <i name="rb">
        <i name="x" value="250"/>
        <i name="y" value="150"/>
      </i>
    </i>
    <i name="5">
      <i name="hs" value="h5"/>
      <i name="mpCon" value="12"/>
      <i name="time" value="40"/>
      <i name="pad" value="3"/>
      <i name="pdd" value="-3"/>
      <i name="lt">
        <i name="x" value="-250"/>
        <i name="y" value="-150"/>
      </i>
      <i name="rb">
        <i name="x" value="250"/>
        <i name="y" value="150"/>
      </i>
    </i>
    <i name="6">
      <i name="hs" value="h6"/>
      <i name="mpCon" value="12"/>
      <i name="time" value="48"/>
      <i name="pad" value="3"/>
      <i name="pdd" value="-3"/>
      <i name="lt">
        <i name="x" value="-250"/>
        <i name="y" value="-150"/>
      </i>
      <i name="rb">
        <i name="x" value="250"/>
        <i name="y" value="150"/>
      </i>
    </i>
    <i name="7">
      <i name="hs" value="h7"/>
      <i name="mpCon" value="12"/>
      <i name="time" value="56"/>
      <i name="pad" value="4"/>
      <i name="pdd" value="-4"/>
      <i name="lt">
        <i name="x" value="-250"/>
        <i name="y" value="-150"/>
      </i>
      <i name="rb">
        <i name="x" value="250"/>
        <i name="y" value="150"/>
      </i>
    </i>
    <i name="8">
      <i name="hs" value="h8"/>
      <i name="mpCon" value="12"/>
      <i name="time" value="64"/>
      <i name="pad" value="4"/>
      <i name="pdd" value="-4"/>
      <i name="lt">
        <i name="x" value="-250"/>
        <i name="y" value="-150"/>
      </i>
      <i name="rb">
        <i name="x" value="250"/>
        <i name="y" value="150"/>
      </i>
    </i>
    <i name="9">
      <i name="hs" value="h9"/>
      <i name="mpCon" value="12"/>
      <i name="time" value="72"/>
      <i name="pad" value="5"/>
      <i name="pdd" value="-5"/>
      <i name="lt">
        <i name="x" value="-250"/>
        <i name="y" value="-150"/>
      </i>
      <i name="rb">
        <i name="x" value="250"/>
        <i name="y" value="150"/>
      </i>
    </i>
    <i name="10">
      <i name="hs" value="h10"/>
      <i name="mpCon" value="12"/>
      <i name="time" value="80"/>
      <i name="pad" value="5"/>
      <i name="pdd" value="-5"/>
      <i name="lt">
        <i name="x" value="-250"/>
        <i name="y" value="-150"/>
      </i>
      <i name="rb">
        <i name="x" value="250"/>
        <i name="y" value="150"/>
      </i>
    </i>
    <i name="11">
      <i name="hs" value="h11"/>
      <i name="mpCon" value="20"/>
      <i name="time" value="88"/>
      <i name="pad" value="6"/>
      <i name="pdd" value="-6"/>
      <i name="lt">
        <i name="x" value="-300"/>
        <i name="y" value="-200"/>
      </i>
      <i name="rb">
        <i name="x" value="300"/>
        <i name="y" value="200"/>
      </i>
    </i>
    <i name="12">
      <i name="hs" value="h12"/>
      <i name="mpCon" value="20"/>
      <i name="time" value="96"/>
      <i name="pad" value="6"/>
      <i name="pdd" value="-6"/>
      <i name="lt">
        <i name="x" value="-300"/>
        <i name="y" value="-200"/>
      </i>
      <i name="rb">
        <i name="x" value="300"/>
        <i name="y" value="200"/>
      </i>
    </i>
    <i name="13">
      <i name="hs" value="h13"/>
      <i name="mpCon" value="20"/>
      <i name="time" value="104"/>
      <i name="pad" value="7"/>
      <i name="pdd" value="-7"/>
      <i name="lt">
        <i name="x" value="-300"/>
        <i name="y" value="-200"/>
      </i>
      <i name="rb">
        <i name="x" value="300"/>
        <i name="y" value="200"/>
      </i>
    </i>
    <i name="14">
      <i name="hs" value="h14"/>
      <i name="mpCon" value="20"/>
      <i name="time" value="112"/>
      <i name="pad" value="7"/>
      <i name="pdd" value="-7"/>
      <i name="lt">
        <i name="x" value="-300"/>
        <i name="y" value="-200"/>
      </i>
      <i name="rb">
        <i name="x" value="300"/>
        <i name="y" value="200"/>
      </i>
    </i>
    <i name="15">
      <i name="hs" value="h15"/>
      <i name="mpCon" value="20"/>
      <i name="time" value="120"/>
      <i name="pad" value="8"/>
      <i name="pdd" value="-8"/>
      <i name="lt">
        <i name="x" value="-300"/>
        <i name="y" value="-200"/>
      </i>
      <i name="rb">
        <i name="x" value="300"/>
        <i name="y" value="200"/>
      </i>
    </i>
    <i name="16">
      <i name="hs" value="h16"/>
      <i name="mpCon" value="20"/>
      <i name="time" value="128"/>
      <i name="pad" value="8"/>
      <i name="pdd" value="-8"/>
      <i name="lt">
        <i name="x" value="-300"/>
        <i name="y" value="-200"/>
      </i>
      <i name="rb">
        <i name="x" value="300"/>
        <i name="y" value="200"/>
      </i>
    </i>
    <i name="17">
      <i name="hs" value="h17"/>
      <i name="mpCon" value="20"/>
      <i name="time" value="136"/>
      <i name="pad" value="9"/>
      <i name="pdd" value="-9"/>
      <i name="lt">
        <i name="x" value="-300"/>
        <i name="y" value="-200"/>
      </i>
      <i name="rb">
        <i name="x" value="300"/>
        <i name="y" value="200"/>
      </i>
    </i>
    <i name="18">
      <i name="hs" value="h18"/>
      <i name="mpCon" value="20"/>
      <i name="time" value="144"/>
      <i name="pad" value="9"/>
      <i name="pdd" value="-9"/>
      <i name="lt">
        <i name="x" value="-300"/>
        <i name="y" value="-200"/>
      </i>
      <i name="rb">
        <i name="x" value="300"/>
        <i name="y" value="200"/>
      </i>
    </i>
    <i name="19">
      <i name="hs" value="h19"/>
      <i name="mpCon" value="20"/>
      <i name="time" value="152"/>
      <i name="pad" value="10"/>
      <i name="pdd" value="-10"/>
      <i name="lt">
        <i name="x" value="-300"/>
        <i name="y" value="-200"/>
      </i>
      <i name="rb">
        <i name="x" value="300"/>
        <i name="y" value="200"/>
      </i>
    </i>
    <i name="20">
      <i name="hs" value="h20"/>
      <i name="mpCon" value="20"/>
      <i name="time" value="160"/>
      <i name="pad" value="10"/>
      <i name="pdd" value="-10"/>
      <i name="lt">
        <i name="x" value="-300"/>
        <i name="y" value="-200"/>
      </i>
      <i name="rb">
        <i name="x" value="300"/>
        <i name="y" value="200"/>
      </i>
    </i>
  </i>
  <i name="affected">
    <i name="0">
      <i name="origin">
        <i name="x" value="25"/>
        <i name="y" value="81"/>
      </i>
      <i name="delay" value="100"/>
      <i name="image" value="1101006.affected.0.png"/>
    </i>
    <i name="1">
      <i name="origin">
        <i name="x" value="25"/>
        <i name="y" value="80"/>
      </i>
      <i name="delay" value="100"/>
      <i name="image" value="1101006.affected.1.png"/>
    </i>
    <i name="2">
      <i name="origin">
        <i name="x" value="24"/>
        <i name="y" value="74"/>
      </i>
      <i name="delay" value="100"/>
      <i name="image" value="1101006.affected.2.png"/>
    </i>
    <i name="3">
      <i name="origin">
        <i name="x" value="23"/>
        <i name="y" value="65"/>
      </i>
      <i name="delay" value="100"/>
      <i name="image" value="1101006.affected.3.png"/>
    </i>
    <i name="4">
      <i name="origin">
        <i name="x" value="23"/>
        <i name="y" value="57"/>
      </i>
      <i name="delay" value="100"/>
      <i name="image" value="1101006.affected.4.png"/>
    </i>
    <i name="5">
      <i name="origin">
        <i name="x" value="23"/>
        <i name="y" value="26"/>
      </i>
      <i name="delay" value="100"/>
      <i name="image" value="1101006.affected.5.png"/>
    </i>
    <i name="6">
      <i name="origin">
        <i name="x" value="22"/>
        <i name="y" value="11"/>
      </i>
      <i name="delay" value="100"/>
      <i name="image" value="1101006.affected.6.png"/>
    </i>
  </i>
  <i name="effect">
    <i name="0">
      <i name="origin">
        <i name="x" value="49"/>
        <i name="y" value="65"/>
      </i>
      <i name="delay" value="80"/>
      <i name="image" value="1101006.effect.0.png"/>
    </i>
    <i name="1">
      <i name="origin">
        <i name="x" value="33"/>
        <i name="y" value="122"/>
      </i>
      <i name="delay" value="80"/>
      <i name="image" value="1101006.effect.1.png"/>
    </i>
    <i name="2">
      <i name="origin">
        <i name="x" value="33"/>
        <i name="y" value="123"/>
      </i>
      <i name="delay" value="100"/>
      <i name="image" value="1101006.effect.2.png"/>
    </i>
    <i name="3">
      <i name="origin">
        <i name="x" value="31"/>
        <i name="y" value="123"/>
      </i>
      <i name="delay" value="100"/>
      <i name="image" value="1101006.effect.3.png"/>
    </i>
    <i name="4">
      <i name="origin">
        <i name="x" value="29"/>
        <i name="y" value="123"/>
      </i>
      <i name="delay" value="100"/>
      <i name="image" value="1101006.effect.4.png"/>
    </i>
    <i name="5">
      <i name="origin">
        <i name="x" value="28"/>
        <i name="y" value="121"/>
      </i>
      <i name="delay" value="100"/>
      <i name="image" value="1101006.effect.5.png"/>
    </i>
    <i name="6">
      <i name="origin">
        <i name="x" value="-8"/>
        <i name="y" value="38"/>
      </i>
      <i name="delay" value="120"/>
      <i name="image" value="1101006.effect.6.png"/>
    </i>
    <i name="7">
      <i name="origin">
        <i name="x" value="8"/>
        <i name="y" value="45"/>
      </i>
      <i name="delay" value="120"/>
      <i name="image" value="1101006.effect.7.png"/>
    </i>
    <i name="8">
      <i name="origin">
        <i name="x" value="32"/>
        <i name="y" value="52"/>
      </i>
      <i name="delay" value="120"/>
      <i name="image" value="1101006.effect.8.png"/>
    </i>
    <i name="9">
      <i name="origin">
        <i name="x" value="47"/>
        <i name="y" value="54"/>
      </i>
      <i name="delay" value="120"/>
      <i name="image" value="1101006.effect.9.png"/>
    </i>
    <i name="10">
      <i name="origin">
        <i name="x" value="53"/>
        <i name="y" value="54"/>
      </i>
      <i name="delay" value="120"/>
      <i name="image" value="1101006.effect.10.png"/>
    </i>
    <i name="11">
      <i name="origin">
        <i name="x" value="63"/>
        <i name="y" value="66"/>
      </i>
      <i name="delay" value="120"/>
      <i name="image" value="1101006.effect.11.png"/>
    </i>
    <i name="12">
      <i name="origin">
        <i name="x" value="63"/>
        <i name="y" value="66"/>
      </i>
      <i name="delay" value="120"/>
      <i name="image" value="1101006.effect.12.png"/>
    </i>
  </i>
  </i>