<i>
<s name="walk1"><f name="0" ><p name="walk1"  origin_x="50" origin_y="20" hand_x="23" hand_y="-11" z="weapon" image="walk1.0.weapon.png"/></f><f name="1" ><p name="walk1"  origin_x="48" origin_y="28" hand_x="15" hand_y="-3" z="weapon" image="walk1.1.weapon.png"/></f><f name="2" ><p name="walk1"  origin_x="50" origin_y="20" hand_x="23" hand_y="-10" z="weapon" image="walk1.2.weapon.png"/></f><f name="3" ><p name="walk1"  origin_x="48" origin_y="25" hand_x="16" hand_y="-14" z="weapon" image="walk1.3.weapon.png"/></f></s>
<s name="stand1"><f name="0" ><p name="stand1"  origin_x="48" origin_y="29" hand_x="12" hand_y="-18" z="weapon" image="stand1.0.weapon.png"/></f><f name="1" ><p name="stand1"  origin_x="48" origin_y="29" hand_x="12" hand_y="-18" z="weapon" image="stand1.1.weapon.png"/></f><f name="2" ><p name="stand1"  origin_x="48" origin_y="29" hand_x="12" hand_y="-18" z="weapon" image="stand1.2.weapon.png"/></f></s>
<s name="alert"><f name="0" ><p name="alert"  origin_x="44" origin_y="47" hand_x="16" hand_y="10" z="weaponOverHand" image="alert.0.weapon.png"/></f><f name="1" ><p name="alert"  origin_x="45" origin_y="47" hand_x="15" hand_y="9" z="weaponOverHand" image="alert.1.weapon.png"/></f><f name="2" ><p name="alert"  origin_x="46" origin_y="47" hand_x="16" hand_y="8" z="weaponOverHand" image="alert.2.weapon.png"/></f></s>
<s name="swingT1"><f name="0" ><p name="swingT1"  origin_x="48" origin_y="28" hand_x="-29" hand_y="-1" z="weaponBelowArm" image="swingT1.0.weapon.png"/></f><f name="1" ><p name="swingT1"  origin_x="29" origin_y="48" hand_x="-25" hand_y="30" z="weaponBelowArm" image="swingT1.1.weapon.png"/></f><f name="2" ><p name="swingT1"  origin_x="48" origin_y="29" hand_x="21" hand_y="7" z="weaponOverBody" image="swingT1.2.weapon.png"/></f></s>
<s name="swingT3"><f name="0" ><p name="swingT3"  origin_x="49" origin_y="19" hand_x="-26" hand_y="-7" z="weaponOverBody" image="swingT3.0.weapon.png"/></f><f name="1" ><p name="swingT3"  origin_x="48" origin_y="29" hand_x="-19" hand_y="5" z="weaponOverBody" image="swingT3.1.weapon.png"/></f><f name="2" ><p name="swingT3"  origin_x="23" origin_y="48" hand_x="16" hand_y="28" z="weaponOverBody" image="swingT3.2.weapon.png"/></f></s>
<s name="shoot1"><f name="0" ><p name="shoot1"  origin_x="22" origin_y="49" hand_x="0" hand_y="16" z="weaponBelowArm" image="shoot1.0.weapon.png"/></f><f name="1" ><p name="shoot1"  origin_x="21" origin_y="49" hand_x="13" hand_y="16" z="weaponBelowArm" image="shoot1.1.weapon.png"/></f><f name="2" ><p name="shoot1"  origin_x="20" origin_y="49" hand_x="16" hand_y="16" z="weaponBelowArm" image="shoot1.2.weapon.png"/></f></s>
<s name="shootF"><f name="0" ><p name="shootF"  origin_x="22" origin_y="49" hand_x="3" hand_y="19" z="weaponBelowArm" image="shootF.0.weapon.png"/></f><f name="1" ><p name="shootF"  origin_x="21" origin_y="49" hand_x="19" hand_y="21" z="weaponBelowArm" image="shootF.1.weapon.png"/></f></s>
<s name="proneStab"><f name="0" ><p name="proneStab"  origin_x="49" origin_y="9" hand_x="34" hand_y="0" z="weaponBelowArm" image="proneStab.0.weapon.png"/></f><f name="1" ><p name="proneStab"  origin_x="49" origin_y="9" hand_x="33" hand_y="1" z="weaponBelowArm" image="proneStab.1.weapon.png"/></f></s>
<s name="prone"><f name="0" ><p name="pointer"  pointer="proneStab/0/weapon"/></f></s>
<s name="fly"><f name="0" ><p name="fly"  origin_x="15" origin_y="50" hand_x="13" hand_y="-1" z="weaponOverArm" image="fly.0.weapon.png"/></f><f name="1" ><p name="fly"  origin_x="14" origin_y="50" hand_x="12" hand_y="0" z="weaponOverArm" image="fly.1.weapon.png"/></f></s>
<s name="jump"><f name="0" ><p name="jump"  origin_x="14" origin_y="50" hand_x="13" hand_y="-1" z="weaponOverArm" image="jump.0.weapon.png"/></f></s>
<s name="sit"><f name="0" ><p name="sit"  origin_x="20" origin_y="49" hand_x="-34" hand_y="26" z="weaponOverArm" image="sit.0.weapon.png"/></f></s>
</i>
