<i>
<s name="info"><f name="icon" ><p name="info"  image="info.icon.png"/></f><f name="iconRaw" ><p name="info"  origin_x="-1" origin_y="31" image="info.iconRaw.png"/></f><p name="reqJob" v="0"/></s>
<s name="walk1"><f name="0" ><p name="45"  origin_x="46" origin_y="9" hand_x="0" hand_y="0" z="weapon" image="45.walk1.0.weapon.png"/></f><f name="1" ><p name="45"  origin_x="42" origin_y="23" hand_x="0" hand_y="0" z="weapon" image="45.walk1.1.weapon.png"/></f><f name="2" ><p name="45"  origin_x="46" origin_y="9" hand_x="0" hand_y="0" z="weapon" image="45.walk1.2.weapon.png"/></f><f name="3" ><p name="45"  origin_x="44" origin_y="5" hand_x="0" hand_y="0" z="weapon" image="45.walk1.3.weapon.png"/></f></s>
<s name="stand1"><f name="0" ><p name="45"  origin_x="43" origin_y="3" hand_x="0" hand_y="0" z="weapon" image="45.stand1.0.weapon.png"/></f><f name="1" ><p name="45"  origin_x="43" origin_y="3" hand_x="0" hand_y="0" z="weapon" image="45.stand1.1.weapon.png"/></f><f name="2" ><p name="45"  origin_x="43" origin_y="3" hand_x="0" hand_y="0" z="weapon" image="45.stand1.2.weapon.png"/></f></s>
<s name="swingT1"><f name="0" ><p name="45"  origin_x="5" origin_y="20" hand_x="0" hand_y="0" z="weaponBelowArm" image="45.swingT1.0.weapon.png"/></f><f name="1" ><p name="45"  origin_x="1" origin_y="45" hand_x="0" hand_y="0" z="weaponBelowArm" image="45.swingT1.1.weapon.png"/></f><f name="2" ><p name="45"  origin_x="33" origin_y="8" hand_x="0" hand_y="0" z="weapon" image="45.swingT1.2.weapon.png"/></f></s>
<s name="alert"><f name="0" ><p name="45"  origin_x="46" origin_y="23" hand_x="0" hand_y="0" z="weaponOverArm" image="45.alert.0.weapon.png"/></f><f name="1" ><p name="45"  origin_x="45" origin_y="22" hand_x="0" hand_y="0" z="weaponOverArm" image="45.alert.1.weapon.png"/></f><f name="2" ><p name="45"  origin_x="46" origin_y="21" hand_x="0" hand_y="0" z="weaponOverArm" image="45.alert.2.weapon.png"/></f></s>
<s name="swingT3"><f name="0" ><p name="45"  origin_x="11" origin_y="7" hand_x="0" hand_y="0" z="weapon" image="45.swingT3.0.weapon.png"/></f><f name="1" ><p name="45"  origin_x="18" origin_y="6" hand_x="0" hand_y="0" z="weaponOverBody" image="45.swingT3.1.weapon.png"/></f><f name="2" ><p name="45"  origin_x="13" origin_y="20" hand_x="0" hand_y="0" z="weaponBelowBody" image="45.swingT3.2.weapon.png"/></f></s>
<s name="shoot1"><f name="0" ><p name="45"  origin_x="47" origin_y="25" hand_x="0" hand_y="0" z="weaponBelowArm" image="45.shoot1.0.weapon.png"/></f><f name="1" ><p name="45"  origin_x="61" origin_y="25" hand_x="0" hand_y="0" z="weaponBelowArm" image="45.shoot1.1.weapon.png"/></f><f name="2" ><p name="45"  origin_x="61" origin_y="25" hand_x="0" hand_y="0" z="weaponBelowArm" image="45.shoot1.2.weapon.png"/></f></s>
<s name="shootF"><f name="0" ><p name="45"  origin_x="49" origin_y="28" hand_x="0" hand_y="0" z="weaponBelowArm" image="45.shootF.0.weapon.png"/></f><f name="1" ><p name="45"  origin_x="66" origin_y="30" hand_x="0" hand_y="0" z="weaponBelowArm" image="45.shootF.1.weapon.png"/></f><f name="2" ><p name="pointer"  pointer="45/shootF/1/weapon"/></f></s>
<s name="proneStab"><f name="0" ><p name="45"  origin_x="47" origin_y="7" hand_x="0" hand_y="0" z="weaponBelowArm" image="45.proneStab.0.weapon.png"/></f><f name="1" ><p name="45"  origin_x="46" origin_y="8" hand_x="0" hand_y="0" z="weaponBelowArm" image="45.proneStab.1.weapon.png"/></f></s>
<s name="prone"><f name="0" ><p name="pointer"  pointer="45/proneStab/0/weapon"/></f></s>
<s name="jump"><f name="0" ><p name="45"  origin_x="10" origin_y="46" hand_x="0" hand_y="0" z="weaponOverArm" image="45.jump.0.weapon.png"/></f></s>
<s name="fly"><f name="0" ><p name="45"  origin_x="18" origin_y="19" hand_x="0" hand_y="0" z="weaponOverArm" image="45.fly.0.weapon.png"/></f><f name="1" ><p name="45"  origin_x="23" origin_y="17" hand_x="-6" hand_y="3" z="weaponOverArm" image="45.fly.1.weapon.png"/></f></s>
</i>
