  <i name="02060000">
  <i name="info">
    <i name="icon">
      <i name="image" value="02060000.info.icon.png"/>
    </i>
    <i name="iconRaw">
      <i name="origin">
        <i name="x" value="0"/>
        <i name="y" value="32"/>
      </i>
      <i name="image" value="02060000.info.iconRaw.png"/>
    </i>
    <i name="price" value="0"/>
    <i name="slotMax" value="1000"/>
  </i>
  <i name="bullet">
    <i name="0">
      <i name="origin">
        <i name="x" value="14"/>
        <i name="y" value="1"/>
      </i>
      <i name="z" value="0"/>
      <i name="image" value="02060000.bullet.0.png"/>
    </i>
  </i>
  </i>
