<i>
  <s name="info">
    <f name="icon">
      <p name="info"  image="info.icon.png"/>
    </f>
    <f name="iconRaw">
      <p name="info"  origin_x="0" origin_y="30" image="info.iconRaw.png"/>
    </f>
    <f name="iconD">
      <p name="info"  origin_x="4" origin_y="32" image="info.iconD.png"/>
    </f>
    <f name="iconRawD">
      <p name="info"  origin_x="4" origin_y="32" image="info.iconRawD.png"/>
    </f>
  </s>
  <s name="stand0">
    <f name="0" delay="840">
      <p name="stand0"  origin_x="25" origin_y="42" lt_x="-25" lt_y="-49" rb_x="24" rb_y="0" image="stand0.0.png"/>
    </f>
    <f name="1" delay="120">
      <p name="stand0"  origin_x="25" origin_y="42" lt_x="-20" lt_y="-33" rb_x="21" rb_y="0" image="stand0.1.png"/>
    </f>
    <f name="2" delay="360">
      <p name="stand0"  origin_x="25" origin_y="42" lt_x="-20" lt_y="-33" rb_x="21" rb_y="0" image="stand0.2.png"/>
    </f>
    <f name="3">
      <p name="pointer"  pointer="stand0/1"/>
    </f>
  </s>
  <s name="stand1">
    <f name="0" delay="120">
      <p name="stand1"  origin_x="25" origin_y="42" lt_x="-20" lt_y="-33" rb_x="21" rb_y="0" image="stand1.0.png"/>
    </f>
    <f name="1" delay="120">
      <p name="stand1"  origin_x="25" origin_y="42" lt_x="-20" lt_y="-33" rb_x="21" rb_y="0" image="stand1.1.png"/>
    </f>
    <f name="2" delay="180">
      <p name="stand1"  origin_x="25" origin_y="42" lt_x="-20" lt_y="-33" rb_x="21" rb_y="0" image="stand1.2.png"/>
    </f>
    <f name="3" delay="180">
      <p name="stand1"  origin_x="26" origin_y="43" lt_x="-20" lt_y="-33" rb_x="21" rb_y="0" image="stand1.3.png"/>
    </f>
    <f name="4" delay="180">
      <p name="stand1"  origin_x="26" origin_y="43" lt_x="-20" lt_y="-33" rb_x="21" rb_y="0" image="stand1.4.png"/>
    </f>
    <f name="5" delay="180">
      <p name="stand1"  origin_x="25" origin_y="42" lt_x="-20" lt_y="-33" rb_x="21" rb_y="0" image="stand1.5.png"/>
    </f>
  </s>
  <s name="rest0">
    <f name="0" delay="1200">
      <p name="rest0"  origin_x="26" origin_y="37" lt_x="-20" lt_y="-33" rb_x="21" rb_y="0" image="rest0.0.png"/>
    </f>
    <f name="1" delay="360">
      <p name="rest0"  origin_x="27" origin_y="35" lt_x="-20" lt_y="-33" rb_x="21" rb_y="0" image="rest0.1.png"/>
    </f>
  </s>
  <s name="move">
    <f name="0" delay="180">
      <p name="move"  origin_x="27" origin_y="43" lt_x="-20" lt_y="-33" rb_x="21" rb_y="0" image="move.0.png"/>
    </f>
    <f name="1" delay="180">
      <p name="move"  origin_x="27" origin_y="42" lt_x="-20" lt_y="-33" rb_x="21" rb_y="0" image="move.1.png"/>
    </f>
    <f name="2" delay="180">
      <p name="move"  origin_x="27" origin_y="42" lt_x="-20" lt_y="-33" rb_x="21" rb_y="0" image="move.2.png"/>
    </f>
    <f name="3" delay="180">
      <p name="move"  origin_x="28" origin_y="42" lt_x="-20" lt_y="-33" rb_x="21" rb_y="0" image="move.3.png"/>
    </f>
  </s>
  <s name="jump">
    <f name="0" delay="100">
      <p name="jump"  origin_x="33" origin_y="44" lt_x="-20" lt_y="-33" rb_x="21" rb_y="0" image="jump.0.png"/>
    </f>
  </s>
  <s name="fly">
    <f name="0" delay="240">
      <p name="fly"  origin_x="33" origin_y="43" lt_x="-20" lt_y="-33" rb_x="21" rb_y="0" image="fly.0.png"/>
    </f>
    <f name="1" delay="240">
      <p name="fly"  origin_x="33" origin_y="47" lt_x="-20" lt_y="-33" rb_x="21" rb_y="0" image="fly.1.png"/>
    </f>
  </s>
  <s name="hungry">
    <f name="0" delay="2000">
      <p name="hungry"  origin_x="34" origin_y="35" lt_x="-20" lt_y="-33" rb_x="21" rb_y="0" image="hungry.0.png"/>
    </f>
  </s>
  <s name="angry">
    <f name="0" delay="360">
      <p name="angry"  origin_x="36" origin_y="45" lt_x="-19" lt_y="-31" rb_x="22" rb_y="0" image="angry.0.png"/>
    </f>
    <f name="1" delay="240">
      <p name="angry"  origin_x="38" origin_y="45" lt_x="-19" lt_y="-31" rb_x="22" rb_y="0" image="angry.1.png"/>
    </f>
  </s>
  <s name="chat">
    <f name="0" delay="2000">
      <p name="chat"  origin_x="25" origin_y="42" lt_x="-20" lt_y="-33" rb_x="21" rb_y="0" image="chat.0.png"/>
    </f>
  </s>
  <s name="goodboy">
    <f name="0" delay="4000">
      <p name="goodboy"  origin_x="24" origin_y="40" lt_x="-24" lt_y="-42" rb_x="24" rb_y="0" image="goodboy.0.png"/>
    </f>
    <f name="1" delay="4000">
      <p name="goodboy"  origin_x="23" origin_y="41" lt_x="-24" lt_y="-42" rb_x="24" rb_y="0" image="goodboy.1.png"/>
    </f>
  </s>
  <s name="no">
    <f name="0" delay="500">
      <p name="no"  origin_x="27" origin_y="41" lt_x="-27" lt_y="-44" rb_x="25" rb_y="0" image="no.0.png"/>
    </f>
  </s>
  <s name="hang">
    <f name="0">
      <p name="hang"  origin_x="10" origin_y="51" lt_x="-18" lt_y="-58" rb_x="2" rb_y="-19" image="hang.0.png"/>
    </f>
  </s>
  <s name="sit">
    <f name="0" delay="4000">
      <p name="sit"  origin_x="26" origin_y="36" lt_x="-20" lt_y="-33" rb_x="21" rb_y="0" image="sit.0.png"/>
    </f>
  </s>
  <s name="cry">
    <f name="0" delay="4000">
      <p name="cry"  origin_x="25" origin_y="34" lt_x="-20" lt_y="-33" rb_x="21" rb_y="0" image="cry.0.png"/>
    </f>
  </s>
  <s name="love">
    <f name="0" delay="500">
      <p name="love"  origin_x="25" origin_y="44" lt_x="-16" lt_y="-36" rb_x="28" rb_y="0" image="love.0.png"/>
    </f>
    <f name="1" delay="500">
      <p name="love"  origin_x="36" origin_y="44" lt_x="-16" lt_y="-36" rb_x="28" rb_y="0" image="love.1.png"/>
    </f>
  </s>
  <s name="birdeye">
    <f name="0" delay="2000">
      <p name="birdeye"  origin_x="27" origin_y="41" lt_x="-27" lt_y="-44" rb_x="25" rb_y="0" image="birdeye.0.png"/>
    </f>
  </s>
  <s name="sleep">
    <f name="0" delay="2000">
      <p name="sleep"  origin_x="37" origin_y="26" lt_x="-20" lt_y="-33" rb_x="21" rb_y="0" image="sleep.0.png"/>
    </f>
    <f name="1" delay="2000">
      <p name="sleep"  origin_x="38" origin_y="27" lt_x="-20" lt_y="-33" rb_x="21" rb_y="0" image="sleep.1.png"/>
    </f>
  </s>
  <s name="imhungry">
    <f name="0" delay="2000">
      <p name="imhungry"  origin_x="33" origin_y="55" lt_x="-20" lt_y="-33" rb_x="21" rb_y="0" image="imhungry.0.png"/>
    </f>
  </s>
  <s name="jumpfly">
    <f name="0" delay="240">
      <p name="jumpfly"  origin_x="33" origin_y="42" lt_x="-21" lt_y="-33" rb_x="21" rb_y="0" image="jumpfly.0.png"/>
    </f>
    <f name="1" delay="120">
      <p name="jumpfly"  origin_x="33" origin_y="42" lt_x="-20" lt_y="-33" rb_x="21" rb_y="0" image="jumpfly.1.png"/>
    </f>
    <f name="2" delay="120">
      <p name="jumpfly"  origin_x="33" origin_y="57" lt_x="-20" lt_y="-33" rb_x="21" rb_y="0" image="jumpfly.2.png"/>
    </f>
    <f name="3" delay="120">
      <p name="jumpfly"  origin_x="33" origin_y="57" lt_x="-20" lt_y="-33" rb_x="21" rb_y="0" image="jumpfly.3.png"/>
    </f>
    <f name="4" delay="120">
      <p name="jumpfly"  origin_x="33" origin_y="57" lt_x="-20" lt_y="-33" rb_x="21" rb_y="0" image="jumpfly.4.png"/>
    </f>
    <f name="5" delay="120">
      <p name="jumpfly"  origin_x="33" origin_y="57" lt_x="-20" lt_y="-33" rb_x="21" rb_y="0" image="jumpfly.5.png"/>
    </f>
    <f name="6" delay="120">
      <p name="jumpfly"  origin_x="33" origin_y="42" lt_x="-20" lt_y="-33" rb_x="21" rb_y="0" image="jumpfly.6.png"/>
    </f>
    <f name="7" delay="240">
      <p name="jumpfly"  origin_x="33" origin_y="37" lt_x="-20" lt_y="-33" rb_x="21" rb_y="0" image="jumpfly.7.png"/>
    </f>
    <f name="8" delay="240">
      <p name="jumpfly"  origin_x="33" origin_y="35" lt_x="-20" lt_y="-33" rb_x="21" rb_y="0" image="jumpfly.8.png"/>
    </f>
    <f name="9" delay="240">
      <p name="jumpfly"  origin_x="33" origin_y="35" lt_x="-20" lt_y="-33" rb_x="21" rb_y="0" image="jumpfly.9.png"/>
    </f>
  </s>
  <s name="mischief">
    <f name="0" delay="120">
      <p name="mischief"  origin_x="25" origin_y="49" image="mischief.0.png"/>
    </f>
    <f name="1" delay="120">
      <p name="mischief"  origin_x="25" origin_y="49" image="mischief.1.png"/>
    </f>
    <f name="2" delay="120">
      <p name="mischief"  origin_x="25" origin_y="49" image="mischief.2.png"/>
    </f>
    <f name="3" delay="120">
      <p name="mischief"  origin_x="25" origin_y="49" image="mischief.3.png"/>
    </f>
    <f name="4" delay="120">
      <p name="mischief"  origin_x="25" origin_y="49" image="mischief.4.png"/>
    </f>
    <f name="5" delay="120">
      <p name="mischief"  origin_x="25" origin_y="49" lt_x="-20" lt_y="-33" rb_x="21" rb_y="0" image="mischief.5.png"/>
    </f>
    <f name="6">
      <p name="pointer"  pointer="mischief/5"/>
    </f>
    <f name="7">
      <p name="pointer"  pointer="mischief/5"/>
    </f>
    <f name="8">
      <p name="pointer"  pointer="mischief/5"/>
    </f>
    <f name="9">
      <p name="pointer"  pointer="mischief/5"/>
    </f>
    <f name="10">
      <p name="pointer"  pointer="mischief/5"/>
    </f>
    <f name="11">
      <p name="pointer"  pointer="mischief/5"/>
    </f>
    <f name="12">
      <p name="pointer"  pointer="mischief/5"/>
    </f>
    <f name="13" delay="120">
      <p name="mischief"  origin_x="25" origin_y="49" image="mischief.13.png"/>
    </f>
    <f name="14" delay="120">
      <p name="mischief"  origin_x="25" origin_y="49" image="mischief.14.png"/>
    </f>
    <f name="15" delay="120">
      <p name="mischief"  origin_x="25" origin_y="49" image="mischief.15.png"/>
    </f>
    <f name="16" delay="120">
      <p name="mischief"  origin_x="25" origin_y="49" image="mischief.16.png"/>
    </f>
  </s>
  <s name="thanksgiving">
    <f name="0" delay="2000">
      <p name="thanksgiving"  origin_x="25" origin_y="42" image="thanksgiving.0.png"/>
    </f>
    <f name="1" delay="2000">
      <p name="thanksgiving"  origin_x="25" origin_y="42" image="thanksgiving.1.png"/>
    </f>
  </s>
</i>
