<i>
<s name="info"><f name="icon" ><p name="info"  image="info.icon.png"/></f><f name="iconRaw" ><p name="info"  origin_x="1" origin_y="25" image="info.iconRaw.png"/></f><f name="iconD" ><p name="info"  origin_x="0" origin_y="32" image="info.iconD.png"/></f><f name="iconRawD" ><p name="info"  origin_x="0" origin_y="32" image="info.iconRawD.png"/></f></s>
<s name="stand0"><f name="0" delay="2000" ><p name="stand0"  origin_x="24" origin_y="42" lt_x="-24" lt_y="-42" rb_x="24" rb_y="0" image="stand0.0.png"/></f><f name="1" delay="70" ><p name="stand0"  origin_x="24" origin_y="42" lt_x="-24" lt_y="-42" rb_x="24" rb_y="0" image="stand0.1.png"/></f><f name="2" delay="70" ><p name="stand0"  origin_x="24" origin_y="42" lt_x="-24" lt_y="-42" rb_x="24" rb_y="0" image="stand0.2.png"/></f></s>
<s name="stand1"><f name="0" delay="100" ><p name="stand1"  origin_x="24" origin_y="42" lt_x="-24" lt_y="-42" rb_x="24" rb_y="0" image="stand1.0.png"/></f><f name="1" delay="500" ><p name="stand1"  origin_x="24" origin_y="42" lt_x="-24" lt_y="-42" rb_x="24" rb_y="0" image="stand1.1.png"/></f><f name="2" delay="100" ><p name="stand1"  origin_x="24" origin_y="42" lt_x="-24" lt_y="-42" rb_x="24" rb_y="0" image="stand1.2.png"/></f><f name="3" delay="100" ><p name="stand1"  origin_x="24" origin_y="42" lt_x="-24" lt_y="-42" rb_x="24" rb_y="0" image="stand1.3.png"/></f><f name="4" delay="100" ><p name="stand1"  origin_x="24" origin_y="42" lt_x="-24" lt_y="-42" rb_x="24" rb_y="0" image="stand1.4.png"/></f></s>
<s name="rest0"><f name="0" delay="500" ><p name="rest0"  origin_x="22" origin_y="42" lt_x="-22" lt_y="-42" rb_x="24" rb_y="0" image="rest0.0.png"/></f><f name="1" delay="200" ><p name="rest0"  origin_x="22" origin_y="42" lt_x="-22" lt_y="-42" rb_x="22" rb_y="0" image="rest0.1.png"/></f><f name="2" delay="150" ><p name="rest0"  origin_x="22" origin_y="42" lt_x="-22" lt_y="-42" rb_x="23" rb_y="0" image="rest0.2.png"/></f></s>
<s name="move"><f name="0" delay="100" ><p name="move"  origin_x="24" origin_y="42" image="move.0.png"/></f><f name="1" delay="100" ><p name="move"  origin_x="24" origin_y="43" image="move.1.png"/></f><f name="2" delay="100" ><p name="move"  origin_x="24" origin_y="42" image="move.2.png"/></f><f name="3" delay="100" ><p name="move"  origin_x="24" origin_y="43" image="move.3.png"/></f><f name="4" delay="100" ><p name="move"  origin_x="24" origin_y="42" image="move.4.png"/></f></s>
<s name="jump"><f name="0" ><p name="jump"  origin_x="28" origin_y="49" lt_x="-28" lt_y="-49" rb_x="26" rb_y="0" image="jump.0.png"/></f></s>
<s name="hungry"><f name="0" ><p name="hungry"  origin_x="24" origin_y="38" lt_x="-24" lt_y="-38" rb_x="24" rb_y="0" image="hungry.0.png"/></f></s>
<s name="angry"><f name="0" delay="4000" ><p name="angry"  origin_x="58" origin_y="45" lt_x="-29" lt_y="-45" rb_x="24" rb_y="0" image="angry.0.png"/></f></s>
<s name="chat"><f name="0" delay="1200" ><p name="chat"  origin_x="24" origin_y="42" lt_x="-24" lt_y="-42" rb_x="24" rb_y="0" image="chat.0.png"/></f><f name="1" delay="150" ><p name="chat"  origin_x="24" origin_y="42" lt_x="-24" lt_y="-42" rb_x="24" rb_y="0" image="chat.1.png"/></f><f name="2" delay="250" ><p name="chat"  origin_x="24" origin_y="42" lt_x="-24" lt_y="-42" rb_x="24" rb_y="0" image="chat.2.png"/></f><f name="3" ><p name="pointer"  pointer="chat/1"/></f><f name="4" ><p name="pointer"  pointer="chat/0"/></f><f name="5" ><p name="pointer"  pointer="chat/1"/></f><f name="6" ><p name="pointer"  pointer="chat/2"/></f><f name="7" ><p name="pointer"  pointer="chat/1"/></f></s>
<s name="hang"><f name="0" ><p name="hang"  origin_x="14" origin_y="57" lt_x="-14" lt_y="-57" rb_x="18" rb_y="-7" image="hang.0.png"/></f></s>
<s name="smile"><f name="0" delay="4000" ><p name="smile"  origin_x="24" origin_y="42" lt_x="-24" lt_y="-42" rb_x="24" rb_y="0" image="smile.0.png"/></f></s>
<s name="dung"><f name="0" delay="4000" ><p name="dung"  origin_x="29" origin_y="44" lt_x="-29" lt_y="-44" rb_x="22" rb_y="0" image="dung.0.png"/></f></s>
<s name="stunned"><f name="0" delay="4000" ><p name="stunned"  origin_x="29" origin_y="44" lt_x="-29" lt_y="-44" rb_x="23" rb_y="0" image="stunned.0.png"/></f></s>
<s name="belch"><f name="0" delay="4000" ><p name="belch"  origin_x="38" origin_y="47" lt_x="-25" lt_y="-47" rb_x="24" rb_y="-5" image="belch.0.png"/></f></s>
<s name="sleep"><f name="0" delay="500" ><p name="sleep"  origin_x="29" origin_y="38" lt_x="-24" lt_y="-38" rb_x="24" rb_y="0" image="sleep.0.png"/></f><f name="1" delay="500" ><p name="sleep"  origin_x="34" origin_y="37" lt_x="-24" lt_y="-38" rb_x="24" rb_y="0" image="sleep.1.png"/></f><f name="2" ><p name="pointer"  pointer="sleep/0"/></f><f name="3" ><p name="pointer"  pointer="sleep/1"/></f><f name="4" ><p name="pointer"  pointer="sleep/0"/></f><f name="5" ><p name="pointer"  pointer="sleep/1"/></f><f name="6" ><p name="pointer"  pointer="sleep/0"/></f><f name="7" ><p name="pointer"  pointer="sleep/1"/></f></s>
<s name="deride"><f name="0" delay="500" ><p name="deride"  origin_x="24" origin_y="38" lt_x="-24" lt_y="-38" rb_x="24" rb_y="0" image="deride.0.png"/></f><f name="1" delay="150" ><p name="deride"  origin_x="24" origin_y="37" lt_x="-24" lt_y="-37" rb_x="24" rb_y="0" image="deride.1.png"/></f><f name="2" delay="200" ><p name="deride"  origin_x="24" origin_y="38" lt_x="-24" lt_y="-38" rb_x="24" rb_y="0" image="deride.2.png"/></f><f name="3" ><p name="pointer"  pointer="deride/1"/></f><f name="4" ><p name="pointer"  pointer="deride/0"/></f><f name="5" ><p name="pointer"  pointer="deride/1"/></f><f name="6" ><p name="pointer"  pointer="deride/2"/></f><f name="7" ><p name="pointer"  pointer="deride/1"/></f><f name="8" ><p name="pointer"  pointer="deride/0"/></f><f name="9" ><p name="pointer"  pointer="deride/1"/></f><f name="10" ><p name="pointer"  pointer="deride/2"/></f><f name="11" ><p name="pointer"  pointer="deride/1"/></f><f name="12" ><p name="pointer"  pointer="deride/0"/></f><f name="13" ><p name="pointer"  pointer="deride/1"/></f><f name="14" ><p name="pointer"  pointer="deride/2"/></f><f name="15" ><p name="pointer"  pointer="deride/1"/></f></s>
<s name="cry"><f name="0" delay="300" ><p name="cry"  origin_x="24" origin_y="38" lt_x="-24" lt_y="-38" rb_x="24" rb_y="0" image="cry.0.png"/></f><f name="1" delay="200" ><p name="cry"  origin_x="24" origin_y="38" lt_x="-24" lt_y="-38" rb_x="24" rb_y="0" image="cry.1.png"/></f><f name="2" delay="1500" ><p name="cry"  origin_x="24" origin_y="38" lt_x="-24" lt_y="-38" rb_x="24" rb_y="0" image="cry.2.png"/></f><f name="3" ><p name="pointer"  pointer="cry/0"/></f><f name="4" ><p name="pointer"  pointer="cry/1"/></f><f name="5" ><p name="pointer"  pointer="cry/2"/></f></s>
<s name="fly"><f name="0" delay="150" ><p name="fly"  origin_x="28" origin_y="49" lt_x="-28" lt_y="-49" rb_x="26" rb_y="1" image="fly.0.png"/></f><f name="1" delay="150" ><p name="fly"  origin_x="28" origin_y="50" lt_x="-28" lt_y="-49" rb_x="26" rb_y="1" image="fly.1.png"/></f></s>
</i>
