<i>
<s name="walk2"><f name="0" ><p name="walk2"  origin_x="20" origin_y="21" navel_x="-4" navel_y="1" z="weaponOverArm" image="walk2.0.weapon.png"/></f><f name="1" ><p name="walk2"  origin_x="20" origin_y="21" navel_x="-3" navel_y="0" z="weaponOverArm" image="walk2.1.weapon.png"/></f><f name="2" ><p name="pointer"  pointer="walk2/0/weapon"/></f><f name="3" ><p name="walk2"  origin_x="20" origin_y="24" navel_x="-5" navel_y="0" z="weaponOverArm" image="walk2.3.weapon.png"/></f></s>
<s name="stand2"><f name="0" ><p name="stand2"  origin_x="22" origin_y="20" navel_x="-5" navel_y="0" z="weaponOverArm" image="stand2.0.weapon.png"/></f><f name="1" ><p name="stand2"  origin_x="22" origin_y="20" navel_x="-5" navel_y="1" z="weaponOverArm" image="stand2.1.weapon.png"/></f><f name="2" ><p name="stand2"  origin_x="22" origin_y="20" navel_x="-5" navel_y="0" z="weaponOverArm" image="stand2.2.weapon.png"/></f></s>
<s name="alert"><f name="0" ><p name="alert"  origin_x="45" origin_y="15" navel_x="-6" navel_y="-4" z="weaponBelowArm" image="alert.0.weapon.png"/></f><f name="1" ><p name="alert"  origin_x="44" origin_y="14" navel_x="-5" navel_y="-5" z="weaponBelowArm" image="alert.1.weapon.png"/></f><f name="2" ><p name="alert"  origin_x="45" origin_y="13" navel_x="-6" navel_y="-6" z="weaponBelowArm" image="alert.2.weapon.png"/></f></s>
<s name="swingT1"><f name="0" ><p name="swingT1"  origin_x="2" origin_y="8" navel_x="-9" navel_y="23" z="weapon" image="swingT1.0.weapon.png"/></f><f name="1" ><p name="swingT1"  origin_x="0" origin_y="45" navel_x="19" navel_y="12" z="weaponBelowArm" image="swingT1.1.weapon.png"/></f><f name="2" ><p name="swingT1"  origin_x="37" origin_y="6" navel_x="16" navel_y="-12" z="weapon" image="swingT1.2.weapon.png"/></f></s>
<s name="stabT1"><f name="0" ><p name="stabT1"  origin_x="46" origin_y="4" navel_x="-20" navel_y="2" z="weaponOverBody" image="stabT1.0.weapon.png"/></f><f name="1" ><p name="stabT1"  origin_x="46" origin_y="4" navel_x="-17" navel_y="1" z="weaponOverBody" image="stabT1.1.weapon.png"/></f><f name="2" ><p name="stabT1"  origin_x="46" origin_y="9" navel_x="3" navel_y="4" z="weaponOverBody" image="stabT1.2.weapon.png"/></f></s>
<s name="shoot2"><f name="0" ><p name="shoot2"  origin_x="43" origin_y="11" navel_x="-4" navel_y="5" z="weapon" image="shoot2.0.weapon.png"/></f><f name="1" ><p name="pointer"  pointer="shoot2/0/weapon"/></f><f name="2" ><p name="pointer"  pointer="shoot2/0/weapon"/></f><f name="3" ><p name="pointer"  pointer="shoot2/0/weapon"/></f><f name="4" ><p name="shoot2"  origin_x="37" origin_y="3" navel_x="0" navel_y="13" z="weapon" image="shoot2.4.weapon.png"/></f></s>
<s name="proneStab"><f name="0" ><p name="proneStab"  origin_x="47" origin_y="8" navel_x="9" navel_y="2" z="weaponBelowArm" image="proneStab.0.weapon.png"/></f><f name="1" ><p name="proneStab"  origin_x="46" origin_y="9" navel_x="25" navel_y="1" z="weaponBelowArm" image="proneStab.1.weapon.png"/></f></s>
<s name="prone"><f name="0" ><p name="pointer"  pointer="proneStab/0/weapon"/></f></s>
<s name="fly"><f name="0" ><p name="fly"  origin_x="19" origin_y="20" navel_x="-3" navel_y="9" z="weaponOverArm" image="fly.0.weapon.png"/></f><f name="1" ><p name="pointer"  pointer="fly/0/weapon"/></f></s>
<s name="jump"><f name="0" ><p name="jump"  origin_x="19" origin_y="20" navel_x="-4" navel_y="8" z="weaponOverArm" image="jump.0.weapon.png"/></f></s>
</i>
