<i>
<s name="prone"><f name="0" ><p name="weapon"  pointer="30/proneStab/0/weapon"/></f></s>
<s name="heal"><f name="0" ><p name="weapon"  pointer="30/alert/1/weapon"/></f><f name="1" ><p name="weapon"  pointer="30/swingO2/1/weapon"/></f><f name="2" ><p name="weapon"  pointer="30/swingO2/0/weapon"/></f></s>
<s name="walk1"><f name="0" ><p name="weapon"  origin_x="46" origin_y="34" hand_x="13" hand_y="3" z="weapon" image="30.walk1.0.weapon.png" pointer="30/walk1/0/weapon"/></f><f name="1" ><p name="weapon"  origin_x="53" origin_y="32" hand_x="4" hand_y="6" z="weapon" image="30.walk1.1.weapon.png" pointer="30/walk1/1/weapon"/></f><f name="2" ><p name="weapon"  origin_x="45" origin_y="34" hand_x="13" hand_y="4" z="weapon" image="30.walk1.2.weapon.png" pointer="30/walk1/2/weapon"/></f><f name="3" ><p name="weapon"  origin_x="43" origin_y="32" hand_x="16" hand_y="1" z="weapon" image="30.walk1.3.weapon.png" pointer="30/walk1/3/weapon"/></f></s>
<s name="stand1"><f name="0" ><p name="weapon"  origin_x="44" origin_y="30" hand_x="12" hand_y="6" z="weapon" image="30.stand1.0.weapon.png"/></f><f name="1" ><p name="weapon"  pointer="30/stand1/0/weapon"/></f><f name="2" ><p name="weapon"  pointer="30/stand1/0/weapon"/></f></s>
<s name="alert"><f name="0" ><p name="weapon"  origin_x="57" origin_y="36" hand_x="6" hand_y="4" z="weaponOverHand" image="30.alert.0.weapon.png" pointer="30/alert/0/weapon"/></f><f name="1" ><p name="weapon"  origin_x="57" origin_y="34" hand_x="5" hand_y="5" z="weaponOverHand" image="30.alert.1.weapon.png" pointer="30/alert/1/weapon"/></f><f name="2" ><p name="weapon"  origin_x="57" origin_y="32" hand_x="6" hand_y="6" z="weaponOverHand" image="30.alert.2.weapon.png" pointer="30/alert/2/weapon"/></f></s>
<s name="swingO1"><f name="0" ><p name="weapon"  origin_x="38" origin_y="40" hand_x="-5" hand_y="0" z="weaponBelowBody" image="30.swingO1.0.weapon.png"/></f><f name="1" ><p name="weapon"  origin_x="40" origin_y="17" hand_x="-8" hand_y="1" z="weaponBelowBody" image="30.swingO1.1.weapon.png"/></f><f name="2" ><p name="weapon"  origin_x="0" origin_y="75" hand_x="19" hand_y="-19" z="weapon" image="30.swingO1.2.weapon.png"/></f></s>
<s name="swingO2"><f name="0" ><p name="weapon"  origin_x="37" origin_y="68" hand_x="-17" hand_y="-16" z="weaponBelowBody" image="30.swingO2.0.weapon.png"/></f><f name="1" ><p name="weapon"  origin_x="61" origin_y="75" hand_x="-21" hand_y="-1" z="weaponBelowBody" image="30.swingO2.1.weapon.png"/></f><f name="2" ><p name="weapon"  origin_x="5" origin_y="20" hand_x="19" hand_y="1" z="weapon" image="30.swingO2.2.weapon.png"/></f></s>
<s name="swingO3"><f name="0" ><p name="weapon"  origin_x="0" origin_y="66" hand_x="20" hand_y="-13" z="weapon" image="30.swingO3.0.weapon.png"/></f><f name="1" ><p name="weapon"  origin_x="76" origin_y="40" hand_x="-20" hand_y="-3" z="weaponOverBody" image="30.swingO3.1.weapon.png"/></f><f name="2" ><p name="weapon"  origin_x="31" origin_y="40" hand_x="-7" hand_y="-1" z="weaponBelowBody" image="30.swingO3.2.weapon.png"/></f></s>
<s name="swingOF"><f name="0" ><p name="weapon"  origin_x="2" origin_y="32" hand_x="19" hand_y="-7" z="weapon" image="30.swingOF.0.weapon.png"/></f><f name="1" ><p name="weapon"  origin_x="59" origin_y="62" hand_x="16" hand_y="-4" z="backWeapon" image="30.swingOF.1.weapon.png"/></f><f name="2" ><p name="weapon"  origin_x="25" origin_y="69" hand_x="-14" hand_y="-10" z="weaponBelowBody" image="30.swingOF.2.weapon.png"/></f><f name="3" ><p name="weapon"  origin_x="6" origin_y="57" hand_x="20" hand_y="-15" z="weaponBelowBody" image="30.swingOF.3.weapon.png"/></f></s>
<s name="stabO1"><f name="0" ><p name="weapon"  origin_x="48" origin_y="31" hand_x="14" hand_y="3" z="weapon" image="30.stabO1.0.weapon.png" pointer="30/stabO1/0/weapon"/></f><f name="1" ><p name="weapon"  origin_x="85" origin_y="44" hand_x="-26" hand_y="-7" z="weapon" image="30.stabO1.1.weapon.png" pointer="30/stabO1/1/weapon"/></f></s>
<s name="stabO2"><f name="0" ><p name="weapon"  origin_x="52" origin_y="47" hand_x="11" hand_y="-12" z="weaponBelowArm" image="30.stabO2.0.weapon.png" pointer="30/stabO2/0/weapon"/></f><f name="1" ><p name="weapon"  origin_x="87" origin_y="39" hand_x="-23" hand_y="-7" z="weapon" image="30.stabO2.1.weapon.png" pointer="30/stabO2/1/weapon"/></f></s>
<s name="stabOF"><f name="0" ><p name="weapon"  origin_x="58" origin_y="31" hand_x="7" hand_y="-1" z="weapon" image="30.stabOF.0.weapon.png" pointer="30/stabOF/0/weapon"/></f><f name="1" ><p name="weapon"  origin_x="51" origin_y="29" hand_x="-23" hand_y="6" z="weapon" image="30.stabOF.1.weapon.png" pointer="30/stabOF/1/weapon"/></f><f name="2" ><p name="weapon"  origin_x="90" origin_y="37" hand_x="-23" hand_y="6" z="weapon" image="30.stabOF.2.weapon.png" pointer="30/stabOF/2/weapon"/></f></s>
<s name="proneStab"><f name="0" ><p name="weapon"  origin_x="74" origin_y="36" hand_x="-9" hand_y="-2" z="weaponBelowArm" image="30.proneStab.0.weapon.png" pointer="30/proneStab/0/weapon"/></f><f name="1" ><p name="weapon"  origin_x="93" origin_y="36" hand_x="-25" hand_y="-1" z="weaponBelowArm" image="30.proneStab.1.weapon.png" pointer="30/proneStab/1/weapon"/></f></s>
<s name="fly"><f name="0" ><p name="weapon"  origin_x="19" origin_y="60" hand_x="3" hand_y="-9" z="weaponOverArm" image="30.fly.0.weapon.png" pointer="30/fly/0/weapon"/></f><f name="1" ><p name="weapon"  origin_x="19" origin_y="60" hand_x="2" hand_y="-8" z="weaponOverArm" image="30.fly.1.weapon.png" pointer="30/fly/1/weapon"/></f></s>
<s name="jump"><f name="0" ><p name="weapon"  origin_x="17" origin_y="60" hand_x="4" hand_y="-8" z="weaponOverArm" image="30.jump.0.weapon.png" pointer="30/jump/0/weapon"/></f></s>
<s name="shoot1"><f name="0" ><p name="weapon"  origin_x="42" origin_y="67" hand_x="-9" hand_y="-12" z="weaponBelowArm" image="37.shoot1.0.weapon.png"/></f><f name="1" ><p name="weapon"  origin_x="42" origin_y="67" hand_x="5" hand_y="-12" z="weaponBelowArm" image="37.shoot1.1.weapon.png"/></f><f name="2" ><p name="weapon"  origin_x="42" origin_y="67" hand_x="5" hand_y="-12" z="weaponBelowArm" image="37.shoot1.2.weapon.png"/></f><f name="image*" ><p name="pointer" /></f></s>
<s name="shootF"><f name="0" ><p name="weapon"  origin_x="44" origin_y="67" hand_x="-8" hand_y="-13" z="weaponBelowArm" image="37.shootF.0.weapon.png"/></f><f name="1" ><p name="weapon"  origin_x="46" origin_y="68" hand_x="7" hand_y="-11" z="weaponBelowArm" image="37.shootF.1.weapon.png"/></f><f name="image*" ><p name="pointer" /></f></s>
<s name="swingT1"><f name="0" ><p name="weapon"  origin_x="11" origin_y="64" hand_x="9" hand_y="-23" z="weaponBelowArm" image="40.swingT1.0.weapon.png"/></f><f name="1" ><p name="weapon"  origin_x="32" origin_y="72" hand_x="-19" hand_y="-12" z="weaponBelowArm" image="40.swingT1.1.weapon.png"/></f><f name="2" ><p name="weapon"  origin_x="75" origin_y="6" hand_x="-16" hand_y="12" z="weaponOverBody" image="40.swingT1.2.weapon.png"/></f></s>
<s name="swingT2"><f name="0" ><p name="weapon"  origin_x="22" origin_y="67" hand_x="-1" hand_y="-14" z="weaponOverBody" image="40.swingT2.0.weapon.png"/></f><f name="1" ><p name="weapon"  origin_x="55" origin_y="69" hand_x="-15" hand_y="-5" z="weaponOverBody" image="40.swingT2.1.weapon.png"/></f><f name="2" ><p name="weapon"  origin_x="60" origin_y="7" hand_x="5" hand_y="6" z="weaponOverBody" image="40.swingT2.2.weapon.png"/></f></s>
<s name="swingT3"><f name="0" ><p name="weapon"  origin_x="17" origin_y="38" hand_x="8" hand_y="3" z="weaponOverBody" image="40.swingT3.0.weapon.png"/></f><f name="1" ><p name="weapon"  origin_x="17" origin_y="16" hand_x="12" hand_y="4" z="weaponOverBody" image="40.swingT3.1.weapon.png"/></f><f name="2" ><p name="weapon"  origin_x="30" origin_y="65" hand_x="-11" hand_y="-16" z="weaponOverBody" image="40.swingT3.2.weapon.png"/></f></s>
<s name="swingTF"><f name="0" ><p name="40"  origin_x="37" origin_y="74" hand_x="-1" hand_y="-24" z="backWeapon" image="40.swingTF.0.weapon.png"/></f><f name="1" ><p name="40"  origin_x="17" origin_y="51" hand_x="11" hand_y="-14" z="weaponBelowBody" image="40.swingTF.1.weapon.png"/></f><f name="2" ><p name="40"  origin_x="23" origin_y="80" hand_x="-3" hand_y="-30" z="weaponBelowArm" image="40.swingTF.2.weapon.png"/></f><f name="3" ><p name="40"  origin_x="72" origin_y="9" hand_x="-18" hand_y="10" z="weaponBelowBody" image="40.swingTF.3.weapon.png"/></f></s>
<s name="walk2"><f name="0" ><p name="weapon"  origin_x="15" origin_y="59" hand_x="4" hand_y="-1" z="weaponOverArm" image="40.walk2.0.weapon.png"/></f><f name="1" ><p name="weapon"  origin_x="16" origin_y="58" hand_x="3" hand_y="0" z="weaponOverArm" image="40.walk2.1.weapon.png"/></f><f name="2" ><p name="weapon"  pointer="40/walk2/0/weapon"/></f><f name="3" ><p name="weapon"  origin_x="14" origin_y="61" hand_x="5" hand_y="0" z="weaponOverArm" image="40.walk2.3.weapon.png"/></f></s>
<s name="stand2"><f name="0" ><p name="weapon"  origin_x="15" origin_y="58" hand_x="5" hand_y="0" z="weaponOverArm" image="40.stand2.0.weapon.png"/></f><f name="1" ><p name="weapon"  origin_x="15" origin_y="59" hand_x="5" hand_y="-1" z="weaponOverArm" image="40.stand2.1.weapon.png"/></f><f name="2" ><p name="weapon"  origin_x="15" origin_y="58" hand_x="5" hand_y="0" z="weaponOverArm" image="40.stand2.2.weapon.png"/></f></s>
<s name="ladder"><f name="0" ><p name="weapon"  origin_x="21" origin_y="52" navel_x="0" navel_y="0" z="weaponOverHand" image="40.ladder.0.weapon.png" pointer="40/ladder/0/weapon"/></f><f name="1" ><p name="weapon"  origin_x="21" origin_y="51" navel_x="0" navel_y="0" z="weaponOverHand" image="40.ladder.1.weapon.png" pointer="40/ladder/1/weapon"/></f></s>
<s name="rope"><f name="0" ><p name="weapon"  origin_x="22" origin_y="51" navel_x="0" navel_y="0" z="weaponOverHand" image="40.rope.0.weapon.png" pointer="40/rope/0/weapon"/></f><f name="1" ><p name="weapon"  origin_x="20" origin_y="53" navel_x="0" navel_y="0" z="weaponOverHand" image="40.rope.1.weapon.png" pointer="40/rope/1/weapon"/></f></s>
<s name="stabT1"><f name="0" ><p name="weapon"  origin_x="52" origin_y="12" hand_x="20" hand_y="-2" z="weaponOverBody" image="43.stabT1.0.weapon.png"/></f><f name="1" ><p name="weapon"  origin_x="58" origin_y="28" hand_x="17" hand_y="-1" z="weaponOverBody" image="43.stabT1.1.weapon.png"/></f><f name="2" ><p name="weapon"  origin_x="81" origin_y="38" hand_x="-3" hand_y="-4" z="weaponOverBody" image="43.stabT1.2.weapon.png"/></f><f name="image*" ><p name="pointer" /></f></s>
<s name="stabT2"><f name="0" ><p name="43"  origin_x="59" origin_y="15" hand_x="13" hand_y="0" z="weaponOverBody" image="43.stabT2.0.weapon.png"/></f><f name="1" ><p name="43"  origin_x="65" origin_y="29" hand_x="12" hand_y="-3" z="weaponOverBody" image="43.stabT2.1.weapon.png"/></f><f name="2" ><p name="43"  origin_x="77" origin_y="39" hand_x="6" hand_y="4" z="weaponOverBody" image="43.stabT2.2.weapon.png"/></f><f name="image*" ><p name="pointer" /></f></s>
<s name="stabTF"><f name="2" ><p name="43"  origin_x="37" origin_y="27" hand_x="14" hand_y="-29" z="weaponOverBody" image="43.stabTF.2.weapon.png"/></f><f name="3" ><p name="43"  origin_x="79" origin_y="41" hand_x="-3" hand_y="-4" z="weaponOverBody" image="43.stabTF.3.weapon.png"/></f><f name="image*" ><p name="pointer" /></f></s>
<s name="swingP1"><f name="0" ><p name="43"  origin_x="18" origin_y="66" hand_x="2" hand_y="-26" z="weaponBelowArm" image="43.swingP1.0.weapon.png"/></f><f name="1" ><p name="43"  origin_x="26" origin_y="70" hand_x="-15" hand_y="-22" z="weaponBelowArm" image="43.swingP1.1.weapon.png"/></f><f name="2" ><p name="43"  origin_x="73" origin_y="8" hand_x="-16" hand_y="11" z="weaponBelowBody" image="43.swingP1.2.weapon.png"/></f><f name="image*" ><p name="pointer" /></f></s>
<s name="swingP2"><f name="0" ><p name="43"  origin_x="33" origin_y="68" hand_x="-17" hand_y="-14" z="weaponBelowBody" image="43.swingP2.0.weapon.png"/></f><f name="1" ><p name="43"  origin_x="35" origin_y="75" hand_x="-19" hand_y="-2" z="weaponBelowBody" image="43.swingP2.1.weapon.png"/></f><f name="2" ><p name="43"  origin_x="57" origin_y="8" hand_x="6" hand_y="7" z="weaponOverBody" image="43.swingP2.2.weapon.png"/></f><f name="image*" ><p name="pointer" /></f></s>
<s name="swingPF"><f name="0" ><p name="43"  origin_x="54" origin_y="31" hand_x="20" hand_y="-3" z="weapon" image="43.swingPF.0.weapon.png"/></f><f name="1" ><p name="43"  origin_x="47" origin_y="22" hand_x="20" hand_y="-6" z="weapon" image="43.swingPF.1.weapon.png"/></f><f name="2" ><p name="43"  origin_x="19" origin_y="67" hand_x="14" hand_y="-29" z="weaponBelowArm" image="43.swingPF.2.weapon.png"/></f><f name="3" ><p name="43"  origin_x="81" origin_y="4" hand_x="-23" hand_y="6" z="weaponBelowBody" image="43.swingPF.3.weapon.png"/></f><f name="image*" ><p name="pointer" /></f></s>
<s name="shoot2"><f name="0" ><p name="46"  origin_x="33" origin_y="69" hand_x="4" hand_y="-5" z="weaponBelowArm" image="46.shoot2.0.weapon.png"/></f><f name="1" ><p name="46"  origin_x="33" origin_y="69" hand_x="3" hand_y="-5" z="weaponBelowArm" image="46.shoot2.1.weapon.png"/></f><f name="2" ><p name="46"  origin_x="33" origin_y="69" hand_x="-12" hand_y="-11" z="weaponBelowArm" image="46.shoot2.2.weapon.png"/></f><f name="3" ><p name="46"  origin_x="33" origin_y="69" hand_x="1" hand_y="-12" z="weaponBelowArm" image="46.shoot2.3.weapon.png"/></f><f name="4" ><p name="46"  origin_x="31" origin_y="69" hand_x="0" hand_y="-13" z="weaponBelowArm" image="46.shoot2.4.weapon.png"/></f></s>
</i>
