  <i name="02070010">
  <i name="info">
    <i name="icon">
      <i name="origin">
        <i name="x" value="-4"/>
        <i name="y" value="28"/>
      </i>
      <i name="z" value="0"/>
      <i name="image" value="02070010.info.icon.png"/>
    </i>
    <i name="iconRaw">
      <i name="origin">
        <i name="x" value="-4"/>
        <i name="y" value="28"/>
      </i>
      <i name="z" value="0"/>
      <i name="image" value="02070010.info.iconRaw.png"/>
    </i>
    <i name="price" value="500"/>
    <i name="slotMax" value="800"/>
    <i name="unitPrice" value="1.0"/>
    <i name="incPAD" value="21"/>
    <i name="reqLevel" value="10"/>
  </i>
  <i name="bullet">
    <i name="0">
      <i name="origin">
        <i name="x" value="17"/>
        <i name="y" value="7"/>
      </i>
      <i name="image" value="02070010.bullet.0.png"/>
    </i>
    <i name="1">
      <i name="origin">
        <i name="x" value="17"/>
        <i name="y" value="7"/>
      </i>
      <i name="image" value="02070010.bullet.1.png"/>
    </i>
    <i name="2">
      <i name="origin">
        <i name="x" value="17"/>
        <i name="y" value="6"/>
      </i>
      <i name="image" value="02070010.bullet.2.png"/>
    </i>
  </i>
  </i>
