  <i name="1221007">
  <i name="effect">
    <i name="0">
      <i name="origin">
        <i name="x" value="0"/>
        <i name="y" value="0"/>
      </i>
      <i name="delay" value="100"/>
      <i name="image" value="1221007.effect.0.png"/>
    </i>
    <i name="1">
      <i name="origin">
        <i name="x" value="86"/>
        <i name="y" value="98"/>
      </i>
      <i name="delay" value="120"/>
      <i name="image" value="1221007.effect.1.png"/>
    </i>
    <i name="2">
      <i name="origin">
        <i name="x" value="86"/>
        <i name="y" value="95"/>
      </i>
      <i name="delay" value="120"/>
      <i name="image" value="1221007.effect.2.png"/>
    </i>
    <i name="3">
      <i name="origin">
        <i name="x" value="88"/>
        <i name="y" value="110"/>
      </i>
      <i name="delay" value="120"/>
      <i name="image" value="1221007.effect.3.png"/>
    </i>
    <i name="4">
      <i name="origin">
        <i name="x" value="86"/>
        <i name="y" value="124"/>
      </i>
      <i name="delay" value="120"/>
      <i name="image" value="1221007.effect.4.png"/>
    </i>
    <i name="5">
      <i name="origin">
        <i name="x" value="85"/>
        <i name="y" value="129"/>
      </i>
      <i name="delay" value="120"/>
      <i name="image" value="1221007.effect.5.png"/>
    </i>
    <i name="6">
      <i name="origin">
        <i name="x" value="80"/>
        <i name="y" value="129"/>
      </i>
      <i name="delay" value="120"/>
      <i name="image" value="1221007.effect.6.png"/>
    </i>
  </i>
  <i name="effect0">
    <i name="0">
      <i name="origin">
        <i name="x" value="57"/>
        <i name="y" value="113"/>
      </i>
      <i name="delay" value="120"/>
      <i name="image" value="1221007.effect0.0.png"/>
    </i>
    <i name="1">
      <i name="origin">
        <i name="x" value="58"/>
        <i name="y" value="113"/>
      </i>
      <i name="delay" value="120"/>
      <i name="image" value="1221007.effect0.1.png"/>
    </i>
    <i name="2">
      <i name="origin">
        <i name="x" value="56"/>
        <i name="y" value="109"/>
      </i>
      <i name="delay" value="120"/>
      <i name="image" value="1221007.effect0.2.png"/>
    </i>
    <i name="3">
      <i name="origin">
        <i name="x" value="55"/>
        <i name="y" value="106"/>
      </i>
      <i name="delay" value="120"/>
      <i name="image" value="1221007.effect0.3.png"/>
    </i>
    <i name="4">
      <i name="origin">
        <i name="x" value="56"/>
        <i name="y" value="99"/>
      </i>
      <i name="delay" value="120"/>
      <i name="image" value="1221007.effect0.4.png"/>
    </i>
    <i name="5">
      <i name="origin">
        <i name="x" value="53"/>
        <i name="y" value="98"/>
      </i>
      <i name="delay" value="120"/>
      <i name="image" value="1221007.effect0.5.png"/>
    </i>
    
  </i>
  </i>
