<i>
<s name="walk2"><f name="0" ><p name="walk2"  origin_x="32" origin_y="7" hand_x="0" hand_y="0" z="weaponOverArm" image="walk2.0.weapon.png"/></f><f name="1" ><p name="walk2"  origin_x="32" origin_y="8" hand_x="0" hand_y="0" z="weaponOverArm" image="walk2.1.weapon.png"/></f><f name="2" ><p name="pointer"  pointer="walk2/0/weapon"/></f><f name="3" ><p name="walk2"  origin_x="32" origin_y="10" hand_x="0" hand_y="0" z="weaponOverArm" image="walk2.3.weapon.png"/></f></s>
<s name="stand2"><f name="0" ><p name="stand2"  origin_x="13" origin_y="25" hand_x="0" hand_y="0" z="weaponOverArm" image="stand2.0.weapon.png"/></f><f name="1" ><p name="stand2"  origin_x="13" origin_y="25" hand_x="0" hand_y="0" z="weaponOverArm" image="stand2.1.weapon.png"/></f><f name="2" ><p name="stand2"  origin_x="13" origin_y="25" hand_x="0" hand_y="0" z="weaponOverArm" image="stand2.2.weapon.png"/></f></s>
<s name="alert"><f name="0" ><p name="alert"  origin_x="18" origin_y="35" hand_x="0" hand_y="0" z="weaponOverHand" image="alert.0.weapon.png"/></f><f name="1" ><p name="alert"  origin_x="17" origin_y="34" hand_x="0" hand_y="0" z="weaponOverHand" image="alert.1.weapon.png"/></f><f name="2" ><p name="alert"  origin_x="18" origin_y="33" hand_x="0" hand_y="0" z="weaponOverHand" image="alert.2.weapon.png"/></f></s>
<s name="swingT1"><f name="0" ><p name="swingT1"  origin_x="3" origin_y="34" hand_x="0" hand_y="0" z="weapon" image="swingT1.0.weapon.png"/></f><f name="1" ><p name="swingT1"  origin_x="2" origin_y="56" hand_x="0" hand_y="0" z="weaponBelowArm" image="swingT1.1.weapon.png"/></f><f name="2" ><p name="swingT1"  origin_x="44" origin_y="6" hand_x="0" hand_y="0" z="weapon" image="swingT1.2.weapon.png"/></f></s>
<s name="stabT1"><f name="0" ><p name="stabT1"  origin_x="25" origin_y="11" hand_x="5" hand_y="-1" z="weaponBelowArm" image="stabT1.0.weapon.png"/></f><f name="1" ><p name="stabT1"  origin_x="31" origin_y="4" hand_x="0" hand_y="0" z="weaponBelowArm" image="stabT1.1.weapon.png"/></f><f name="2" ><p name="stabT1"  origin_x="50" origin_y="23" hand_x="0" hand_y="0" z="weaponBelowArm" image="stabT1.2.weapon.png"/></f></s>
<s name="shoot2"><f name="0" ><p name="shoot2"  origin_x="30" origin_y="1" hand_x="0" hand_y="0" z="weaponBelowArm" image="shoot2.0.weapon.png"/></f><f name="1" ><p name="shoot2"  origin_x="29" origin_y="1" hand_x="0" hand_y="0" z="weaponBelowArm" image="shoot2.1.weapon.png"/></f><f name="2" ><p name="shoot2"  origin_x="34" origin_y="-5" hand_x="-20" hand_y="0" z="weaponBelowArm" image="shoot2.2.weapon.png"/></f><f name="3" ><p name="shoot2"  origin_x="27" origin_y="-7" hand_x="0" hand_y="1" z="weaponBelowArm" image="shoot2.3.weapon.png"/></f><f name="4" ><p name="shoot2"  origin_x="26" origin_y="-7" hand_x="0" hand_y="0" z="weaponBelowArm" image="shoot2.4.weapon.png"/></f></s>
<s name="proneStab"><f name="0" ><p name="proneStab"  origin_x="46" origin_y="5" hand_x="0" hand_y="0" z="weaponBelowArm" image="proneStab.0.weapon.png"/></f><f name="1" ><p name="proneStab"  origin_x="45" origin_y="6" hand_x="0" hand_y="0" z="weaponBelowArm" image="proneStab.1.weapon.png"/></f></s>
<s name="prone"><f name="0" ><p name="pointer"  pointer="proneStab/0/weapon"/></f></s>
<s name="fly"><f name="0" ><p name="fly"  origin_x="30" origin_y="-3" hand_x="0" hand_y="0" z="weaponOverArm" image="fly.0.weapon.png"/></f><f name="1" ><p name="fly"  origin_x="29" origin_y="-2" hand_x="0" hand_y="0" z="weaponOverArm" image="fly.1.weapon.png"/></f></s>
<s name="jump"><f name="0" ><p name="jump"  origin_x="31" origin_y="-3" hand_x="0" hand_y="0" z="weaponOverArm" image="jump.0.weapon.png"/></f></s>
<s name="sit"><f name="0" ><p name="sit"  origin_x="13" origin_y="21" navel_x="-3" navel_y="9" z="weaponOverArm" image="sit.0.weapon.png"/></f></s>
<s name="ladder"><f name="0" ><p name="ladder"  origin_x="27" origin_y="5" navel_x="1" navel_y="-2" z="backWeaponOverShield" image="ladder.0.weapon.png"/></f><f name="1" ><p name="ladder"  origin_x="27" origin_y="5" navel_x="0" navel_y="-2" z="backWeaponOverShield" image="ladder.1.weapon.png"/></f></s>
<s name="rope"><f name="0" ><p name="rope"  origin_x="27" origin_y="5" navel_x="1" navel_y="-2" z="backWeaponOverShield" image="rope.0.weapon.png"/></f><f name="1" ><p name="rope"  origin_x="27" origin_y="5" navel_x="0" navel_y="-1" z="backWeaponOverShield" image="rope.1.weapon.png"/></f></s>
</i>
