<i>
<s name="info"><f name="icon" ><p name="info"  image="info.icon.png"/></f><f name="iconRaw" ><p name="info"  origin_x="-6" origin_y="29" image="info.iconRaw.png"/></f><p name="reqJob" v="8"/></s>
<s name="walk1"><f name="0" ><p name="weapon"  origin_x="25" origin_y="7" hand_x="-20" hand_y="-2" z="weaponOverGlove" image="walk1.0.weapon.png"/><p name="weaponWrist"  origin_x="4" origin_y="6" hand_x="-1" hand_y="7" z="weaponWristOverGlove" image="walk1.0.weaponWrist.png"/></f><f name="1" ><p name="weapon"  origin_x="25" origin_y="7" hand_x="-20" hand_y="0" z="weaponOverGlove" image="walk1.1.weapon.png"/><p name="weaponWrist"  origin_x="4" origin_y="6" hand_x="-6" hand_y="5" z="weaponWristOverGlove" image="walk1.1.weaponWrist.png"/></f><f name="2" ><p name="weapon"  pointer="walk1/0/weapon"/><p name="weaponWrist"  pointer="walk1/0/weaponWrist"/></f><f name="3" ><p name="weapon"  origin_x="25" origin_y="7" hand_x="-20" hand_y="-1" z="weaponOverGlove" image="walk1.3.weapon.png"/><p name="weaponWrist"  origin_x="4" origin_y="6" hand_x="1" hand_y="8" z="weaponWristOverGlove" image="walk1.3.weaponWrist.png"/></f></s>
<s name="stand1"><f name="0" ><p name="weapon"  origin_x="25" origin_y="7" hand_x="-20" hand_y="-2" z="weaponOverGlove" image="stand1.0.weapon.png"/><p name="weaponWrist"  origin_x="4" origin_y="6" hand_x="-1" hand_y="7" z="weaponWristOverGlove" image="stand1.0.weaponWrist.png"/></f><f name="1" ><p name="weapon"  pointer="stand1/0/weapon"/><p name="weaponWrist"  origin_x="4" origin_y="6" hand_x="-1" hand_y="7" z="weaponWristOverGlove" image="stand1.1.weaponWrist.png"/></f><f name="2" ><p name="weapon"  pointer="stand1/0/weapon"/><p name="weaponWrist"  origin_x="4" origin_y="6" hand_x="-1" hand_y="7" z="weaponWristOverGlove" image="stand1.2.weaponWrist.png"/></f></s>
<s name="alert"><f name="0" ><p name="weapon"  origin_x="23" origin_y="10" hand_x="-16" hand_y="-4" z="weaponOverGlove" image="alert.0.weapon.png"/><p name="weaponWrist"  origin_x="4" origin_y="6" hand_x="-3" hand_y="4" z="weaponWristOverGlove" image="alert.0.weaponWrist.png"/></f><f name="1" ><p name="weapon"  origin_x="23" origin_y="10" hand_x="-17" hand_y="-5" z="weaponOverGlove" image="alert.1.weapon.png"/><p name="weaponWrist"  origin_x="4" origin_y="6" hand_x="-4" hand_y="3" z="weaponWristOverGlove" image="alert.1.weaponWrist.png"/></f><f name="2" ><p name="weapon"  origin_x="23" origin_y="10" hand_x="-16" hand_y="-6" z="weaponOverGlove" image="alert.2.weapon.png"/><p name="weaponWrist"  origin_x="4" origin_y="6" hand_x="-3" hand_y="2" z="weaponWristOverGlove" image="alert.2.weaponWrist.png"/></f></s>
<s name="swingO1"><f name="1" ><p name="weapon"  origin_x="11" origin_y="5" navel_x="1" navel_y="-1" z="weaponOverGlove" image="swingO1.1.weapon.png"/><p name="weaponWrist"  origin_x="4" origin_y="6" hand_x="0" hand_y="9" z="weaponWristOverGlove" image="swingO1.1.weaponWrist.png"/></f><f name="2" ><p name="weapon"  origin_x="11" origin_y="5" navel_x="-23" navel_y="20" z="weaponOverGlove" image="swingO1.2.weapon.png"/><p name="weaponWrist"  origin_x="4" origin_y="6" hand_x="10" hand_y="-2" z="weaponWristOverGlove" image="swingO1.2.weaponWrist.png"/></f></s>
<s name="swingO2"><f name="0" ><p name="weapon"  origin_x="12" origin_y="5" navel_x="10" navel_y="14" z="weapon" image="swingO2.0.weapon.png"/><p name="weaponWrist"  origin_x="4" origin_y="6" hand_x="-5" hand_y="-7" z="weaponWrist" image="swingO2.0.weaponWrist.png"/></f><f name="1" ><p name="weapon"  origin_x="12" origin_y="5" navel_x="13" navel_y="10" z="weapon" image="swingO2.1.weapon.png"/><p name="weaponWrist"  origin_x="4" origin_y="6" hand_x="-7" hand_y="4" z="weaponWrist" image="swingO2.1.weaponWrist.png"/></f><f name="2" ><p name="weapon"  origin_x="12" origin_y="5" navel_x="-24" navel_y="-1" z="weaponOverGlove" image="swingO2.2.weapon.png"/><p name="weaponWrist"  origin_x="4" origin_y="6" hand_x="6" hand_y="5" z="weaponWristOverGlove" image="swingO2.2.weaponWrist.png"/></f></s>
<s name="swingO3"><f name="0" ><p name="weapon"  origin_x="12" origin_y="5" navel_x="-26" navel_y="12" z="weaponOverGlove" image="swingO3.0.weapon.png"/><p name="weaponWrist"  origin_x="4" origin_y="6" hand_x="9" hand_y="-11" z="weaponWristOverGlove" image="swingO3.0.weaponWrist.png"/></f><f name="1" ><p name="weapon"  origin_x="12" origin_y="5" navel_x="14" navel_y="3" z="weaponOverGlove" image="swingO3.1.weapon.png"/><p name="weaponWrist"  origin_x="4" origin_y="6" hand_x="-9" hand_y="1" z="weaponWristOverGlove" image="swingO3.1.weaponWrist.png"/></f></s>
<s name="swingOF"><f name="0" ><p name="weapon"  origin_x="12" origin_y="5" navel_x="-25" navel_y="7" z="weaponOverGlove" image="swingOF.0.weapon.png"/><p name="weaponWrist"  origin_x="4" origin_y="6" hand_x="6" hand_y="5" z="weaponWristOverGlove" image="swingOF.0.weaponWrist.png"/></f><f name="3" ><p name="weapon"  origin_x="12" origin_y="5" navel_x="-25" navel_y="15" z="weapon" image="swingOF.3.weapon.png"/><p name="weaponWrist"  origin_x="4" origin_y="6" hand_x="9" hand_y="-2" z="weaponWrist" image="swingOF.3.weaponWrist.png"/></f></s>
<s name="stabO1"><f name="0" ><p name="weapon"  origin_x="12" origin_y="5" navel_x="-21" navel_y="-3" z="weaponOverGlove" image="stabO1.0.weapon.png"/><p name="weaponWrist"  origin_x="4" origin_y="6" hand_x="-1" hand_y="8" z="weaponWristOverGlove" image="stabO1.0.weaponWrist.png"/></f><f name="1" ><p name="weapon"  origin_x="12" origin_y="5" navel_x="21" navel_y="7" z="weaponOverGlove" image="stabO1.1.weapon.png"/><p name="weaponWrist"  origin_x="4" origin_y="6" hand_x="-9" hand_y="1" z="weaponWristOverGlove" image="stabO1.1.weaponWrist.png"/></f></s>
<s name="stabO2"><f name="0" ><p name="stabO2"  origin_x="12" origin_y="5" navel_x="-18" navel_y="11" z="weaponOverGlove" image="stabO2.0.weapon.png"/></f><f name="1" ><p name="weapon"  origin_x="12" origin_y="5" navel_x="19" navel_y="7" z="weaponOverGlove" image="stabO2.1.weapon.png"/><p name="weaponWrist"  origin_x="4" origin_y="6" hand_x="-8" hand_y="1" z="weaponWristOverGlove" image="stabO2.1.weaponWrist.png"/></f></s>
<s name="stabOF"><f name="0" ><p name="weapon"  origin_x="12" origin_y="5" navel_x="-14" navel_y="1" z="weaponOverGlove" image="stabOF.0.weapon.png"/><p name="weaponWrist"  origin_x="4" origin_y="6" hand_x="-1" hand_y="7" z="weaponWristOverGlove" image="stabOF.0.weaponWrist.png"/></f><f name="1" ><p name="weapon"  origin_x="12" origin_y="5" navel_x="-18" navel_y="-2" z="weaponOverGlove" image="stabOF.1.weapon.png"/><p name="weaponWrist"  origin_x="4" origin_y="6" hand_x="-35" hand_y="11" z="weaponWristOverGlove" image="stabOF.1.weaponWrist.png"/></f><f name="2" ><p name="weapon"  origin_x="12" origin_y="5" navel_x="23" navel_y="7" z="weaponOverGlove" image="stabOF.2.weapon.png"/><p name="weaponWrist"  origin_x="4" origin_y="6" hand_x="-3" hand_y="14" z="weaponWristOverGlove" image="stabOF.2.weaponWrist.png"/></f></s>
<s name="proneStab"><f name="0" ><p name="weapon"  origin_x="5" origin_y="3" navel_x="10" navel_y="4" z="weaponOverGlove" image="proneStab.0.weapon.png"/><p name="weaponWrist"  origin_x="4" origin_y="6" hand_x="-9" hand_y="-3" z="weaponWristOverGlove" image="proneStab.0.weaponWrist.png"/></f><f name="1" ><p name="weapon"  origin_x="5" origin_y="3" navel_x="27" navel_y="4" z="weaponOverGlove" image="proneStab.1.weapon.png"/><p name="weaponWrist"  origin_x="4" origin_y="6" hand_x="-10" hand_y="-1" z="weaponWristOverGlove" image="proneStab.1.weaponWrist.png"/></f></s>
<s name="prone"><f name="0" ><p name="pointer"  pointer="proneStab/0/weapon"/></f></s>
<s name="heal"><f name="0" ><p name="pointer"  pointer="alert/1/weapon"/></f><f name="1" ><p name="pointer"  pointer="swingO2/1/weapon"/></f><f name="2" ><p name="pointer"  pointer="swingO2/0/weapon"/></f></s>
<s name="fly"><f name="0" ><p name="weapon"  origin_x="13" origin_y="5" navel_x="-11" navel_y="10" z="weaponOverGlove" image="fly.0.weapon.png"/><p name="weaponWrist"  origin_x="4" origin_y="6" hand_x="-5" hand_y="-6" z="weaponWristOverGlove" image="fly.0.weaponWrist.png"/></f><f name="1" ><p name="weapon"  pointer="fly/0/weapon"/><p name="weaponWrist"  origin_x="4" origin_y="6" hand_x="-6" hand_y="-5" z="weaponWristOverGlove" image="fly.1.weaponWrist.png"/></f></s>
<s name="jump"><f name="0" ><p name="weapon"  origin_x="13" origin_y="5" navel_x="-12" navel_y="9" z="weaponOverGlove" image="jump.0.weapon.png"/><p name="weaponWrist"  origin_x="4" origin_y="6" hand_x="-5" hand_y="-6" z="weaponWristOverGlove" image="jump.0.weaponWrist.png"/></f></s>
</i>
